Título,Año,Sinopsis,Director(es),Duración,Géneros,Reparto principal,Nombre original,Año original,Enlace
100 Feet,2008,"After Marnie Watson kills her abusive husband in self-defense, she is condemned to house arrest... only to discover that the house is possessed by the enraged and violent spirit of her dead husband.",Eric Red,105 mins   More at IMDb TMDB  Report this page,Horror,"Famke Janssen, Bobby Cannavale, Ed Westwick",100 Feet,2008,https://letterboxd.com/film/100-feet/
100 Tears,2007,"After being accused of crimes he did not commit, a lonely circus performer exacts his revenge on those who unjustly condemned him. The act sparks something inside of him which he cannot stop and now, years later, his inner-demons have truly surfaced. Part urban legend, part tabloid sensationalism... he is now an unstoppable murderous juggernaut, fueled only by hate.",Marcus Koch,91 mins   More at IMDb TMDB  Report this page,Horror,"Raine Brown, Joe Davison, Georgia Chris",100 Tears,2007,https://letterboxd.com/film/100-tears/
11/11/11,2011,"Jack and Melissa are frightened by their son's bizarre and violent behavior; they soon learn that he is the gateway to the Apocalypse, and it will happen on his birthday, 11-11-11.",Keith Allan,87 mins   More at IMDb TMDB  Report this page,"Horror, Thriller","Jon Briddell, Erin Coker, Hayden Byerly",11/11/11,2011,https://letterboxd.com/film/11-11-11-2011/
12 Feet Deep,2017,Two sisters are trapped under the fiberglass cover of an Olympic sized public pool and must brave the cold and each other to survive the harrowing night.,Matt Eskandari,85 mins   More at IMDb TMDB  Report this page,Thriller,"Nora-Jane Noone, Alexandra Park, Diane Farr",12 Feet Deep,2017,https://letterboxd.com/film/12-feet-deep/
12 Hour Shift,2020,"It's 1999 and over the course of one 12-hour shift at an Arkansas hospital, a junkie nurse, her scheming cousin and a group of black market organ-trading criminals start a heist that could lead to their collective demise.",Brea Grant,88 mins   More at IMDb TMDB  Report this page,"Crime, Horror, Comedy","Angela Bettis, David Arquette, Chloe Farnworth",12 Hour Shift,2020,https://letterboxd.com/film/12-hour-shift/
13 Demons,2016,"Gary, and his friends who are into gaming, renaissance fairs and various unsavory vices, stumble across a rare, medieval board game called ""13 Demons."" They discover the game has a dark history and was banned from most countries long ago for strange and mysterious reasons including unexplained deaths attributed to the game. The object is to free the Realm of Darkhaven from the 13 Demons of the Apocalypse. They chalk it up to urban legend and decide to play, what they don't know is that the 13 Demons presently walk the Earth disguised as humans. Slowly, the game consumes them, seducing them into believing they are ""The Golden Paladins,"" and are on a holy mission to save the world. But when the news reveals a number of local deaths caused by tree branches, baseball bats, hammers, etc. from assailants adorned in body armor, the thin line between reality and fantasy is shattered and the horrific realization that they are in way over their heads sets in.",Daniel Falicki,80 mins   More at IMDb TMDB  Report this page,Thriller,"Michael Cunningham, Jackson Ezinga, Daniel Falicki",13 Demons,2016,https://letterboxd.com/film/13-demons/
13 Eerie,2013,"Forensics students arriving an isolated, island ""body farm"" get to try out their CSI skills on a bunch of corpses under the watchful eye of their grumpy professor. The island used to house a state penitentiary where the authorities were experimenting on death row inmates and now the bodies won't stay still.",Lowell Dean,87 mins   More at IMDb TMDB  Report this page,"Thriller, Horror","Katharine Isabelle, Michael Shanks, Brendan Fehr",13 Eerie,2013,https://letterboxd.com/film/13-eerie/
13 Seconds,2003,"A rock band gathers at an abandoned schoolhouse to record their latest album, but there is something sinister waiting for them.",Jeff Thomas,93 mins   More at IMDb TMDB  Report this page,"Horror, Thriller","April Cole, Daniel Rain, Kevin Kuras",13 Seconds,2003,https://letterboxd.com/film/13-seconds/
1313: Actor Slash Model,2011,An embittered actor decides it's time to slash a few models after losing a life-changing role to some guy who looks good with his shirt off.,David DeCoteau,72 mins   More at IMDb TMDB  Report this page,"Thriller, Horror","Luke Allen, Tyler Bachtel, Michelle Bauer",1313: Actor Slash Model,2011,https://letterboxd.com/film/1313-actor-slash-model/
1313: Bigfoot Island,2012,"On an island in the Pacific Northwest, a young woman calls to ancient spirits in order to right the wrongs inflicted on her. For this she summons the mythical beast that has long been rumored to roam the verdant forests. Nearby, a young man readies a cabin for the arrival of his friends. They’ve been coming to this place every year since they were kids, to relax and shape up before the start of a new college year. Only this time, they’re about to meet their worst nightmare.",David DeCoteau,75 mins   More at IMDb TMDB  Report this page,"Horror, Thriller","Adam Ballantyne, Nick Chernoff, Kathryn Collins",1313: Bigfoot Island,2012,https://letterboxd.com/film/1313-bigfoot-island/
1313: Boy Crazies,2011,Trent thinks his dream of becoming a top model is about to come true when his agent relocates him to a modelling house in LA. But his dream quickly turns into a nightmare when his male model housemates turn out to be a band of insatiable vampires led by the ruthless and powerful queen vampire Sheila.,David DeCoteau,72 mins   More at IMDb TMDB  Report this page,"Horror, Thriller","Danny Beauchamp, David Flannery, Michael Hudson",1313: Boy Crazies,2011,https://letterboxd.com/film/1313-boy-crazies/
1313: Cougar Cult,2012,"Rufus, Darwin, and Coopersmith are three nerdy, but hunky young college students who score themselves a dream summer job working at a swanky mansion owned by wealthy and sexy middle-aged babes Clara, Victoria, and Edwina. However, the gals turn out to be a coven of deadly witches who transform into flesh-eating cougars who need fresh young man meat in order to live forever.",David DeCoteau,73 mins   More at IMDb TMDB  Report this page,"Horror, Thriller","Linnea Quigley, Michelle Bauer, Brinke Stevens",1313: Cougar Cult,2012,https://letterboxd.com/film/1313-cougar-cult/
1313: Frankenqueen,2012,"A group of young men agree to act as ""test subjects"" for plastic surgeon Victoria Franks. But their getaway at Victoria's lavish Malibu mansion turns deadly, as their mad scientist hostess implements a nefarious and homicidal agenda.",David DeCoteau,72 mins   More at IMDb TMDB  Report this page,"Science Fiction, Horror, Thriller","Tyler P. Scott, Connor Weil, Jonathan Davis",1313: Frankenqueen,2012,https://letterboxd.com/film/1313-frankenqueen/
1313: Giant Killer Bees!,2011,Giant killer bees attack scientists.,David DeCoteau,80 mins   More at IMDb TMDB  Report this page,"Science Fiction, Horror","Jarrid Balis, Alberto Frezza, Carey James",1313: Giant Killer Bees!,2011,https://letterboxd.com/film/1313-giant-killer-bees/
1313: Haunted Frat,2011,"During Spring Break, a fraternity built atop the burned ruins of an insane asylum is haunted by a sinister visitor...",David DeCoteau,80 mins   More at IMDb TMDB  Report this page,"Thriller, Horror","David Flannery, Luke Allen, Zach Cuddeback",1313: Haunted Frat,2011,https://letterboxd.com/film/1313-haunted-frat/
1313: Hercules Unbound!,2012,"Sent to a Gladiator retreat, Hercules frustrates his fellow warriors with his arrogance, but when his rival, Capaneous, schemes to poison Hercules, he must learn humility and devise a plan to survive a wrestling match in his weakened state.",David DeCoteau,72 mins   More at IMDb TMDB  Report this page,"Fantasy, Action","Geoff Ward, Tyler P. Scott, Lance Leonhardt",1313: Hercules Unbound!,2012,https://letterboxd.com/film/1313-hercules-unbound/
1313: Night of the Widow,2012,"A group of friends are stalked by a mysterious knife-wielding murderess as they gather at the home of their late friend to hear the reading of his will, and participate in a morbid treasure hunt for the key to his vast fortune.",David DeCoteau,72 mins   More at IMDb TMDB  Report this page,"Thriller, Horror","Lou Ferrigno Jr., Justin Schwan, Jake Lockett",1313: Night of the Widow,2012,https://letterboxd.com/film/1313-night-of-the-widow/
1313: Nightmare Mansion,2011,"Six high school students, Will, Charlie, Bartok, Todd, Stevie and Linda, are handed invitations to a party by the school’s mysterious and enigmatic new student, Saddler. However, once they enter Saddler’s house, they are each somehow magically transported to a different room, where Saddler reveals their innermost guilty secrets and desires through the use of black magic and exploits them in an attempt to resurrect his mother, a three-hundred year old witch.",David DeCoteau,80 mins   More at IMDb TMDB  Report this page,"Thriller, Horror, Action","Jud Birza, Cody Matthew Blymire, Brant Dorman",1313: Nightmare Mansion,2011,https://letterboxd.com/film/1313-nightmare-mansion/
1313: UFO Invasion,2012,"ADAM is a graduate student in theoretical astronomy and working on his dissertation. He’s always been interested in what’s ‘out there’ and he finds a perfect opportunity to both work and play…..in Roswell, New Mexico.",David DeCoteau,72 mins   More at IMDb TMDB  Report this page,"Thriller, Science Fiction, Horror","Monique Parent, Derek North, Priyom Haider",1313: UFO Invasion,2012,https://letterboxd.com/film/1313-ufo-invasion/
1313: Wicked Stepbrother,2011,Jarrod is horrified to learn that a faceless killer is celebrating his birthday by filling his mansion with the corpses of his closest friends.,David DeCoteau,72 mins   More at IMDb TMDB  Report this page,"Horror, Thriller","Jordan A. Nichols, Michelle Bauer, Jake Madden",1313: Wicked Stepbrother,2011,https://letterboxd.com/film/1313-wicked-stepbrother/
13th Child,2002,People are being killed by someone or something using superhuman strength. A clever DA Assistant is sent to investigate. Is this just a way to commit the perfect murder or will the legend of the Jersey Devil prove to be true?,Thomas Ashley,99 mins   More at IMDb TMDB  Report this page,"Thriller, Horror","Cliff Robertson, Lesley-Anne Down, Christopher Atkins",13th Child,2002,https://letterboxd.com/film/13th-child/
13th Child: Jersey Devil,2014,A historical documentary looking at the history of the Jersey Devil,Dan Marro,60 mins   More at IMDb TMDB  Report this page,Documentary,"Laura J. Kaighn, Patricia A. Martinelli",13th Child: Jersey Devil,2014,https://letterboxd.com/film/13th-child-jersey-devil/
1922,2017,"A simple yet proud rancher conspires to murder his wife for financial gain, convincing his teenage son to participate.",Zak Hilditch,102 mins   More at IMDb TMDB  Report this page,"Crime, Drama, Horror","Thomas Jane, Molly Parker, Dylan Schmid",1922,2017,https://letterboxd.com/film/1922-2017/
1BR,2019,"When Sarah lucks into a sweet one-bedroom at Asilo Del Mar Apartments in Los Angeles, she thinks she's hit the jackpot. It's got plenty of space, friendly tenants, group BBQs and even a cute neighbour next door. All is not what it seems: loud noises start keeping her awake at night; her cat is missing; everyone seems to be a little too helpful and friendly, except for the weirdo, Lester. Soon, Sarah learns she didn't choose this apartment — it chose her.",David Marmor,90 mins   More at IMDb TMDB  Report this page,"Drama, Horror, Thriller","Nicole Brydon Bloom, Giles Matthey, Taylor Nichols",1BR,2019,https://letterboxd.com/film/1br/
2-Headed Shark Attack,2012,"A Semester at Sea ship is attacked and sunk by a mutated two-headed shark, and the survivors seek refuge on a deserted atoll. The coeds, however, are no longer safe when the atoll starts flooding.",Christopher Ray,90 mins   More at IMDb TMDB  Report this page,"Action, Science Fiction, Horror, Comedy","Carmen Electra, Charlie O'Connell, Brooke Hogan",2-Headed Shark Attack,2012,https://letterboxd.com/film/2-headed-shark-attack/
2001 Maniacs,2005,"On their way to Spring Break, college kids take a detour through an old Southern town. The people of Pleasant Valley insist the kids stay for their annual barbecue celebration... but instead of getting a taste of the old South, the old South gets a taste of them!",Tim Sullivan,87 mins   More at IMDb TMDB  Report this page,"Horror, Comedy","Robert Englund, Giuseppe Andrews, Peter Stormare",2001 Maniacs,2005,https://letterboxd.com/film/2001-maniacs/
2001 Maniacs: Field of Screams,2010,"When this year's round of unsuspecting Northerners fail to show up for their annual Guts N' Glory Jamboree, the residents of Pleasant Valley take their cannibalistic carnival on the road and head to Iowa where they encounter spoiled heiresses Rome and Tina Sheraton, the cast and crew of their ""Road Rascals"" reality show. Performing ""The Bloodiest Show on Earth"", our Southern Maniacs prove more than ratings killers in what John Landis has called ""one of the rare sequels that surpasses the original"".",Tim Sullivan,86 mins   More at IMDb TMDB  Report this page,"Horror, Comedy","Bill Moseley, Lin Shaye, Christa Campbell",2001 Maniacs: Field of Screams,2010,https://letterboxd.com/film/2001-maniacs-field-of-screams/
247°F,2011,"Four friends travel to a lakeside cabin for a carefree weekend, but the fun turns into a nightmare when 3 of them end up locked in a hot sauna. Every minute counts and every degree matters as they fight for their lives in the heat up to 247°F.",Levan Bakhia,88 mins   More at IMDb TMDB  Report this page,"Thriller, Horror","Scout Taylor-Compton, Travis Van Winkle, Michael Copon",247°F,2011,https://letterboxd.com/film/247f/
3-Headed Shark Attack,2015,"The world’s greatest killing machine is three times as deadly, when a mutated shark threatens a cruise ship. As the shark eats its way from one end of the ship to the next, the passengers fight the deadly predator using anything they can find.",Christopher Ray,90 mins   More at IMDb TMDB  Report this page,"Horror, Science Fiction, Action","Jena Sims, Jaason Simmons, Rob Szatkowski",3-Headed Shark Attack,2015,https://letterboxd.com/film/3-headed-shark-attack/
30 Days of Night: Dark Days,2010,"After surviving the incidents in Barrow, Alaska, Stella Olemaun relocates to Los Angeles, where she intentionally attracts the attention of the local vampire population in order to avenge the death of her husband, Eben.",Ben Ketai,92 mins   More at IMDb TMDB  Report this page,"Horror, Thriller","Kiele Sanchez, Mia Kirshner, Diora Baird",30 Days of Night: Dark Days,2010,https://letterboxd.com/film/30-days-of-night-dark-days/
4Closed,2013,"When a young family moves into a foreclosed house, the previous owner begins a campaign of intimidation and terror. The deranged man will stop at nothing to get his home back.",Nick Lyon,91 mins   More at IMDb TMDB  Report this page,Thriller,"Marlee Matlin, James Denton, Christina DeRosa",4Closed,2013,https://letterboxd.com/film/4closed/
The 4th Floor,1999,A woman inherits a rent-controlled apartment and is terrorized by a neighbor.,Josh Klausner,90 mins   More at IMDb TMDB  Report this page,"Mystery, Thriller, Horror","Juliette Lewis, William Hurt, Shelley Duvall",The 4th Floor,1999,https://letterboxd.com/film/the-4th-floor/
555,1988,"A spate of killings of teenagers by a maniac dressed like a hippie causes a detective to check the records for similar killings. He discovers that every five years, in the fifth month of the year, for five consecutive days, the same type of killings have occurred, and the few descriptions of the suspect always match: he's dressed like a hippie. As the detective searches for the killer, he begins to have suspicions about his superior, an older man who is haunted by memories of his military service in Vietnam.",Wally Koz,90 mins   More at IMDb TMDB  Report this page,Horror,"Greg Kerouac, B.K. Smith, Mara Lynn Bastian",555,1988,https://letterboxd.com/film/555-1988/
666: The Beast,2007,"Donald Lawson, the devil child from ""666: The Child"", is now an adult and is determined to fulfill his destiny as the Antichrist.",Nick Everhart,89 mins   More at IMDb TMDB  Report this page,"Horror, Thriller","Chad Matthews, Makinna Ridgway, Alma Saraci",666: The Beast,2007,https://letterboxd.com/film/666-the-beast/
666: The Demon Child,2004,A mysterious egg hatches into a demon. Scientists try to find the source of the egg for fear the world will be overwhelmed by a horde of the monsters.,Cary Howe,80 mins   More at IMDb TMDB  Report this page,Horror,"Jennifer L. Jackson, Jose Rosete, Jennie Ella Epstein",666: The Demon Child,2004,https://letterboxd.com/film/666-the-demon-child/
7 Below,2012,A group of strangers is trapped in a time warp house where a terrible event transpired exactly 100 years prior.,Kevin Carraway,90 mins   More at IMDb TMDB  Report this page,Horror,"Val Kilmer, Ving Rhames, Luke Goss",7 Below,2012,https://letterboxd.com/film/7-below/
8213: Gacy House,2010,"A group of paranormal investigators enter the abandoned home of paedophile and serial killer John Gacy, hoping to find evidence of paranormal activity. Upon entering the house they set-up cameras throughout the abandoned house while going room to room with hand-held cameras, performing séance's and asking for John Gacy to come forward. As the evening progresses it seems the investigators are not prepared for the horror still within the house.",Anthony Fankhauser,85 mins   More at IMDb TMDB  Report this page,"Mystery, Horror, Crime","Rachel Riley, James Arthur Lewis, Matthew Temple",8213: Gacy House,2010,https://letterboxd.com/film/8213-gacy-house/
976-EVIL II,1992,"After being bestowed with demonic powers following a phone call to Hell, a psychotic teacher begins a rampage of death and destruction in a small town, forcing a teen and her boyfriend to fight him off so that they can get away.",Jim Wynorski,93 mins   More at IMDb TMDB  Report this page,Horror,"Debbie James, René Assa, Patrick O'Bryan",976-EVIL II,1992,https://letterboxd.com/film/976-evil-ii/
Abbey Grace,2016,"When Stacy's mom dies, Stacey puts her life and career on hold and returns to her childhood home to take care of her OCD agorophobic brother Ben who hasn't been out of the house for 23 years only to find out the house they grew up in harbors a disturbing secret.",Stephen Durham,83 mins   More at IMDb TMDB  Report this page,Horror,"Jacob Hobbs, Amber Gallaway, Semi Anthony",Abbey Grace,2016,https://letterboxd.com/film/abbey-grace/
Abe's Tomb,2007,Moore's Lake: a small town plagued by feral vampires. Its only chance to survive rests on an all-powerful ghoul that long ago vowed to seek vengeance upon the town.,Carl R. Merritt,94 mins   More at IMDb TMDB  Report this page,Horror,"Lisa Adore, Bonnie Albertini, Ray Basham",Abe's Tomb,2007,https://letterboxd.com/film/abes-tomb/
Aberration,1997,"A nature field researcher is investigating the strange extinction of small animals and insects in the area, which indicates that something is wrong. His suspicions are soon to be proven right when he meets May, who lives in a cabin in the forest nearby. May says that her house is infested by small creatures that she thinks are mice or rats. When the couple search the house further, they notice that they're not rodents or insects. They are fast evolving lizards that have the appetite for animals and humans, no matter what size their prey are...",Tim Boxell,93 mins   More at IMDb TMDB  Report this page,"Science Fiction, Horror","Pamela Gidley, Simon Bossell, Valery Nikolaev",Aberration,1997,https://letterboxd.com/film/aberration/
Abigail Haunting,2020,"After escaping the clutches of an abusive relationship, Katie reluctantly returns to the foster home she grew up in. Little does she know, her foster mother Marge is harboring a sinister secret dating back a decade. Now, Katie finds herself caught up in a horrifying family drama while confronting an angry spirit named Abigail.",Kelly Schwarze,85 mins   More at IMDb TMDB  Report this page,Horror,"Chelsea Jurkiewicz, Austin Collazo, Brenda Daly",Abigail Haunting,2020,https://letterboxd.com/film/abigail-haunting/
Abominable,2006,"A man, crippled in an accident, returns to the woods after rehabilitation, certain that he'll not see Bigfoot again.",Ryan Schifrin,94 mins   More at IMDb TMDB  Report this page,"Thriller, Horror","Matt McCoy, Haley Joel, Christien Tinsley",Abominable,2006,https://letterboxd.com/film/abominable/
Abraham Lincoln vs. Zombies,2012,"As Abraham Lincoln labors over the Gettysburg address, the importance of which he is fully aware, he learns that a menace from his past has returned, threatening to tear the already fractured nation to pieces. He must journey behind enemy lines to face an foe far more fearsome than the Confederate army: the walking dead.",Richard Schenkman,90 mins   More at IMDb TMDB  Report this page,"Thriller, Horror, Action","Bill Oberst Jr., Baby Norman, Jason Vail",Abraham Lincoln vs. Zombies,2012,https://letterboxd.com/film/abraham-lincoln-vs-zombies/
Acid Bath,2006,"A crazed murderer is on the loose and he's got the local nightlife on the run. The hooker network has organized a game plan to save themselves from their unknown killer. In a conflict between the crime syndicate and a reckless bounty hunter, their fates will all be decided in a flash.",Lou Garcia,76 mins   More at IMDb TMDB  Report this page,"Thriller, Horror, Action, Crime",,Acid Bath,2006,https://letterboxd.com/film/acid-bath/
After Midnight,2019,"Dealing with a girlfriend suddenly leaving is tough enough. But for Hank, heartbreak couldn’t have come at a worse time. There’s also a monster trying to break through his front door every night.",Christian Stella,83 mins   More at IMDb TMDB  Report this page,"Horror, Drama, Romance","Jeremy Gardner, Henry Zebrowski, Brea Grant",After Midnight,2019,https://letterboxd.com/film/after-midnight-2019/
After Sundown,2006,"""AFTER SUNDOWN"" is an action-packed story of a young woman who uncovers a dark secret. She is plunged into a gory battle with a predatory vampire from the American Old West, who has the power to create undead zombie slaves that assist him on his search for his vampire offspring. With the help of Texas locals, the woman wages the good fight in a wild clash of vampires and zombies, sending the evil creatures straight to Hell!",Christopher Abram,90 mins   More at IMDb TMDB  Report this page,"Horror, Action","Susana Gibb, Natalie Jones",After Sundown,2006,https://letterboxd.com/film/after-sundown/
Against the Dark,2009,"When most of the population of Earth is infected by a virus and transformed into flesh eaters and blood drinking creatures, a group of hunters lead by Tao and his sword chase the vampire zombies to eliminate them. Six non-infected survivors try to find the exit of an abandoned hospital crowded of the infected creatures. Meanwhile, the military is ready to bomb the whole area.",Richard Crudo,93 mins   More at IMDb TMDB  Report this page,"Horror, Action, Science Fiction, Thriller","Steven Seagal, Linden Ashby, Jenna Harrison",Against the Dark,2009,https://letterboxd.com/film/against-the-dark/
Dark Rising 2: Summer Strikes Back,2011,"Two years after Jason Parks (Landy Cannon) saved Warrior Princess Summer Vale (Brigitte Kingsley) from her life hunting Killopoths in the demon dimension, a sudden surge of supernatural activity and violent attacks have resurfaced on our plane beyond the normal parameters of the portal. The Rising Dark Agency, a black ops division of the government headed by Colonel Haggerd (Michael Ironside), suspects that the mystic strikes suggests the work of Mardock, an evil Demon-god capable of destroying worlds. When a new demon sub-species disrupts Summer's wedding and eats her fiancée, the war on the new Demon Lord begins. With her group of misfits and their BFG's - Summer sets out to destroy Mardock, but no one is prepared for who they find behind the Dark Lord's ascension.",Andrew Cymek,94 mins   More at IMDb TMDB  Report this page,"Comedy, Action, Fantasy, Science Fiction","Brigitte Kingsley, Landy Cannon, Michael Ironside",Dark Rising 2: Summer Strikes Back,2011,https://letterboxd.com/film/dark-rising-2-summer-strikes-back/
Alien 51,2004,"An alien creature escapes from a research lab at the infamous ""Area 51"" determined to hunt down its former tormentors.",Paul Wynne,90 mins   More at IMDb TMDB  Report this page,"Horror, Science Fiction","Heidi Fleiss, Damián Delgado, Sean Galuszka",Alien 51,2004,https://letterboxd.com/film/alien-51/
Alien Beasts,1991,"Carl J. Sukenick is the commander of a branch of the CIA, battling terrorists with martial arts, while his dad keeps watch in the security center. Neal was sent out, but is a traitor, and he was mutated by a radiation blast. He sends Sara Shell to meet her husband, Agent Mark Shell, and daughter Sheila, but the three are brutally maimed and murdered by enemy agents. One cuts off Sara's hand for no apparent reason. A radiation blast from Neal the Traitor, who is wandering around an aqueduct killing passersby, mutates Joe as well. Carl says they knew nothing of the ""hideous extra-dimensional being"" breaking into this dimension, but he sends Evon, Rhonda, and Hackney to fight the mutations and the agent, who giggles constantly, before learning that there is another traitor and an alien, so he decides he must kill all his friends and find and kill the ""hideous extra-dimensional being.""",Carl J. Sukenick,75 mins   More at IMDb TMDB  Report this page,"Horror, Science Fiction","Neal Dealosi, Joe LaPenna, Mark Torreso",Alien Beasts,1991,https://letterboxd.com/film/alien-beasts/
The Alien Dead,1980,"A meteor strikes a houseboat in the swamps near a southern town populated by Yankees with fake accents. The people on the houseboat become zombies who feed on the alligators in the swamp. Once they run out of alligators, they start going for the citizens. A local scientist tries to figure out what's happening to people once they start disappearing.",Fred Olen Ray,74 mins   More at IMDb TMDB  Report this page,"Comedy, Horror, Science Fiction","Buster Crabbe, Ray Roberts, Linda Lewis",The Alien Dead,1980,https://letterboxd.com/film/the-alien-dead/
All Cheerleaders Die,2013,"When tragedy rocks Blackfoot High, rebellious outsider Mäddy Killian shocks the student body by joining the cheerleading squad. After a confrontation with the football team, Mäddy and her new cheerleader friends are sent on a supernatural roller coaster ride which leaves a path of destruction none of them may be able to escape.",Lucky McKee,89 mins   More at IMDb TMDB  Report this page,"Horror, Comedy, Thriller","Caitlin Stasey, Sianoa Smit-McPhee, Brooke Butler",All Cheerleaders Die,2013,https://letterboxd.com/film/all-cheerleaders-die/
All Hallows' Eve,2013,"While watching two children on Halloween night, a babysitter finds an old VHS tape in the kids' trick or treat bag. The tape features three tales of terror, all linked together by a murderous clown.",Damien Leone,82 mins   More at IMDb TMDB  Report this page,Horror,"Katie Maguire, Catherine A. Callahan, Marie Maser",All Hallows' Eve,2013,https://letterboxd.com/film/all-hallows-eve/
All Hallows' Eve 2,2015,A woman finds a VHS tape on her doorstep that shows a series of gruesome tales that could be real. But the true danger is the pumpkin-faced killer that's using the tape to find his next victim.,Antonio Padovan,90 mins   More at IMDb TMDB  Report this page,Horror,"Andrea Monier, Damien Monier, Griffin Gluck",All Hallows' Eve 2,2015,https://letterboxd.com/film/all-hallows-eve-2/
All Through the House,2015,A deranged masked Santa-Slayer comes to town for some yuletide-terror. He leaves behind a bloody trail of mutilated bodies as he hunts his way to the front steps of the town's most feared and notorious home.,Todd Nunes,80 mins   More at IMDb TMDB  Report this page,Horror,"Jessica Cameron, Ashley Mary Nunes, Melynda Kiring",All Through the House,2015,https://letterboxd.com/film/all-through-the-house/
All-American Murder,1991,"Artie Logan is the new guy on Campus. Suddenly, he meets Tally Fuller: the most popular and beautiful girl at Fairfield college and she finally agrees to go on a date with him. But that night she is brutally killed by a blowtorch-wielding maniac and Artie is wrongfully arrested. Despite protests from other Police officers, detective P.J. Decker believes Artie's story and gives him 24 hours to track down the real killer.",Anson Williams,94 mins   More at IMDb TMDB  Report this page,"Horror, Romance, Mystery, Thriller","Christopher Walken, Charlie Schlatter, Josie Bissett",All-American Murder,1991,https://letterboxd.com/film/all-american-murder/
Allegoria,2022,"A group of artists’ lives becomes unwittingly entangled as their obsessions and insecurities manifest monsters, demons and death.",Spider One,70 mins   More at IMDb TMDB  Report this page,Horror,"John Ennis, Krsy Fox, Bryce Johnson",Allegoria,2022,https://letterboxd.com/film/allegoria-2022/
Almost Invisible,2010,"Be captured by the Invisible. To ease the weight of their college workload, unsuspecting teenagers seize the opportunity to to turn their end-of-the-summer party into a sick house wrecking. What happens instead they will never forget. In a classic tale of one girl learning to break free of the past, Almost Invisible has captured the attention of Washington DC Mid-Atlantic teenagers and aspiring filmmakers alike. Seamless special effects, a haunting original soundtrack. Almost Invisible. It's almost here.",David Allingham,95 mins   More at IMDb TMDB  Report this page,"Mystery, Horror","Jeremy Russell, Hillary Barnett, Sara Cole",Almost Invisible,2010,https://letterboxd.com/film/almost-invisible/
Alone in the Dark 2,2008,"When the night falls, and the creatures of the dark are crawling out of the shadows, there is only one man who stands between us and evil: Edward Carnby.",Michael Roesch,88 mins   More at IMDb TMDB  Report this page,"Horror, Fantasy, Action","Rick Yune, Lance Henriksen, Bill Moseley",Alone in the Dark 2,2008,https://letterboxd.com/film/alone-in-the-dark-2/
Altar,2014,A young family find themselves in serious danger when they move to an isolated haunted house in the Yorkshire Moors.,Nick Willing,95 mins   More at IMDb TMDB  Report this page,"Mystery, Horror","Olivia Williams, Matthew Modine, Antonia Clarke",Altar,2014,https://letterboxd.com/film/altar/
Altered,2006,"Fifteen years ago, five men were abducted by aliens. Only four returned. Now, these same four men have managed to capture one of the creatures who killed their friend and ruined their lives.",Eduardo Sánchez,88 mins   More at IMDb TMDB  Report this page,"Thriller, Horror, Science Fiction","Adam Kaufman, Brad William Henke, Misty Rosas",Altered,2006,https://letterboxd.com/film/altered/
Altitude,2010,"After a mysterious malfunction sends their small plane climbing out of control, a rookie pilot and her four teenage friends find themselves trapped in a deadly showdown with a supernatural force.",Kaare Andrews,90 mins   More at IMDb TMDB  Report this page,"Horror, Thriller, Mystery","Jessica Lowndes, Julianna Guill, Ryan Donowho",Altitude,2010,https://letterboxd.com/film/altitude/
Alucard,2008,"Jonathan Harker, a young lawyer, has been sent to the furthest reaches of Transylvania to help an old count with his move to the more populated Nilbog.",John Johnson,156 mins   More at IMDb TMDB  Report this page,"Horror, Drama","Jay Barber, William G. Smith, Rebecca Taylor",Alucard,2008,https://letterboxd.com/film/alucard/
Alyce Kills,2011,"After accidentally knocking her best friend off a roof, Alyce is haunted by guilt and delves into a brutal nightmare wonderland of sex, drugs and violence, her mind tearing itself apart… along with anyone else who gets in her way.",Jay Lee,90 mins   More at IMDb TMDB  Report this page,"Horror, Thriller","Jade Dornfeld, Amara Zaragoza, James Duval",Alyce Kills,2011,https://letterboxd.com/film/alyce-kills/
American Mummy,2014,"The skeleton crew of a dig site remain over the weekend as they continue with research into a mummy they’ve found. One of them takes the research a little too far, performing a ritual to bring the spirit of the mummy back to life.",Charles Pinion,82 mins   More at IMDb TMDB  Report this page,Horror,"Suziey Block, Aidan Bristow, Aaron Burt",American Mummy,2014,https://letterboxd.com/film/american-mummy/
American Nightmare,2002,A deranged female serial killer stalks seven young people whom phone a radio call-in show to discuss their darkest fears and a night-long game of cat-and-mouse is put into motion by the darkly sinister-looking murderess.,Jon Keeyes,91 mins   More at IMDb TMDB  Report this page,"Thriller, Crime, Horror","Debbie Rochon, Brandy Little, Johnny Sneed",American Nightmare,2002,https://letterboxd.com/film/american-nightmare/
American Psycho II: All American Girl,2002,"Rachel is a criminology student hoping to land a position as a teacher's assistant for professor Robert Starkman. She's sure this position will pave the way to an FBI career, and she's willing to do anything to obtain it -- including killing her classmates. The school psychiatrist, Dr. Daniels, becomes aware that Rachel is insane, but Rachel is skilled at her dangerous game of death and identity theft.",Morgan J. Freeman,88 mins   More at IMDb TMDB  Report this page,"Horror, Thriller","Mila Kunis, Geraint Wyn Davies, William Shatner",American Psycho II: All American Girl,2002,https://letterboxd.com/film/american-psycho-ii-all-american-girl/
The Amityville Harvest,2020,"While staying at an aging manor to research its liquor-smuggling history, Christina and her documentary video team interview their spooky host Vincent—but no one can capture his image or voice on video. After shocking dreams and bloody encounters, the crew members fall under Victor’s hypnotic spell.",Thomas J. Churchill,98 mins   More at IMDb TMDB  Report this page,Horror,"Kyle Lowder, Sadie Katz, Brandon Alan Smith",The Amityville Harvest,2020,https://letterboxd.com/film/the-amityville-harvest/
The Amityville Haunting,2011,"This movie is a 'found-footage' film about the Benson family who move in to the infamous house where the DeFeo family were murdered in the 1970s over 30 years earlier. Things start happening to anyone who visits this house, and whoever lives there. This is the footage retrieved from the camera.",Geoff Meed,86 mins   More at IMDb TMDB  Report this page,Horror,"Nadine Crocker, Piper Kennedy, Mary LeGault",The Amityville Haunting,2011,https://letterboxd.com/film/the-amityville-haunting/
Amityville Island,2020,A cursed survivor of killings at the Amityville House brings evil to a small island where bizarre genetic experiments are carried out on humans and animals.,Mark Polonia,70 mins   More at IMDb TMDB  Report this page,Horror,"Jamie Morgan, Jeff Kirkendall, Danielle Donahue",Amityville Island,2020,https://letterboxd.com/film/amityville-island/
Amityville Uprising,2022,"A chemical blast at a military base sets off a supernatural disaster. As Sgt. Dash tries to keep the peace at the local police station, the explosion unleashes a toxic acid rain that dissolves the flesh of anyone trapped in it. Even worse, it causes the dead to rise again and attack the living. Can Dash and fellow officer Nina Rossi figure out who is friend and foe, fend off the attacks, and defend their colleagues until the savage cataclysm subsides?",Thomas J. Churchill,85 mins   More at IMDb TMDB  Report this page,"Thriller, Action, Horror","Scott C. Roe, Mike Ferguson, Tank Jones",Amityville Uprising,2022,https://letterboxd.com/film/amityville-uprising/
Among Friends,2012,"A twisted horror about a dinner party gone wrong. Set against an 80s backdrop, the good time takes a dark turn when one in the group hijacks the evening in an attempt to help the others come clean about their secret betrayals against one another–and is willing to cut through the bone in order to expose the truth.",Danielle Harris,80 mins   More at IMDb TMDB  Report this page,"Horror, Comedy","Christopher Backus, Jennifer Blanc, AJ Bowen",Among Friends,2012,https://letterboxd.com/film/among-friends/
Among Us,2004,"B-movie director Billy D'Amato has made a career out of horror movies...but when he meets a suspicious real ""monster in the woods"" on a shoot, he is forced to re-evaluate, and fight for, his life.",Mark Polonia,85 mins   More at IMDb TMDB  Report this page,"Horror, Comedy","Bob Dennis, Hunter Mackenzie Austin, Jon McBride",Among Us,2004,https://letterboxd.com/film/among-us-2004/
Amulet,2020,"Tomaz, an ex-soldier now homeless in London, is offered a place to stay at a decaying house, inhabited by a young woman and her dying mother. As he starts to fall for Magda, Tomaz cannot ignore his suspicion that something insidious might also be living alongside them.",Romola Garai,99 mins   More at IMDb TMDB  Report this page,Horror,"Carla Juri, Alec Secăreanu, Imelda Staunton",Amulet,2020,https://letterboxd.com/film/amulet/
Amusement,2008,"While being interrogated by a police psychiatrist, the near-catatonic Tabitha tries to explain why she and two of her childhood friends are being hunted by a serial killer. The truth that's dying to come out weaves together three tragic secrets from their past. Two of the girls' boyfriends become unwitting targets in their deadly game.",John Simpson,85 mins   More at IMDb TMDB  Report this page,"Horror, Mystery","Keir O'Donnell, Tad Hilgenbrink, Katheryn Winnick",Amusement,2008,https://letterboxd.com/film/amusement/
The Andy Baker Tape,2021,In October of 2020 food blogger Jeff Blake and his half-brother Andy Baker hit the road on a food tour that had the potential to change their lives. They were never seen again. This is their footage…,Bret Lada,70 mins   More at IMDb TMDB  Report this page,"Comedy, Thriller, Horror","Bret Lada, Dustin Fontaine, Caitlin Borek",The Andy Baker Tape,2021,https://letterboxd.com/film/the-andy-baker-tape/
Angels Fallen,2020,"After the tragic loss of his wife battling the forces of darkness, Gabriel is persuaded to rejoin his former team of demon hunters traveling from relatively obscurity in America to the deep unknown regions of Europe. He is joined by his estranged best friend Michael who harbors a dark secret, the mystical Hannah whose visions predict the future, and a motley crew of demon slayers. After losing part of his team Gabriel must confront his tragic past and decide who really is friend or foe.",Ali Zamani,86 mins   More at IMDb TMDB  Report this page,"Horror, Action, Fantasy","Nicola Posener, Houston Rhines, Michael Teh",Angels Fallen,2020,https://letterboxd.com/film/angels-fallen/
Ankle Biters,2003,"A small town is overrun by ankle-biting-blood-sucking DWARF Vampires. Things get complicated when the vertically-challenged coffin-creepers get their itty-bitty hands on a sword with the blood of the last slain Tall Vampire. With this relic, they can create a super-race of SHAQ-sized Draculas out of any tall human. Now, the half Vampire / half Human, Drexel, is the town's - and the world's - only hope to stop the countryside invasion of the mini-Demons. There are no SHORT fixes to this TALL problem.",Adam Minarovich,81 mins   More at IMDb TMDB  Report this page,Horror,"Adam Minarovich, Michael Moore, Jeremy Busbee",Ankle Biters,2003,https://letterboxd.com/film/ankle-biters/
Anneliese: The Exorcist Tapes,2011,"Documentary covering the famous 'demonic possession' case of Anneliese Michel. The film features authentic footage of 'exorcisms' and other shocking events, considered to be the inspiration of the film The Exorcism of Emily Rose.",Jude Gerard Prest,91 mins   More at IMDb TMDB  Report this page,Horror,"Gerold Wunstel, Kai Cofer, Christopher Karl Johnson",Anneliese: The Exorcist Tapes,2011,https://letterboxd.com/film/anneliese-the-exorcist-tapes-2011/
Anonymous Killers,2020,"Four seasoned killers and one hapless professor are rounded up in one violent swoop and awake in chains to discover they are part of a demented experiment orchestrated by their maniacal, mysterious captor.",A.R. Hilton,100 mins   More at IMDb TMDB  Report this page,"Crime, Horror","Andrew Bongiorno, Manu Intiraymi, Natassia Halabi",Anonymous Killers,2020,https://letterboxd.com/film/anonymous-killers/
Antebellum,2020,Successful author Veronica finds herself trapped in a horrifying reality and must uncover the mind-bending mystery before it's too late.,Gerard Bush,105 mins   More at IMDb TMDB  Report this page,Horror,"Janelle Monáe, Eric Lange, Jena Malone",Antebellum,2020,https://letterboxd.com/film/antebellum/
Antibody,2002,"After a terrorist with an implanted nuclear detonator gets shot, a team of scientists must defuse the bomb by miniaturizing themselves and going into his bloodstream. His organism's antibodies start to mass against them.",Christian McIntire,90 mins   More at IMDb TMDB  Report this page,"Thriller, Science Fiction, Action, Horror","Lance Henriksen, Robin Givens, William Zabka",Antibody,2002,https://letterboxd.com/film/antibody/
Anything for Jackson,2020,"A bereaved Satanist couple kidnap a pregnant woman so they can use an ancient spellbook to put their dead grandson's spirit into her unborn child, but they end up summoning more than they bargained for.",Justin G. Dyck,96 mins   More at IMDb TMDB  Report this page,Horror,"Sheila McCarthy, Julian Richings, Konstantina Mantelos",Anything for Jackson,2020,https://letterboxd.com/film/anything-for-jackson/
Apostle,2018,"In 1905, a man travels to a remote island in search of his missing sister who has been kidnapped by a mysterious religious cult.",Gareth Evans,130 mins   More at IMDb TMDB  Report this page,"Mystery, Horror","Dan Stevens, Michael Sheen, Lucy Boynton",Apostle,2018,https://letterboxd.com/film/apostle-2018/
April Fool's Day,2008,"When an April Fool's Day prank turns deadly, Desiree Cartier, her brother Blaine, and five of their friends all become the targets of a twisted kill who begins hunting them down one by one.",Phil Flores,92 mins   More at IMDb TMDB  Report this page,Horror,"Taylor Cole, Josh Henderson, Scout Taylor-Compton",April Fool's Day,2008,https://letterboxd.com/film/april-fools-day-2008/
April Fools,2007,"A year ago, DeAnna a young hottie, seduces Melvin the class nerd, only to set him up for a cruel April Fools' joke that inadvertently ended in murder. Now, DeAnna, her boyfriend and her friends are being stalked by a hooded figure. Is Melvin still alive, or is someone avenging his death? It's up to one of the teens' police detective father and his partner to stop the killer before he strikes again.",Nancy Norman,70 mins   More at IMDb TMDB  Report this page,"Horror, Thriller","Obba Babatundé, Darrin Henson, Daya Vaidya",April Fools,2007,https://letterboxd.com/film/april-fools/
Arachnia,2003,"When a small research plane carrying a group of science students and their professor crash-lands in the middle of nowhere, the survivors go to a nearby farmhouse to look for help but soon find themselves besieged by giant mutant spiders.",Brett Piper,82 mins   More at IMDb TMDB  Report this page,"Science Fiction, Horror","Rob Monkiewicz, Irene Joseph, David Bunce",Arachnia,2003,https://letterboxd.com/film/arachnia/
Arcade,1993,"Alex Manning and her friends decide to visit the local video arcade known as ""Dante's Inferno"" where a new virtual reality arcade game called ""Arcade"" is being test marketed by a computer company CEO. However, it soon becomes clear that the teenagers who lose are being imprisoned inside the virtual reality world by the central villain ""Arcade"" and takes over their minds.",Albert Pyun,85 mins   More at IMDb TMDB  Report this page,"Science Fiction, Fantasy, Thriller, Horror","Megan Ward, Peter Billingsley, John de Lancie",Arcade,1993,https://letterboxd.com/film/arcade/
Are We Dead Yet,2019,A robbery goes horrifyingly wrong when five have a go criminals are forced to take refuge from the police in an old castle. What starts out as 'one last job' quickly becomes a hilarious fun filled journey of ghostly misfortunes.,Fredi 'Kruga' Nwaka,94 mins   More at IMDb TMDB  Report this page,"Comedy, Horror","Jessica-Jane Stafford, Tim Faraday, Faisal Mohammed",Are We Dead Yet,2019,https://letterboxd.com/film/are-we-dead-yet/
Are You Scared,2006,"After waking up in an abandoned factory, six kidnapped terns realize they are contestants on a reality show called ""Are You Scared?""",Andy Hurst,80 mins   More at IMDb TMDB  Report this page,"Horror, Thriller, Action","Alethea Kutscher, Erin Consalvi, Brad Ashten",Are You Scared,2006,https://letterboxd.com/film/are-you-scared/
Are You Scared 2,2009,"Dallas, Andrew, his girlfriend Taryn and Reese compose of the DNA Team in an Internet game where the objective is to find treasures in hidden caches. While searching the last treasure to beat the game's record score, they are chased by two psychopaths controlled by the sick owner of an underground site that is filming their movements and they have to fight to survive.",John Lands,93 mins   More at IMDb TMDB  Report this page,"Horror, Action, Adventure","Adam Busch, Tristan Wright, Chad Guerrero",Are You Scared 2,2009,https://letterboxd.com/film/are-you-scared-2/
Army of the Dead,2008,"In 1590, Coronado dispatched a division of one thousand men to find El Dorado, the legendary city of gold. Those men were never seen again. While searching some Baja peninsula caves as part of an archeological expedition, a university professor and his students unwittingly unleash a long dormant curse. They soon find themselves in a life or death battle with an army of skeletal warriors, the undead remnants of Coronado's conquistadors.",Joseph Conti,90 mins   More at IMDb TMDB  Report this page,"Action, Science Fiction, Horror, Adventure","Ross Kelly, Stefani Marchesi, Pedro Miguel Martínez",Army of the Dead,2008,https://letterboxd.com/film/army-of-the-dead/
Army of the Dead,2021,"Following a zombie outbreak in Las Vegas, a group of mercenaries take the ultimate gamble: venturing into the quarantine zone to pull off the greatest heist ever attempted.",Zack Snyder,148 mins   More at IMDb TMDB  Report this page,"Horror, Action, Crime","Dave Bautista, Ella Purnell, Omari Hardwick",Army of the Dead,2021,https://letterboxd.com/film/army-of-the-dead-2021/
Asylum: Twisted Horror & Fantasy Tales,2020,"Brandon prepares to give his last stand-up comedy show. As his stories and jokes pass, the public begins to cheer up. But at that precise moment Brandon will realize that these stories have a strong relationship with his past. More than he imagines.",Carlos Goitia,105 mins   More at IMDb TMDB  Report this page,"Science Fiction, Horror, Comedy","Raymond E. Lee, Ariadna Asturzzi, Sam Jaeger",Asylum: Twisted Horror & Fantasy Tales,2020,https://letterboxd.com/film/asylum-twisted-horror-fantasy-tales/
At Night Comes Wolves,2021,"A woman leaves her emotionally abusive husband, only to learn that he used to be the leader of a doomsday cult that she is about to join.",Tj Marine,76 mins   More at IMDb TMDB  Report this page,"Horror, Thriller","Colleen Elizabeth Miller, Madeleine Heil, Joe Bongiovanni",At Night Comes Wolves,2021,https://letterboxd.com/film/at-night-comes-wolves/
At the Devil's Door,2014,"When ambitious young real estate agent Leigh is asked to sell a house with a checkered past, she crosses paths with a disturbed girl whom she learns is the runaway daughter of the couple selling the property. When Leigh tries to intervene and help her, she becomes entangled with a supernatural force that soon pulls Leigh's artist sister Vera into its web - and has sinister plans for both of them.",Nicholas McCarthy,91 mins   More at IMDb TMDB  Report this page,Horror,"Ashley Rickards, Nick Eversman, Michael Massee",At the Devil's Door,2014,https://letterboxd.com/film/at-the-devils-door/
Atomic Brain Invasion,2010,Science-fiction B-movie spoof. A bunch of misfit high-schoolers must band together to stop an army of brain creatures from outer space that intend to kidnap Elvis Presley when he performs in a small New England town.,Richard Griffin,91 mins   More at IMDb TMDB  Report this page,"Comedy, Science Fiction, Horror","David Lavallee Jr., Sarah Nicklin, Michael Reed",Atomic Brain Invasion,2010,https://letterboxd.com/film/atomic-brain-invasion/
Attack of the Killer Refrigerator,1990,"A group of teenagers get drunk and abuse a hapless refrigerator. The machine then goes on a killing rampage, eating the ones who beat him up.",Michael Savino,16 mins   More at IMDb TMDB  Report this page,"Comedy, Horror","Lori Regonini, Christina Murphy, Lori Carson",Attack of the Killer Refrigerator,1990,https://letterboxd.com/film/attack-of-the-killer-refrigerator/
Attack of the Virgin Mummies,2004,"In ancient Egypt, three of the king's virgin daughters -- Ananka, Hera and Josephine -- are beaten and mummified by a maniac who later returns in the 21st century as a berserk mummy himself. This swaddled nut job can only be stopped by the same three virgin girls, who now happen to be go-go dancing mummies at a strip joint in Hollywood. Pamela Christie and Kasumi star. Daryl Carstensen directs this comic horror tale.",Andrew Schrom,71 mins   More at IMDb TMDB  Report this page,"Horror, Comedy","Hannah Harper, Noname Jane, Nikki Loren",Attack of the Virgin Mummies,2004,https://letterboxd.com/film/attack-of-the-virgin-mummies/
The Attic,2006,"Emma has a strong aversion towards her family’s new house, especially the attic. After moving in, she becomes miserable and reclusive. The rest of her family also seems unhappy and unsettled. The situation escalates one day when Emma is in the attic alone. All of a sudden someone who looks exactly like Emma attacks her viciously.",Mary Lambert,88 mins   More at IMDb TMDB  Report this page,"Thriller, Horror","Elisabeth Moss, Tom Malloy, John Savage",The Attic,2006,https://letterboxd.com/film/the-attic/
Auntie Lee's Meat Pies,1992,"A devil-worshiping woman sends out her four beautiful nieces to lure men back to her place so they can be killed, ground up and sold as meat pies.",Joseph F. Robertson,100 mins   More at IMDb TMDB  Report this page,"Horror, Comedy","Karen Black, Pat Morita, Kristine Rose",Auntie Lee's Meat Pies,1992,https://letterboxd.com/film/auntie-lees-meat-pies/
Autopsy,2008,"Emily Johnson, her boyfriend Bobby and their friends Clare and Jude are recent college grads driving cross-country, taking a last vacation together before they face the ""real"" world. An accident leaves them hurt and stranded on a lonely Louisiana road. When the ambulance arrives, it whisks them to Mercy Hospital.",Adam Gierasch,84 mins   More at IMDb TMDB  Report this page,"Horror, Thriller","Robert Patrick, Jessica Lowndes, Jenette Goldstein",Autopsy,2008,https://letterboxd.com/film/autopsy/
Avalanche Sharks,2014,"A snow avalanche awakens humungous, prehistoric sharks that proceed to chomp on bikini clad co-eds.",Scott Wheeler,82 mins   More at IMDb TMDB  Report this page,"Action, Horror, Comedy, Science Fiction, Adventure","Alexander Mendeluk, Kate Nauta, Benjamin Easterday",Avalanche Sharks,2014,https://letterboxd.com/film/avalanche-sharks/
Babysitter Wanted,2007,"When she takes a job babysitting a young boy for a night at his family's remote farmhouse, sweet college co-ed Angie Albright becomes the target of a scar-covered creep making mysterious phone calls and prowling outside the windows. Angie gets the drop on the would-be killer, but quickly discovers that her nightmare has just begun.",Jonas Barnes,93 mins   More at IMDb TMDB  Report this page,"Horror, Thriller","Tina Houtz, Sarah Thompson, Kristen Dalton",Babysitter Wanted,2007,https://letterboxd.com/film/babysitter-wanted/
The Babysitter,2017,"When Cole stays up past his bedtime, he discovers that his hot babysitter is part of a Satanic cult that will stop at nothing to keep him quiet.",McG,85 mins   More at IMDb TMDB  Report this page,"Horror, Comedy","Judah Lewis, Samara Weaving, Robbie Amell",The Babysitter,2017,https://letterboxd.com/film/the-babysitter-2017/
The Babysitter: Killer Queen,2020,"Two years after defeating a satanic cult led by his babysitter Bee, Cole's trying to forget his past and focus on surviving high school. But when old enemies unexpectedly return, Cole will once again have to outsmart the forces of evil.",McG,101 mins   More at IMDb TMDB  Report this page,"Horror, Comedy","Judah Lewis, Jenna Ortega, Emily Alyn Lind",The Babysitter: Killer Queen,2020,https://letterboxd.com/film/the-babysitter-killer-queen/
Bachelor Party in the Bungalow of the Damned,2008,"The story focuses on a group of thirtysomething guys who head up to the Hamptons to a buddy's bungalow to throw a bachelor party for another friend. Once there, a group of middle-aged, overweight hookers (who look nothing, NOTHING like the girl on the cover. . . not even a little bit!) stop by randomly and give the boys a show. Unfortunately, they're possessed by some type of evil/demonic force and they started to kill the guys off (mostly during sex) one by one.",Brian Thomson,76 mins   More at IMDb TMDB  Report this page,"Comedy, Horror","Monique Dupree, Nathan Faudree, Lloyd Kaufman",Bachelor Party in the Bungalow of the Damned,2008,https://letterboxd.com/film/bachelor-party-in-the-bungalow-of-the-damned/
Bachelor Party Massacre,2006,A group of friends decide to throw a Bachelor Party in the mountains; little do they know an escaped killer is on the loose ready to kill the party.,Schumacker Halpern Overdrive,85 mins   More at IMDb TMDB  Report this page,Horror,"Josh Breeding, Bay Bruner, Michael Capes",Bachelor Party Massacre,2006,https://letterboxd.com/film/bachelor-party-massacre/
Back Woods,2001,"When Luther's mother is killed, what's a boy to do? Why, put on a dress and slaughter many, many people as the world's first 300 pound, retarded-redneck transvestite serial killer.",Grant Woodhill,76 mins   More at IMDb TMDB  Report this page,"Horror, Comedy","David C. Hayes, Anna Shmieka, Jim Edberg",Back Woods,2001,https://letterboxd.com/film/back-woods/
The Backlot Murders,2002,"A rock band, on the brink of success, arrives at a movie studio to produce their first music video. Somebody doesn't have much respect for their talent, and starts bumping off members of the band, their groupie girlfriends, and the crew.",David DeFalco,90 mins   More at IMDb TMDB  Report this page,"Comedy, Horror","Priscilla Barnes, Charles Fleischer, Corey Haim",The Backlot Murders,2002,https://letterboxd.com/film/the-backlot-murders/
Backslasher,2012,"A social networking slasher, with a supernatural edge and Brit-Horror chic.",Tim Cowles,72 mins   More at IMDb TMDB  Report this page,Horror,"Eleanor James, Emily Eaves, Jason Impey",Backslasher,2012,https://letterboxd.com/film/backslasher/
The Backwoods,2006,An English couple's holiday in Spain is interrupted when they discover a girl imprisoned in a cabin.,Koldo Serra,97 mins   More at IMDb TMDB  Report this page,"Thriller, Horror, Action","Gary Oldman, Virginie Ledoyen, Paddy Considine",The Backwoods,2006,https://letterboxd.com/film/the-backwoods-2006/
Bad Biology,2008,"Driven by biological excess, a young man and woman search for sexual fulfillment, unaware of each other's existence. Unfortunately, they eventually meet, and the bonding of these two very unusual human beings ends in an explosive and ultimately over-the-top sexual experience, resulting in a truly god awful love story....",Frank Henenlotter,84 mins   More at IMDb TMDB  Report this page,"Horror, Comedy","Charlee Danielson, Anthony Sneed, Ginger Starr",Bad Biology,2008,https://letterboxd.com/film/bad-biology/
Bad Channels,1992,An alien determined to capture human females takes over a radio station to do it.,Ted Nicolaou,88 mins   More at IMDb TMDB  Report this page,"Science Fiction, Horror, Comedy","Robert Factor, Martha Quinn, Aaron Lustig",Bad Channels,1992,https://letterboxd.com/film/bad-channels/
Bad Hair,2020,"In 1989, an ambitious young woman gets a weave in order to succeed in the image-obsessed world of music television. However, her flourishing career may come at a great cost when she realizes that her new hair may have a mind of its own.",Justin Simien,102 mins   More at IMDb TMDB  Report this page,"Horror, Comedy","Elle Lorraine, Jay Pharoah, Lena Waithe",Bad Hair,2020,https://letterboxd.com/film/bad-hair-2020/
Bad Magic,1998,"After Renny's brother Amos is killed in a robbery gone bad, the only thing left to do is seek revenge on the vicious gang he belonged to...the RED CLAWS...except this isn't going to be an ordinary vigilante score! Renny seeks the aid of a renown witch doctor in the West Indies to invoke terror and bloodshed through means of voodoo! Renny must cross into a nightmare world and learn the Black Arts. But this knowledge comes with a cost, and the price is blood.",John Polonia,65 mins   More at IMDb TMDB  Report this page,Horror,"Vincent Simmons, Bob Dennis, Maria Davis",Bad Magic,1998,https://letterboxd.com/film/bad-magic/
Bad Nun: Deadly Vows,2020,"Catherine and her family recently moved into a converted church. Upon moving in, they have been harassed by an unknown religious stalker, claiming them to be sinners. Pamela, Catherine's grandmother soon begins to reveal she has secrets hidden to the local church, and not all is as it seems. Each night the Nun returns, and this time, she is looking to claim more than one soul.",Becca Hirani,89 mins   More at IMDb TMDB  Report this page,Horror,"Sarah T. Cohen, Nicola Wright, Stephanie Lodge",Bad Nun: Deadly Vows,2020,https://letterboxd.com/film/bad-nun-deadly-vows/
The Bagman,2002,A disfigured man exacts murderous revenge on the classmates who killed him in high school.,Beverly Beaton,88 mins   More at IMDb TMDB  Report this page,Horror,"Stephanie Beaton, Paul Zanone, Ron Ford",The Bagman,2002,https://letterboxd.com/film/the-bagman/
The Ballad of Skinless Pete,2013,Brilliant oncologist Peter Peel discovers a possible cure for skin cancer in the belly of an exotic parasite. When he tests the cure on himself his world is shattered and a monster is born.,Dustin Mills,80 mins   More at IMDb TMDB  Report this page,Horror,"Brandon Salkil, Erin R. Ryan, Allison Egan",The Ballad of Skinless Pete,2013,https://letterboxd.com/film/the-ballad-of-skinless-pete/
The Banana Splits Movie,2019,"A boy named Harley and his family attend a taping of The Banana Splits TV show, which is supposed to be a fun-filled birthday for young Harley and business as usual for Rebecca, the producer of the series. But things take an unexpected turn - and the body count quickly rises. Can Harley, his mom and their new pals safely escape?",Danishka Esterhazy,89 mins   More at IMDb TMDB  Report this page,"Thriller, Horror","Finlay Wojtak-Hissong, Maria Nash, Dani Kind",The Banana Splits Movie,2019,https://letterboxd.com/film/the-banana-splits-movie/
A Banquet,2021,"Widowed mother Holly is radically tested when her teenage daughter Betsey experiences a profound enlightenment and insists that her body is no longer her own, but in service to a higher power. Bound to her newfound faith, Betsey refuses to eat but loses no weight. In an agonizing dilemma, torn between love and fear, Holly is forced to confront the boundaries of her own beliefs.",Ruth Paxton,97 mins   More at IMDb TMDB  Report this page,Horror,"Sienna Guillory, Jessica Alexander, Ruby Stokes",A Banquet,2021,https://letterboxd.com/film/a-banquet/
The Barge People,2018,"Set on the canals amid the glorious British countryside, two sisters and their boyfriends head off for a relaxing weekend away on a barge, unaware of the flesh-eating fish mutants lurking in the water, ready and waiting to feed.",Charlie Steeds,78 mins   More at IMDb TMDB  Report this page,Horror,"Kate Davies-Speak, Mark McKirdy, Makenna Guyler",The Barge People,2018,https://letterboxd.com/film/the-barge-people/
Barricade,2007,A group of friends are terrorized by a cannibalistic family while camping in The Black Forest of Germany.,Timo Rose,96 mins   More at IMDb TMDB  Report this page,Horror,"Raine Brown, Joe Zaso, André Reissig",Barricade,2007,https://letterboxd.com/film/barricade/
Baseline Killer,2008,"Sadistic predators abduct, torture and murder a group of women in a Phoenix warehouse.",Ulli Lommel,78 mins   More at IMDb TMDB  Report this page,"Drama, Horror","Victoria Ullmann, Pia Pownall, Jacquelyn Aurora",Baseline Killer,2008,https://letterboxd.com/film/baseline-killer/
Bath Salt Zombies,2013,"In a punk-rock homage to ""Reefer Madness,"" two plot threads intertwine: a hapless junkie falls victim to ""Bath Salts"" addiction, while a police detective attempts to uncover and stamp out a new strain of designer drug products.",Dustin Mills,70 mins   More at IMDb TMDB  Report this page,Horror,"Brandon Salkil, Ethan Holey, Josh Eal",Bath Salt Zombies,2013,https://letterboxd.com/film/bath-salt-zombies/
The Beach House,2019,A romantic getaway for two troubled college sweethearts turns into a struggle for survival when unexpected guests – and the surrounding environment – exhibit signs of a mysterious infection.,Jeffrey A. Brown,88 mins   More at IMDb TMDB  Report this page,"Drama, Mystery, Horror","Liana Liberato, Noah Le Gros, Jake Weber",The Beach House,2019,https://letterboxd.com/film/film:558622/
Beast Mode,2020,"After accidentally killing his lead star, a has-been hollywood producer turns to an ancient herbal elixir, in the hope that it will save his career. He makes a dark deal that unleashes a band of bloodthirsty, shape-shifting, ferocious beasts on LA.",Chris W. Freeman,87 mins   More at IMDb TMDB  Report this page,"Comedy, Horror","C. Thomas Howell, Leslie Easterbrook, James Hong",Beast Mode,2020,https://letterboxd.com/film/beast-mode/
Beasties,1991,Slimey little aliens attack teenagers.,Steven Paul Contreras,82 mins   More at IMDb TMDB  Report this page,"Horror, Science Fiction","Eric C. Bushman, Denise Mora, James Jefferies",Beasties,1991,https://letterboxd.com/film/beasties/
Behind You,2020,"Two young sisters find that all the mirrors in their estranged aunt's house are covered or hidden. When one of them happens upon a mirror in the basement, she unknowingly releases a malicious demon.",Andrew Mecham,86 mins   More at IMDb TMDB  Report this page,Horror,"Addy Miller, Elizabeth Birkner, Jan Broberg",Behind You,2020,https://letterboxd.com/film/behind-you/
Bellatrix,2019,A 20-year-old woman begins to question the experiences of women in society; she meets researchers and people who work on the gender issue to better discuss and understand the struggles and differences that women face in their daily lives.,Lucas Costanzi,52 mins   More at IMDb TMDB  Report this page,Documentary,"Jéssica Barbosa, Felipe Fiori, Elisa Heidrich",Bellatrix,2019,https://letterboxd.com/film/bellatrix/
Beverly Lane,2010,"Beverly Lane follows a local metal company as they celebrate the retirement of their longtime boss with a ""Coney Island"" themed party. Bored & angry, the workers find themselves stuck with clowns, a magician, a mime, and one very sick barbershop singer. Then all hell breaks loose...literally! Stuck between zombies and a sideshow, the workers must learn to survive with each other or die trying.",Joshua Hull,69 mins   More at IMDb TMDB  Report this page,,"Jim O'Rear, Noah East, Raymond Kester",Beverly Lane,2010,https://letterboxd.com/film/beverly-lane/
Bigfoot,2006,"Something monstrous is slaughtering deer in the marshlands of Ohio, leaving them torn to shreds. Authorities believe it to be the work of a bear, but army veteran Jack Sullivan knows the truth. He has heard the creature’s name, but nothing can prepare him for the disturbing reality of BIGFOOT. The original monster of American folklore, Bob Gray’s Bigfoot is more savage, relentless, and bloodthirsty than he’s ever been before. The deer were just the beginning. He’s saving his ultimate wrath for the men who enter his domain.",Bob Gray,88 mins   More at IMDb TMDB  Report this page,"Horror, Comedy","Todd Cox, Liza Foster, Bob Gray",Bigfoot,2006,https://letterboxd.com/film/bigfoot-2006/
Bigfoot Country,2018,"Some say Bigfoot is just a hoax but when a group of hikers go deep into the woods after being warned by a guide that has encountered a Sasquatch, they decide to ignore him and go off trail, but the deeper the go into the woods they realize that they are not alone. Becoming hysterical as night falls, the group is terrorized to their core and accidentally shoots and wounds a Sasquatch. Legend says the Bigfoot species simply want to be left alone but when provoked, they will protect their territory and in this case the damage has been done and there is no turning back.",Jason Mills,80 mins   More at IMDb TMDB  Report this page,Horror,"Darren Andrichuk, Hans Potter, Michael Strickland",Bigfoot Country,2018,https://letterboxd.com/film/bigfoot-country/
Bigfoot's Bride,2020,It's Bigfoot like you've never seen him before!,Erick Wofford,78 mins   More at IMDb TMDB  Report this page,Horror,"Jordan Phipps, Jessica Megan Rivera, Xia Orozco",Bigfoot's Bride,2020,https://letterboxd.com/film/bigfoots-bride/
Bikini Bloodbath,2006,"On their last day of high school seven gorgeous girls have slumber party to celebrate their going away to college. Across town, a maniacal chef goes on a killing spree. Can their gym coach come to the rescue of the bikini clad group? No, but when Chef Death shows up at the party, hilarity ensues and the blood bath begins.",Thomas Edward Seymour,72 mins   More at IMDb TMDB  Report this page,Horror,"Debbie Rochon, Russ Russo, Margaret Rose Champagne",Bikini Bloodbath,2006,https://letterboxd.com/film/bikini-bloodbath/
Bikini Bloodbath: Car Wash,2008,A group of hot college girls decide to raise money and pulses by donning bikinis for a car wash. But a maniac chef is prowling about to get a cut of the action.,Johnathan Gorman,71 mins   More at IMDb TMDB  Report this page,"Horror, Comedy","Debbie Rochon, Rachael Robbins, Sheri Lynn",Bikini Bloodbath: Car Wash,2008,https://letterboxd.com/film/bikini-bloodbath-car-wash/
Bikini Bloodbath: Christmas,2009,Jenny and Sharon are stalked by a killer chef ... again? This time ... It's Christmas.,Johnathan Gorman,73 mins   More at IMDb TMDB  Report this page,"Comedy, Horror","Debbie Rochon, Rachael Robbins, Niki Rubin",Bikini Bloodbath: Christmas,2009,https://letterboxd.com/film/bikini-bloodbath-christmas/
Bikini Bloodbath: Shakespeare,2013,A fairly typical sorority skin flick told through Shakespeare's words.,John B. Reed,62 mins   More at IMDb TMDB  Report this page,Horror,"Debbie Rochon, Carmine Capobianco, Margaret Rose Champagne",Bikini Bloodbath: Shakespeare,2013,https://letterboxd.com/film/bikini-bloodbath-shakespeare/
Bimbos B.C.,1990,A story set in a post-apocalyptic time about all-female pack of warriors who fight against villain Tim Curry and his zombie batch. Based on a comic book.,Todd Sheets,90 mins   More at IMDb TMDB  Report this page,"Comedy, Horror","Veronica Orr, Jenny Admire, Tonia Monahan",Bimbos B.C.,1990,https://letterboxd.com/film/bimbos-bc/
Birdemic 2: The Resurrection,2013,"A platoon of eagles and vultures attack Hollywood, California. Why did the eagles and vultures attack? Who will survive?",James Nguyen,82 mins   More at IMDb TMDB  Report this page,"Thriller, Horror","Alan Bagh, Whitney Moore, Thomas Favaloro",Birdemic 2: The Resurrection,2013,https://letterboxd.com/film/birdemic-2-the-resurrection/
Birth Rite,2003,"On her 18th birthday, Rebecca meets a mysterious man with magical powers. Roman, the warlock, shows her how her parents were murdered and bestows upon her the Sacred Amulet that is her birth rite. As she delves into the black arts of witchcraft, her adopted sister, Erin, fights to save her soul from the evil that has possessed her. It all ends in a showdown of good and evil as Erin and Roman battle for Rebecca.",Devin Hamilton,82 mins   More at IMDb TMDB  Report this page,Horror,"Natalie Sutherland, Danny Wolske, Laura Nativo",Birth Rite,2003,https://letterboxd.com/film/birth-rite/
Bite,2015,"While on her bachelorette party getaway, Casey, the bride to be, gets a seemingly harmless bite from an unknown insect. After returning home with cold feet, Casey tries to call off her wedding but before she's able to, she starts exhibiting insect like traits. Between her physical transformation and her wedding anxiety, Casey succumbs to her new instincts and begins creating a hive that not only houses her translucent eggs, but feeds on the flesh of others. As her transformation becomes complete, Casey discovers that everything can change with a single bite.",Chad Archibald,90 mins   More at IMDb TMDB  Report this page,Horror,"Elma Begovic, Jordan Gray, Annette Wozniak",Bite,2015,https://letterboxd.com/film/bite-2015/
Bitten,2008,"A lovelorn paramedic rescues a woman left for dead after a deadly assault. When she refuses to go to the hospital, he takes her in, nurses her back to health and soon falls in love with her. Before long the mysterious woman suffers withdrawal symptoms, leaving the paramedic to believe his newfound love is a drug addict. Coming home to find a blood-drained corpse on his floor, he learns she does indeed have an addiction problem but it's not to drugs...",Harvey Glazer,89 mins   More at IMDb TMDB  Report this page,"Horror, Action, Crime, Thriller, Romance, Comedy","Jason Mewes, Erica Cox, Richard Fitzpatrick",Bitten,2008,https://letterboxd.com/film/bitten/
Black Devil Doll,2007,"Five hot sexy young big-breasted chicks are raped, abused, tortured, and killed (?) by an evil jive-ass talking doll possessed by the spirit of an executed black militant death row inmate. Who will survive...",Jonathan Louis Lewis,73 mins   More at IMDb TMDB  Report this page,Horror,"Heather Murphy, Natasha Talonz, Christine Svendsen",Black Devil Doll,2007,https://letterboxd.com/film/black-devil-doll/
Black Devil Doll from Hell,1984,"A woman buys a doll at a magic shop. Unbeknownst to her, the doll is possessed by an evil spirit, and it proceeds to take her over.",Chester Novell Turner,70 mins   More at IMDb TMDB  Report this page,Horror,"Shirley L. Jones, Keefe Turner, Obie Dunson",Black Devil Doll from Hell,1984,https://letterboxd.com/film/black-devil-doll-from-hell/
Black Past,1989,Tommy finds a cursed mirror and a diary in an attic in the new house they moved in. The mirror starts to give Tommy horrible and gruesome visions as his crush keeps rising from the dead.,Olaf Ittenbach,83 mins   More at IMDb TMDB  Report this page,Horror,"Olaf Ittenbach, Andrea Arbter, André Stryi",Black Past,1989,https://letterboxd.com/film/black-past/
Black Pumpkin,2018,"On October 31st, two preteens in a small town accidentally awaken an evil that has lain dormant for decades. They are forced to survive through a terrifying Halloween night of cat-and-mouse, from the monster known as ""Bloody Bobby.""",Ryan McGonagle,91 mins   More at IMDb TMDB  Report this page,Horror,"Ellie Patrikios, Grayson Thorne Kilpatrick, Dogen Eyeler",Black Pumpkin,2018,https://letterboxd.com/film/black-pumpkin/
Black River Monster,1986,"Family and workers on a farm are being stalked by a Sasquatch-like creature known as ""The Black River Monster"".",John Duncan,48 mins   More at IMDb TMDB  Report this page,"Comedy, Horror","Craig Martin, Bruce Phillips, Chuck Kelly",Black River Monster,1986,https://letterboxd.com/film/black-river-monster/
Black Water: Abyss,2020,"An adventure-loving couple convince their friends to explore a remote, uncharted cave system in the forests of Northern Australia. With a tropical storm approaching, they abseil into the mouth of the cave, but when the caves start to flood, tensions rise as oxygen levels fall and the friends find themselves trapped. Unknown to them, the storm has also brought in a pack of dangerous and hungry crocodiles.",Andrew Traucki,98 mins   More at IMDb TMDB  Report this page,"Horror, Adventure, Action","Jessica McNamee, Luke Mitchell, Amali Golden",Black Water: Abyss,2020,https://letterboxd.com/film/black-water-abyss/
Blackwater Valley Exorcism,2006,Disturbed Isabelle is locked in a fierce battle with a vicious demon that's hell-bent on owning her soul,Ethan Wiley,90 mins   More at IMDb TMDB  Report this page,Horror,"Cameron Daddo, Kristin Erickson, James Russo",Blackwater Valley Exorcism,2006,https://letterboxd.com/film/blackwater-valley-exorcism/
The Blackwell Ghost,2017,A filmmaker tries to prove that ghosts are real but soon regrets his intentions after he finds himself being terrorized in a haunted house by a ghost with a dark past. An authentic documentary that shows actual ghost footage that was captured on camera.,Turner Clay,59 mins   More at IMDb TMDB  Report this page,Horror,"Turner Clay, Terri Czapleski",The Blackwell Ghost,2017,https://letterboxd.com/film/the-blackwell-ghost/
Blackwood Evil,2000,Four paranormal investigators record their final hours as they succumb to demonic attacks.,Richard Catt,85 mins   More at IMDb TMDB  Report this page,Horror,"Joanie Bannister, Peggy Catt, Michael Paul",Blackwood Evil,2000,https://letterboxd.com/film/blackwood-evil/
Blade: The Iron Cross,2020,"When the malevolent Dr. Hauser, the Third Reich's maddest scientist, rises again with murder and mayhem on his mind, psychic journalist Elisa Ivanov awakens her own angel of death in Blade.",John Lechago,70 mins   More at IMDb TMDB  Report this page,"Science Fiction, War, Horror","Tania Fox, Vincent Cusimano, Roy Abramsohn",Blade: The Iron Cross,2020,https://letterboxd.com/film/blade-the-iron-cross/
Bleed,2002,"A naïve young girl desperate to fit in with her new boyfriend's tightly knit crew learns that membership may be deadly. Upon arriving at a party with her new boyfriend, Shawn, desperate-to-fit-in newcomer Debbie learns that the friends have formed a mysterious brotherhood nicknamed ""The Murder Club."" As Debbie accepts her invitation to join the mysterious club, a murderer who seems to take the group's name to heart begins killing off members one by one.",Dennis Petersen,82 mins   More at IMDb TMDB  Report this page,Horror,"Debbie Rochon, Danny Wolske, Allen Nabors",Bleed,2002,https://letterboxd.com/film/bleed/
Bleeders,1997,"A man with an unknown disease travels to an island with his girlfriend where his relatives once lived, hoping to find a cure to his illness. Although his relatives were all thought to be dead, he finds them living underground.",Peter Svatek,89 mins   More at IMDb TMDB  Report this page,"Horror, Mystery","Roy Dupuis, Kristin Lehman, Rutger Hauer",Bleeders,1997,https://letterboxd.com/film/bleeders/
Blood & Sex Nightmare,2008,A lascivious boyfriend takes his virginal girlfriend to an adult retreat for a passionate weekend unaware of the camp-ground's history of murder and rape.,Joseph R. Kolbek,59 mins   More at IMDb TMDB  Report this page,Horror,"Julia Morizawa, Andy McGuinness, Tina Krause",Blood & Sex Nightmare,2008,https://letterboxd.com/film/blood-sex-nightmare/
Blood Beat,1983,"Sarah and her boyfriend have decided to spend Christmas at his home in rural Wisconsin. However, upon arriving, she begins to feel a strange presence around her, and a mysterious figure garbed in a Samurai outfit begins murdering the townsfolk.",Fabrice A. Zaphiratos,86 mins   More at IMDb TMDB  Report this page,Horror,"Helen Benton, Terry Brown, Dana Day",Blood Beat,1983,https://letterboxd.com/film/blood-beat/
Blood Conscious,2021,A vacationing family turns the tables on a mass shooter who claims to be fighting demonic forces.,Timothy Covell,80 mins   More at IMDb TMDB  Report this page,"Thriller, Drama, Horror","Nick Damici, Lenny Thomas, DeShawn White",Blood Conscious,2021,https://letterboxd.com/film/blood-conscious/
Blood Cove 2: Return of the Skull,2020,"When the infamous Skull killer returns to Beansboro after a six-month period of silence, Detective Lockwood must race against the clock to keep his beloved town and family safe.",James Ian Mair,70 mins   More at IMDb TMDB  Report this page,"Horror, Thriller","Lloyd Kaufman, Mark Dessauer, Autumn Reed",Blood Cove 2: Return of the Skull,2020,https://letterboxd.com/film/blood-cove-2-return-of-the-skull/
Blood Creek,2006,"According to a popular magazine, the 58th spookiest place in the world is the Ashbrooke Barn in the small town known as Blood Creek. Local legend states that if you perform a specific ritual in the barn and the old house up the road, you'll see visions of Zeke Ashbrooke, a farmer who went mad and hung himself, his wife and children. Rumour has it that Zeke's wife - now known as The Dark Lady - still roams the woods of Blood Creek. This summer five young campers will venture to Blood Creek and accept a dare that could cost them their lives.",Sean Cisterna,90 mins   More at IMDb TMDB  Report this page,Horror,"David Dineen-Porter, Ryan Tonkin, Angelica Montesano",Blood Creek,2006,https://letterboxd.com/film/blood-creek/
Blood Cult,1985,Female students on a college campus are being killed and their body parts used for blood sacrifices.,Christopher Lewis,89 mins   More at IMDb TMDB  Report this page,"Horror, Mystery","Juli Andelman, Charles Ellis, James Vance",Blood Cult,1985,https://letterboxd.com/film/blood-cult/
Blood Delirium,1988,"After his beloved wife dies, an unbalanced painter who believes himself to be the reincarnation of Vincent Van Gogh goes over the edge and digs up her corpse--with the help of his necrophiliac butler--to bring it back to his castle and use it for ""inspiration"". He soon meets a beautiful musician who looks exactly like his late wife and brings her back to his castle. However, she eventually discovers their secret: the butler murders young women, disposes of their bodies and uses their blood--""the color of life""--for the artist's paints.",Sergio Bergonzelli,90 mins   More at IMDb TMDB  Report this page,Horror,"John Phillip Law, Gordon Mitchell, Brigitte Christensen",Blood Delirium,1988,https://letterboxd.com/film/blood-delirium/
Blood Frenzy,1987,A psychologist takes a group of patients into the desert for unorthodox therapy only for them to be picked off by an unseen maniac.,Hal Freeman,90 mins   More at IMDb TMDB  Report this page,"Mystery, Horror","Wendy MacDonald, Tony Montero, Lisa Loring",Blood Frenzy,1987,https://letterboxd.com/film/blood-frenzy/
Blood From Stone,2020,"Darya has escaped life as a vampire bride to a desert town of bright lights and casinos but Jure tracks her down and makes himself at home amongst the gamblers and drunks. As the bodies pile up, the law comes for them, forcing a clash of modern forces against immortals from a dying era.",Geoff Ryan,116 mins   More at IMDb TMDB  Report this page,"Thriller, Romance, Horror","Vanja Kapetanović, Gabriella Toth, Nika Khitrova",Blood From Stone,2020,https://letterboxd.com/film/blood-from-stone/
Blood Gnome,2004,"When Daniel, a crime scene investigator, discovers the truth behind a series of bizarre sex murders, no one believes him.",John Lechago,87 mins   More at IMDb TMDB  Report this page,Horror,"Vinnie Bilancio, Melissa Pursley, Ri Walton",Blood Gnome,2004,https://letterboxd.com/film/blood-gnome/
Blood Lake: Attack of the Killer Lampreys,2014,"After chomping through the fish population, thousands of starved lampreys begin attacking the citizens of a sleepy lake town, and the community scrambles to stay alive.",James Cullen Bressack,90 mins   More at IMDb TMDB  Report this page,"Horror, TV Movie, Thriller","Shannen Doherty, Jason Brooks, Zack Ward",Blood Lake: Attack of the Killer Lampreys,2014,https://letterboxd.com/film/blood-lake-attack-of-the-killer-lampreys/
Blood Monkey,2007,"Six American grad students have arrived in Africa to study apes with a renowned professor. But after setting up camp in a jungle clearing, they soon become witness to the carnage inflicted by the strange and remote species.",Robert Young,88 mins   More at IMDb TMDB  Report this page,"Adventure, Horror, Action, TV Movie","F. Murray Abraham, Matt Ryan, Amy Manson",Blood Monkey,2007,https://letterboxd.com/film/blood-monkey/
Blood Orgy At Beaver Lake,2012,"When inbred brothers unknowingly mix the new party drug into their moon shine, they're transformed into blood thirsty cannibals with an insatiable appetite for human flesh. Terror ensues when a group of friends arrive at camp beaver lake for a weekend of fun in the sun but instead find themselves in a fight for their lives in this horrific and hilarious fright film.",Mike C. Hartman,71 mins   More at IMDb TMDB  Report this page,Horror,"Katie Hepfinger, Virginia Bryant, Josh Campos",Blood Orgy At Beaver Lake,2012,https://letterboxd.com/film/blood-orgy-at-beaver-lake/
Blood Punch,2014,"Milton, a college dropout, was only supposed to cook meth for one day. Broken out of rehab by a brash young woman and her trigger-happy (""ex"") boyfriend and driven to a remote cabin the woods, Milton finds himself drawn into a dangerous love triangle gone haywire. The couple's deadpan half-truths spin around Milton like a song on repeat. They seem to read him like an open book, until a mysterious message opens his eyes to his cursed existence. With unlimited ammunition, any hunting tool they could desire, and an ever-growing body count, for what did Milton really sign up?",Madellaine Paxson,104 mins   More at IMDb TMDB  Report this page,"Thriller, Horror","Milo Cawthorne, Olivia Tennet, Ari Boyland",Blood Punch,2014,https://letterboxd.com/film/blood-punch/
Blood Quantum,2019,"The dead are coming back to life outside the isolated Mi'kmaq reserve of Red Crow, except for its Indigenous inhabitants who are strangely immune to the zombie plague.",Jeff Barnaby,98 mins   More at IMDb TMDB  Report this page,Horror,"Michael Greyeyes, Elle-Máijá Tailfeathers, Forrest Goodluck",Blood Quantum,2019,https://letterboxd.com/film/blood-quantum/
Blood Ranch,2006,"Four college students and an Iraq War vet, lost on a desert highway, encounter a terrified young woman with a black van on her trail. They survive the ensuing chase but their car doesn't, forcing them to seek help at a nearby ranch. Only when it's too late does the group learn that it's crossed the threshold into Hell! Welcome to the Web, home to a bizarre cult of murderers, perverts and mental defectives, whose sacraments include mutilation, dismemberment, unspeakable sex acts, and slow, agonizing death for all who enter. None of their ""guests"" have ever made it out alive. Tonight may be different...but don't count on it.",Corbin Timbrook,83 mins   More at IMDb TMDB  Report this page,Horror,"Jim Fitzpatrick, Dayton Knoll, Scott L. Schwartz",Blood Ranch,2006,https://letterboxd.com/film/blood-ranch/
Blood Red Moon,2010,Megan and Victor are teens in love. Victor is a vampire and he is being blamed for a rash of murders in town. It's up to Megan to help to clear Victor's name and to find the vicious killer who is responsible.,Brett Kelly,71 mins   More at IMDb TMDB  Report this page,Horror,"Sarah Lavrisa, Matthew Thomas Rogers, Mark Courneyea",Blood Red Moon,2010,https://letterboxd.com/film/blood-red-moon/
Blood Scarab,2008,"To exist in daylight, Countess Elizabeth Bathory -- the infamous Blood Countess and widow of legendary vampire Count Dracula -- makes a blood pact with an Egyptian goddess involving three lovely victims and a living Mummy. A centuries-old craving collides with an ancient curse in this horrific climax to Frontline Entertainment's Countess Dracula and Mummy's Kiss movie series!",Donald F. Glut,81 mins   More at IMDb TMDB  Report this page,Horror,"Monique Parent, Del Howison, Brinke Stevens",Blood Scarab,2008,https://letterboxd.com/film/blood-scarab/
Blood Sisters,2003,"The young and lust filled Blood Sisters find college life the perfect haven for their daily ""habit""... Blood. They stalk and seduce their victims by day, then torture and kill them by night. When a chain of strange dissappearances occurs at sexy Tracy's college, fear immediately floods the hallways. Corpses mount at one of the school's sororities. Tracy and her gorgeous roomate, Melissa, join the mysterious sorority hoping to uncover the dark secret. After witnessing brutal slayings, they realize their only salvation lies in the defeat and damnation of the Blood Sisters!",Joe Castro,90 mins   More at IMDb TMDB  Report this page,Horror,"Phoebe Dollar, Erica Howard, Kaycee",Blood Sisters,2003,https://letterboxd.com/film/blood-sisters/
Blood Sisters of Lesbian Sin,1997,"Johnny Blake, is a man haunted by his past and dedicated to the destruction of the dark forces. To do so, he has taken on the guise that is feared throughout the occult world: the righteous hero known as The Monk. Three beautiful sisters, the spawn of a demon, seek to control Johnny's mind, his body, his very soul. Sister Avarice is a corporate lawyer who uses her brains and her body to force Johnny into submission. Sister Anger owns a martial arts school for women, with a hatred of men and special passion for the fairer sex. Sister Lust is everything her name implies, running a high class bordello where a night of pleasure can lead to a lifetime of hell. Only one man can save the world from these bewitching sirens: Johnny Blake, The Monk.",Greg Griffin,86 mins   More at IMDb TMDB  Report this page,Horror,"Justin Gorence, Lara Daans, Heather Lee McIntyre",Blood Sisters of Lesbian Sin,1997,https://letterboxd.com/film/blood-sisters-of-lesbian-sin/
Blood Trail,2005,"Adrian Pasdar, R.J. Preston and Barry Tubb star in this eerie film that melds two distinct genres: the old-fashioned Western and the jump-out-of-your-seat horror film. A pack of rough-and-tumble cowboys stumble upon a parcel of land that used to be a burial ground for Native Americans and claim it for themselves, unleashing the fury of the spirits that call it home. Suddenly, they must deal with foes of an altogether different sort.",Barry Tubb,81 mins   More at IMDb TMDB  Report this page,"Horror, Western","Raoul Max Trujillo, Barry Tubb, Adrian Pasdar",Blood Trail,2005,https://letterboxd.com/film/blood-trail/
Blood Vessel,2019,"Near the end of World War II, the survivors of a torpedoed hospital ship cling to life aboard a crowded lifeboat. With no food, water, or shelter, all seems lost – until an eerily silent German minesweeper drifts ominously towards them, giving them one last chance at survival. As our motley crew explores the ship, it becomes all too clear that some diabolical fate has befallen its German crew. The mystery only deepens when they encounter a young Romanian girl, apparently the sole survivor, who leads them to a locked room in the bowels of the vessel.",Justin Dix,93 mins   More at IMDb TMDB  Report this page,"Horror, Fantasy, War","Nathan Phillips, Alyssa Sutherland, Robert Taylor",Blood Vessel,2019,https://letterboxd.com/film/blood-vessel/
Bloodlines,2007,"The the backwoods of Kentucky, a demented family begin the process of cleaning up their ""bloodline."" Their family is led by Billy Bob Hackford, who in his madness abducts unsuspecting young women. As a sadistic sport, the family forces the women to fight to the death. Billy Bob then rapes the victor in hopes of a making her pregnant and expanding the Hackford family. The Hackford's plan changes when they abduct Amber Strickland, a southern tomboy whose family ties run as deep as her abductors. She's not a victim or prey, but a huntress raised in the backwoods of Alabama. Her brothers, Bear and Brody track her down and a feud of country folks erupt into a massacre.",Stephen Durham,92 mins   More at IMDb TMDB  Report this page,Horror,"Grace Johnston, Jason Padgett, Tracy Kay",Bloodlines,2007,https://letterboxd.com/film/bloodlines/
Bloodlust Zombies,2011,A military weapons manufacturer creates a chemical weapon that causes victims to become blood-lusting killers. A lab accident causes the building to go into lock-down and the employees are trapped inside with the crazed killers.,Dan Lantz,76 mins   More at IMDb TMDB  Report this page,"Horror, Comedy","Alexis Texas, Janice Marie, Adam Danoff",Bloodlust Zombies,2011,https://letterboxd.com/film/bloodlust-zombies/
Bloodlust: Subspecies III,1994,"Still in the thrall of the evil vampire Radu, Michelle yearns to be taught the skills of the vampire. Meanwhile, her sister Becky tries to free her from his evil clutches, and this time, she's brought some help.",Ted Nicolaou,83 mins   More at IMDb TMDB  Report this page,"Horror, Fantasy, Thriller","Anders Hove, Denice Duff, Kevin Spirtas",Bloodlust: Subspecies III,1994,https://letterboxd.com/film/bloodlust-subspecies-iii/
BloodRayne II: Deliverance,2007,"Rayne, a half-human half-vampire warrior, is in the America's 1880's Wild West to stop the vampired Billy the Kid and his posse of vampire cowboys.",Uwe Boll,99 mins   More at IMDb TMDB  Report this page,"Action, Western, Horror","Natassia Malthe, Zack Ward, Michael Paré",BloodRayne II: Deliverance,2007,https://letterboxd.com/film/bloodrayne-ii-deliverance/
BloodRayne: The Third Reich,2010,"Rayne fights against the Nazis in Europe during World War II, encountering Ekart Brand, a Nazi leader whose target is to inject Adolf Hitler with Rayne's blood in an attempt to transform him into a dhampir and attain immortality.",Uwe Boll,79 mins   More at IMDb TMDB  Report this page,"Adventure, Fantasy, Action, Horror","Natassia Malthe, Brendan Fletcher, Michael Paré",BloodRayne: The Third Reich,2010,https://letterboxd.com/film/bloodrayne-the-third-reich/
The Bloodstained Bride,2006,"Fresh off of being dumped by his girlfriend, Tracy meets Madeline coming off of a bad, and bloody, breakup of her own. The laughs and bodies pile up as Tracy's friends watch in horror while she leads him down the aisle one emasculated step at a time. Madeline will stop at nothing to get what she wants: the perfect wedding. And no amount of beer, booze, or strippers is going to stop her from becoming a bride again.",Aaron Burk,100 mins   More at IMDb TMDB  Report this page,Horror,"Renee Intlekofer, Dane Moreton, Joe Sperandeo",The Bloodstained Bride,2006,https://letterboxd.com/film/the-bloodstained-bride/
Bloodstone: Subspecies II,1993,"Continuing after the first ""Subspecies"", a woman who has just become a vampire tries to escape the evil vampire, Radu, who seeks her as his love interest. But she has taken the vampire family's bloodstone, and now Radu must find her to get it back. While her sister comes to Romania to save her soul. It might be too late....",Ted Nicolaou,87 mins   More at IMDb TMDB  Report this page,"Horror, Fantasy","Anders Hove, Denice Duff, Ion Haiduc",Bloodstone: Subspecies II,1993,https://letterboxd.com/film/bloodstone-subspecies-ii/
Bloodsucka Jones,2014,"Bloodsucka Jones rises from the pages of legend to help a chronically confused David and would-be vampire hunter Tony, save David from his vampire girlfriend's brother and his pop-collared cronies.",Justin Armao,103 mins   More at IMDb TMDB  Report this page,"Horror, Comedy","Preston Gant, Matt Kelly, Erin Holt",Bloodsucka Jones,2014,https://letterboxd.com/film/bloodsucka-jones/
Bloodsuckers from Outer Space,1984,"A mysterious and invisible alien presence has landed in rural Texas and has started turning the nearby townspeople into white-faced, bloodthirsty killers. As the local authorities begin to investigate the strange and violent goings on, a photographer and his girlfriend find themselves trapped in the midst of an unexpected rural bloodbath, which seeks to turn them into another pair of bloodsuckers from outer space...",Glen Coburn,79 mins   More at IMDb TMDB  Report this page,"Comedy, Science Fiction, Horror","Thom Meyers, Laura Ellis, Dennis Letts",Bloodsuckers from Outer Space,1984,https://letterboxd.com/film/bloodsuckers-from-outer-space/
Bloodsucking Pharaohs in Pittsburgh,1991,A police detective teams up with his buddy's daughter to investigate cult-ritual mutilations.,Dean Tschetter,89 mins   More at IMDb TMDB  Report this page,"Horror, Comedy","Jake Dengel, Joe Sharkey, Susann Fletcher",Bloodsucking Pharaohs in Pittsburgh,1991,https://letterboxd.com/film/bloodsucking-pharaohs-in-pittsburgh/
Bloodsucking Redneck Vampires,2004,"Sexy vampire Catherine and her familiar Lendel are on the run from a ruthless vampire hunter. They hide out in the small redneck town of Backwash, where Catherine hatches a plan to turn the backwoods folk into an army of her vampire slaves. Cultures further clash when Ma Poissier wins a free room redecoration by fruity Frenchman Jean-Claude Les Eaux, who tries his best to fit in with crazy hillbillies like Lil' Junior and his buddy Cletus. Beer drinking, bean eating, tripe cooking, shower peeping, competitive farting, strip poker playing and all manner of insanity follow, all leading up to the town's annual Tripe Days Festival.",Michael Hegg,108 mins   More at IMDb TMDB  Report this page,"Comedy, Horror","Michael Hegg, Dee Alsman, Emily Andrews",Bloodsucking Redneck Vampires,2004,https://letterboxd.com/film/bloodsucking-redneck-vampires/
Bloodthirst 2: Revenge of the Chupacabras,2005,A detective in search of a missing college student is lured by a madman into the lair of the fabled Chupacabras monster.,Jonathan Mumm,88 mins   More at IMDb TMDB  Report this page,Horror,,Bloodthirst 2: Revenge of the Chupacabras,2005,https://letterboxd.com/film/bloodthirst-2-revenge-of-the-chupacabras/
Bloodthirst: Legend of the Chupacabras,2003,A supposed treasure map leads a group of unsuspecting townspeople to the lair of a vampire-like creature known as El Chupacabras.,Jonathan Mumm,85 mins   More at IMDb TMDB  Report this page,Horror,"Dan Leis, Rachel Sense, Loren Taylor",Bloodthirst: Legend of the Chupacabras,2003,https://letterboxd.com/film/bloodthirst-legend-of-the-chupacabras/
The Bloody Ape,1997,"THE BLOODY APE is the most outrageous, drive-in movie take on Poe's ""Murders in the Rue Morgue"" ever committed to film. A carnival barker foolishly releases his 400 pound gorilla, who then literally goes bananas on a rampage of raw rape and boffo butchery - leaving the low rent population of Long Island either sexually violated, slaughtered - or both! From maverick indy filmmaker Keith J. Crocker (Blitzkrieg: Escape from Stalag 69), THE BLOODY APE is a gore-soaked love letter to the sex and violence of the grind house movie era that pulls no punches and offers no apologies for wallowing in a skin-drenched stew of crudeness and camp! Banned from numerous festivals around the world, ignored by critics and loathed by the politically correct....but now there just is no stopping THE BLOODY APE!",Keith J. Crocker,77 mins   More at IMDb TMDB  Report this page,Horror,"Bob Ceislick, Christina Zuber Crocker, Kevin Crocker",The Bloody Ape,1997,https://letterboxd.com/film/the-bloody-ape/
Bloody Murder,2000,"Julie McConnell is one of a dozen camp counselors working to re-open a summer camp when a series of murders and disappearances begin commited by a hockey masked killer who may be the urban legend killer Trevor Moorehouse. When Julie looks into the murders by herself, she finds that she may be the killer's next target when she gets too close to some dark secrets of the camp which may lead to the killer's identity.",Ralph E. Portillo,88 mins   More at IMDb TMDB  Report this page,"Horror, Thriller","Jessica Morris, Peter Guillemette, Patrick Cavanaugh",Bloody Murder,2000,https://letterboxd.com/film/bloody-murder/
Bloody Murder 2: Closing Camp,2003,"Coming to Placid Pines is difficult for Tracy, who's brother, Jason, was one of Trevor's victims near the end of the original. When Tracy's nightmares begin to come true as one by one the counselors are murdered. Someone is hunting them through the pitch-black Forest and is determined to kill them all. Could Trevor Moorhouse be back?!",Rob Spera,92 mins   More at IMDb TMDB  Report this page,Horror,"Katy Woodruff, Tyler Sedustine, Kelly Gunning",Bloody Murder 2: Closing Camp,2003,https://letterboxd.com/film/bloody-murder-2-closing-camp/
Bloody Tease,2004,Vampire strippers terrorize a college town.,Brad Sykes,84 mins   More at IMDb TMDB  Report this page,Horror,"Steve Beaumont Jones, Dan Wells, Elina Madison",Bloody Tease,2004,https://letterboxd.com/film/bloody-tease/
Bloodz vs. Wolvez,2006,"A turf war is started by two rival supernatural gangs, The ""Bloodz"" which are vampires and the ""Wolvez"" which are werewolves.",John Bacchus,84 mins   More at IMDb TMDB  Report this page,Horror,"Malik Burke, Richard Carroll Jr., Kandiss Marie",Bloodz vs. Wolvez,2006,https://letterboxd.com/film/bloodz-vs-wolvez/
Blown,2005,"Bobby and Karen are in love. When Bobby proposed, it should have been the happiest day of their lives, but their neighbor, voodoo priestess Esmerelda, has other plans. With the help of a mystical severed head, Esmerelda plots her revenge through the eyes of a killer blow-up doll.",David C. Hayes,90 mins   More at IMDb TMDB  Report this page,"Romance, Comedy, Horror","Carina Lira, Jeff Dolniak, Kevin Moyers",Blown,2005,https://letterboxd.com/film/blown/
Body Cam,2020,"As a police officer investigates the gruesome murder of her colleague, she discovers that a mysterious supernatural force is behind it.",Malik Vitthal,96 mins   More at IMDb TMDB  Report this page,"Mystery, Thriller, Horror","Mary J. Blige, Nat Wolff, David Zayas",Body Cam,2020,https://letterboxd.com/film/body-cam/
The Body,2018,"In Los Angeles, on Halloween night, a hitman tries to transport a corpse in plain sight, but people he stumbles upon on the street, believing that his sophisticated appearance is a magnificent disguise, constantly stand in his way to congratulate him.",Paul Davis,83 mins   More at IMDb TMDB  Report this page,"Thriller, TV Movie, Horror","Tom Bateman, Rebecca Rittenhouse, Aurora Perrineau",The Body,2018,https://letterboxd.com/film/the-body-2018/
The Bone Box,2020,"Depressed and reeling from the recent death of his wife, Tom has built up quite a gambling debt. He goes to stay with his wealthy Aunt Florence in hopes that she will write him into her will. When a nasty creditor makes it clear that Tom is out of time, he devises a plan with Elodie, the undertaker's daughter, to rob the graves of the rich townspeople buried in the cemetery across the road. After plundering the graves, Tom arrives back at Florence's house and events take a dark turn. Tom begins hearing and seeing strange things that seem to coincide with the deaths of the people he robbed. Even more disconcerting... he appears to be the only one sensing the occurrences. One question lingers: Is Tom's conscience playing a trick on him... or is he really being haunted by those he stole from?",Luke Genton,86 mins   More at IMDb TMDB  Report this page,"Horror, Drama, Thriller","Michelle Krusiec, David Chokachi, Jamie Bernadette",The Bone Box,2020,https://letterboxd.com/film/the-bone-box/
Bone Breaker,2020,"A group of friends looking for an extreme weekend, get more than they bargain for when they mistakenly cross the land of the infamous Bone Breaker. What should have been a fun weekend has now turned into a fight for survival.",Nicholas Winter,74 mins   More at IMDb TMDB  Report this page,"Thriller, Horror","Lucy Aarden, Rachel Bright, Jade Colucci",Bone Breaker,2020,https://letterboxd.com/film/bone-breaker/
Bone Sickness,2004,"Her husband's health suddenly devastated by a terminal bone disease, a desperate young woman finds her search for alternative treatment leading to unexpectedly grave consequences.",Brian Paulin,98 mins   More at IMDb TMDB  Report this page,Horror,"Rich George, Brian Paulin, Kevin Barbare",Bone Sickness,2004,https://letterboxd.com/film/bone-sickness/
Boneyard,2020,"Jane and David Morrison flee to a secluded farmhouse ahead of a mounting scandal that threatens to ruin them. Jane, unsure of her husband’s guilt or innocence, takes a fateful walk in the woods, and discovers an ancient graveyard. In the wake of her discovery, Jane is plagued by visions, but is her mind falling apart or is the haunting apparition from the woods reaching out to her, scratching on the walls of our reality?",Brent Nurse,97 mins   More at IMDb TMDB  Report this page,"Thriller, Horror","Helen Von Bretzke, Jason Bowen, Sue Del-Mei",Boneyard,2020,https://letterboxd.com/film/boneyard/
The Boneyard,1991,"Children turned into zombies wreak havoc in a coroner's building with just a burned-out psychic, an experienced cop and two coroners to stop the madness.",James Cummins,98 mins   More at IMDb TMDB  Report this page,"Comedy, Fantasy, Horror","Ed Nelson, Deborah Rose, Norman Fell",The Boneyard,1991,https://letterboxd.com/film/the-boneyard/
Bong of the Dead,2011,"When the world is taken over by flesh eating zombies, best friends Tommy and Edwin figure out a way to benefit from it by turning zombies into fertilizer for growing potent weed! There will be bud.",Thomas Newman,91 mins   More at IMDb TMDB  Report this page,"Horror, Comedy, Action","Simone Bailly, Jy Harris, Mark Sweatman",Bong of the Dead,2011,https://letterboxd.com/film/bong-of-the-dead/
Bongo: Killer Clown,2014,"A bad 'teen mom"" creates a monster in her child by leaving the TV on to serve as a babysitter. A twisted TV clown enters the child's psyche, leading to depraved violence as the persona of Bongo the killer clown emerges. Violence, topless nudity and gore in a psycho-dynamic plot. Bongo is a must see for fans of the genre. Director Geraldine Winters delivers a good story in a matrix of violent dark irony.",Geraldine Winters,83 mins   More at IMDb TMDB  Report this page,Horror,"Newt Wallen, Bobby Max, Puneet Prasad",Bongo: Killer Clown,2014,https://letterboxd.com/film/bongo-killer-clown/
Boo,2005,"The friends Emmett, Freddy, Marie, Kevin and his reluctant girlfriend Jessie decide to spend the Halloween night in an abandoned hospital. Meanwhile, the younger Allan meets the old friend of his father Arlo Ray Baines and asks him to help to find his vanished sister Meg in the same spot. The two groups meet each other in the mental institution section on the haunted third floor.",Anthony C. Ferrante,94 mins   More at IMDb TMDB  Report this page,Horror,"Rachel Melvin, Dig Wayne, Dee Wallace",Boo,2005,https://letterboxd.com/film/boo/
Boogeyman 2,2007,"A young woman attempts to cure her phobia of the boogeyman by checking herself into a mental health facility, only to realize too late that she is now helplessly trapped with her own greatest fear.",Jeff Betancourt,93 mins   More at IMDb TMDB  Report this page,"Horror, Thriller","Danielle Savre, Matt Cohen, Chrissy Calhoun",Boogeyman 2,2007,https://letterboxd.com/film/boogeyman-2/
Boogeyman 3,2008,"When a college student witnesses the alleged suicide of her roommate, it sets into motion a series of horrific events that cause her to fear the supernatural entity. As she tries to convince the rest of her dorm that the Boogeyman does exist, the evil force grows stronger and her friends begin to pay the price. Now she must stop this ultimate evil before the entire campus falls prey.",Gary Jones,94 mins   More at IMDb TMDB  Report this page,"Thriller, Horror","Erin Cahill, Chuck Hittinger, Mimi Michaels",Boogeyman 3,2008,https://letterboxd.com/film/boogeyman-3/
Book of Blood,2009,"Based on the wraparound story penned by Clive Barker in the author's ""Books of Blood"" collection, the story centers on a paranormal expert who, while investigating a gruesome slaying, finds a house that is at the intersection of ""highways"" transporting souls to the afterlife.",John Harrison,96 mins   More at IMDb TMDB  Report this page,"Drama, Thriller, Mystery, Horror","Jonas Armstrong, Sophie Ward, Clive Russell",Book of Blood,2009,https://letterboxd.com/film/book-of-blood/
Book of Monsters,2018,"Sophie's 18th birthday becomes a bloodbath when monsters descend upon her house, devouring the guests and killing anyone who tries to leave. To survive the night, Sophie must face her destiny: monsters are real and she's the only one who can stop them.",Stewart Sparke,84 mins   More at IMDb TMDB  Report this page,"Action, Horror, Comedy","Lyndsey Craine, Michaela Longden, Lizzie Stanton",Book of Monsters,2018,https://letterboxd.com/film/book-of-monsters/
Borderline Cult,2007,Three serial killers team up at the US/Mexican border town of Juarez and go on a killing spree.,Ulli Lommel,81 mins   More at IMDb TMDB  Report this page,Horror,"Elissa Dowling, Christian Behm, Patrick Faucette",Borderline Cult,2007,https://letterboxd.com/film/borderline-cult/
Botched,2007,"Ritchie Donovan is a professional thief whose luck has just run out. The only survivor from a heist that goes terribly wrong, Ritchie is forced to take the rap and is sent to Russia to steal a priceless antique cross locked in a safe on the penthouse floor of a Moscow skyscraper.",Kit Ryan,95 mins   More at IMDb TMDB  Report this page,"Crime, Comedy, Thriller, Horror","Stephen Dorff, Sean Pertwee, Jamie Foreman",Botched,2007,https://letterboxd.com/film/botched/
Boys in the Trees,2016,"On Halloween 1997, two estranged teen skaters embark on a surreal journey through their memories, dreams and fears.",Nicholas Verso,112 mins   More at IMDb TMDB  Report this page,"Horror, Drama, Thriller","Toby Wallace, Gulliver McGrath, Justin Holborow",Boys in the Trees,2016,https://letterboxd.com/film/boys-in-the-trees/
Brainiac,2004,"Brain chemistry research has produced a drug - Nirvana - that can wipe out addiction and mental illness by stimulating pleasure centers in the brain and flooding the brain with endorphins. PsyMax Labs is about to release Nirvana, but suddenly something goes badly wrong. Nirvana causes drastic genetic changes, switching on dormant genes to produce BRAINIAC, a creature whose need for the brain's pleasure chemicals causes it to begin eating human brains.",Terry Michael King,93 mins   More at IMDb TMDB  Report this page,"Horror, Science Fiction","Greg Bayan, Lisa Nistri, Joe Hansard",Brainiac,2004,https://letterboxd.com/film/brainiac/
Bride Of Killer Nerd,1992,"Former MTV personality Toby Radloff charmed critics and audiences alike in the Academy Award®-nominated 'American Splendor', and now you can see where he got his cinematic start! Toby plays Harold Kunkle, king of the nerds. Harold's been pushed beyond his meek limits and now seeks bloody retribution throughout these two hilarious and horrifying shockers. As witty as 'Revenge of the Nerds' and as violent as 'The Texas Chainsaw Massacre', Killer Nerd has a wide appeal among fans of horror, comedy, and cult cinema and that goes double for 'Bride of Killer Nerd!'",Mark Steven Bosko,85 mins   More at IMDb TMDB  Report this page,"Comedy, Horror","Toby Radloff, Heidi Lohr, Lori Scarlett",Bride Of Killer Nerd,1992,https://letterboxd.com/film/bride-of-killer-nerd/
Bride of the Head of the Family,2020,"Following the events of the original film, the head of the family himself, Myron Stackpool, attempts to rebuild his empire from the ashes of destruction. But finding his lost fortune and missing siblings is only a fraction of his woes, as a mysterious high-powered woman arrives on the scene. Her name is Eugenia, and she sports a BIG agenda and an even BIGGER head! It’s love-at-first-sight for Myron, but before he and his newly betrothed can exchange vows, they’ll have to deal with mad doctors, deformed hit men, sexual orderlies, and more - as they all race to the wedding of - the BRIDE OF THE HEAD OF THE FAMILY!",Charles Band,More at TMDB  Report this page,Horror,"Michael Citriniti, Jacqueline Lovell",Bride of the Head of the Family,2020,https://letterboxd.com/film/bride-of-the-head-of-the-family/
Bring It On: Cheer Or Die,2022,"When a cheer squad practices their routines on Halloween weekend in an abandoned school, they are picked off one by one by an unknown killer.",Karen Lam,91 mins   More at IMDb TMDB  Report this page,"Thriller, Horror, Comedy, TV Movie","Kerri Medders, Tiera Skovbye, Missi Pyle",Bring It On: Cheer Or Die,2022,https://letterboxd.com/film/bring-it-on-cheer-or-die/
The Brink,2006,"Thomas Alva Edison died on October, 1931, but not before completing his greatest invention; a device for talking to the dead. Thought to be lost forever, Megan Goss, a gifted engineering student, tracks down the legendary blueprints. She rallies a group of friends to build it in a dilapidated house. What she doesn't tell the others is that this house has a history steeped in blood. A family brutally killed one another within its walls, and now that evil force lies in wait for someone to breach the tenuous membrane between worlds. Four students will learn some things are better left unknown when the flip of a switch frees a terror that forces them to the brink... and beyond.",Benjamin Cooper,74 mins   More at IMDb TMDB  Report this page,"Action, Horror, Drama","Rachel Riley, Jeff Ryan, Heather Ashley Chase",The Brink,2006,https://letterboxd.com/film/the-brink/
Broil,2020,"A listless grand-daughter, Chance Sinclair, is sentenced to live with her draconian grand-father, August after a violent incident at school and begins to question the source of her families immense wealth and power. When Chance's scheming Mom, June hires a troubled chef Sydney to poison August, the family's monstrous secrets are revealed over the course of one bloody night. Every soul is up for grabs as The Sinclair Family Games Night gets underway and Chance learns that being a part of this family is a blood-in, blood-out proposition.",Edward Drake,99 mins   More at IMDb TMDB  Report this page,"Thriller, Fantasy, Horror","Avery Konrad, Jonathan Lipnicki, Timothy V. Murphy",Broil,2020,https://letterboxd.com/film/broil/
The Brotherhood,2001,A college freshman goes to a frat party and wakes up with a strange thirst for blood. He soon discovers the fraternity is actually secret society of vampires and that he is their newest recruit.,David DeCoteau,86 mins   More at IMDb TMDB  Report this page,Horror,"Sam Page, Josh Hammond, Bradley Stryker",The Brotherhood,2001,https://letterboxd.com/film/the-brotherhood-2001/
Browse,2020,A solitary man becomes convinced that someone hacked into all of his devices and that they're being used to manipulate and control him.,Mike Testin,84 mins   More at IMDb TMDB  Report this page,"Horror, Thriller","Lukas Haas, Sarah Rafferty, Chloe Bridges",Browse,2020,https://letterboxd.com/film/browse/
Bruiser,2000,"Bruiser is the story of a man who has always tried to fit in. He keeps his mouth shut, follows the rules, and does what he's supposed to do. But one morning, he wakes up to find his face is gone. All the years of acquiescence have cost him the one thing he can't replace: his identity. Now he's a blank, outside as well as in, an anonymous, featureless phantom. Bent on exacting revenge, he explodes. He isn't going to follow the rules anymore.",George A. Romero,99 mins   More at IMDb TMDB  Report this page,"Mystery, Thriller, Horror","Jason Flemyng, Peter Stormare, Leslie Hope",Bruiser,2000,https://letterboxd.com/film/bruiser/
A Brush With Death,2007,Five high school cheerleaders drive out to a rural mansion to spend the weekend. They hear a thirty year-old urban legend about a young boy who killed his family and used their blood in his juvenile artwork. While exploring an old farmhouse on the property they discover that the boy never left his home and has grown into a sick and twisted man.,Brad Wiebe,83 mins   More at IMDb TMDB  Report this page,Horror,"Seanna McDonald, Missy Sturges, Lily Vu",A Brush With Death,2007,https://letterboxd.com/film/a-brush-with-death/
Brutal,2007,"In a small town, a serial killer mutilates the bodies of his victims and leaves a flower on the corpses. The sheriff and his wife/deputy investigate the murders while trying to keep from alarming the citizens. They team up with an autistic hound dog trainer to try to track the killer.",Ethan Wiley,91 mins   More at IMDb TMDB  Report this page,"Mystery, Crime, Horror","Crystal Stone, Eric Lange, Sarah Thompson",Brutal,2007,https://letterboxd.com/film/brutal/
The Bucks County Massacre,2010,"On Saturday, May 17th, 2008, police responded to a residence in a remote area of Bucks County, Pennsylvania for the report of a missing person. Upon their arrival, a routine investigation was performed and it was determined that the situation did not require police intervention. When the police returned the next morning to do a courtesy follow up, the house was immediately found to be the scene of a crime.",Jason Sherman,84 mins   More at IMDb TMDB  Report this page,"Horror, Action, Thriller","Nikki Bell, Zackary Kresser, Brittany Geiger",The Bucks County Massacre,2010,https://letterboxd.com/film/the-bucks-county-massacre/
The Bunker Game,2022,"Laura, 25, is an actress in a L.A.R.P. (Live Action Role Playing) Game, where the participants play the survivors of an atomic war who live underground in a sealed bunker. After several mysterious accidents, the game is interrupted and the players leave the bunker while the staff remain behind to investigate the disappearance of Greg, the mastermind of the game. They soon find themselves trapped inside and in peril as they begin to die in mysterious ways and the group realizes that someone or something paranormal is playing a twisted game with them which quickly plunges into a terrifying fight for survival.",Roberto Zazzara,92 mins   More at IMDb TMDB  Report this page,"Horror, Mystery, Thriller","Gaia Weiss, Mark Ryder, Makita Samba",The Bunker Game,2022,https://letterboxd.com/film/the-bunker-game/
Burial,2022,"Set in the last days of World War II, a small band of Russian soldiers led by intelligence officer Brana Vasilyeva, who is tasked with trafficking the remains of Hitler back to Stalin in Russia. En route, the unit is attacked by German ‘Werewolf’ partisans and picked off one-by-one. Brana leads her surviving comrades in a last stand to ensure their ‘cargo’ doesn’t fall into the hands of those who would see it buried in order to hide the truth forever.",Ben Parker,95 mins   More at IMDb TMDB  Report this page,Thriller,"Charlotte Vega, Barry Ward, Dan Renton Skinner",Burial,2022,https://letterboxd.com/film/burial-2022-2/
Buried Alive,1989,"A young woman goes to teach at the Ravenscroft Institute, a spooky old girls' school overrun by ants and staffed by some unusual types. Spurred on by a series of horrific hallucinations, she begins to investigate the mysterious disappearances of several students.",Gérard Kikoïne,87 mins   More at IMDb TMDB  Report this page,"Horror, Thriller","Robert Vaughn, Donald Pleasence, Karen Lorre",Buried Alive,1989,https://letterboxd.com/film/buried-alive-1989/
Buried Alive II,1997,"A woman inherits a fortune, causing her husband and his lover to plot her demise by poisoning her. The only trouble is it only places her in a deep coma that resembles death. When an accident occurs in the embalmer's office he doesn't complete the embalming process, causing her to be buried alive. Awakening from the grave, she claws her way out and seeks revenge against the two who caused her supposed demise",Tim Matheson,97 mins   More at IMDb TMDB  Report this page,"Thriller, TV Movie, Horror","Ally Sheedy, Stephen Caffrey, Tracey Needham",Buried Alive II,1997,https://letterboxd.com/film/buried-alive-ii/
The Burrowers,2008,"It is 1879 in the Dakota Territories, a band of men who set out to find and recover a family of settlers that has mysteriously vanished from their home. Expecting the offenders to be a band of fierce natives, but they soon discover that the real enemy stalks them from below.",J.T. Petty,96 mins   More at IMDb TMDB  Report this page,"Western, Horror","Doug Hutchison, Clancy Brown, William Mapother",The Burrowers,2008,https://letterboxd.com/film/the-burrowers/
The Butcher,2006,"A tragic car accident in the middle of nowhere finds six stranded college students fighting for their lives after making a horrifying discovery in a remote farmhouse in director Edward Gorsuch's rural frightener. With no place to run and no police station for miles, these doomed students are about to discover that down home hospitality is the last thing on the minds of the murderous family who stalks them through the woods.",Edward Gorsuch,85 mins   More at IMDb TMDB  Report this page,"Horror, Action","Hazel Dean, Myiea Coy, Bill Jacobson",The Butcher,2006,https://letterboxd.com/film/the-butcher-2006/
Butchered,2010,"A group of teens decides to spend the weekend on a local island to say their final goodbyes before heading off to college. Little do they know, a convicted serial killer escapes from the authorities while on death row at a maximum security prison. Touted in the headlines of the local papers as ""The Butcher"" due to the manner he hacked up his victims in the local town deli, he takes cover on THE VERY SAME ISLAND. It becomes a battle for survival as the teens attempt to fight back against this unimaginable foe.",Sheila Brothers,71 mins   More at IMDb TMDB  Report this page,Horror,"Timothy Woodward Jr., Cory Broadwater, Melissa Lukon",Butchered,2010,https://letterboxd.com/film/butchered/
By Day's End,2020,A lesbian couple's efforts to mend their deteriorating relationship are put on hold when a pandemic disease that causes insatiable hunger ravages the world around them.,Michael Souder,74 mins   More at IMDb TMDB  Report this page,"Horror, Romance","Lyndsey Lantz, Andrea Nelson, Joshua Keller Katz",By Day's End,2020,https://letterboxd.com/film/by-days-end/
Cabin Fever 2: Spring Fever,2009,A high school prom faces a deadly threat: a flesh-eating virus that spreads via a popular brand of bottled water.,Ti West,87 mins   More at IMDb TMDB  Report this page,Horror,"Rider Strong, Noah Segan, Alexi Wasser",Cabin Fever 2: Spring Fever,2009,https://letterboxd.com/film/cabin-fever-2-spring-fever/
Cabin Fever: Patient Zero,2014,"A group of friends head to a deserted Caribbean island for a surprise overnight bachelor party only to discover that the island isn't deserted. It's actually the home to a secret medical facility. Not only that, there's something wrong with the water surrounding the island...",Kaare Andrews,91 mins   More at IMDb TMDB  Report this page,Horror,"Jillian Murray, Mitch Ryan, Lydia Hearst",Cabin Fever: Patient Zero,2014,https://letterboxd.com/film/cabin-fever-patient-zero/
The Calling,2000,"On her wedding night, a young woman conceives a child during an hallucinatory encounter. Several years later, as her friends and family begin to behave strangely, she pieces together clues that lead to one conclusion...her son is the Antichrist",Richard Caesar,89 mins   More at IMDb TMDB  Report this page,"Horror, Thriller","Laura Harris, Richard Lintern, Francis Magee",The Calling,2000,https://letterboxd.com/film/the-calling/
Cam,2018,A young camgirl discovers that she’s inexplicably been replaced on her site with an exact replica of herself.,Daniel Goldhaber,95 mins   More at IMDb TMDB  Report this page,"Mystery, Horror","Madeline Brewer, Patch Darragh, Melora Walters",Cam,2018,https://letterboxd.com/film/cam/
Camp Blood,2000,"Ten years ago a series of brutal murders rocked peaceful, isolated Camp Blackwood. The killer was never caught and the camp, renamed ""Camp Blood"" by the locals, was never reopened.Ignorant of the camp's terrible history, two young couples visit Camp Blood. And they soon realise they are not alone. Someone is watching. Someone is waiting. The murders are far from over... they have only just begun.What began as a pleasant hiking trip turns into a savage struggle for survival. Will anyone make it out of Camp Blood alive?",Brad Sykes,73 mins   More at IMDb TMDB  Report this page,Horror,"Jennifer Ritchkoff, Michael Taylor, Ron Ford",Camp Blood,2000,https://letterboxd.com/film/camp-blood/
Camp Blood 2,2000,"Smarmy opportunist filmmaker Worthy Milligan convinces traumatized sole survivor Tricia to work as a technical advisor on a film he's making about the horrific events that occurred at Camp Blood. The cast and crew return to the remote woodland area to shoot the picture. Of course, the murderous machete-wielding Clown also shows up to commit more brutal killings.",Brad Sykes,74 mins   More at IMDb TMDB  Report this page,Horror,"Jennifer Ritchkoff, Garrett Clancy, Brannon Gould",Camp Blood 2,2000,https://letterboxd.com/film/camp-blood-2/
Camp Blood 4,2016,"A bunch of college friends stop at the notorious Camp Blood on their way to a rock concert. But there is someone lurking in the woods nearby, ready to arrange one hell of a night for unfortunate campers.",Dustin Ferguson,70 mins   More at IMDb TMDB  Report this page,Horror,"Schuylar Craig, Jennii Caroline, Michael Booton",Camp Blood 4,2016,https://letterboxd.com/film/camp-blood-4/
Camp Blood 5,2016,"Raven, the only survivor of a previous massacre, returns to the forest to avenge her fallen friends and stop Camp Blood Killer once and for all.",Dustin Ferguson,67 mins   More at IMDb TMDB  Report this page,Horror,"Schuylar Craig, Shawn C. Phillips, Doug Mill",Camp Blood 5,2016,https://letterboxd.com/film/camp-blood-5/
Camp Blood 666,2016,Various characters investigate the disappearance of a young boy at Camp Blood and fall prey to evil clowns.,Ted Moehring,76 mins   More at IMDb TMDB  Report this page,Horror,"Tina Krause, George Stover, Edward X. Young",Camp Blood 666,2016,https://letterboxd.com/film/camp-blood-666/
Camp Blood 8: Revelations,2020,"The Killing at Camp Blood stopped for a while. But the son of the original killer clown has carried on the machete and driven by his deranged mother, played by Sally Mullins (Things 4, Lights Out With David Spade), continues to kill anyone who trespasses in his woods. When a group of female volleyball players' vehicle breaks down in the woods, they are all potential victims of the killer clown. Their leader and coach Dolly, played by Phoebe Dollar (Hell's Highway, Sunset Society), devices a plan that is meant to help them escape, but could possible get them all killed. Is she in on the murders"" Does she have a dark secret herself? All will be revealed.",Dennis Devine,82 mins   More at IMDb TMDB  Report this page,"Horror, Comedy","Rhei Liu, Emily Rose Morris, Rowan Denis",Camp Blood 8: Revelations,2020,https://letterboxd.com/film/camp-blood-8-revelations/
Camp Fear,1991,"Some sorority sisters opt for camping in the woods with a handsome professor instead of going to Palm Springs for spring break. However, the orgy is interrupted when some druids appear and decide they need to sacrifice the sisters to prevent the apocalypse at the start of the new millennium.",Thomas Edward Keith,86 mins   More at IMDb TMDB  Report this page,"Horror, Science Fiction, Romance","Vincent Van Patten, Betsy Russell, Peggy McIntaggart",Camp Fear,1991,https://letterboxd.com/film/camp-fear/
Campfire Tales,1991,A grizzled derelict tells a quartet of horror tales to a trio of young campers.,William Cooke,86 mins   More at IMDb TMDB  Report this page,"Thriller, Horror","Gunnar Hansen, Michael R. Smith, Lawrence E. Campbell",Campfire Tales,1991,https://letterboxd.com/film/campfire-tales-1991/
Campfire Tales,1997,"Anthology of famous, scary urban legends done with a modern twist.",Matt Cooper,88 mins   More at IMDb TMDB  Report this page,Horror,"Jay R. Ferguson, Christine Taylor, Christopher Masterson",Campfire Tales,1997,https://letterboxd.com/film/campfire-tales/
The Candy Witch,2020,"Two ghost hunters are called upon a distressed family who claim they are being tormented by an evil spirit known in their local town as The Candy Witch. But as the mystery of her curse is uncovered, surprising and sinister turns are discovered around The Candy Witch's identity. Their hardest case yet, can they solve this evil curse before more people are killed by the demonic spirit?",Becca Hirani,94 mins   More at IMDb TMDB  Report this page,Horror,"Abi Casson Thompson, Jon Callaway, Kate Lush",The Candy Witch,2020,https://letterboxd.com/film/the-candy-witch/
Candyman: Day of the Dead,1999,"As the Day of the Dead celebration approaches the barrio of East Los Angeles, Caroline is challenged to control the horrifying legend of her ancestor, the ""Candyman"".",Turi Meyer,93 mins   More at IMDb TMDB  Report this page,"Horror, Thriller","Tony Todd, Donna D'Errico, Alexia Robinson",Candyman: Day of the Dead,1999,https://letterboxd.com/film/candyman-day-of-the-dead/
Cannibal Campout,1988,Four teenagers on an outing in the woods are attacked by a trio of mutant cannibals.,Jon McBride,88 mins   More at IMDb TMDB  Report this page,Horror,"Jon McBride, Amy Chludzinksi, Christopher A. Granger",Cannibal Campout,1988,https://letterboxd.com/film/cannibal-campout/
Cannibal Hookers,1987,"Two girls pose as hookers for a sorority initiation, then turn into zombies and eat their neighbors.",Donald Farmer,67 mins   More at IMDb TMDB  Report this page,"Comedy, Horror","Amy Waddell, Annette Munro, Sheila Best",Cannibal Hookers,1987,https://letterboxd.com/film/cannibal-hookers/
Cannibal Hookers,2020,"Kirsten escaped a religious cult but is still living a dangerous life, turning tricks in Hollywood to get by. She crosses paths with the notorious Cannibal Hookers and joins their man-eating ranks. A renegade priest and a bounty hunter are searching the dark recesses of Los Angeles for Kirsten and the cannibal hookers. Will Kirsten and her blood lusting friends survive their predators to prey another night?",Donald Farmer,75 mins   More at IMDb TMDB  Report this page,Horror,"James Balsamo, Tristen Elliott, Donald Farmer",Cannibal Hookers,2020,https://letterboxd.com/film/cannibal-hookers-2020/
Capture Kill Release,2016,"A couple plots to murder a random stranger just for the thrill of it, but things turn ugly when one of them decides not to go through with it.",Nick McAnulty,96 mins   More at IMDb TMDB  Report this page,"Horror, Drama, Thriller","Jennifer Fraser, Farhang Ghajar, Jon Gates",Capture Kill Release,2016,https://letterboxd.com/film/capture-kill-release/
Captured,2017,A weekend getaway to shoot a music video turns into a nightmare for a rock'n roll band when they become the crazed obsession of an escaped convict that is purposely targeting the female lead of the band.,Joe Arias,80 mins   More at IMDb TMDB  Report this page,"Horror, Thriller","Brittany Curran, Julian Curtis, Kirsten Zien",Captured,2017,https://letterboxd.com/film/captured-2017-1/
Cards of Death,1986,Centers around a cop and two brothers hot on the trail of a murderous card game in which masked participants must murder the loser or be killed themselves.,Will MacMillan,90 mins   More at IMDb TMDB  Report this page,"Thriller, Horror","Carlissa Hayden, Gregg Lawrence, Will MacMillan",Cards of Death,1986,https://letterboxd.com/film/cards-of-death/
Caregiver,2007,"When Paige Hopkins begins working at a halfway house for degenerate teenage girls, she believes that her syrupy sweet disposition is just what the girls need to find their path to redemption. But these hardened street girls show Paige that she couldn't be more out of place. So Paige quickly adapts to their ways - which includes beatings, torture and even murder - all delivered with a smile. Gradually, it becomes clear that she may be more troubled than any of her charges. Written by Brain Damage Films",Dennis Devine,90 mins   More at IMDb TMDB  Report this page,"Horror, Thriller","Osa Wallander, Rebeka Montoya, Elisa Eliot",Caregiver,2007,https://letterboxd.com/film/caregiver-2007/
Caress of the Vampire,1996,"A young woman moves into a home and is immediately seduced by her neighbor, a lesbian vampire who is also an alien. Much faux-lesbian action commences.",Frank Terranova,64 mins   More at IMDb TMDB  Report this page,Horror,"Paulina Monet, Jessica English, Darien Price",Caress of the Vampire,1996,https://letterboxd.com/film/caress-of-the-vampire/
Caress of the Vampire 2: Teenage Ghoul Girl A Go-Go,1996,"Billy, a long dormant vampire, is accidentally revived by human blood. He teams up with ghoulish woman, a mad podiatrist and a record producer to create an album of surf music to assault the charts.",William Hellfire,75 mins   More at IMDb TMDB  Report this page,Horror,"William Hellfire, Ruby Honeycat, Mikey Ovum",Caress of the Vampire 2: Teenage Ghoul Girl A Go-Go,1996,https://letterboxd.com/film/caress-of-the-vampire-2-teenage-ghoul-girl-a-go-go/
Caress of the Vampire 3: Lust Of The Nightstalker,1999,"A female police detective goes searching for a serial killer, finds lesbian vampires.",Mario Cimadevilla,61 mins   More at IMDb TMDB  Report this page,Horror,"Danni D'Vine, Sabrina Sidoti, Nina Dolci",Caress of the Vampire 3: Lust Of The Nightstalker,1999,https://letterboxd.com/film/caress-of-the-vampire-3-lust-of-the-nightstalker/
Cargo,2017,"After being infected in the wake of a violent pandemic and with only 48 hours to live, a father struggles to find a new home for his baby daughter.",Yolanda Ramke,105 mins   More at IMDb TMDB  Report this page,"Horror, Thriller, Drama","Martin Freeman, Simone Landers, Anthony Hayes",Cargo,2017,https://letterboxd.com/film/cargo-2017/
"Carmilla, the Lesbian Vampire",2004,"It's a face-off against two of the most evil supernatural forces: vampires fueled by bloodlust and zombies who've come back from the dead to prey on the living. The two camps are bent on proving their superiority, so it's a race to the gory finish. Whoever wins will decide the future of humanity.",Vince D'Amato,85 mins   More at IMDb TMDB  Report this page,Horror,"Bonny Giroux, C.S. Munro, Brinke Stevens","Carmilla, the Lesbian Vampire",2004,https://letterboxd.com/film/carmilla-the-lesbian-vampire/
Carnage: The Legend of Quiltface,2000,Four students set out for the barren Nevada desert on a class photography assignment. They are soon confronted by a machete-wielding maniac known as Quiltface.,Massimiliano Cerchi,70 mins   More at IMDb TMDB  Report this page,Horror,"Dean Paul, Molinee Green, Sean Wing",Carnage: The Legend of Quiltface,2000,https://letterboxd.com/film/carnage-the-legend-of-quiltface/
Carnival of Sorrows,2018,"Gabriel Cushing (David Curtis) and Melanie Lancley (Vicki Glover) fight demons, and they're good at it. Really good. With Gabriel's knowledge and intuition and Melanie's tenacity there's nothing they can't overcome. When Gabriel gets a mysterious call from an old friend of his father's, Dr Albert Parker, they head off to investigate, but when they arrive, Dr Parker is missing and so are several other people. Something is praying on the unsuspecting people of South Western, something unnatural. The Carnival of Sorrows has come to town...",Mark Adams,90 mins   More at IMDb TMDB  Report this page,Horror,"David Curtis, Vicki Glover, Antonia Tootill",Carnival of Sorrows,2018,https://letterboxd.com/film/carnival-of-sorrows/
Carnival of Souls,1998,A young woman is pursued in reality and in her subconscious by the sadistic carnival clown who raped and murdered her mother.,Adam Grossman,83 mins   More at IMDb TMDB  Report this page,"Thriller, Horror","Bobbie Phillips, Shawnee Smith, Paul Johansson",Carnival of Souls,1998,https://letterboxd.com/film/carnival-of-souls-1998/
Carnosaur 3: Primal Species,1996,"International terrorists get a surprise when their cargo turns out to contain living dinosaurs. The army commando team now have to think fast, if they want to prevent the extinction of the human species, instead of the reptiles.",Jonathan Winfrey,85 mins   More at IMDb TMDB  Report this page,"Horror, Science Fiction, Action","Scott Valentine, Janet Gunn, Rick Dean",Carnosaur 3: Primal Species,1996,https://letterboxd.com/film/carnosaur-3-primal-species/
Carrion,2020,"A young woman shows up on her cousin's doorstep after a ten year absence. As dark events from the past resurface, someone in the woods follows their every move.",Michael Zaiko Hall,72 mins   More at IMDb TMDB  Report this page,Horror,"Jenya Chaplin, Chloë Caro, Nathan Knight",Carrion,2020,https://letterboxd.com/film/carrion-2020/
Carver,2008,"Based on a true story, Carver depicts the real life events of five 20-something's that went camping in the mountain town of Halcyon Ridge and never returned.",Franklin Guerrero Jr.,97 mins   More at IMDb TMDB  Report this page,Horror,"Natasha Charles Parker, Erik Fones, Matt Carmody",Carver,2008,https://letterboxd.com/film/carver/
Cassadaga,2011,"A deaf girl attempts to contact her sister during a séance, only to connect with the ghost of a murdered woman.",Anthony DiBlasi,108 mins   More at IMDb TMDB  Report this page,"Thriller, Horror","Kelen Coleman, Kevin Alejandro, Louise Fletcher",Cassadaga,2011,https://letterboxd.com/film/cassadaga/
Casting Couch Slaughter,2020,"Two porn directors set out to make, what they call, the greatest porno ever made...all from their casting couch. Over the course of their auditions, they meet a score of bizarre, horny, violent and religious characters. But everything comes to a bloody pause once they encounter a savage, power drill wielding maniac, who brutalizes his victims with a rusty drill bit.",Krystal Shenk,More at IMDb TMDB  Report this page,Horror,"Heather Dunham, Sarah Jeanne, Gora Chand Saha",Casting Couch Slaughter,2020,https://letterboxd.com/film/casting-couch-slaughter/
Castle Freak,1995,John Reilly discovers that his family's newly inherited castle in Italy is haunted by a relentless bloodthirsty creature.,Stuart Gordon,90 mins   More at IMDb TMDB  Report this page,"Horror, Thriller, Drama, Mystery","Jeffrey Combs, Barbara Crampton, Jonathan Fuller",Castle Freak,1995,https://letterboxd.com/film/castle-freak/
Castle Freak,2020,"After she’s permanently blinded in a tragic car accident, Rebecca receives some bizarre news: her long-lost mother has recently passed away, leaving her their family’s ancestral castle in rural Albania. Traveling to the estate with a group of friends, Rebecca hopes it will be an opportunity for her to reconnect with a past she never knew and a mother who seemingly left her behind. When mysterious events begin to occur and her friends begin to die, Rebecca must unravel the secrets of her family’s history before she too falls prey to the Castle Freak.",Tate Steinsiek,106 mins   More at IMDb TMDB  Report this page,Horror,"Clair Catherine, Jake Horowitz, Chris Galust",Castle Freak,2020,https://letterboxd.com/film/castle-freak-2020/
Catacombs,2007,"A young woman in Paris goes to a party in the enormous labyrinth of limestone tunnels beneath Paris. When she becomes separated from her friends, she is convinced something is chasing her through the dark tunnels.",Tomm Coker,92 mins   More at IMDb TMDB  Report this page,"Thriller, Horror","Shannyn Sossamon, Pink, Mihai Stănescu",Catacombs,2007,https://letterboxd.com/film/catacombs-2007/
Cauldron: Baptism of Blood,2004,,Ted V. Mikels,102 mins   More at IMDb TMDB  Report this page,Horror,"Sean Morelli, Mary Selby, Senita Deveaux",Cauldron: Baptism of Blood,2004,https://letterboxd.com/film/cauldron-baptism-of-blood/
Cell,2016,"When a strange signal pulsates through all cell phone networks worldwide, it starts a murderous epidemic of epic proportions when users become bloodthirsty creatures, and a group of people in New England are among the survivors to deal with the ensuing chaos after.",Tod Williams,98 mins   More at IMDb TMDB  Report this page,"Science Fiction, Horror, Thriller","John Cusack, Samuel L. Jackson, Isabelle Fuhrman",Cell,2016,https://letterboxd.com/film/cell/
The Cell 2,2009,The Cusp is a serial killer who kills his victims and then brings them back to life; over and over again; until they beg to die! Maya is a psychic investigator who gained her powers after a 1 year coma after she was the Cusp's first victim! Now the Cusp Killer is back and Maya has little time to do what she has never done before: go into the mind of a killer unprotected and save his latest victim.,Tim Iacofano,94 mins   More at IMDb TMDB  Report this page,"Science Fiction, Thriller, Horror","Tessie Santiago, Chris Bruno, Frank Whaley",The Cell 2,2009,https://letterboxd.com/film/the-cell-2/
The Cellar,2022,"When Keira Woods' daughter mysteriously vanishes in the cellar of their new house in the country, she soon discovers there is an ancient and powerful entity controlling their home that she will have to face or risk losing her family's souls forever.",Brendan Muldowney,94 mins   More at IMDb TMDB  Report this page,"Horror, Mystery","Elisha Cuthbert, Eoin Macken, Dylan Fitzmaurice-Brady",The Cellar,2022,https://letterboxd.com/film/the-cellar-2022/
Chain Reaction,2006,"A prison bus with over a dozen criminals on board has an accident and rams another car, in which Dr. Douglas Madsen was on his way home. Most of the prisoners die. Four of them survive, one of them severely injured. After having killed all the guards, they head for the woods. They take Dr. Douglas Madsen hostage. Suddenly a huge house appears in the middle of the woods. The leader of the group, Arthur, emphasizes that he will kill Douglas and every single member of the ""family"" if his wounded brother would die. Meanwhile some members of the family show strange behavior, and very soon mayhem breaks loose.",Olaf Ittenbach,101 mins   More at IMDb TMDB  Report this page,Horror,"Christopher Kriesa, Martina Ittenbach, Simon Newby",Chain Reaction,2006,https://letterboxd.com/film/chain-reaction-2006/
Charlie's Farm,2014,"Four friends head into the Australian Outback to investigate an urban legend about Charlie's Farm, where legend has it that an angry mob killed a sadistic family, and encounter a demented giant with a big thirst for revenge.",Chris Sun,93 mins   More at IMDb TMDB  Report this page,Horror,"Tara Reid, Bill Moseley, Kane Hodder",Charlie's Farm,2014,https://letterboxd.com/film/charlies-farm/
Cheerleader Massacre,2003,"Five high school cheerleaders, their coach and a couple of adolescent sex-crazed guys travel to a cabin in the woods for a weekend getaway only to be killed off one by one by an unseen maniac.",Jim Wynorski,85 mins   More at IMDb TMDB  Report this page,"Thriller, Horror","Tamie Sheffield, Charity Rahmer, Erin Byron",Cheerleader Massacre,2003,https://letterboxd.com/film/cheerleader-massacre/
Cheerleader Massacre 2,2011,"On their way to the cheerleading state championships, a team is slaughtered by a masked homicidal maniac. Now the savage killer sets his sights on an opposing team -- a bevy of busty beauties who'll have to fight for the title and their lives.",Brad Rushing,74 mins   More at IMDb TMDB  Report this page,Horror,"Julia Lehman, Michele Boyd, Kari Ruth",Cheerleader Massacre 2,2011,https://letterboxd.com/film/cheerleader-massacre-2/
Cherry Falls,2000,"When students in the town of Cherry Falls hear that a serial killer is targeting virgins, they realize that the only way to protect themselves is to begin planning a ""Pop Your Cherry"" party.",Geoffrey Wright,92 mins   More at IMDb TMDB  Report this page,"Thriller, Mystery, Horror","Brittany Murphy, Jay Mohr, Michael Biehn",Cherry Falls,2000,https://letterboxd.com/film/cherry-falls/
Cherry Tree,2015,"Faith’s world is turned upside down after she finds out that her beloved father is dying. When the mysteriously alluring Sissy Young becomes her field hockey coach, Faith finds a compassionate spirit and much-needed mother figure. Little does she know that Sissy is the head of a centuries-old witches’ coven that uses the fruit of an ancient cherry tree in a secret ritual that restores life to the dead and dying. Offering to cure her father in exchange for a child, Sissy strikes a bargain with Faith, who suddenly finds herself pregnant with a baby that’s growing at an alarming rate. But with the clock to the child’s birth ticking down and the true intention of Sissy’s plans for humanity becoming more apparent, Faith and her father must stand together in order to save both their lives.",David Keating,85 mins   More at IMDb TMDB  Report this page,Horror,"Naomi Battrick, Sam Hazeldine, Anna Walton",Cherry Tree,2015,https://letterboxd.com/film/cherry-tree/
Children of the Corn 666: Isaac's Return,1999,A girl called Hannah goes back to her hometown (Gatlin) to find her mother but on the way she picks up a strange man who fore-shadows her life with a passage from the bible. When she gets there she wakes up Isaac from a coma he has been in for 19 years. Isaac is awake and wants to fulfil the final prophecy.,Kari Skogland,82 mins   More at IMDb TMDB  Report this page,"Mystery, Horror","John Franklin, Natalie Ramsey, Paul Popowich",Children of the Corn 666: Isaac's Return,1999,https://letterboxd.com/film/children-of-the-corn-666-isaacs-return/
Children of the Corn II: The Final Sacrifice,1992,"When a tabloid reporter and his son travel to a quiet Midwestern town to investigate a gruesome massacre, they fall victim to a possessed orphan named Micah.",David Price,92 mins   More at IMDb TMDB  Report this page,Horror,"Terence Knox, Paul Scherrer, Ryan Bollman",Children of the Corn II: The Final Sacrifice,1992,https://letterboxd.com/film/children-of-the-corn-ii-the-final-sacrifice/
Children of the Corn III: Urban Harvest,1995,"After a couple adopts a pair of orphaned brothers, it becomes alarmingly clear the boys are much more than they seem.",James D.R. Hickox,90 mins   More at IMDb TMDB  Report this page,"Horror, Thriller","Daniel Cerny, Ron Melendez, Jim Metzler",Children of the Corn III: Urban Harvest,1995,https://letterboxd.com/film/children-of-the-corn-iii-urban-harvest/
Children of the Corn IV: The Gathering,1996,A bright young medical student must solve the frightening mystery that plagues the children of a small Midwestern town.,Greg Spence,85 mins   More at IMDb TMDB  Report this page,Horror,"Naomi Watts, Jamie Renée Smith, Karen Black",Children of the Corn IV: The Gathering,1996,https://letterboxd.com/film/children-of-the-corn-iv-the-gathering/
Children of the Corn V: Fields of Terror,1998,Six college students take a wrong turn and find themselves lost in a strangely deserted rural town... only to discover that this deceptively quiet place hides a murderous cult of children.,Ethan Wiley,83 mins   More at IMDb TMDB  Report this page,"Horror, Thriller","Stacy Galina, Alexis Arquette, Eva Mendes",Children of the Corn V: Fields of Terror,1998,https://letterboxd.com/film/children-of-the-corn-v-fields-of-terror/
Children of the Corn: Genesis,2011,"Tim and Allie seek shelter in a remote desert compound after becoming lost and stranded. A strange Manson-like character, Preacher, reluctantly allows them inside with strict orders to be gone by morning and not wander ""where you are not invited.""",Joel Soisson,81 mins   More at IMDb TMDB  Report this page,"Thriller, Horror","Kelen Coleman, Tim Rock, Billy Drago",Children of the Corn: Genesis,2011,https://letterboxd.com/film/children-of-the-corn-genesis/
Children of the Corn: Revelation,2001,"When calls to her grandmother go unanswered, Jamie Lowell uncovers the truth behind her mysterious disappearance.",Guy Magar,82 mins   More at IMDb TMDB  Report this page,Horror,"Claudette Mink, Kyle Cassie, Michael Ironside",Children of the Corn: Revelation,2001,https://letterboxd.com/film/children-of-the-corn-revelation/
Children of the Living Dead,2001,"Starting a new life in a quiet Pennsylvania town, Matthew Michaels only thought is to turn an old farm property into a profitable car dealership. He soon discovers that beneath the gentle surface, this small town is anything but calm and peaceful. Firstly, he learns that his new property is located on the site of a graveyard, which all the townsfolk regard as an evil place that must never be visited. He then discovers that years earlier the town had suffered an infestation of the living dead ...zombies who prey on human flesh. One zombie, the infamous Abbot Hayes, escaped destruction. As the construction team begin degging, they unleash the thing the townsfolk fear the most, the wrath of Abbot Hayes and the awakening of ... The Children of the Living Dead.",Tor Ramsey,90 mins   More at IMDb TMDB  Report this page,Horror,"Tom Savini, Damien Luvara, Jamie McCoy",Children of the Living Dead,2001,https://letterboxd.com/film/children-of-the-living-dead/
Children of the Night,1991,"In the quiet little town of Allburg, friends Lucy and Cindy are on the verge of going away to college when they partake in a cleansing ritual by swimming in an abandoned church crypt. After Lucy accidentally drops her crucifix in the water, it drifts down and awakens the ancient vampire Czakyr, who becomes thirsty for Lucy's virgin blood.",Tony Randel,92 mins   More at IMDb TMDB  Report this page,Horror,"Karen Black, Peter DeLuise, Ami Dolenz",Children of the Night,1991,https://letterboxd.com/film/children-of-the-night/
Chill,2007,"In this classic retro horror thriller, Sam, an aspiring writer, takes a job as a clerk in an L.A. inner city grocery market owned by the sinister Dr. Munoz, a former scientist who claims to have a rare skin condition.",Serge Rodnunsky,88 mins   More at IMDb TMDB  Report this page,Horror,"Thomas Calabro, Ashley Laurence, Shaun Kurtz",Chill,2007,https://letterboxd.com/film/chill-2007/
Chillerama,2011,"It's the closing night at the last drive-in theater in America and Cecil B. Kaufman has planned the ultimate marathon of lost film prints to unleash upon his faithful cinephile patrons. Four films so rare that they have never been exhibited publicly on American soil until this very night! With titles like Wadzilla, I Was a Teenage Werebear, The Diary of Anne Frankenstein, and Zom-B-Movie, Chillerama not only celebrates the golden age of drive-in B horror shlock but also spans over four decades of cinema with something for every bad taste.",Adam Green,120 mins   More at IMDb TMDB  Report this page,"Horror, Comedy","Richard Riehle, Adam Rifkin, Ray Wise",Chillerama,2011,https://letterboxd.com/film/chillerama/
Choke,2020,"The lines between reality and fiction, and good and bad blur when both a nihilistic detective and a serial killer's affairs with a mysterious girl overlap.",Gregory Hatanaka,73 mins   More at IMDb TMDB  Report this page,"Horror, Thriller","Shane Ryan-Reid, Scott Butler, Sarah Brine",Choke,2020,https://letterboxd.com/film/choke-2020/
Choose or Die,2022,"In pursuit of an unclaimed $125,000 prize, a broke college dropout decides to play an obscure, 1980s survival computer game. But the game curses her, and she’s faced with dangerous choices and reality-warping challenges. After a series of unexpectedly terrifying moments, she realizes she’s no longer playing for the money but for her life.",Toby Meakins,85 mins   More at IMDb TMDB  Report this page,"Science Fiction, Horror, Thriller","Iola Evans, Asa Butterfield, Robert Englund",Choose or Die,2022,https://letterboxd.com/film/choose-or-die/
Chop Chop,2020,A night of chaos ensues when a murderous psychopath targets a loving young couple who might be harboring a secret of their own.,Rony Patel,81 mins   More at IMDb TMDB  Report this page,"Thriller, Crime, Horror","Atala Arce, Jake Taylor, David Harper",Chop Chop,2020,https://letterboxd.com/film/chop-chop-2020/
Chop Shop,2003,"A woman has her car towed to a repair place and is told it would be ready in two weeks, but after the crew fails to deliver, she tries to look for a new place, but the staff has other plans...",Simuel Denell Rankins,90 mins   More at IMDb TMDB  Report this page,,"Shannon Greer, Rob Rose, Mark Schell",Chop Shop,2003,https://letterboxd.com/film/chop-shop-2003/
The Christmas Season Massacre,2001,"Tommy is a loser. He wears a pirate eye-patch, a Christmas gift he was given as a child. It is a symbol of the humiliation Tommy endured in high school. Tommy was the subject of so much torment from his classmates that he became a bloodthirsty maniac! Tommy disappeared, vowing to eventually slay all of his schoolyard tormentors. Over the years, he has slaughtered all but six of them. Now, these six former schoolmates unite to end Tommy's reign of terror.",Jeremy Wallace,70 mins   More at IMDb TMDB  Report this page,"Comedy, Horror","D.J. Vivona, Jason Christ, Michael Hill",The Christmas Season Massacre,2001,https://letterboxd.com/film/the-christmas-season-massacre/
Chupacabra Terror,2005,"Cryptozoologist Doctor Peña traps the legendary Chupacabra on a remote Caribbean Island to make his name in the scientific community. When he smuggles it aboard the cruise ship Regent Queen, commanded by Captain Randolph, the monster breaks out of the cargo hold and makes a smorgasbord out of the passengers and crew.",John Shepphird,89 mins   More at IMDb TMDB  Report this page,Horror,"John Rhys-Davies, Dylan Neal, Chelan Simmons",Chupacabra Terror,2005,https://letterboxd.com/film/chupacabra-terror/
Church of the Damned,1985,"A small town is plagued with satanic murders, violent and bizarre. Local Investigator Messiah Ward and his partner Barney must unravel the clues and stop the bloodshed. The trail leads them to a dark coven of devil worshipers called The Brotherhood of Satan, and an encounter with a demon from the pits of hell.",Mark Polonia,61 mins   More at IMDb TMDB  Report this page,Horror,"Mark Polonia, John Polonia, Todd Michael Smith",Church of the Damned,1985,https://letterboxd.com/film/church-of-the-damned/
Circus of the Dead,2014,"A sadistic group of clowns kidnap an unsuspecting man and his daughters, forcing him to play a deadly game in order to save his family.",Billy Pon,105 mins   More at IMDb TMDB  Report this page,"Thriller, Horror","Bill Oberst Jr., Parrish Randall, Chanel Ryan",Circus of the Dead,2014,https://letterboxd.com/film/circus-of-the-dead/
The Clearing,2020,A father must battle his way through the zombie apocalypse to save his daughter.,David Matalon,88 mins   More at IMDb TMDB  Report this page,Horror,"Liam McIntyre, Aundrea Smith, Steven Swadling",The Clearing,2020,https://letterboxd.com/film/the-clearing-2020/
The Clinic,2010,"While traveling across country with her fiancé, Beth wakes alone in an isolated clinic to a mother's worst nightmare. Just how far will she go to save her child?",James Rabbitts,94 mins   More at IMDb TMDB  Report this page,"Crime, Thriller, Horror, Mystery","Andy Whitfield, Tabrett Bethell, Freya Stafford",The Clinic,2010,https://letterboxd.com/film/the-clinic/
Clinical,2017,"A psychiatrist tries to put her life back together after a violent attack by seeking to repair the life of a new patient, but he has his own terrifying history.",Alistair Legrand,104 mins   More at IMDb TMDB  Report this page,"Horror, Thriller","Vinessa Shaw, Kevin Rahm, Aaron Stanford",Clinical,2017,https://letterboxd.com/film/clinical/
Closet Space,2008,"There are thin places between this world and the next where dark, ancient, unfathomable beings chew and dig, moving inexorably closer, driven by alien thoughts and desires. What happens when the hunger for knowledge comes up against the insatiable hunger for flesh? Six grad students learn the answer as they explore the depths of the Closet Space A hastily assembled rescue party turns into a movable feast where mere survival becomes a nearly unreachable goal. Can any of them escape or will the Closet Space claim each one, body and soul?",Mel House,99 mins   More at IMDb TMDB  Report this page,Horror,"Melanie Donihoo, Jovan Jackson, James LaMarr",Closet Space,2008,https://letterboxd.com/film/closet-space/
The Cloverfield Paradox,2018,"Orbiting above a planet on the brink of war, scientists test a device to solve an energy crisis and end up face-to-face with a dark alternate reality.",Julius Onah,102 mins   More at IMDb TMDB  Report this page,"Horror, Science Fiction, Thriller","Gugu Mbatha-Raw, Daniel Brühl, Chris O'Dowd",The Cloverfield Paradox,2018,https://letterboxd.com/film/the-cloverfield-paradox/
The Clown at Midnight,1998,"Upon the reopening of the opera house where her mother was murdered, a teen and her friends become the targets of a deranged killer dressed in a clown costume.",Jean Pellerin,91 mins   More at IMDb TMDB  Report this page,"Horror, Thriller","Sarah Lassez, James Duval, Tatyana Ali",The Clown at Midnight,1998,https://letterboxd.com/film/the-clown-at-midnight/
Clown Fear,2020,A runaway bride and her bridesmaids are stranded in a city run by clowns. Everything seemed normal at first but this clown cult has their own set of rules. It's a carnival ride as our girls tries to stay alive to escape Clown City.,Minh Collins,109 mins   More at IMDb TMDB  Report this page,Horror,"Sadie Katz, Augie Duke, Tiffani Fest",Clown Fear,2020,https://letterboxd.com/film/clown-fear/
ClownDoll,2020,"After purchasing a doll, Lane's life takes a turn for the worse when close friends and family begin vanishing.",Scott Chambers,92 mins   More at IMDb TMDB  Report this page,Horror,"Sarah T. Cohen, Jon-Scott Clark, Mark Sears",ClownDoll,2020,https://letterboxd.com/film/clowndoll/
Clownery,2020,"After a terrible trauma on her birthday, Emma chooses not to celebrate it again. But when she turns 21, a friend of her breaks the ritual with a surprise party, unaware of awakening horrors, which for years have been waiting in the darkness.",Eros D'Antona,80 mins   More at IMDb TMDB  Report this page,Horror,"Kateryna Korchynska, Serena P. Palmisano, Alex D'Antona",Clownery,2020,https://letterboxd.com/film/clownery-2020/
Cold Wind Blowing,2022,"When a group of young friends take a trip to a remote mountain to get away from their families for Christmas, their stress-free getaway turns into a nightmare. Trapped in a cabin by a supernatural creature, their fight for survival puts their fracturing relationships to the test as it becomes increasingly clear that all of them won’t be surviving the holidays.",Dionne Copland,107 mins   More at IMDb TMDB  Report this page,Horror,"Angela Way, Cameron Petersen, Nalani Wakita",Cold Wind Blowing,2022,https://letterboxd.com/film/cold-wind-blowing/
Community,2012,"The Draymen Estate has become an urban legend. Amongst the sinister stories of unsavoury locals and brutal violence, several people have apparently gone missing. Even the police won't go there. Enter two naive student filmmakers with a well-meaning plan to make a sympathetic documentary of life on the estate. The unlucky duo quickly discovers that problems of drugs and crime in this community go way beyond the norm. This is a community which is about to present the students with material of unimaginable horror - turning their final project int their darkest nightmare.",Jason Ford,78 mins   More at IMDb TMDB  Report this page,Horror,"Jemma Dallender, Elliott Jordan, Terry Bird",Community,2012,https://letterboxd.com/film/community/
The Conjuring: The Devil Made Me Do It,2021,"Paranormal investigators Ed and Lorraine Warren encounter what would become one of the most sensational cases from their files. The fight for the soul of a young boy takes them beyond anything they'd ever seen before, to mark the first time in U.S. history that a murder suspect would claim demonic possession as a defense.",Michael Chaves,111 mins   More at IMDb TMDB  Report this page,"Thriller, Horror, Mystery","Patrick Wilson, Vera Farmiga, Ruairí O'Connor",The Conjuring: The Devil Made Me Do It,2021,https://letterboxd.com/film/the-conjuring-the-devil-made-me-do-it/
The Convent,2000,A group of college students break into an abandoned convent and become possessed by demonic spirits.,Mike Mendez,79 mins   More at IMDb TMDB  Report this page,"Action, Horror, Comedy","Adrienne Barbeau, Joanna Canton, Richard Trapp",The Convent,2000,https://letterboxd.com/film/the-convent/
Cool Air,2006,"Charlie Baxter, a struggling screenwriter, is searching for accommodation in a rundown mansion somewhere in the isolated mountains above Malibu. An expressionless and creatively bankrupt young man who rewrites exploitation sci-fi / horror scripts for a living, he takes a room in the mansion and learns of the mysterious doctor residing in the room above his own who dabbles in strange experiments. As he learns more about the circumstances of the doctor and the history of his landlady, her autistic daughter and the strange lodger across the hall, Baxter is inspired to write his long blocked ""great American Screenplay"". Working furiously, Baxter suffers a heart attack, and staggers up to see the doctor for treatment. He passes out immediately, but awakens a cured man. But at a terrible price.",Albert Pyun,88 mins   More at IMDb TMDB  Report this page,Horror,"Morgan Weisser, Jenny Dare Paulin, Crystal Laws Green",Cool Air,2006,https://letterboxd.com/film/cool-air-2006/
Corona Zombies,2020,"Ditsy damsels in distress, toilet paper famine, inept world leaders, mass-media gone wild, a virus from Hell and hordes of ghouls hungry for human flesh combine in Full Moon's maniacal horror comedy hybrid CORONA ZOMBIES!",Charles Band,61 mins   More at IMDb TMDB  Report this page,"Comedy, Horror","Cody Renee Cameron, Robin Sydney, Russell Coker",Corona Zombies,2020,https://letterboxd.com/film/corona-zombies/
The Corpse Grinders 2,2000,"A campy low-budget sequel to 1971's cult classic gore-fest with an interplanetary sub-plot grafted on. The giant flesh-mangling meat grinder in the basement of the Lotus Cat Food Company is back in business under new management. And this time the popular ""food for cats who like people"" has drawn the attention of an alien race of intelligent felines from the planet Ceta. The Cetans' food supply has been destroyed in their interplanetary war with dog-headed dinosaurs. With help from the U.S. government's ""men in black"" the cat queen, Felina, negotiates a mega-deal with the Lotus Company to supply her planet with food. This sudden increase in orders has the new owners scrambling for fresh - and not-so-fresh- human flesh to meet the growing demand.",Ted V. Mikels,103 mins   More at IMDb TMDB  Report this page,"Science Fiction, Horror","Sean Morelli, Andy Freesian, Chuck Alford",The Corpse Grinders 2,2000,https://letterboxd.com/film/the-corpse-grinders-2/
Corpses,2004,"A mortician at a funeral home finds a way to bring back the dead for an hour at a time to do his dirty work. The town's chief of police (Fahey), gets suspicious and tries to get to the bottom of the mysterious and brutal deaths and events happening in the small town before too many people die.",Rolfe Kanefsky,90 mins   More at IMDb TMDB  Report this page,Horror,"Jeff Fahey, Tiffany Shepis, Stephen W. Williams",Corpses,2004,https://letterboxd.com/film/corpses/
Corpses Are Forever,2003,"MALCOM GRANT, CIA operative has just woken up from a nightmare, only to find the Gates of Hell are open and the World is over-run with the living dead. To make matters worse, his terrifying dream is someone else's reality. With no recollection of his past, he must now help the government retrieve the memories of a dead serial killer who may have the answers that can save Humanity.",Jose Prendes,92 mins   More at IMDb TMDB  Report this page,Horror,"Richard Lynch, Brinke Stevens, Debbie Rochon",Corpses Are Forever,2003,https://letterboxd.com/film/corpses-are-forever/
Corruptor,2017,"Depraved. Perverted. Wicked. Wracked with guilt over the death of his younger brother and struggling with his ultra-religious family, Tyler Iske is easy prey for the darkness called Corruptor.",Dorothy Booraem,90 mins   More at IMDb TMDB  Report this page,,"Brandon Aylor, Mark Bestul, Colby Coash",Corruptor,2017,https://letterboxd.com/film/corruptor/
The Cottage,2008,"In a remote part of the countryside, a bungled kidnapping turns into a living nightmare for four central characters when they cross paths with a psychopathic farmer and all hell breaks loose.",Paul Andrew Williams,92 mins   More at IMDb TMDB  Report this page,"Comedy, Horror, Thriller, Crime","Andy Serkis, Reece Shearsmith, Jennifer Ellison",The Cottage,2008,https://letterboxd.com/film/the-cottage/
Countess Dracula's Orgy of Blood,2004,"Southern California 1897: While Dumas is in the parlor cleaning his gun, his sister Roxanne is in the bedroom being seduced by the lusty vampiress...",Donald F. Glut,85 mins   More at IMDb TMDB  Report this page,Horror,"Paul Naschy, Glori-Anne Gilbert, Arthur Roberts",Countess Dracula's Orgy of Blood,2004,https://letterboxd.com/film/countess-draculas-orgy-of-blood/
COVID-21: Lethal Virus,2021,"The climate change has released an ancient rabies virus trapped in the Antarctica ice. A female scientist tries to get to the laboratory to create a cure to save the world, protected by an eccentric and two members of the special forces.",Daniel H. Torrado,87 mins   More at IMDb TMDB  Report this page,"Science Fiction, Horror, Thriller","Christian Stamm, Loretta Hope, Lee Partridge",COVID-21: Lethal Virus,2021,https://letterboxd.com/film/covid-21-lethal-virus/
Cradle of Fear,2001,"A gruesome homage to the cult Amicus anthology Asylum, Cradle of Fear unfolds four screamplays all linked by the unspeakable need of an incarcerated child killer to wreak vengeance on those responsible for his imprisonment. Helped by deranged angel Dani Filth, who leaves a trail of charnel house death in his crimson wake, the cannibal convict forces two Goth vamps to endure a one night stand from hell, two tough female robbers to see through each other, an obscenely rich coke-head to chop up more than a few lines and an internet surfer to descend into madness when he uncovers the ultimate web depravity.",Alex Chandon,120 mins   More at IMDb TMDB  Report this page,Horror,"Emily Booth, Dani Filth, David McEwen",Cradle of Fear,2001,https://letterboxd.com/film/cradle-of-fear/
The Craft: Legacy,2020,An eclectic foursome of aspiring teenage witches get more than they bargained for as they lean into their newfound powers.,Zoe Lister-Jones,94 mins   More at IMDb TMDB  Report this page,"Drama, Fantasy, Horror","Cailee Spaeny, Zoey Luna, Gideon Adlon",The Craft: Legacy,2020,https://letterboxd.com/film/the-craft-legacy/
The Craving,2008,A group of college students embarking on a cross country road trip to the Burning Man Festival find themselves stranded in desert. Come nightfall a vicious predatory monster comes out searching for a meal. Will anyone survive the nocturnal attacks from this ferocious beast?,Sean Dillon,98 mins   More at IMDb TMDB  Report this page,Horror,"Tricia Allen, Grayson Berry, Jesse C. Boyd",The Craving,2008,https://letterboxd.com/film/the-craving-2008/
Crawlers,2020,On Saint Patrick's day—a night of wild parties and drunken revelry—three unlikely friends band together to save a college town from a vicious horde of body-snatching aliens.,Brandon Zuck,81 mins   More at IMDb TMDB  Report this page,"Horror, TV Movie, Thriller, Science Fiction","Giorgia Whigham, Pepi Sonuga, Cameron Fuller",Crawlers,2020,https://letterboxd.com/film/crawlers/
The Crawlers,1991,People from a small town are attacked by evil radioactive tree roots growing in the forest.,Fabrizio Laurenti,94 mins   More at IMDb TMDB  Report this page,Horror,"Mary Sellers, Jason Saucier, Bubba Reeves",The Crawlers,1991,https://letterboxd.com/film/the-crawlers/
Creatures from the Abyss,1994,"Five teenagers embark on a boating trip off the coast of Florida. The teens get hopelessly lost at sea after they get caught in a fierce storm. Fortunately, the quintet stumble across an abandoned yacht in the middle of the ocean with a mysterious biology lab on board it. Unfortunately, there are also ferocious mutated prehistoric fish running amok on the yacht. Will any of the teens survive this harrowing ordeal?",Alvaro Passeri,86 mins   More at IMDb TMDB  Report this page,"Horror, Science Fiction","Clay Rogers, Michael Bon, Sharon Marino",Creatures from the Abyss,1994,https://letterboxd.com/film/creatures-from-the-abyss/
Creek,2007,"A group of friends driving to Las Vegas to attend a Horror convention decide to stop at a roadside attraction promising the opportunity to find gold. After being told about the ghosts who haunt the Creek, they head into the woods to test their luck disbelieving what has been told. Soon the friends decide to leave, but their car is missing and the roadside attraction is permanently closed. The only thing left to do is venture back into the woods and search for their car or anyone that could help, but after one friend finds hidden gold the ghosts of the Creek begins to stalk the group out of vengeance.",Lola Wallace,85 mins   More at IMDb TMDB  Report this page,Horror,"Cassie Jaye, Aaron Leddick, Jill Slattery",Creek,2007,https://letterboxd.com/film/creek-2007/
Creep,1995,"Angus Lynch, a psycho, escapes from prison and hooks up with his stripper sister named Kascha. Some death ensues eventually leading Angus to cross paths with a police captain named David who has a daughter named Jackie and whose wife was murdered when she was a child.",Tim Ritter,91 mins   More at IMDb TMDB  Report this page,"Horror, Mystery","Kathy Willets, Joel D. Wynkoop, Tom Karr",Creep,1995,https://letterboxd.com/film/creep-1995/
Creep,2014,"Looking for work, Aaron comes across a cryptic online ad: “$1,000 for the day. Filming service. Discretion is appreciated.” Low on cash and full of naiveté, he decides to go for it. He drives to a cabin in a remote mountain town where he meets Josef, his cinematic subject for the day. Josef is sincere and the project seems heartfelt, so Aaron begins to film. But as the day goes on, it becomes clear that Josef is not who he says, and his intentions are not at all pure.",Patrick Brice,82 mins   More at IMDb TMDB  Report this page,"Horror, Thriller","Mark Duplass, Patrick Brice, Katie Aselton",Creep,2014,https://letterboxd.com/film/creep-2014/
Creep 2,2017,"After finding an ad online for “video work,” Sara, a video artist whose primary focus is creating intimacy with lonely men, thinks she may have found the subject of her dreams. She drives to a remote house in the forest and meets a man claiming to be a serial killer. Unable to resist the chance to create a truly shocking piece of art, she agrees to spend the day with him. However, as the day goes on, she discovers she may have dug herself into a hole from which she can’t escape.",Patrick Brice,80 mins   More at IMDb TMDB  Report this page,"Thriller, Horror","Mark Duplass, Desiree Akhavan, Karan Soni",Creep 2,2017,https://letterboxd.com/film/creep-2/
Creepies,2003,"Deadly spiders are accidentally unleashed from a top-secret military installation. Army specialists and Tanks are called in to exterminate the deadly predators, but the outbreak is worse than expected. Weapons of mass destruction have little or no effect on the venomous spiders. Civilians are strangled with spider webs and eaten alive. The Military in a desperate effort to eradicate the killer spiders, decide to demolish the entire city.",Jeff Leroy,87 mins   More at IMDb TMDB  Report this page,Horror,"Lisa Jay, Jeff Ryan, Phoebe Dollar",Creepies,2003,https://letterboxd.com/film/creepies/
Creepshow 3,2006,"This follow-up to the George Romero/Stephen King-launched anthology series features five new tales of horror and a wraparound. The main stories deal with alternative realities (""Alice""), possessed communication devices (""The Radio""), vampires and serial killers in lust (""Call Girl""), mad inventors (""The Professor's Wife""), and hauntings from beyond the grave (""Haunted Dog"").",Ana Clavell,104 mins   More at IMDb TMDB  Report this page,"Horror, Comedy","Stephanie Pettee, Justin Smith, Roy Abramsohn",Creepshow 3,2006,https://letterboxd.com/film/creepshow-3/
Crimson Nights,1999,"A plague of vampirism is sweeping New York. Susan has recently been turned now she needs to find her first victim. She seduces, then infects her boyfriend Burt. He infects Jasmine, who then ravishes Kate and so it goes on.",Jeffrey Arsenault,76 mins   More at IMDb TMDB  Report this page,Horror,"Tina Krause, Sasha Graham, Alice Liu",Crimson Nights,1999,https://letterboxd.com/film/crimson-nights/
Critters 3,1991,"As fanged, furious furballs viciously invade an L.A. apartment building and sink their teeth into the low-rent tenants, Josh leads the battle to beat back the conniving critters and save the planet.",Kristine Peterson,86 mins   More at IMDb TMDB  Report this page,"Horror, Comedy, Science Fiction","Aimee Brooks, John Calvin, Katherine Cortez",Critters 3,1991,https://letterboxd.com/film/critters-3/
Critters 4,1992,"A super strain of genetically engineered mutants are designed to take over the universe, hungry to conquer the galaxy, with an appetite for mankind.",Rupert Harvey,87 mins   More at IMDb TMDB  Report this page,"Comedy, Science Fiction, Horror","Don Keith Opper, Paul Whitthorne, Angela Bassett",Critters 4,1992,https://letterboxd.com/film/critters-4/
Crocodile,2000,"A group of friends including Brady Turner, Claire and Duncan McKay go out on a boat trip on a lake in Southern California, but their joyful weekend turns into horror, when a giant killer crocodile searching for its stolen eggs, picks off anyone who gets in its way. Can they all escape in one piece or will they slowly and painfully fall to the mammoth reptile.",Tobe Hooper,94 mins   More at IMDb TMDB  Report this page,Horror,"Mark McLachlan, Caitlin Martin, Chris Solari",Crocodile,2000,https://letterboxd.com/film/crocodile-2000/
Crocodile 2: Death Swamp,2002,"After a bank robbery, four criminals escape to Mexico, but a storm causes an accident which takes down the plane where several die in the crash. The criminals take it into their own hands to continue when one survivor is attacked and eaten by a crocodile. The criminals kill it, but from then on the mother Crocodile is on a killing spree with a goal to kill each survivor. But that is not the only worry, because they're trapped within it's world, and if it doesn't kill them, the criminals will.",Gary Jones,89 mins   More at IMDb TMDB  Report this page,Horror,"Heidi Lenhart, Jon Sklaroff, Martin Kove",Crocodile 2: Death Swamp,2002,https://letterboxd.com/film/crocodile-2-death-swamp/
CrossBones,2005,"A group of people decide to be a part of a reality television show based around a treasure hunt on an island. Whichever contestant is lucky wins the ultimate prize. Unbeknownst to the contestants, an ancient curse from the ghostly pirate Red Beard exists on the island. They unwittingly unleash the curse which results in a bloodbath.",Daniel Zirilli,88 mins   More at IMDb TMDB  Report this page,"Thriller, Horror","Joseph Marino, Mayra Soto, Hardy-Ames Hill",CrossBones,2005,https://letterboxd.com/film/crossbones/
Cruel Jaws,1995,A tiger shark bred by the Navy as a killing machine is wreaking havoc in the sleepy tourist town of Hampton Bay.,Bruno Mattei,94 mins   More at IMDb TMDB  Report this page,"Horror, Adventure, Thriller, Comedy","David Luther, George Barnes Jr., Scott Silveria",Cruel Jaws,1995,https://letterboxd.com/film/cruel-jaws/
Cruel Peter,2019,"It is Christmas 1908 in Messina, one of the richest merchant cities of the Mediterranean. Peter, the 13 year-old son of a rich English family is notorious for his cruelty to children, animals and servants. One night he is ambushed and wakes up in a coffin underground in the city's Gothic cemetery, buried in retaliation for his callousness by a servant boy from his mother's estate. When a powerful earthquake razes Messina to the ground, Peter is trapped and his whereabouts are forgotten. Until a century later an English archaeologist and his daughter arrive in the city.",Christian Bisceglia,95 mins   More at IMDb TMDB  Report this page,Horror,"Angelica Alleruzzo, Antonio Alveario, Aran Bevan",Cruel Peter,2019,https://letterboxd.com/film/cruel-peter/
Cry Havoc,2020,"An ambitious young reporter is granted an interview with one of the FBI's most wanted. While entering his compound she finds one of his prized possessions, a serial killer who murders at call, called HAVOC. Her only hope is a rogue police man searching for his daughter.",Rene Perez,85 mins   More at IMDb TMDB  Report this page,"Horror, Action","Robert Bronzi, Emily Sweet, Richard Tyson",Cry Havoc,2020,https://letterboxd.com/film/film:574050/
Cryptz,2002,"When aspiring rappers Tymez Skwair, Fuzzy Down, and Likrish cross paths with stripper Stesha, they follow her to a mysterious strip club where the sexy ladies are really vampires in disguise. Things go from bad to worse when the vampires' leader Kulada (Ty Badger) finds out that Tymez holds the key to the bloodsuckers' world domination in this urban horror film that plays like ""Vampire Strippers in the Hood.",Danny Draven,78 mins   More at IMDb TMDB  Report this page,Horror,"Choice Skinner, Rick Irvin, Dennis Waller",Cryptz,2002,https://letterboxd.com/film/cryptz/
Cult of Chucky,2017,"Confined to an asylum for the criminally insane for the past four years, Nica is wrongly convinced that she, not Chucky, murdered her entire family... until a string of grisly deaths occur after her psychiatrist introduces a new group therapy tool -- a ""Good Guy"" doll.",Don Mancini,91 mins   More at IMDb TMDB  Report this page,"Thriller, Horror","Fiona Dourif, Brad Dourif, Alex Vincent",Cult of Chucky,2017,https://letterboxd.com/film/cult-of-chucky/
Culture Shock,2019,"A young Mexican woman crosses the border in search of the American dream, only to instead find her worst nightmare lying within.",Gigi Saul Guerrero,91 mins   More at IMDb TMDB  Report this page,"Horror, TV Movie, Thriller","Martha Higareda, Shawn Ashmore, Richard Cabral",Culture Shock,2019,https://letterboxd.com/film/culture-shock-2019/
Cupid,2020,"After being embarrassed by the mean girls at school, Faye, a practicing witch, summons the evil Cupid to take revenge on all those who wronged her. On Valentine’s Day, Cupid does in fact rise and will stop at nothing until the walls are covered in blood. The students must figure out a way to stop Cupid and undo the spell before their hearts get broken… literally.",Scott Chambers,83 mins   More at IMDb TMDB  Report this page,Horror,"Georgina Jane, Michael Owusu, Abi Casson Thompson",Cupid,2020,https://letterboxd.com/film/cupid-2020/
Curse of Chucky,2013,"After her mother's mysterious death, Nica begins to suspect that the talking, red-haired doll her visiting niece has been playing with may be the key to the mounting bloodshed and chaos.",Don Mancini,97 mins   More at IMDb TMDB  Report this page,"Thriller, Horror","Fiona Dourif, Brad Dourif, Danielle Bisutti",Curse of Chucky,2013,https://letterboxd.com/film/curse-of-chucky/
The Curse of El Charro,2005,"In California, Maria has awful nightmares and visions of her sister who committed suicide one year ago. Her roommate Chris invites Maria to travel with her and her friends Tanya and Rose on vacation to her uncle's house in Saguaro, Arizona, to relax. When the group arrives in the house, they immediately go to a night-club to have fun and chase some local guys for sex; however, the evil El Charro is seeking Maria, killing her friends with his machete.",Rich Ragsdale,90 mins   More at IMDb TMDB  Report this page,Horror,"Andrew Bryniarski, Danny Trejo, Drew Mia",The Curse of El Charro,2005,https://letterboxd.com/film/the-curse-of-el-charro/
The Curse of Hobbes House,2020,"After the death of her Grandmother, Jane Dormant travels to the family’s remote, ancestral home hoping to receive a large inheritance. When Jane’s estranged, half-sister Jennifer arrives at Hobbes House to claim her part of the estate, the sisters’ simmering hate breaks out completely. But then a violent, unexpected storm cuts the estate off from outside help and a wave of bloodthirsty zombies lays siege. Now the sisters have to learn how to fight back together.",Juliane Block,83 mins   More at IMDb TMDB  Report this page,"Horror, Thriller","Mhairi Calvey, Makenna Guyler, Waleed Elgadi",The Curse of Hobbes House,2020,https://letterboxd.com/film/the-curse-of-hobbes-house/
Curse of Pirate Death,2006,"Over a century ago Pirate's Point was overrun by pirates, led by Abraham LeVoy, who became known as Pirate Death. He looted from the town, slaughtering over 150 men, women and children and then hid the treasure. Unaware of the terrifying and tortuous nature of Pirate Death, a group of college students researching their ""pirate"" heritage decide to locate the hidden treasure of Pirate Death.",Dennis Devine,82 mins   More at IMDb TMDB  Report this page,"Horror, Mystery","Randal Malone, Syn DeVil, Ron Jeremy",Curse of Pirate Death,2006,https://letterboxd.com/film/curse-of-pirate-death/
Curse of the Puppet Master,1998,"Andre Toulon's diminutive assassins take up residence at The House of Marvels, a traveling doll circus run by Dr. Magrew, who has been trying to create a living doll of his own with little success.",David DeCoteau,78 mins   More at IMDb TMDB  Report this page,"Horror, Thriller, Science Fiction","George Peck, Emily Harrison, Josh Green",Curse of the Puppet Master,1998,https://letterboxd.com/film/curse-of-the-puppet-master/
Curse of the Wolf,2006,"Dakota, a young werewolf, has finally learned to control her nighttime transformations. She desperately wants to live a normal life, and to break free from her curse, she flees to hide in the city. When the pack aggressively hunts her down, the bouncers offer her protection and band together to battle the werewolves who want her dead... and who won't give up their wolf without a vicious fight.",Len Kabasinski,105 mins   More at IMDb TMDB  Report this page,"Action, Comedy, Horror","Lanny Poffo, Darian Caine, Brian Heffron",Curse of the Wolf,2006,https://letterboxd.com/film/curse-of-the-wolf/
Curve,2015,Soon-to-be bride on her way to a wedding rehearsal is having second thoughts and decides to take a detour. Car breaks down and a hitchiker offers help. Could it be fate?,Iain Softley,86 mins   More at IMDb TMDB  Report this page,"Thriller, Horror","Julianne Hough, Teddy Sears, Madalyn Horcher",Curve,2015,https://letterboxd.com/film/curve-2015/
Cut and Chop,2020,"A troubled method actor gets carried away with his work on a role, playing a butcher.",Drew Hale,90 mins   More at IMDb TMDB  Report this page,"Horror, Comedy","Drew Hale, Varda Appleton, Shane Woodson",Cut and Chop,2020,https://letterboxd.com/film/cut-and-chop/
Daddy's Girl,1996,A girl's bright smile masks a psychopathic soul that will eliminate anyone who comes between her and her doting father.,Martin Kitrosser,95 mins   More at IMDb TMDB  Report this page,"Drama, Thriller, Horror","William Katt, Michele Greene, Gabrielle Boni",Daddy's Girl,1996,https://letterboxd.com/film/daddys-girl/
Dahmer,2002,"On February 15, 1992 in Milwaukee, Wisconsin, Jeffrey Dahmer, one of the world's most infamous serial killers, was convicted of 15 counts of murder and sentenced to 937 years in federal prison. This movie is based on events from his life.",David Jacobson,101 mins   More at IMDb TMDB  Report this page,"Horror, Crime, Drama, Thriller","Jeremy Renner, Bruce Davison, Artel Great",Dahmer,2002,https://letterboxd.com/film/dahmer/
Dance Macabre,1992,"Jessica, an American ballerina, reluctantly enrolls in a Russian dance academy, where she meets the charismatic choreographer Anthony. A dead ringer for his long dead lover, Jessica becomes his favorite student -- and his personal obsession.",Greydon Clark,97 mins   More at IMDb TMDB  Report this page,"Romance, Horror","Robert Englund, Michelle Zeitlin, Marianna Moen",Dance Macabre,1992,https://letterboxd.com/film/dance-macabre/
Dance of the Dead,2008,"With Prom only hours away, the usual suspects of Cosa High (Cheerleaders, geeks, bad boys and the happy-go-lucky student council alike) are preoccupied with the annual rituals of teendom. On the night of the big dance when the dead unexpectedly rise to eat the living, polar opposite groups will be forced to unite in their final chance to save the town from the zombies.",Gregg Bishop,87 mins   More at IMDb TMDB  Report this page,"Comedy, Horror","Greyson Chadwick, Jared Kusnitz, Chandler Darby",Dance of the Dead,2008,https://letterboxd.com/film/dance-of-the-dead/
Dangerous Worry Dolls,2008,While serving time in a brutal women's detention center. Eva wishes away her troubles to a set of tiny Worry Dolls. The dolls crawl in her ear at night and soon Eva becomes possessed.,Charles Band,75 mins   More at IMDb TMDB  Report this page,"Science Fiction, Horror","Jessica Morris, Meredith McClain, Paul Boukadakis",Dangerous Worry Dolls,2008,https://letterboxd.com/film/dangerous-worry-dolls/
Dark Angel: The Ascent,1994,"A demoness from Hell, Veronica Iscariot, uninterested in tormenting the souls of damned sinners, ascends to the world above and finds our world full of evil and corruption. Veronica decides her mission in life is to punish the wicked and evil and goes about this with a bloody vengeance. Along the way she meets and falls in love with a doctor, Max Barris, who tends her wounds after an accident.",Linda Hassani,81 mins   More at IMDb TMDB  Report this page,"Fantasy, Horror, Romance","Angela Featherstone, Daniel Markel, Nicholas Worth",Dark Angel: The Ascent,1994,https://letterboxd.com/film/dark-angel-the-ascent/
Dark Breed,1996,"Captain Saxon, an agent for the top secret Omega agency, has been given the assignment of tracking down and either capturing or killing the crew members of a secret space mission who returned to Earth against orders. It seems that they were all infected with an alien parasite, and they were trying to bring its eggs back to Earth. The eggs were lost in an accident, and both Saxon and the astronauts are trying to locate them.",Richard Pepin,104 mins   More at IMDb TMDB  Report this page,"Horror, Science Fiction, Action, Thriller","Jack Scalia, Lance LeGault, Donna W. Scott",Dark Breed,1996,https://letterboxd.com/film/dark-breed/
Dark Circles,2013,"When new parents Alex and Penny retreat from the city and move into a place outside town, the stress and massive sleep-deprivation caused by their infant has both of them seeing things in the house that may or may not exist. Persistent sightings of a strange woman has each of them wondering if they are suffering from hallucinations, or if their new home holds a dark, supernatural presence. As their fragile grasp on reality spirals into delirium, Alex and Penny find themselves nearly helpless to deal with the horrific truth of what is really going in this house.",Paul Soter,87 mins   More at IMDb TMDB  Report this page,Horror,"Johnathon Schaech, Pell James, Andrea Frankle",Dark Circles,2013,https://letterboxd.com/film/dark-circles/
Dark Fields,2006,"Out of gas on a dark country road and forced to seek help at a farmhouse, five teenagers on their way to a rock concert step into a nightmare as they're hunted by a twisted killer with an ax.",Mark McNabb,80 mins   More at IMDb TMDB  Report this page,Horror,"Brian Austin Jr., Allan Bezanson, Lindsay Dell",Dark Fields,2006,https://letterboxd.com/film/dark-fields-2006/
Dark Harvest,1992,"A broken down van strands a group of college students in the middle of the desert. Forced to hike their way out, they unwittingly enter a sacred Indian burial ground...A place they should have left alone.",James I. Nicholson,89 mins   More at IMDb TMDB  Report this page,Horror,"David Zyler, Jamee Natella, Debbie O'Der",Dark Harvest,1992,https://letterboxd.com/film/dark-harvest-1992/
Dark Harvest,2004,A group of teenagers go to the family farm of one of them only to be attacked by a killer scarecrow.,Paul Moore,88 mins   More at IMDb TMDB  Report this page,Horror,"Don Digiulio, Jeanie Cheek, Jennifer Leigh",Dark Harvest,2004,https://letterboxd.com/film/dark-harvest/
Dark Harvest II: The Maize,2004,A father's psychic abilities are put to the test when his two daughters are trapped inside of a corn maze haunted by the spirits of two young girls who disappeared a year earlier.,Bill Cowell,100 mins   More at IMDb TMDB  Report this page,Horror,"Bill Cowell, Kelleigh Murray, Alyssa Cowell",Dark Harvest II: The Maize,2004,https://letterboxd.com/film/dark-harvest-ii-the-maize/
Dark Harvest III: Skarecrow,2004,"Timeline: 1921 - It began in the backwoods of Tennessee, way up in a hollow...There lived an old woman who some say she had powers, the kind that could curse people. The James Brothers knew of her, these five brothers being of the worst kind, evil, vile, and reckless. They wanted the old woman's cabin and land for their own. They needed a place private to make moonshine. The old woman knew the brothers were going to taker her possessions anyway they had to. So she prepared for them an evil to beget evil. A curse so powerful she laid upon the brothers and any of their kin. Hence the Skarecow became...and the vengence was delivered... Timeline: 1981 - Now sixty years later the grandson of Willie James has returned to the cabin...and the curse is still very much ALIVE!!!!!",Ben Dixon,76 mins   More at IMDb TMDB  Report this page,Horror,"Clay Brocker, Reagan Richards, Neil Berington",Dark Harvest III: Skarecrow,2004,https://letterboxd.com/film/dark-harvest-iii-skarecrow/
Dark Honeymoon,2008,"Dark Honeymoon follows a man who marries a seductive woman after a brief and passionate relationship. During their honeymoon, on the Pacific coast, terrible truths unfold as those around them die mysterious deaths.",David O'Malley,More at IMDb TMDB  Report this page,"Mystery, Horror, Thriller","Daryl Hannah, Lindy Booth, Tia Carrere",Dark Honeymoon,2008,https://letterboxd.com/film/dark-honeymoon/
Dark October,2020,Four friends head to Salem for a Halloween rock concert event.,David Mankey,70 mins   More at IMDb TMDB  Report this page,Horror,"Johnathan Barnett, Brittany Booth, Beth Bowser",Dark October,2020,https://letterboxd.com/film/dark-october/
A Dark Path,2020,"On their way home from a party in eastern Europe, sisters Abi and Lily get lost. With no signal and an unreliable GPS, they try to navigate their way out using road signs. Along a narrow road, through a deep forest, their front tire suddenly blows out. With no spare or cell service, they are completely cut off. Soon they discover that this is no ordinary forest and there is a reason no cars come up here, for the locals know of what lives deep in the woods and if they’re woken, there is nowhere to run.",Nicholas Winter,75 mins   More at IMDb TMDB  Report this page,Horror,"Makenna Guyler, Ade Dimberline, Mari Beaseley",A Dark Path,2020,https://letterboxd.com/film/a-dark-path/
The Dark Planet,1989,"Unearthly terror stalks the creatures of The Dark Planet. An anthology, including tentacled horror from the Tower of Blood, a primitive challenges a beast to avenge a murdered mate and a space jockey confronts a master computer. Mostly wordless sci-fi anthology directed by fantasy and comic book artist Richard Corben (Heavy Metal).",Richard Corben,93 mins   More at IMDb TMDB  Report this page,"Horror, Fantasy, Animation, Science Fiction, Mystery","Bruce Jones, Karen Gilbertson, Richard Corben",The Dark Planet,1989,https://letterboxd.com/film/the-dark-planet/
Dark Reel,2008,"Murder, mystery and mayhem as B movie fan, Adam Waltz, wins Walk on Role in a film Featuring Scream Queen, Cassie Blue (Tiffany Shepis). Thinking his luck had changed for the better he steps into chaos with a killer loose and no one on the production safe.",Josh Eisenstadt,108 mins   More at IMDb TMDB  Report this page,"Mystery, Thriller, Horror","Lance Henriksen, Daniel Wisler, Edward Furlong",Dark Reel,2008,https://letterboxd.com/film/dark-reel/
Dark Remains,2005,"After their daughter is brutally murdered in their home, a grieving young couple, Allena and Julie Pkye; escape the city to find solace in the mountains. Julie photographs an abandoned prison she finds in the woods. Upon developing the prints, she becomes convinced her dead daughter is contacting her through the photographs.",Brian Avenet-Bradley,91 mins   More at IMDb TMDB  Report this page,Horror,"Cheri Christian, Greg Thompson, Scott Hodges",Dark Remains,2005,https://letterboxd.com/film/dark-remains/
Dark Rising,2007,"A weekend camping trip turns into a frantic fight against the supernatural when an ancient demon and a fearsome female warrior bring their eternal battle into the present day. Jason Parks is trying to win back his ex-fiancee, Jasmine, by arranging a camping trip with the lost love in question, his best friend, Ricky, and their witchcraft-obsessed friend, Renee. Little does Jack realize that Jasmine has switched teams--these days she's more interested in seducing Renee than marrying the man she once loved. But lately Renee's been having horrible dreams about Summer Vale, a little girl who vanished without a trace 20 years ago. When Renee attempts to contact Summer's spirit, she inadvertently opens an interdimensional portal and unleashes a vicious demon. Fortunately for the frightened campers, a grown-up, sword-wielding Summer manages to get through the portal as well, and sets out to slay the malevolent hell-spawn.",Andrew Cymek,92 mins   More at IMDb TMDB  Report this page,"Action, Fantasy, Comedy, Adventure, Horror","Landy Cannon, Brigitte Kingsley, Julia Schneider",Dark Rising,2007,https://letterboxd.com/film/dark-rising/
Dark Spell,2021,Terror strikes when a heartbroken woman uses black magic to get her husband back.,Svyatoslav Podgaevsky,93 mins   More at IMDb TMDB  Report this page,Horror,"Yana Enzhaeva, Konstantin Beloshapka, Ilya Ermolov",Dark Spell,2021,https://letterboxd.com/film/dark-spell/
Dark Touch,2013,"Niamh is the lone survivor of a mysterious massacre in which the furniture and objects in her family’s isolated house took on a monstrous life of their own. The police ignore her wild stories, and the neighbours and social worker who take her into their care try to introduce her to a new life. But Niamh is unable to leave her violent past behind her, endangering everyone who crosses her path.",Marina de Van,90 mins   More at IMDb TMDB  Report this page,Horror,"Missy Keating, Marcella Plunkett, Charlotte Flyvholm",Dark Touch,2013,https://letterboxd.com/film/dark-touch/
Dark Town,2004,"The vampires have taken over suburbia, and the only hope for escape is to dismantle the white picket fences and drive them through the hearts of the undead in this tale of bloodlust.",Desi Scarpone,88 mins   More at IMDb TMDB  Report this page,Horror,"Janet Martin, Delpaneaux Wills, Meghan Stansfield",Dark Town,2004,https://letterboxd.com/film/dark-town/
Dark Waters,2003,"Unusually vicious and aggressive sharks attack an oil rig in the middle of the Gulf of Mexico. Dane Quatrell and a team are sent to investigate, but the sharks are still on the prowl and now they have developed a taste for blood.",Phillip J. Roth,93 mins   More at IMDb TMDB  Report this page,"Horror, Adventure, Science Fiction, Thriller, Action","Lorenzo Lamas, Simmone Mackinnon, Jeffrey Gorman",Dark Waters,2003,https://letterboxd.com/film/dark-waters-2003/
Dark Wolf,2003,"A vicious werewolf stalks the streets of Los Angeles. Between killings, its desperate goal is to mate with unsuspecting Josie, who is unaware of her special power attracting the beast. Forced to take over an investigation involving werewolves after his partner is killed, an LAPD Detective is led to the trail of this ravenously deadly hybrid werewolf.",Richard Friedman,94 mins   More at IMDb TMDB  Report this page,Horror,"Samaire Armstrong, Ryan Alosio, Andrea Bogart",Dark Wolf,2003,https://letterboxd.com/film/dark-wolf/
Darkness,1993,"A small community is besieged by vampires. After he watches friends ravaged in a convenience store, a lone avenger goes off to do battle with the undead, armed with shotgun, chainsaw, and Holy water. Later he finds other survivors and they try to stay alive long enough to do battle with Liven, king of the vampires.",Leif Jonker,86 mins   More at IMDb TMDB  Report this page,"Horror, Action","Gary Miller, Michael Gisick, Randall Aviks",Darkness,1993,https://letterboxd.com/film/darkness-1993/
DarkPlace,2007,"A hillbilly giant and the local preacher exorcise their ritual of dark cleansing by locking you up inside an ancient box forcing you to face your inner demons. But when a 10 year old boy is locked up inside, his darkest fears sets loose an inferno of relentless evil.",Philip Adrian Booth,94 mins   More at IMDb TMDB  Report this page,"Thriller, Horror","Katherine Boecher, Timothy Lee DePriest, Matthew McGrory",DarkPlace,2007,https://letterboxd.com/film/darkplace/
Darkroom,2013,"Michelle kills three of her friends in a horrific car accident while driving under the influence. After rehab, Michelle takes a job recommended by her counselor that lands her trapped in a mansion with three psychotic siblings hell bent on physical torture to purge Michelle of her sins.",Britt Napier,81 mins   More at IMDb TMDB  Report this page,"Horror, Thriller","Kaylee DeFer, Elisabeth Röhm, Christian Campbell",Darkroom,2013,https://letterboxd.com/film/darkroom/
Darkslide,2016,"High in the Sierra Nevada Mountains of California, a local sheriff finds world skateboard champion Paul McGuiness’ abandoned hearse parked at a remote alpine lake. Stricken with guilt and shame, Bruce McGuiness—Paul's brother and manager—sets out on an epic road trip with four of Paul’s best friends to restore his missing brother’s honor and skateboard legacy. What begins as an adventure of a lifetime to make skateboard history quickly turns into an ominous battle for survival.",Tito da Costa,121 mins   More at IMDb TMDB  Report this page,Horror,"Sean Gray, Chris Blasman, Michael Buffo",Darkslide,2016,https://letterboxd.com/film/darkslide/
Dawn of the Beast,2021,"Aiming to find the Bigfoot, a group of graduate students venture deep into an area of the Northeastern wilderness known for its strange creature sightings. Soon, they learn that there is a much more sinister evil lurking in the woods, the Wendigo, and once the spirit knows you’re there, they will come for you. Who will survive in a battle between the two most notorious monsters of the forest?",Bruce Wemple,83 mins   More at IMDb TMDB  Report this page,"Horror, Mystery","Adrian Burke, Ariella Mastroianni, Anna Shields",Dawn of the Beast,2021,https://letterboxd.com/film/dawn-of-the-beast/
Day of the Dead,2008,"When a small Colorado town is overrun by the flesh hungry dead, a small group of survivors try to escape in a last ditch effort to stay alive.",Steve Miner,86 mins   More at IMDb TMDB  Report this page,"Science Fiction, Action, Thriller, Horror","Mena Suvari, Stark Sands, Michael Welch",Day of the Dead,2008,https://letterboxd.com/film/day-of-the-dead-2008/
Day of the Dead 2: Contagium,2005,"In 1968, in the Ravenside Military Hospital in a military facility in Pennsylvania, the army loses control of an experiment of a lethal bacteriologic weapon that changes the DNA and transforms human beings into zombies. A group of soldiers is sent to the hospital to eliminate the infected staff and interns but private DeLuca steals a test tube with the virus and hides it inside a vacuum flask. He is transformed into a zombie and killed but the vacuum flask falls in the grass. In the present days, a group of patients in the mental institution Ravenside Memorial Hospital finds the vacuum flask and later when one of them opens the vessel, the culture tube drops on the floor of a bathroom contaminating the group and their Dr. Donwynn.",Ana Clavell,103 mins   More at IMDb TMDB  Report this page,Horror,"Laurie Baranyay, Stan Klimecko, John Freedom Henry",Day of the Dead 2: Contagium,2005,https://letterboxd.com/film/day-of-the-dead-2-contagium/
Day of the Reaper,1984,"Five women on vacation in Sunnyville, FL are stalked by a hooded cannibal killer recently escaped from a mental institution. A gory, seminal Super-8 epic from Tim Ritter.",Tim Ritter,74 mins   More at IMDb TMDB  Report this page,Horror,"Cathy O'Hanlon, Patrick Foster, Todd Nolf",Day of the Reaper,1984,https://letterboxd.com/film/day-of-the-reaper/
Day Shift,2022,An LA vampire hunter has a week to come up with the cash to pay for his kid's tuition and braces. Trying to make a living these days just might kill him.,J.J. Perry,111 mins   More at IMDb TMDB  Report this page,"Fantasy, Comedy, Thriller, Horror, Action","Jamie Foxx, Dave Franco, Natasha Liu Bordizzo",Day Shift,2022,https://letterboxd.com/film/day-shift-2022/
Dead,2020,"Dane ‘Marbles’ Marbeck can see ghosts, thanks to a homemade drug: his late father’s neurological medication mixed with marijuana. Officer Jayson Tagg, a wannabe super-cop on the trail of a serial killer, ends up murdered. So when Marbles’ mum plans to sell the family farm, and the only way of buying the house off her is taking the money offered by Tagg in exchange for his help, Marbles accepts. The unlikely duo of stoner medium and ghost cop struggle to reconcile their differences while they navigate their way through ghouls, perverts, a mysterious hooded figure, and an unexpected shot at love. It becomes clear the only way Marbles and Tagg will solve the case with their souls intact is to confront their deepest regrets and overcome their prejudices.",Hayden J. Weal,90 mins   More at IMDb TMDB  Report this page,"Mystery, Comedy, Horror","Michael Hurst, Cameron Rhodes, Thomas Sainsbury",Dead,2020,https://letterboxd.com/film/dead-2020/
Dead & Rotting,2002,"Three prankster buddies release the wrath of an aged witch, Abigail, when they unwittingly become accomplices to the murder of her son. Scheming in anger, the witch seduces the three friends and then uses the men's own ill-born spawn to destroy them. Death and rot are left in the wake...",David P. Barton,72 mins   More at IMDb TMDB  Report this page,Horror,"Debbie Rochon, Stephen O'Mahoney, Tom Hoover",Dead & Rotting,2002,https://letterboxd.com/film/dead-rotting/
Dead 7,2000,Homicidal meth dealers murder a deaf-mute; his nutbar sister turns to the supernatural for revenge.,Garrett Clancy,78 mins   More at IMDb TMDB  Report this page,"Thriller, Horror","Joe Myles, Matt Emery, Delia Copold",Dead 7,2000,https://letterboxd.com/film/dead-7/
Dead Again in Tombstone,2017,"The devil’s outlaw and reluctant servant, Guerrero returns from the dead again in this action-packed western which promises to be one hell of a ride. Guerrero is forced to protect a stolen relic from getting into the hands of Jackson Boomer and his gang of soldiers, but Jackson will stop at nothing to raise his comrades from the dead and bring the wrath of hell upon earth. Guerrero must use all his dark powers in order to defeat Jackson and find redemption…or die again trying.",Roel Reiné,99 mins   More at IMDb TMDB  Report this page,"Western, Horror, Action, Fantasy","Danny Trejo, Jake Busey, Elysia Rotaru",Dead Again in Tombstone,2017,https://letterboxd.com/film/dead-again-in-tombstone/
The Dead the Damned and the Darkness,2014,"In a savage land where zombies roam freely - Lieutenant Colonel Sawyer is armed with machine guns, body armor and courage. He is on a mission to give his family a burial at sea. To reach the coast, he must enter a quarantined infected zone and fight through hordes of bloodthirsty zombies. There he encounters a group of survivors including a young woman who is a target of both the male survivors and the ravenous zombies. To protect the last non-infected humans and complete his mission, Colonel Sawyer must face the Dead, the Damned and the Darkness.",Rene Perez,90 mins   More at IMDb TMDB  Report this page,"Action, Thriller, Horror","Robert Tweten, Iren Levy, John J. Welsh",The Dead the Damned and the Darkness,2014,https://letterboxd.com/film/the-dead-the-damned-and-the-darkness/
The Dead and the Damned 3: Ravaged,2018,The residents of the last survivor camp face severe attacks from the undead and groups of ex-military soldiers.,Rene Perez,85 mins   More at IMDb TMDB  Report this page,"Horror, Action","Nicole Stark, Mingyu Chu, Alanna Forte",The Dead and the Damned 3: Ravaged,2018,https://letterboxd.com/film/the-dead-and-the-damned-3-ravaged/
The Dead and the Damned,2011,A meteor lands in Jamestown California in 1849 during the gold rush. It is found by miners who release it's spoors which turn the population into blood thirsty mutants.,Rene Perez,82 mins   More at IMDb TMDB  Report this page,"Horror, Western","David A. Lockhart, Camille Montgomery, Rick Mora",The Dead and the Damned,2011,https://letterboxd.com/film/the-dead-and-the-damned/
Dead Birds,2004,"Towards the end of the Civil War a group of Confederate soldiers hole up on an abandoned plantation after robbing a bank, and find themselves at the mercy of supernatural forces.",Alex Turner,91 mins   More at IMDb TMDB  Report this page,"Horror, Western, Thriller","Henry Thomas, Patrick Fugit, Michael Shannon",Dead Birds,2004,https://letterboxd.com/film/dead-birds/
Dead by Dawn,2020,A suicidal man in a remote cabin is suddenly faced with protecting a kidnapped woman from three sexual deviants and their sadistic games.,Sean Cain,84 mins   More at IMDb TMDB  Report this page,Horror,"Drew Lindsey Mitchell, Kelcey Watson, Jamie Bernadette",Dead by Dawn,2020,https://letterboxd.com/film/dead-by-dawn-2020/
Dead Earth,2020,Two young women's plans to try to live a normal life in isolation after a world ending apocalypse go awry when they are discovered.,Wych Kaosayananda,80 mins   More at IMDb TMDB  Report this page,"Action, Drama, Thriller, Horror","Milena Gorum, Alice Tantayanon, Michael S. New",Dead Earth,2020,https://letterboxd.com/film/dead-earth/
The Dead Hate the Living!,1999,"When a renegade band of young filmmakers break into an abandoned hospital to make their horror epic, they stumble upon a real dead body and decide to use it in their movie. They accidentally bring it back to life, open a portal to a dead world that releases dozens of other zombies, then struggle for their lives in a desperate attempt to flee from the creatures who apparently have them hopelessly trapped in the hospital.",Dave Parker,90 mins   More at IMDb TMDB  Report this page,"Comedy, Horror","Eric Clawson, Jamie Donahue, Brett Beardslee",The Dead Hate the Living!,1999,https://letterboxd.com/film/the-dead-hate-the-living/
Dead Hunt,2007,"Ten movie reviewers are invited to a party by the host of a website devoted to horror films. The party is in full swing when the power - and the lights - abruptly go out. A mysterious, black-hooded figure has cut the main wiring. The party's over. The terrified group try to evacuate the building, only to find that they are trapped. Can they hide from the demented killer? Or are they all destined to become targets of the DEAD HUNT?",Joe Ripple,85 mins   More at IMDb TMDB  Report this page,"Thriller, Horror",Leanna Chamish,Dead Hunt,2007,https://letterboxd.com/film/dead-hunt/
Dead in Tombstone,2013,"An outlaw named Guerrero Hernandez is shot in the back and killed whilst attempting to free his half-brother from a small-town prison. Making a deal with the devil, Hernandez returns from the dead to take his revenge.",Roel Reiné,100 mins   More at IMDb TMDB  Report this page,"Action, Drama, Horror, Western, Fantasy","Danny Trejo, Mickey Rourke, Anthony Michael Hall",Dead in Tombstone,2013,https://letterboxd.com/film/dead-in-tombstone/
Dead Mary,2007,"During a fun-filled getaway at a remote lake, teenager Kim (Dominique Swain) and her friends unwittingly unleash a murderous spirit when they make the mistake of playing the game 'Dead Mary' in this horror story. The body count rises as good friends are forced to hack each other to death, or face death themselves. Marie-Josee Colburn, Jefferson Brown, Steve McCarthy, Reagan Pasternak and Maggie Castle co-star.",Robert Wilson,103 mins   More at IMDb TMDB  Report this page,Horror,"Dominique Swain, Marie-Josée Colburn, Steven McCarthy",Dead Mary,2007,https://letterboxd.com/film/dead-mary/
The Dead of Night,2004,A group of teenagers hold a party in a cemetery. Several of the teens turn into evil and ugly demonic creatures after being attacked by a hideous monster in said cemetery. The possessed kids go after the other teens who are still normal. Will any of them manage to remain human?,Serge Rodnunsky,83 mins   More at IMDb TMDB  Report this page,Horror,"Cameron Zeidler, Jon Thomas, Karrie MacClaine",The Dead of Night,2004,https://letterboxd.com/film/the-dead-of-night/
The Dead of Night,2021,"Alone and isolated at the family ranch, Tommy and his sister June suddenly find themselves being terrorized and hunted by a pair of nomadic killers.",Robert Dean,90 mins   More at IMDb TMDB  Report this page,"Horror, Thriller","Jake Etheridge, Colby Crain, Leah Bezozo",The Dead of Night,2021,https://letterboxd.com/film/the-dead-of-night-2021/
The Dead Ones,2020,"For four outcast teens, summer detention means being assigned to clean their high school after a horrific incident. But they are not alone; a macabre gang wearing guises of The Four Horsemen Of The Apocalypse - Famine, Pestilence, War and Death - has locked them inside and is hunting them through the school's ravaged hallways. As the four students battle to survive, each must confront the supernatural echoes of past traumas they have struggled to forget - and may be condemned to relive.",Jeremy Kasten,73 mins   More at IMDb TMDB  Report this page,Horror,"Sarah Rose Harper, Brandon Thane Wilson, Katie Foster",The Dead Ones,2020,https://letterboxd.com/film/film:520438/
Dead Rising: Endgame,2016,Investigative reporter Chase Carter must stop a secret government conspiracy in the zombie infested quarantine zone of East Mission City.,Pat Williams,96 mins   More at IMDb TMDB  Report this page,"Action, Horror","Jesse Metcalfe, Keegan Connor Tracy, Marie Avgeropoulos",Dead Rising: Endgame,2016,https://letterboxd.com/film/dead-rising-endgame/
Dead Rising: Watchtower,2015,A group of people fight to survive in a zombie infested town.,Zach Lipovsky,118 mins   More at IMDb TMDB  Report this page,"Science Fiction, Action, Horror","Jesse Metcalfe, Meghan Ory, Virginia Madsen",Dead Rising: Watchtower,2015,https://letterboxd.com/film/dead-rising-watchtower/
Dead Shack,2017,"On a weekend getaway at a rundown cabin in the woods, Jason, a cautious teen, his crude best friend Colin and his fearless older sister Summer are forced to work together, grow up and save their hard-partying parents from their predatory neighbor intent on feeding them all to her undead family.",Peter Ricq,85 mins   More at IMDb TMDB  Report this page,"Comedy, Horror, Thriller, Action","Matthew Nelson-Mahood, Lizzie Boys, Gabriel LaBelle",Dead Shack,2017,https://letterboxd.com/film/dead-shack/
Dead Voices,2020,"Two sisters film a documentary about spiritual mediums. After their first failed attempt with a faux medium, they come across Mike, a seemingly legitimate communicator with the dead. Mike reveals a disturbing mystery, Sara's fiancée, Lucas, long thought to have died, might be alive at his childhood home.",William Butler,80 mins   More at IMDb TMDB  Report this page,"Horror, Mystery, Thriller","Lochlyn Munro, Jacob Kyle Young, Lauren Albo",Dead Voices,2020,https://letterboxd.com/film/dead-voices/
The Dead Want Women,2012,"Beginning at a stylish mansion in the roaring 1920's, a socialite, flappers, and the men who love them come to their ultimate demise. These ghosts continue to haunt the mansion throughout the decade. Now they've come back to haunt and chase after a new generation of beautiful girls. The Dead Want Women!",Charles Band,74 mins   More at IMDb TMDB  Report this page,Horror,"Jessica Morris, Ariana Madix, Eric Roberts",The Dead Want Women,2012,https://letterboxd.com/film/the-dead-want-women/
Deader Country,2009,"Whilst wagging school, two teenagers stumble across a strange hybrid creature, a beast that is half man, half alien and all zombie, which has managed to make its way unseen across desolate countryside to the town of Pleasance.",Andrew Merkelbach,85 mins   More at IMDb TMDB  Report this page,Horror,"Ted V. Mikels, Gia Paloma, Andrew Merkelbach",Deader Country,2009,https://letterboxd.com/film/deader-country/
DeadHeads,2011,"Two inexplicably coherent zombies awake amidst a zombie attack and decide to take a road trip to find the one's lost love, unaware they are being chased by the agents of a ruthless company with its own agenda.",Drew T. Pierce,95 mins   More at IMDb TMDB  Report this page,"Horror, Comedy, Adventure","Michael McKiddy, Ross Kidder, Markus Taylor",DeadHeads,2011,https://letterboxd.com/film/deadheads/
Deadhouse,2005,"In the tradition of The Texas Chainsaw Massacre and Last House on the Left comes DeadHouse. When 4 teens get stranded on their vacation, they seek help at an abandoned house. Unknowingly to them the house contains 2 psychotic killers, Kain and the clown masked Victor. Now they are captured and held at the mercy of the house's residents. They must now learn to put their differences aside and try to survive their last night at DeadHouse.",Pablo Macho Maysonet IV,83 mins   More at IMDb TMDB  Report this page,Horror,"Anthony Alicea, Pablo Macho Maysonet IV, Brian Rivera",Deadhouse,2005,https://letterboxd.com/film/deadhouse/
Deadlocked,2020,"When a zombie virus breaks out, one ragtag group of elevator passengers must band together for a fighting chance of survival against an infected rider and the clever horde that awaits them outside.",Josh Bailey,79 mins   More at IMDb TMDB  Report this page,"Horror, Thriller","William Poole, Taylor Tunes, Sophie Giberson",Deadlocked,2020,https://letterboxd.com/film/film:688032/
Deadly Culture,2007,A dying woman participates in an experiment which makes unexpected changes to her body.,Jared Hoy,82 mins   More at IMDb TMDB  Report this page,"Science Fiction, Horror","Susan Smythe, Phoebe Dollar, Ford Austin",Deadly Culture,2007,https://letterboxd.com/film/deadly-culture/
Deadly Dares: Truth or Dare Part IV,2011,"Tuner Downing, a man who gets obsessed with serial killer Mike Strauber (the Coppermasked Madman) and tries too hard to follow in his bloody footsteps, even to the point of breaking his 'hero' out of incarceration.",Tim Ritter,95 mins   More at IMDb TMDB  Report this page,Horror,"Casey Miracle, Heather Price, Taina Anasky",Deadly Dares: Truth or Dare Part IV,2011,https://letterboxd.com/film/deadly-dares-truth-or-dare-part-iv/
Deadly Instincts,1997,"It's an invasion of the most personal and terrifying kind. When a meteorite crash lands onto a Boston college campus and an alien beast is released, only one man understands its mission to mate. From the depths of an all girls college, the grotesque monster stalks his prey in a cat-and-mouse chase until the final conflict where only one species can survive.",Paul Matthews,94 mins   More at IMDb TMDB  Report this page,"Science Fiction, Horror","Todd Jensen, Samantha Womack, Oliver Tobias",Deadly Instincts,1997,https://letterboxd.com/film/deadly-instincts/
Deadly Little Christmas,2009,"Fifteen years after slaughtering his entire family on Christmas Day, a psychotic killer flees from the asylum to finish what he started when he was just a little boy. Devin Merriman was only eight years old when he committed the crime that still haunts his small town. Now the time has come to kill again, and the massacre Devin has in mind will make his previous murders look like child's play.",Novin Shakiba,74 mins   More at IMDb TMDB  Report this page,Horror,"Felissa Rose, Monique La Barr, Leah Grimsson",Deadly Little Christmas,2009,https://letterboxd.com/film/deadly-little-christmas/
Deadly Species,2002,"Wealthy big game hunter, Wilson Frields, funds an expedition going deep into the Florida Everglades to search for the Calusa: a lost tribe of Native Americans. When the team discover the gruesome remains of another expedition, Friels admits he is searching for the Calusa's Fountain of Youth and its guardian, a mythical and deadly beast. As they delve deeper into the Everglades, the bloodthirsty beast begins to stalk and kill members of the group and, in one struggle, their leader Brinson Thomas is injured and begins to metamorphose into a creature himself. His only hope: to drink from the waters of the Fountain. The terrible truth behind the Calusa must be discovered if any of them are going to get out of there alive!",Daniel Springen,90 mins   More at IMDb TMDB  Report this page,"Horror, Adventure","Pete Penuel, Allison Adams, Brian Minyard",Deadly Species,2002,https://letterboxd.com/film/deadly-species/
Deadly Tales,1998,"Three part horror anthology based on three short stories by H.G. Wells, Mary Shelley, and Rudyard Kipling.",Ron Ford,90 mins   More at IMDb TMDB  Report this page,Horror,"Greg Cannone, Oriana Nicole Tavoularis, Vinnie Bilancio",Deadly Tales,1998,https://letterboxd.com/film/deadly-tales/
Deadly Weekend,2013,"Two young couples take one last trip to the country before moving to different cities. Unfortunately, when secrets come out and jealously takes a toll the weekend takes an unexpected and deadly turn for the worst.",Jason Sutton,82 mins   More at IMDb TMDB  Report this page,"Horror, Thriller","Sara Jean Underwood, Bruster Phoenix Sampson, Patricia Rosales",Deadly Weekend,2013,https://letterboxd.com/film/deadly-weekend-2013/
Deadstream,2022,"A disgraced internet personality attempts to win back his followers by livestreaming one night alone in a haunted house. But when he accidentally pisses off a vengeful spirit, his big comeback event becomes a real-time fight for his life.",Vanessa Winter,88 mins   More at IMDb TMDB  Report this page,"Comedy, Horror","Joseph Winter, Melanie Stone, Jason K. Wixom",Deadstream,2022,https://letterboxd.com/film/deadstream/
Deadware,2021,"In 1999, two friends use a webcam for the first time and stumble across a mysterious browser game that may be haunted.",Isaac Rodriguez,68 mins   More at IMDb TMDB  Report this page,Horror,"Sarah Froelich, Ali Alkhafaji, Christine Brown",Deadware,2021,https://letterboxd.com/film/deadware/
Deadwater,2008,"When a WWII-era battleship, reactivated and deployed in the Persian Gulf for black-op interrogations, falls radio silent, an elite Marine task force, along with an NCIS investigator and two scientists, are sent to investigate. When the Marines arrive, they find nearly everyone on board slaughtered. The survivors join with the task force to hunt down the mastermind behind the attacks, a notorious terrorist named Fadawi who threatens their very survival.",Roel Reiné,90 mins   More at IMDb TMDB  Report this page,"Horror, Thriller, Action","Lance Henriksen, James Russo, Gary Stretch",Deadwater,2008,https://letterboxd.com/film/deadwater/
Death Academy,2005,"A couple of friends break into their school late one night to solve a mystery hidden in the past, only to realize that they are trapped inside with a masked serial killer.",Daniel Lehmussaari,89 mins   More at IMDb TMDB  Report this page,"Thriller, Horror, Mystery","Sigrid Josefsson, Tomas Kärrstedt, Ulrica Hedén",Death Academy,2005,https://letterboxd.com/film/death-academy/
Death by 1000 Cuts,2020,"Death by 1000 cuts refers to an ancient method of torture in which numerous small cuts were made on a victim's body. None of the cuts were deadly by themselves, but the combination of them would cause them to die a slow, painful death. In psychology, it refers to small issues that are overlooked until they add up to something too big to ignore. Sometimes I question which version of the phrase is worse.",Sam Salerno,104 mins   More at IMDb TMDB  Report this page,Horror,"Brett Burrier, Rosie Koocher, Erica Chappell",Death by 1000 Cuts,2020,https://letterboxd.com/film/death-by-1000-cuts/
Death Factory,2002,"A woman working at a biological research facility becomes ill when she contracts a deadly, new virus. Sometime after, she becomes a half-monster beast and kills her old co-workers. Some time later, a group of teens go into the old research facility to have a party and come face-to-face with creature",Brad Sykes,81 mins   More at IMDb TMDB  Report this page,Horror,"Lisa Jay, Karla Zamudio, Tiffany Shepis",Death Factory,2002,https://letterboxd.com/film/death-factory/
The Death Factory: Bloodletting,2008,"A horror film about a group of online deviants who are invited to an abandoned factory to witness a bloodletting, an event displaying the torture and murder of an innocent person.",Sean Tretta,More at IMDb TMDB  Report this page,Horror,"Joth Andrews, Josh Bingenheimer, Jeanna Coker",The Death Factory: Bloodletting,2008,https://letterboxd.com/film/the-death-factory-bloodletting/
Death Hunter,2010,"When his wife is abducted by a group of blood-thirsty Vampires, John Croix is left to die in a forgotten region of the desert. It is here where an unspeakable evil exists. Now, by no choice of his own, Croix will come face-to-face with the most terrifying creatures of the night. Still a man, but possessing all the strength and power of a werewolf when the moon is out, Croix becomes a reluctant hero for mankind when he learns that his wife may still be alive. Croix sets out on a mission to rescue his wife - venturing deeper and deeper into the Vampire's lair- in his quest to save her before she is lost to the world of the undead forever.",Dustin Rikert,91 mins   More at IMDb TMDB  Report this page,Horror,"Sam McConkey, Paulino Hemmer, Mike Lawler",Death Hunter,2010,https://letterboxd.com/film/death-hunter/
Death Machine,1994,"Chaank Armaments is experimenting with the ultimate fighting machine which is part human - part machine. So far, the Hardman project has been unreliable and has killed a number of innocent people. The genius behind this project is Jack who lives in a world of models, toys and magazines. When he is fired by Cale for killing a few corporate officers, he unleashes the ultimate killing machine called the 'Warbeast' against Cale and those who would help her.",Stephen Norrington,117 mins   More at IMDb TMDB  Report this page,"Action, Horror, Thriller, Science Fiction","Ely Pouget, Brad Dourif, William Hootkins",Death Machine,1994,https://letterboxd.com/film/death-machine/
Death Metal Zombies,1995,"Brad Masters enters a contest and wins an album by his favorite band of all time, Living Corpse. The tape has a special song called ""Zombiefied"", which turns Brad and his friends into zombies at a party. Luckily, Brad's girlfriend Angel misses the party and it is up to her to save her friends. She runs into Shengar (lead singer of Living Corpse and ruler of the dead world) , who attempts to stop Angel. During Angel's escape, she teams up with her friend Tommy who learns that there is only way to stop the zombies. Now, Angel and Tommy have limited time to figure out how to reverse the zombie curse and save their friends.",Todd Jason Cook,82 mins   More at IMDb TMDB  Report this page,Horror,"Lisa Cook, Bill DeWild, Todd Jason Cook",Death Metal Zombies,1995,https://letterboxd.com/film/death-metal-zombies/
Death Nurse,1987,"Shady Palms Clinic, a place where nurse Edith Mortley and her brother Dr. Gordon Mortley take great care of their patients. They tuck you in, offer free burial service, and serve freshly made sandwiches.",Nick Millard,60 mins   More at IMDb TMDB  Report this page,"Thriller, Horror","Priscilla Alden, Albert Eskinazi, Frances Millard",Death Nurse,1987,https://letterboxd.com/film/death-nurse/
Death Nurse 2,1988,"That crazy killer nurse is at it again! Edith Mortley continues to slay more and more dumbfounded patients, turning them into rat food.",Nick Millard,62 mins   More at IMDb TMDB  Report this page,"Crime, Comedy, Horror","Priscilla Alden, Albert Eskinazi, Frances Millard",Death Nurse 2,1988,https://letterboxd.com/film/death-nurse-2/
Death of Me,2020,"A couple on holiday on a remote South Pacific island awaken one morning with a hang over and no recollection of what transpired. When playing back a video of the previous night, they see they participated in a local ritual that somehow ends with him murdering her.",Darren Lynn Bousman,95 mins   More at IMDb TMDB  Report this page,"Mystery, Horror","Maggie Q, Luke Hemsworth, Alex Essoe",Death of Me,2020,https://letterboxd.com/film/death-of-me/
Death Shock,1981,Sex and black magic in the Norwich countryside.,Frank Thring,Adult   47 mins   More at IMDb TMDB  Report this page,Horror,"Linzi Drew, Frank Thring",Death Shock,1981,https://letterboxd.com/film/death-shock/
Death Trip,2021,"Four friends take a cottage vacation in the dead of winter, seeking refuge from their busy urban lives, if only for one weekend. However, the few residents who remain in the secluded cottage town of Rideau Ferry don’t seem to take kindly to strangers… From the moment they reach their destination, the visitors, a group of twenty-something artist types, are confronted by the ominous gaze of neighbouring cottagers, all of whom have no choice but to tough out the cold winter in this small, rural town. Over the course of their stay, the friends begin to uncover dark details about the inhabitants of the houses around them. After one of the friends is found mutilated on the front porch of a nearby cottage, the friends quickly discover that nothing is what it seems.",James Watts,101 mins   More at IMDb TMDB  Report this page,"Horror, Thriller","Kelly Kay Hurcomb, Tatyana Olal, Garrett Johnson",Death Trip,2021,https://letterboxd.com/film/death-trip-2021/
DeathBed,2002,"When Karen and her significant other move to a new apartment, they discover an old antique bed. Karen absolutely loves it and she soon allows it to inspire her artwork. However, a series of disturbing dreams begin to haunt Karen. Eventually she starts to become unhinged and her paranoia overtakes every aspect of her life.",Danny Draven,80 mins   More at IMDb TMDB  Report this page,"Romance, Horror, Thriller","Tanya Dempsey, Brave Matthews, Joe Estevez",DeathBed,2002,https://letterboxd.com/film/deathbed/
Decadent Evil,2005,A fallen foot tall Homunculus called Marvin (a part human/part reptile creature) is imprisoned in a birdcage by a vengeful lover who is bidding to become the world's most powerful vampire.,Charles Band,74 mins   More at IMDb TMDB  Report this page,Horror,"Phil Fondacaro, Debra Mayer, Daniel Lennox",Decadent Evil,2005,https://letterboxd.com/film/decadent-evil/
Decadent Evil 2,2007,"Sugar the good vampire, her boyfriend Dex, and Marvin the homunculous attempt to hunt down a powerful vampire in order to resurrect Marvin's dead son.",Charles Band,82 mins   More at IMDb TMDB  Report this page,Horror,"Jill Michelle, Daniel Lennox, Ricardo Gil",Decadent Evil 2,2007,https://letterboxd.com/film/decadent-evil-2/
Deep Blue Sea 2,2018,"When shark conservationist Dr. Misty Calhoun is invited to consult on a top-secret project run by pharmaceutical billionaire Carl Durant, she is shocked to learn that the company is using unpredictable and highly aggressive bull sharks as its test subjects, which soon break loose and cause havoc.",Darin Scott,94 mins   More at IMDb TMDB  Report this page,"Science Fiction, Horror, Action","Danielle Savre, Rob Mayes, Michael Beach",Deep Blue Sea 2,2018,https://letterboxd.com/film/deep-blue-sea-2/
Deep Blue Sea 3,2020,"Dr. Emma Collins and her team are spending their third summer on the island of Little Happy studying the effect of climate change on the great white sharks who come to the nearby nursery every year to give birth. Along with the last two inhabitants of this former fishing village, their peaceful life is disrupted when a ""scientific"" team led by her ex-boyfriend and marine biologist Richard show up looking for three bull sharks who we soon learn aren't just any bull sharks.",John Pogue,100 mins   More at IMDb TMDB  Report this page,"Action, Horror, Science Fiction","Tania Raymonde, Nathaniel Buzolic, Emerson Brooks",Deep Blue Sea 3,2020,https://letterboxd.com/film/deep-blue-sea-3/
Delirium,2018,"A man recently released from a mental institute inherits a mansion after his parents die. After a series of disturbing events, he comes to believe it is haunted.",Dennis Iliadis,96 mins   More at IMDb TMDB  Report this page,"Horror, Thriller","Topher Grace, Kelli Barksdale, Patricia Clarkson",Delirium,2018,https://letterboxd.com/film/delirium-2018/
Delivery,2006,"Disturbed loner Montgomery Goth struggles to maintain his sanity while working a thankless job as a pizza delivery man. Montgomery's miserable life perks up after he meets the girl of his dreams in the form of the sweet Bibi. However, things go awry and Montgomery's inner demons push him to go off the murderous deep end.",Jose Zambrano Cassella,100 mins   More at IMDb TMDB  Report this page,Horror,"Matthew Nelson, Tara Cardinal, Jessica Karshner",Delivery,2006,https://letterboxd.com/film/delivery/
Delta Delta Die!,2003,"Mother Fitch (Julie Strain) and her girls have an insatiable taste for men; their flesh that is. The Delta Delta Pi sorority girls are not only the most popular and wealthy on campus, but also the most deadly. Now, as they prepare for their 20th anniversary homecoming, a meddlesome student has enlisted the help of DDP charter member Rhonda Cooper (Brinke). Together they attempt to end the sorority's reign of culinary terror that grips the California campus.",Devin Hamilton,83 mins   More at IMDb TMDB  Report this page,"Comedy, Horror","Julie Strain, Brinke Stevens, Joe Dain",Delta Delta Die!,2003,https://letterboxd.com/film/delta-delta-die/
Demon Dolls,1993,"Scott and his friend Nick use the occult to bring a doll to life as a joke, not realizing that the doll consumed an evil spirit and is inhabiting others and stealing souls. Scott s wife Stacey is soon put through the nightmarish test of trying to figure out what is real and what is not. Scott is soon possessed and the evil unleashes throughout a world of strange dreamlike atmosphere in a fight to revoke the evil spirit that is trying to take over their world.",Todd Jason Cook,90 mins   More at IMDb TMDB  Report this page,Horror,"Lisa Cook, Todd Jason Cook, Rik Deskin",Demon Dolls,1993,https://letterboxd.com/film/demon-dolls/
Demon Haunt,2009,"A school teacher and her wheelchair-bound sister purchase a house that seems to be haunted by a strange supernatural force. Father LeCleur and his son Raymond are called in to vanquish the demonic entities. But when the hell-spawn turn out to be much stronger than anyone thought, a bloody showdown ensues.",Ted V. Mikels,90 mins   More at IMDb TMDB  Report this page,"Fantasy, Horror","Sean Morelli, John P. Baniqued, Olivia Dunkley",Demon Haunt,2009,https://letterboxd.com/film/demon-haunt/
Demon Queen,1987,A female vampire goes on a rampage seeking blood.,Donald Farmer,54 mins   More at IMDb TMDB  Report this page,Horror,"Mary Fanaro, Dennis Stewart, Clifton Dance",Demon Queen,1987,https://letterboxd.com/film/demon-queen/
Demon Resurrection,2008,"In an isolated house, a group of friends battle supernatural forces as they try to protect a young woman from an evil cult in this low-budget shocker that pays homage to 70s horror and exploitation classics.",William Hopkins,90 mins   More at IMDb TMDB  Report this page,"Horror, Science Fiction, Fantasy, Thriller","Alexis Golightly, Laurie Miller, Bashir Solebo",Demon Resurrection,2008,https://letterboxd.com/film/demon-resurrection/
Demon Slayer,2003,"Five delinquent teenagers are assigned the task of converting a long-abandoned mental hospital in South Central Los Angeles into a community center. Little do they know that the hospital is the site of centuries of supernatural mayhem and murder. Plagued by terrors beyond belief, the teenagers must fight to survive a battle where the division between the living and the dead is shattered.",James Cotten,84 mins   More at IMDb TMDB  Report this page,Horror,"Michelle Acuna, Monique Deville, Hanna Lee",Demon Slayer,2003,https://letterboxd.com/film/demon-slayer/
Demon Under Glass,2002,"The city of Los Angeles is being terrorized by a serial killer who preys on youthful females and bleeds them dry after abusing them. With no calling card, no tangible forensic evidence and a growing list of victims, a specialty force made up of highly skilled authorities is called in. When one of their own goes in to trap the killer, will she come out alive, or will the killer have the upper hand?",Jon Cunningham,111 mins   More at IMDb TMDB  Report this page,Horror,"Jason Carter, Garett Maggart, Jack Donner",Demon Under Glass,2002,https://letterboxd.com/film/demon-under-glass/
Demon Wind,1990,"The strange and brutal deaths of Cory’s grandparents has haunted him for years. Determined to discover the truth, he has returned to the desolate region where they lived, along with a group of friends, to try and uncover the mystery. Ignoring warnings from the locals that the area is cursed, Cory and his friends soon realize that the legend is true, as the Demon Wind, possesses and destroys them, one by one, turning them into monsters from hell.",Charles Philip Moore,96 mins   More at IMDb TMDB  Report this page,Horror,"Eric Larson, Francine Lapensée, Rufus Norris",Demon Wind,1990,https://letterboxd.com/film/demon-wind/
Demon's Kiss,2002,"While on an exploratory research trip into the jungles of South America, the beautiful Teresa Burns in bitten by a strange creature. Upon returning home Teresa starts to change - she is more aggressive, with heightened senses and an uncontrollable passion. The mysterious bite has inflicted her with the lust of a wild woman and the killer kiss of a demon. Teresa's boyfriend Paul is detained as the prime suspect of several mysterious murders. He informs the police about his girlfriend's strange behavior since their return and that it is she who is responsible for the murders. As Teresa's passion grows stronger, so does her bloodlust. Soon the demons within her take over, pushing her to the edge of sanity.",Brad Sykes,82 mins   More at IMDb TMDB  Report this page,Horror,"Madeleine Wade, Jeff Marchelletta, John David Shepherd",Demon's Kiss,2002,https://letterboxd.com/film/demons-kiss/
The Demon's Rook,2013,"A young boy named Roscoe finds a portal to another world where he is taught magic by an elder demon known as Dimwos. Dimwos raises the boy into manhood, revealing to him many secrets.",James Sizemore,103 mins   More at IMDb TMDB  Report this page,"Horror, Fantasy, Adventure","James Sizemore, John Chatham, Melanie Richardson",The Demon's Rook,2013,https://letterboxd.com/film/the-demons-rook/
Demonic Toys,1992,"While on a stakeout, Judith Gray, a beautiful, tough cop, is trapped inside a warehouse full of toys that have been awakened to murderous life by a strange child of darkness.",Peter Manoogian,86 mins   More at IMDb TMDB  Report this page,Horror,"Tracy Scoggins, Bentley Mitchum, Daniel Cerny",Demonic Toys,1992,https://letterboxd.com/film/demonic-toys/
The Demons of Dorothy,2021,"Dorothy’s a film director and a bit of a loser. One night, after a few beers, she lets loose on her script when a call from her producer kills her buzz: enough with the queer comedies, it’s time to start making mainstream films. To avoid sinking to the deepest depths of despair, Dorothy seeks comfort in her favorite TV show ""Romy the Vampire Slayer"". Unfortunately, her own demons show up.",Alexis Langlois,29 mins   More at IMDb TMDB  Report this page,"Comedy, Horror","Justine Langlois, Lio, Nana Benamer",The Demons of Dorothy,2021,https://letterboxd.com/film/the-demons-of-dorothy/
The Dentist 2,1998,"Dr. Feinstone escapes from the mental hospital where he has been held ever since his wife's adultery sent him on a deranged killing spree. Hoping to resume a normal life, he makes his way to a quiet Midwestern town and establishes himself in a new practice under an assumed name. Things are starting to look up for Dr. 'Caine' – that is, until the day he catches his new love in the arms of someone else. As before, the impact of romantic betrayal sends him over the edge into madness and murder, with his unfortunate patients once again bearing the brunt of his hostility.",Brian Yuzna,98 mins   More at IMDb TMDB  Report this page,"Horror, Thriller","Corbin Bernsen, Jillian McWhirter, Jeff Doucette",The Dentist 2,1998,https://letterboxd.com/film/the-dentist-2/
The Dentist,1996,"Dr. Alan Feinstone has everything: a beautiful wife and a successful career in dentistry. However, when he discovers his wife's affair, he realizes that behind every clean, white surface lies the stench of decay.",Brian Yuzna,92 mins   More at IMDb TMDB  Report this page,"Horror, Thriller","Corbin Bernsen, Linda Hoffman, Michael Stadvec",The Dentist,1996,https://letterboxd.com/film/the-dentist-1996/
Detour,2003,"Driving home from a deep desert rave, seven teenage friends travel off the beaten path only to be trapped in a reality far more horrible and frightening than any nightmare they could possibly imagine... Flesh eating cannibals roam this stretch of tortured land, feeding off anyone who is foolish enough to stray into their deadly territory. Now the friends must become as savage as their attackers if they are to escape the desert alive...",Steve Taylor,88 mins   More at IMDb TMDB  Report this page,"Thriller, Horror","Ashley Elizabeth Reed, Aaron Buer, Brent Taylor",Detour,2003,https://letterboxd.com/film/detour-2003/
Detroit Driller Killer,2020,A struggling screenwriter is driven to violence by the noise and decay of the city around him. He lashes out with an electric power drill.,Matt Jaissle,71 mins   More at IMDb TMDB  Report this page,Horror,"Matt Jaissle, William Childress, Chris Heikka",Detroit Driller Killer,2020,https://letterboxd.com/film/detroit-driller-killer/
The Devil Below,2021,"A group of four amateur adventurers who specialize in exploring remote and forsaken places pay a visit to Shookum Hills, a town in the remote Appalachian Mountains which was abandoned decades ago due to a mysterious coal mine fire.",Bradley Parker,89 mins   More at IMDb TMDB  Report this page,"Horror, Thriller","Alicia Sanz, Adan Canto, Will Patton",The Devil Below,2021,https://letterboxd.com/film/the-devil-below/
Devil Dog,2007,A family pet turns deadly in this low-budget horror film.,Catherine Glove,More at IMDb TMDB  Report this page,Horror,"Stefanie Hubbard, Brad Crates",Devil Dog,2007,https://letterboxd.com/film/devil-dog/
Devil in the Flesh,1998,"When her mother is killed in a mysterious house fire, rebellious teen Debbie Strand is sent to live with her grandmother, where she becomes even more unhinged. She develops an intense crush on her hunky creative writing teacher, Peter Rinaldi, but her numerous attempts at seduction end in failure. Soon Peter's friends start turning up dead, and he fears that his fiancée, Marilyn, may be Debbie's next victim.",Steve Cohen,99 mins   More at IMDb TMDB  Report this page,"Horror, Thriller","Rose McGowan, Alex McArthur, Phil Morris",Devil in the Flesh,1998,https://letterboxd.com/film/devil-in-the-flesh/
Devil Rider,1991,"Yuppie Tom brings his investor buddies out to a dude ranch, hoping they'll want to help him turn it into a high-end resort, not knowing that the Devil Rider has roamed the land, killing all who try to claim it as their own, awakening whenever it is trespassed upon.",Vic Alexander,95 mins   More at IMDb TMDB  Report this page,"Horror, Action","Tag Groat, Rick Groat, Deborah Norris",Devil Rider,1991,https://letterboxd.com/film/devil-rider-1991/
Devil's Prey,2020,"As a demon and a fallen angel battle for his soul, a tormented serial killer is stalked by the ghosts of his past victims and hunted by detectives searching for his latest prey.",Lincoln Casimir,81 mins   More at IMDb TMDB  Report this page,"Horror, Thriller, Mystery","Paul C. Kelly, George Flowers, Vincent Ticali",Devil's Prey,2020,https://letterboxd.com/film/devils-prey-2020/
The Devil's Rock,2011,"Set in the Channel Islands on the eve of D Day, two Kiwi commandos, sent to destroy German gun emplacements to distract Hitler's forces away from Normandy, discover a Nazi occult plot to unleash demonic forces to win the war.",Paul Campion,83 mins   More at IMDb TMDB  Report this page,"War, Fantasy, Horror, Thriller","Craig Hall, Matthew Sunderland, Gina Varela",The Devil's Rock,2011,https://letterboxd.com/film/the-devils-rock/
The Devil's Tomb,2009,"Captain Mack leads an elite military unit on a search for a missing scientist, and comes face-to-face with an an ancient evil lying beneath the Middle Eastern desert. Evil that is not of this world. Evil that should never be unearthed.",Jason Connery,90 mins   More at IMDb TMDB  Report this page,"Horror, Science Fiction, Action, Thriller","Cuba Gooding Jr., Ray Winstone, Ron Perlman",The Devil's Tomb,2009,https://letterboxd.com/film/the-devils-tomb/
DevilDolls,2012,A true trilogy of terror! Welcome to the haunted dollhouse where 3 devilish tales of twisted horror take place. From a re-animated rag doll that seeks revenge to a child's doll graveyard where angry playthings come back to life - enter the world of Devil Dolls! Re-edited versions of: Demonic Toys / Dangerous Worry Dolls / Skullheads,Ted Nicolaou,90 mins   More at IMDb TMDB  Report this page,Horror,"Phil Fondacaro, Jennia Fredrique, Kristyn Green",DevilDolls,2012,https://letterboxd.com/film/devildolls/
Devon's Ghost: Legend of the Bloody Boy,2005,"A serial killer terrorizes the horror-stricken town of Canyon City. Plagued by a 10-year-old tale of the mysterious murder of Devon Anderson, this community still harbors curiosity when the current victims - and the evidence surrounding their murders - appear to be very similar to what happened to Devon and the parents accused of killing him. Did Devon die? Convinced Devon is alive - and the killer - a group of teens set off to find and stop him from murdering again. Staying one step ahead of the authorities, they find out the killer is too smart and too strong running is not an option. They must fight to escape the killer's wrath and get one step closer to answering the legend and mystery that surrounds that fateful night.",Johnny Yong Bosch,90 mins   More at IMDb TMDB  Report this page,Horror,"Karan Ashley, Johnny Yong Bosch, Reza Bahador",Devon's Ghost: Legend of the Bloody Boy,2005,https://letterboxd.com/film/devons-ghost-legend-of-the-bloody-boy/
DeVour,2005,Friends become increasingly addicted to a video game that has an evil agenda.,David Winkler,90 mins   More at IMDb TMDB  Report this page,Horror,"Jensen Ackles, Shannyn Sossamon, Dominique Swain",DeVour,2005,https://letterboxd.com/film/devour/
Diary of a Cannibal,2007,"They met on the Internet. They fell in love. They drove to the desert and stopped at an abandoned warehouse. They wandered inside. Inside they found unspeakable horror. Only one of them survived the ordeal of CANNIBAL. From a hospital bed, an injured Noelle tells shocked police detectives a tale of cannibal terror. In recounting her ordeal, the detectives learn of an even more awful truth behind the actions of this tragic couple. Horror master Ulli Lommel's depraved tale of a modern-day CANNIBAL is based on the real-life case of a man who murdered and consumed his lover -- liver and all! -- in a strange act of consensual love. In Lommel's film of the events, two star-crossed lovers enter a world where madness rules and even a loved one can transform into a flesh-eating cannibal.",Ulli Lommel,81 mins   More at IMDb TMDB  Report this page,"Romance, Horror, Crime","Trevor Parsons, Jillian Swanson, Michael Barbour",Diary of a Cannibal,2007,https://letterboxd.com/film/diary-of-a-cannibal/
Die Influencers Die,2020,"Alpha male social media star Stue Harrington dupes a group of his peers into an overnight live-streaming event at an abandoned movie studio in Las Vegas, Nevada. Deep behind the old movie sets is the lair of a savage blood thirsty Clown Model Moxie who's directed to kill these intruders by a sinister Otherworld-Coyote.",Gary Orona,74 mins   More at IMDb TMDB  Report this page,Horror,"DevHorra Dark, Seth Fischer, Esther Gabriel",Die Influencers Die,2020,https://letterboxd.com/film/die-influencers-die/
Digging Up the Marrow,2014,A documentary filmmaker turns his lens on an enigmatic conspiracy theorist who claims he's found the entrance to a vast underground city populated entirely by monsters.,Adam Green,98 mins   More at IMDb TMDB  Report this page,Horror,"Ray Wise, Adam Green, Kane Hodder",Digging Up the Marrow,2014,https://letterboxd.com/film/digging-up-the-marrow/
The Dinner Party,2020,"A budding playwright and his wife attend a dinner party hosted by wealthy, cultural elites, who have promised to bankroll the writer's latest play to Broadway, but, in fact, have darker designs in mind for the couple.",Miles Doleac,116 mins   More at IMDb TMDB  Report this page,"Horror, Thriller","Sherri Eakin, Jeremy London, Sawandi Wilson",The Dinner Party,2020,https://letterboxd.com/film/the-dinner-party-2020/
Discopath,2013,"The mid-70's: A timid young New Yorker leads an uneventful life until he is fatefully exposed to the pulsating rhythms of a brand-new genre of music....disco. Unable to control his murderous impulses that stem from a traumatic childhood experience, Duane Lewis transforms into a dangerous serial killer exiled to Montreal.",Renaud Gauthier,81 mins   More at IMDb TMDB  Report this page,"Crime, Horror","Jérémie Earp, Sandrine Bisson, Ingrid Falaise",Discopath,2013,https://letterboxd.com/film/discopath/
Disembodied,1998,"The story of Connie Sproutz, a likeable young woman with the sad problem of a spore-generating deformity on her face which causes difficulties in her day-to-day life such as dissolving into a gelatinous mass anyone who is to be devoured by the neural parasite that inhabits her skull, which is empty due to the fact that she stores her brain in a jar beside her bed.",William Kersten,78 mins   More at IMDb TMDB  Report this page,Horror,"Anastasia Woolverton, Hannah Nease, James Diederichsen",Disembodied,1998,https://letterboxd.com/film/disembodied/
Dismissed,2017,A straight-edged teacher finds trouble when an honors student is willing to do anything to get an A.,Benjamin Arfmann,87 mins   More at IMDb TMDB  Report this page,"Horror, Thriller","Dylan Sprouse, Kent Osborne, Rae Gray",Dismissed,2017,https://letterboxd.com/film/dismissed/
Disturbed,2009,The quiet town of Quartz Hill is about to experience the worst night of the town's history. A notorious killer has escaped from death row with one thought on his mind. Revenge.,Brian McLaughlin,84 mins   More at IMDb TMDB  Report this page,Horror,"Melissa Deverian, Alex Aldridge, Peyten Aldridge",Disturbed,2009,https://letterboxd.com/film/disturbed/
The Divine Enforcer,1992,"A mysterious new priest comes to town to stay with fellow men of the cloth Erik Estrada, and Jan-Michael Vincent. Little do they know, this ferocious father possesses extraordinary martial arts skill, crucifix blades and a gold handgun with the cross on the handle. Soon, in this ""bad"" neighborhood, the priest begins cleaning up the local drug dealing scum-bags. Then he meets lunatic Don Stroud in the confessional, and Stroud claims to be the bloodsucking, skull stealing ""vampire"" serial killer ravaging the city. The priest encounters a young lass who has visions of Stroud committing his dastardly deeds, and when the vampire kidnaps her the priest speaks the words, ""Open the gates of Hell! For I am the right hand of God!!!,"" and sets off towards his deadliest encounter yet.",Robert Rundle,90 mins   More at IMDb TMDB  Report this page,"Horror, Thriller","Jan-Michael Vincent, Erik Estrada, Jim Brown",The Divine Enforcer,1992,https://letterboxd.com/film/the-divine-enforcer/
DNA,1996,"A mad scientist's DNA experiment on the bones of a mysterious jungle creature brings the carnivorous beast to life, and only his former assistant Ash Mattley and CIA operative Claire Sommers can stop it.",William Mesa,97 mins   More at IMDb TMDB  Report this page,"Action, Thriller, Science Fiction, Horror","Mark Dacascos, Jürgen Prochnow, Robin McKee",DNA,1996,https://letterboxd.com/film/dna/
Do Not Reply,2019,"Chelsea, a high school introvert, is abducted through a social media app and is forced to look like other girls Brad holds captive. Chelsea desperately attempts to persuade them to escape before they all become victims in his virtual reality filmed murders.",Daniel Woltosz,99 mins   More at IMDb TMDB  Report this page,"Thriller, Horror","Jackson Rathbone, Amanda Arcuri, Kerri Medders",Do Not Reply,2019,https://letterboxd.com/film/do-not-reply/
Do You Wanna Know a Secret?,2001,"As a night out on the town turns into a nightmare, six young college students must fight for their lives as a killer hunts them down.",Thomas Bradford,90 mins   More at IMDb TMDB  Report this page,Horror,"Joey Lawrence, Chad Allen, Dorie Barton",Do You Wanna Know a Secret?,2001,https://letterboxd.com/film/do-you-wanna-know-a-secret/
Doctor Bloodbath,1987,"It's the story of Dr. Thorn, an abortionist who uses post-procedure house calls as opportunities to murder his patients.",Nick Millard,60 mins   More at IMDb TMDB  Report this page,Horror,"Albert Eskinazi, Irmgard Millard, Frances Millard",Doctor Bloodbath,1987,https://letterboxd.com/film/doctor-bloodbath/
The Doctor's Monster,2020,"A reclusive doctor, desperate to help his dying daughter, attempts the ultimate experiment, bring a dead body back to life! His experiment seems to be a success but when the monster gets loose the doctor has no idea what destruction his creation will bring. Before it's all over people run, people cry, people lie and people die because nothing can prepare them for the monster, The Doctor's Monster!",Rick Jenkins,73 mins   More at IMDb TMDB  Report this page,Horror,"Zack Zublena, Benjamin Schnau, Liana Mendoza",The Doctor's Monster,2020,https://letterboxd.com/film/the-doctors-monster/
Doll House,2020,"Doll House is the story of an 11-year-old runaway who arrives at a care home with her only possession a dolls house. She refuses to speak and won’t ever let go of her doll. The other children tease her. People start to disappear and seem to appear as tiny dolls inside the doll house. An evil entity haunts the doll and doll house and is collecting the souls of the children for its ultimate cause, to be alive.",Steven M. Smith,85 mins   More at IMDb TMDB  Report this page,"Drama, Thriller, Horror","Mark Wingett, Toyah Willcox, Louisa Warren",Doll House,2020,https://letterboxd.com/film/doll-house-2020/
Dollman vs. Demonic Toys,1993,"The Demonic Toys are back, so policewoman Judith Grey seeks the help of 12 inch tall Dollman and his 12 inch tall girlfriend, Nurse Ginger. The Toys hole up in an evil deserted toy factory and it's up to Dollman to keep the Toys from summoning the powers of darkness to the Earth.",Charles Band,64 mins   More at IMDb TMDB  Report this page,"Horror, Fantasy, Science Fiction","Tim Thomerson, Tracy Scoggins, Melissa Behr",Dollman vs. Demonic Toys,1993,https://letterboxd.com/film/dollman-vs-demonic-toys/
Dominion,1992,,Todd Sheets,68 mins   More at IMDb TMDB  Report this page,Horror,"Carol Barta, Frank Dunlay, Auggi Alvarez",Dominion,1992,https://letterboxd.com/film/dominion/
Don't Be Scared,2006,A serial killer is on the loose and looking for more victims amongst unsuspecting college students.,Master P,50 mins   More at IMDb TMDB  Report this page,Horror,"Romeo, Meredith Giangrande, Sarah Abendschein",Don't Be Scared,2006,https://letterboxd.com/film/dont-be-scared/
Don't Hang Up,2016,An evening of drunken prank calls becomes a nightmare for a pair of teenagers when a mysterious stranger turns their own game against them.,Damien Macé,83 mins   More at IMDb TMDB  Report this page,"Horror, Thriller","Gregg Sulkin, Sienna Guillory, Garrett Clayton",Don't Hang Up,2016,https://letterboxd.com/film/dont-hang-up/
Don't Knock Twice,2016,A mother desperate to reconnect with her troubled daughter becomes embroiled in the urban legend of a demonic witch.,Caradog W. James,93 mins   More at IMDb TMDB  Report this page,Horror,"Katee Sackhoff, Lucy Boynton, Javier Botet",Don't Knock Twice,2016,https://letterboxd.com/film/dont-knock-twice/
Don't Let Her In,2021,"When an attractive young couple rents out a room in their spacious loft to an eccentric, beautiful female artist, they soon live to regret it. Slowly but surely, their seductive new tenant invades their minds, their beds, the very fabric of their lives",Ted Nicolaou,61 mins   More at IMDb TMDB  Report this page,Horror,"Lorin Doctor, Cole Pendery, Kelly Curran",Don't Let Her In,2021,https://letterboxd.com/film/dont-let-her-in/
Don't Let Them In,2020,"A home invasion horror movie in the vein of You're Next and The Purge, about a group of people under siege by masked intruders in an abandoned hotel.",Mike Dunkin,81 mins   More at IMDb TMDB  Report this page,Horror,"Michelle Luther, Amanda Hunt, Aidan O'Neill",Don't Let Them In,2020,https://letterboxd.com/film/dont-let-them-in-2020/
Don't Look Back,2020,"When a young woman overcoming her traumatic past is among several witnesses who see a man fatally assaulted and don't intervene, they find themselves targeted by someone, or something, out for revenge.",Jeffrey Reddick,85 mins   More at IMDb TMDB  Report this page,"Thriller, Mystery, Horror","Kourtney Bell, Skyler Hart, Will Stout",Don't Look Back,2020,https://letterboxd.com/film/dont-look-back-2020/
Don't Speak,2020,"Upon arriving at their grandparents farm, a family soon realise the entire town has been taken out by an unknown monster that hunts by sound. And soon, they become its prey.",Scott Chambers,84 mins   More at IMDb TMDB  Report this page,Horror,"Stephanie Lodge, Ryan Davies, Jake Watkins",Don't Speak,2020,https://letterboxd.com/film/dont-speak-2020/
Doom Asylum,1987,A demented former lawyer uses autopsy equipment to kill off the teenagers who trespass on the long-abandoned asylum he inhabits. Filmed on location in an actual abandoned asylum.,Richard Friedman,79 mins   More at IMDb TMDB  Report this page,"Comedy, Horror","Patty Mullen, Ruth Collins, Kristin Davis",Doom Asylum,1987,https://letterboxd.com/film/doom-asylum/
Doom: Annihilation,2019,"A group of UAC Marines responds to a distress call from a top-secret scientific base on Phobos, a Martian moon, only to discover it's been overrun by demons.",Tony Giglio,97 mins   More at IMDb TMDB  Report this page,"Action, Science Fiction, Horror","Amy Manson, Luke Allen-Gale, Nina Bergman",Doom: Annihilation,2019,https://letterboxd.com/film/doom-annihilation/
Doomed,2007,"In the future, death row criminals are given a chance to gain a pardon, on a ""survivor"" style reality show, only to find the island is full of zombie ex-contestants. (It's as bad as it sounds)",Michael Su,76 mins   More at IMDb TMDB  Report this page,Horror,"Drew Russell, Kara Schaaf, Edwin Villa",Doomed,2007,https://letterboxd.com/film/doomed/
Dorm of the Dead,2006,"At Arkham University, campus bitches Clare and Julie have a score to settle with goth chicks Sarah and Allison. And when Amy accidentally unleashes a campus zombie epidemic, Clare picks Sarah as the perfect candidate to join the walking dead! But things have a way of backfiring. . .don't they? So don't be surprised if Clare and Julie wind up on tonight's menu!",Donald Farmer,75 mins   More at IMDb TMDB  Report this page,Horror,"Ciara Richards, Adrianna Eder, Jackey Hall",Dorm of the Dead,2006,https://letterboxd.com/film/dorm-of-the-dead/
Down,2019,"A pair of coworkers gets trapped in an elevator over a long weekend, but what at first promises to be a romantic connection turns nefarious as each party begins to reveal who they truly are.",Daniel Stamm,82 mins   More at IMDb TMDB  Report this page,"Horror, Thriller, TV Movie","Natalie Martinez, Matt Lauria, Christina Leone",Down,2019,https://letterboxd.com/film/down-2019/
Dr. Chopper,2005,"Five young friends head out to the country for a weekend at the family cabin and run afoul of a group of motorcycle riding madwomen led by the sadistic, knife-wielding plastic surgeon Dr. Fielding.",Lewis Schoenbrun,84 mins   More at IMDb TMDB  Report this page,Horror,"Costas Mandylor, Ed Brigadier, Chelsey Crisp",Dr. Chopper,2005,https://letterboxd.com/film/dr-chopper/
Dr. Jekyll & Mistress Hyde,2003,"Dr. Jackie Stevenson is a Los Angeles based therapist and scientist who tries to invent a serum to separate the pure from the lustful side of the female psychosis. After she has an unsuccessful experiment with a female client named Martine, which drove her patient to insanity and to a mental hospital, Jackie tries part of the serum on herself and becomes her lustful alter ego Heidi Hyde; a voracious lesbian who prowls the streets of L.A. after dark looking for carnal pleasures.",Tony Marsiglia,88 mins   More at IMDb TMDB  Report this page,"Horror, Drama, Science Fiction","Julian Wells, Erin Brown, Ruby LaRocca",Dr. Jekyll & Mistress Hyde,2003,https://letterboxd.com/film/dr-jekyll-mistress-hyde/
Dr. Moreau's House of Pain,2004,"In a big mansion, a scientist has been experimenting with humans and animals, mixing their DNA together.",Charles Band,72 mins   More at IMDb TMDB  Report this page,"Science Fiction, Horror","John Patrick Jordan, Jessica Lancaster, Peter Donald Badalamenti II",Dr. Moreau's House of Pain,2004,https://letterboxd.com/film/dr-moreaus-house-of-pain/
Dracula 3000,2004,"In the year 3000, the deep space salvage ship Mother III locates the vanished starship Demeter in the Carpathian System. Captain Abraham Van Helsing and his crew composed of the blonde assistant Aurora Ash; the crippled navigator Arthur ""The Professor"" Holmwood, who believes that he is a genius; the strong and dumb Humvee; the intern Mina Murry; and the drug addicted 187, decide to claim the possession of Demeter. While exploring the spacecraft, they see a tape of fifty years ago of Captain Varna telling that he was locked in his cabin since his crew was acting weird after getting a cargo of coffins in Transylvania station. When 187 decides to search in the coffins for some possible hidden dope, he cuts his hand and his blood awakes Count Orlock, a.k.a. Count Dracula. When Aurora discloses who Dracula is, the survivors try to find a way to destroy the vampire.",Darrell James Roodt,87 mins   More at IMDb TMDB  Report this page,"Horror, Science Fiction","Casper Van Dien, Erika Eleniak, Alexandra Kamp",Dracula 3000,2004,https://letterboxd.com/film/dracula-3000/
Dracula II: Ascension,2003,"A group of medical students discover the body of the infamous count. Soon, they find themselves in the middle of a bizarre and dangerous conflict when a shadowy figure offers them $30 million for the body so that he may harvest his blood.",Patrick Lussier,84 mins   More at IMDb TMDB  Report this page,"Horror, Thriller, Fantasy","Stephen Billington, Craig Sheffer, Jason Scott Lee",Dracula II: Ascension,2003,https://letterboxd.com/film/dracula-ii-ascension/
Dracula III: Legacy,2005,"Dracula leads vampire hunters Father Uffizi and Luke back to Eastern Europe, and a country plagued by civil war.",Patrick Lussier,86 mins   More at IMDb TMDB  Report this page,Horror,"Jason Scott Lee, Jason London, Alexandra Wescourt",Dracula III: Legacy,2005,https://letterboxd.com/film/dracula-iii-legacy/
Dracula's Curse,2006,A team of vampire hunters set out to battle an evil vampire clan in the dark underworld.,Leigh Scott,107 mins   More at IMDb TMDB  Report this page,"Horror, Action","Griff Furst, Sarah Lieving, Eliza Swenson",Dracula's Curse,2006,https://letterboxd.com/film/draculas-curse/
Dracula's Guest,2008,"Based upon Bram Stoker's short stories, Dracula's Guest follows the story of two young lovers, Bram and Elizabeth, who are forced by her father, the Admiral Murray, to take a one year probation from their relationship in order to determine whether their love is true. Meanwhile, the Count Dracula is in London searching for a new home and coincidentally, or not, comes across young Elizabeth at the train station after she's run away from home and her father's overbearing ways. Dracula, though, proceeds to kidnap her and take Elizabeth to his castle where he waits for her father's arrival to settle an ancient dispute. Meanwhile, Bram' friend Malcolm sets out to inform Bram of Elizabeth' kidnapping but he soon falls to Dracula's evil ways. And, upon finding his best friend dead Bram sets out across Europe to rescue his true love.",Michael Feifer,83 mins   More at IMDb TMDB  Report this page,"Romance, Horror","Amy Lyndon, Wes Ramsey, Andrew Bryniarski",Dracula's Guest,2008,https://letterboxd.com/film/draculas-guest/
Drainiac!,2000,Some teenagers in an old house find that there's something evil in the water.,Brett Piper,81 mins   More at IMDb TMDB  Report this page,Horror,"Georgia Hatzis, Alexandra Boylan, Ethan Krasnoo",Drainiac!,2000,https://letterboxd.com/film/drainiac/
Dread,2009,"Three college students set out to document what other people dread the most. However, one of the three turns out to secretly be a sadistic psychopath who uses this knowledge to gruesomely torture the subjects.",Anthony DiBlasi,108 mins   More at IMDb TMDB  Report this page,"Drama, Thriller, Horror","Jackson Rathbone, Shaun Evans, Hanne Steen",Dread,2009,https://letterboxd.com/film/dread/
Dream a Little Evil,1990,"A computer geek creates the woman of his dreams on a computer, but things turn sour when she turns into a murderous demon.",Royce Mathew,85 mins   More at IMDb TMDB  Report this page,Horror,"Tom Alexander, Kathy Smith, Richard Sebastian",Dream a Little Evil,1990,https://letterboxd.com/film/dream-a-little-evil/
Dream Home,2006,"When the Cromiers, a young married couple, move into their gorgeous new home in rural Louisiana, they feel like they've died and gone to Heaven. Unfortunately the ghosts that haunt the house threaten to make this a reality, and as the number of unexplainable incidents rises the family realizes they'll be lucky to get out alive.",Amir Valinia,85 mins   More at IMDb TMDB  Report this page,Horror,"Corey Stills, Chantelle Winchester, Mia X",Dream Home,2006,https://letterboxd.com/film/dream-home-2006/
Dream Stalker,1991,"After her boyfriend Ricky is killed in a motocross accident, Brittney has dreams of him as Dead Ricky, a burned-up killer who dispatches all those who get between his undead love for her. But when her friends start getting offed it might not be a dream after all!",Christopher Mills,90 mins   More at IMDb TMDB  Report this page,"Drama, Horror, Thriller","Valerie Williams, Mark Dias, Pamela Hong",Dream Stalker,1991,https://letterboxd.com/film/dream-stalker/
Dreamcatcher,2021,"The film centers on two estranged sisters who, along with their friends, become entrenched in a 48 hour whirlwind of violence after a traumatic experience at an underground music festival.",Jacob Johnston,90 mins   More at IMDb TMDB  Report this page,"Mystery, Horror, Thriller","Niki Koss, Zachary Gordon, Travis Burns",Dreamcatcher,2021,https://letterboxd.com/film/dreamcatcher-2021/
Dreamkatcher,2020,"Gail is forced to come to terms with Josh, her new stepson, at a remote country home. After stealing an evil talisman from a mysterious neighbor, Josh has sinister dreams of his dead mother, who commands Josh to murder Gail. When Josh's dad returns, he and Gail suspect that their son has been possessed by an ancient, bloodthirsty spirit. Is it too late to save Josh's life — or their own?",Kerry Harris,85 mins   More at IMDb TMDB  Report this page,"Horror, Thriller","Radha Mitchell, Henry Thomas, Lin Shaye",Dreamkatcher,2020,https://letterboxd.com/film/dreamkatcher/
Drive Thru,2007,A high-school student must save townspeople from a murderous clown who works at a fast-food place.,Brendan Cowles,82 mins   More at IMDb TMDB  Report this page,"Comedy, Thriller, Horror","Leighton Meester, Van De La Plante, Nicholas D'Agosto",Drive Thru,2007,https://letterboxd.com/film/drive-thru/
Dude Bro Party Massacre III,2015,"In the wake of two back-to-back mass murders on Chico's frat row, loner Brent Chirino must infiltrate the ranks of a popular fraternity to investigate his twin brother's murder at the hands of the serial killer known as ""Motherface.""",Tomm Jacobsen,101 mins   More at IMDb TMDB  Report this page,"Comedy, Horror","Alec Owen, Patton Oswalt, Paul Prado",Dude Bro Party Massacre III,2015,https://letterboxd.com/film/dude-bro-party-massacre-iii/
The Dummy,1995,A newlywed couple visits a fortune teller just for laughs. The fun soon turns to terror after they insult the woman and leave without paying. The fortune teller then unleashes an evil spirit inside a creepy-looking ventriloquist doll that she commands to kill anybody who speaks to the couple on their first anniversary.,Todd Jason Cook,90 mins   More at IMDb TMDB  Report this page,Horror,,The Dummy,1995,https://letterboxd.com/film/the-dummy-1995/
The Dummy,2000,A ventriloquist's dummy with a mind of it's own can't resist it's homicidal impulses and cuts a bloody swath through a peaceful suburb.,Keith Singleton,83 mins   More at IMDb TMDB  Report this page,,,The Dummy,2000,https://letterboxd.com/film/the-dummy-2000/
Easter Casket,2013,All hell breaks loose when Peter Cottontail aka The Easter Bunny hears that the Catholic Church is about to do away with all Easter rituals not pertaining directly to the resurrection of Christ. With Father Asher (A warrior priest) hot on his trail Cottontail starts a rampage leaving the bodies of the clergy (and a few schoolgirls) in his wake. Can Asher stop him before its too late?,Dustin Mills,80 mins   More at IMDb TMDB  Report this page,Horror,"Josh Eal, Erin R. Ryan, Dustin Mills",Easter Casket,2013,https://letterboxd.com/film/easter-casket/
Easter Holocaust,2020,"In a small town, a demonic form of the Easter Bunny murders everyone in its path. The residents realize that they must destroy the creature before it completes its 'Easter Holocaust' and brings about the apocalypse.",Michael Leo Centi,136 mins   More at IMDb TMDB  Report this page,Horror,"Todd Acton, Joshua Anderson, Sharon Backos",Easter Holocaust,2020,https://letterboxd.com/film/easter-holocaust/
Eat,2014,"Novella McClure is like most struggling actresses in Los Angeles: she's in her early 30s, her fake name sounded cooler ten years ago, and she hasn't landed a role in three years. To top it all off, she's developed a disturbing habit of eating her own flesh. Novella desperately tries to hide her strange condition from her motherly landlord, Eesha, and somewhat psychopathic best friend, Candice, but her body and mind continue to deteriorate in the depressing world of failed auditions and sketchy night clubs. Can a romantic relationship with her psychiatrist prevent her from self destruction? Or will her fatal habit continue to eat away at her?",Jimmy Weber,92 mins   More at IMDb TMDB  Report this page,"Thriller, Horror, Drama","Meggie Maddock, Ali Francis, Jeremy Make",Eat,2014,https://letterboxd.com/film/eat-2014/
Ed Gein: The Butcher of Plainfield,2007,"Inspired by the true story of one of the most gruesome killers in American history. Now, years after inspiring ""Psycho's"" Norman Bates, ""The Silence Of The Lambs'"" Buffalo Bill and ""The Texas Chainsaw Massacre's"" Leatherface, the story of real life serial killer Ed Gein is told once again. Nicknamed ""The Butcher Of Plainfield,"" Gein was responsible for a rash of gory murders that sent shock waves through his rural Wisconsin town, and across America, in the late 1950's. Prepare to enter the evil mind and twisted world of ""The Butcher Of Plainfield.""",Michael Feifer,90 mins   More at IMDb TMDB  Report this page,"Drama, Mystery, Horror, Crime","Kane Hodder, Adrienne Frantz, Michael Berryman",Ed Gein: The Butcher of Plainfield,2007,https://letterboxd.com/film/ed-gein-the-butcher-of-plainfield/
Ed Gein: The Ghoul of Plainfield,2004,"Documentary about the real life inspiration behind ""The Texas Chain Saw Massacre,"" serial killer Ed Gein.",Michelle Palmer,24 mins   More at IMDb TMDB  Report this page,"Horror, Documentary","Ed Gein, John K. Russell, Harold Schechter",Ed Gein: The Ghoul of Plainfield,2004,https://letterboxd.com/film/ed-gein-the-ghoul-of-plainfield/
Edge of Extinction,2020,"15 years after a global apocalypse, mankind is on the verge of extinction. Civilisation no longer exists, food is scarce and most eke out a living by stealing and killing. One boy clings onto life in the desolate British countryside, where staying away from others has been key to his survival. But this self-imposed isolation comes to an abrupt end when he crosses paths with another group of survivors and faces an enemy far more savage than any of them could imagine.",Andrew Gilbert,136 mins   More at IMDb TMDB  Report this page,"Action, Science Fiction, Drama, Horror","Luke Hobson, Chris Kaye, Georgie Smibert",Edge of Extinction,2020,https://letterboxd.com/film/edge-of-extinction/
El Chupacabra,2003,"After his capture in the wilderness, the legendary, bloodthirsty creature 'Chupacabra' escapes into the city creating mayhem and panic. As they pursue the deadly beast, an animal control officer and scientist realize that a vigilante with his own suspicious motive is also tracking the elusive killer for a mysterious research facility run by Dr. Goodspeed...",Paul Wynne,89 mins   More at IMDb TMDB  Report this page,"Horror, Action","Elina Madison, Treach, Eric Alegria",El Chupacabra,2003,https://letterboxd.com/film/el-chupacabra/
Eli,2019,"A boy named Eli with a rare autoimmune disorder is confined to a special experimental clinic for his treatment. He soon begins experiencing supernatural forces, turning the supposedly safe facility into a haunted prison for him and his fellow patients.",Ciarán Foy,98 mins   More at IMDb TMDB  Report this page,Horror,"Charlie Shotwell, Sadie Sink, Lili Taylor",Eli,2019,https://letterboxd.com/film/eli-2019/
Embrace of the Vampire,1995,An 18-year-old college freshman is seduced by a handsome vampire lover who introduces her to a dark world of carnal desires.,Anne Goursaud,92 mins   More at IMDb TMDB  Report this page,"Fantasy, Horror, Romance, Drama","Alyssa Milano, Martin Kemp, Harold Pruett",Embrace of the Vampire,1995,https://letterboxd.com/film/embrace-of-the-vampire/
Embrace of the Vampire,2013,"Sharon Hinnendael stars as Charlotte, a timid and sheltered teen who has just left an all-girls Catholic school for a new life at a co-ed university. But an ancient evil has followed her here, tormenting her with disturbing nightmares and tempting her with forbidden desires. It is a hunger that can only be satiated by sensual pleasures of the flesh...and a thirst for blood. It's a battle for her soul... and one she's losing. But Charlotte is a fighter. The chaos and torment threatens to unleash her own inner beast, and anyone even close to her may find themselves embracing their own horrific fate.",Carl Bessai,91 mins   More at IMDb TMDB  Report this page,Horror,"Sharon Hinnendael, Kaniehtiio Horn, Chelsey Reist",Embrace of the Vampire,2013,https://letterboxd.com/film/embrace-of-the-vampire-2013/
End of the Line,2007,"Karen, a young psychiatric nurse, boards the last subway train of the night only to have it stop in the middle of the tunnel. Suddenly, her nightmare begins: a mysterious cult has decided that it's the end of the world and the only way to save the souls of the living is to kill them in cold blood. As those around her are brutally murdered, Karen and a handful of survivors must face the homicidal cult, supernatural forces and their own fears of Armageddon in order to survive.",Maurice Devereaux,95 mins   More at IMDb TMDB  Report this page,"Thriller, Horror","Ilona Elkin, Nicolas Wright, Neil Napier",End of the Line,2007,https://letterboxd.com/film/end-of-the-line-2007/
The Erotic Ghost,2001,"Self-absorbed and stressed-out yuppie Robert is so caught up with his thankless office job that he neglects his lovely young wife Doris. The sad, unhappy, and frustrated Doris seeks some form of relief and sexual fulfillment from both a lusty lady ghost and two equally voracious female demons.",John Bacchus,72 mins   More at IMDb TMDB  Report this page,"Fantasy, Horror","Tammy Parks, Darian Caine, Victoria Vega",The Erotic Ghost,2001,https://letterboxd.com/film/the-erotic-ghost/
An Erotic Vampire in Paris,2002,"When young Caroline learns of her mother's death in Paris, she travels to the City of Lights for the funeral. Sad and alone, Caroline wanders the exotic city in search of answers, finality, and peace of mind. But only misfortune is in stock, as Caroline is attacked and robbed by a French thug. Coming to her rescue is Isabelle, a mysterious and voluptuous woman who offers her food and shelter. Little does Caroline realize that this Parisian beauty is a modern-day vampire looking for vulnerable victims.",Donald Farmer,79 mins   More at IMDb TMDB  Report this page,"Horror, Romance","Erin Brown, Tina Krause, William Hellfire",An Erotic Vampire in Paris,2002,https://letterboxd.com/film/an-erotic-vampire-in-paris/
Erotic Vampires of Beverly Hills,2015,"Beverly Hills will never be the same after the Dracula family moves into the neighborhood. As the bodies begin the pile up, it becomes clear that vampires are making a meal out of Society's upper crust, attracting the attention of the beautiful Vampire Slayer, whose sexy charms are backed up by her deadly talent for loving and killing.",Dean McKendrick,81 mins   More at IMDb TMDB  Report this page,"Comedy, Horror","Jacqui Holland, Sarah Hunter, Jazy Berlin",Erotic Vampires of Beverly Hills,2015,https://letterboxd.com/film/erotic-vampires-of-beverly-hills/
An Erotic Werewolf in London,2006,"Misty and Ruby are a couple who run a lesbian bar in New Jersey when their lives change one night with the arrival of a seductive woman (Anoushka) who bites Misty, thus starting her slow transformation into a werewolf. Anoushka the werewolf returns to her home in London, England where she gives an interview to a young reporter about her life as a werewolf, while back in America, Misty undergoes a slow transformation into a werewolf herself which may lead to danger for Ruby, and any other woman involved.",William Hellfire,69 mins   More at IMDb TMDB  Report this page,Horror,"Erin Brown, Anushka Garin, Darian Caine",An Erotic Werewolf in London,2006,https://letterboxd.com/film/an-erotic-werewolf-in-london/
Escape Room,2017,Four friends who partake in a popular Los Angeles escape room find themselves stuck with a demonically possessed killer. They have less than an hour to solve the puzzles needed to escape the room alive.,Peter Dukes,90 mins   More at IMDb TMDB  Report this page,"Fantasy, Horror, Thriller","Skeet Ulrich, Sean Young, Christine Donlon",Escape Room,2017,https://letterboxd.com/film/escape-room/
Escape Room,2017,Six friends test their intelligence when an escape room they participate in takes a dark and twisted turn.,Will Wernick,81 mins   More at IMDb TMDB  Report this page,"Horror, Thriller","Evan Williams, Annabelle Stephenson, Elisabeth Hower",Escape Room,2017,https://letterboxd.com/film/escape-room-2017/
Escape the Field,2022,"Six strangers suddenly awaken in a remote, endless cornfield. Stripped of their possessions, they are left with only six items: a gun with a single bullet, matches, a lantern, a knife, a compass, and a flask of water. As mysterious sirens blare in the distance and traps appear at every turn, the group realizes it’s been plunged into a cat-and-mouse game with an unseen evil, and survival depends upon solving a diabolical and deadly puzzle.",Emerson Moore,89 mins   More at IMDb TMDB  Report this page,"Thriller, Horror","Jordan Claire Robbins, Theo Rossi, Tahirah Sharif",Escape the Field,2022,https://letterboxd.com/film/escape-the-field/
Escape: Puzzle of Fear,2020,"Hot-shot Hollywood agent Matthew Blake has a dark past. He thinks that he is on his way to a double date with his oldest friend to a new Escape Room in Los Angeles. When the couples are locked into the Escape Room, Matthew quickly finds himself at the center of a revenge plot meant to right the wrongs of his past, with deadly results.",J. Jones,83 mins   More at IMDb TMDB  Report this page,"Horror, Thriller","Tommy Nash, Aubrey Reynolds, Omar Gooding",Escape: Puzzle of Fear,2020,https://letterboxd.com/film/escape-puzzle-of-fear/
Estranged,2015,"Due to a near-fatal accident that has left her incapacitated and depleted of her long-term memory, a temporarily wheelchair-bound woman returns home after being abroad for six years accompanied by her bohemian boyfriend, the apparent cause of the accident. Unable to remember her family or her own childhood, she sets out, with the help of her boyfriend, to find the reason for her leaving all those years ago and quickly discovers her relatives may not be as loving as she’d thought",Adam Levins,92 mins   More at IMDb TMDB  Report this page,"Thriller, Horror","James Cosmo, Amy Manson, Nora-Jane Noone",Estranged,2015,https://letterboxd.com/film/estranged/
Evidence,2011,"Ryan is making a documentary on his friend, Brett, about camping for the first time. However, once they begin camping, they discover that there is a mysterious figure that is hunting them.",Howie Askins,78 mins   More at IMDb TMDB  Report this page,Horror,"Ryan McCoy, Brett Rosenberg, Abigail Richie",Evidence,2011,https://letterboxd.com/film/evidence/
Evil Bong,2006,"Straight-laced nerd Alistair moves into a college dorm with hardcore marijuana users, who order an old giant bong that proves to have strange magical powers, which sends people to a bizarre drugged-out alternate realm from which there is no easy escape.",Charles Band,86 mins   More at IMDb TMDB  Report this page,"Horror, Comedy","David Weidoff, John Patrick Jordan, Mitch Eakins",Evil Bong,2006,https://letterboxd.com/film/evil-bong/
Evil Bong 2: King Bong,2009,Larnell and Luanne travel to South America in search of an antidote to the deranged effects caused by taking hits off of the malevolent Evil Bong.,Charles Band,80 mins   More at IMDb TMDB  Report this page,"Horror, Comedy","Brett Chukerman, Mitch Eakins, John Patrick Jordan",Evil Bong 2: King Bong,2009,https://letterboxd.com/film/evil-bong-2-king-bong/
Evil Bong 3: The Wrath of Bong,2011,"When an evil alien bong crashes on Earth, Luann, Larnell and their other pals soon discover its evil intent: full-blown global domination!",Charles Band,86 mins   More at IMDb TMDB  Report this page,"Horror, Comedy, Science Fiction","John Patrick Jordan, Brian Lloyd, Mitch Eakins",Evil Bong 3: The Wrath of Bong,2011,https://letterboxd.com/film/evil-bong-3-the-wrath-of-bong/
Evil Bong 420,2015,"Rabbit has escaped the Evil Bong’s World of Weed, and has opened a topless bowling alley. When his old friends, Larnell and Sarah Leigh stop by to help him celebrate his wacky new business venture, the Evil Bong gets hot on his trail.",Charles Band,53 mins   More at IMDb TMDB  Report this page,"Horror, Comedy","Sonny Carl Davis, John Patrick Jordan, Robin Sydney",Evil Bong 420,2015,https://letterboxd.com/film/evil-bong-420/
Evil Bong 666,2017,"When a blood sacrifice opens a portal to Hell, Eebee is returned to Earth where Lucy Furr, the new proprietor of her weed shop, has some sinister plans of her own.",Charles Band,65 mins   More at IMDb TMDB  Report this page,Horror,"Megan Sage, Riley Mae, Robin Sydney",Evil Bong 666,2017,https://letterboxd.com/film/evil-bong-666/
Evil Bong 888: Infinity High,2022,"When he's finally given a chance to go legit by opening a restaurant, Rabbit can't stop himself from sliding back to his old ways. With EeBee as his Master Chef, weed is definitely on the menu and this high-end joint is the toke of the town. Staffed with tons of familiar faces and fan favorite buds, will Rabbit end on a high note? Or will he be chopped by the cops in a kitchen nightmare that goes up in smoke.",Charles Band,59 mins   More at IMDb TMDB  Report this page,"Horror, Comedy","Diana Prince, Sonny Carl Davis, Circus-Szalewski",Evil Bong 888: Infinity High,2022,https://letterboxd.com/film/evil-bong-888-infinity-high/
Evil Bong: High-5!,2016,"With Larnell, Sarah Leigh, Rabbit, Velicity and a lobotomized Gingerdead Man trapped in her dastardly web of weed, the Bong World, for good, EeBee the Evil Bong once more sets about her plan for world domination.",Charles Band,71 mins   More at IMDb TMDB  Report this page,"Horror, Comedy","John Patrick Jordan, Robin Sydney, Mindy Robinson",Evil Bong: High-5!,2016,https://letterboxd.com/film/evil-bong-high-5/
Evil Ever After,2006,"Reformed cannibal, Bernie Grisso re-discovers his appetite after being used as a pawn in a malicious game started by his neighbor Ashley, her rotten group of friends and two sadistic cops. Armed with his legendary family's sword and a ravenous midget guardian, Grisso sets out to teach his tormentors a lesson they won't live to forget.",Brad Paulson,104 mins   More at IMDb TMDB  Report this page,"Horror, Comedy","Randal Malone, John Bloom, Brinke Stevens",Evil Ever After,2006,https://letterboxd.com/film/evil-ever-after/
Evil Eye,2020,A seemingly perfect romance turns dark when a mother becomes convinced her daughter’s new boyfriend has a sinister connection to her own past.,Elan Dassani,90 mins   More at IMDb TMDB  Report this page,"Thriller, Mystery, Horror","Sarita Choudhury, Sunita Mani, Bernard White",Evil Eye,2020,https://letterboxd.com/film/evil-eye-2020/
Evil Eyes,2004,"A screenwriter is plagued by nightmares as he writes a script about a family that was slaughtered years before. Soon, the grisly murders he's writing about start to actually happen.",Mark Atkins,80 mins   More at IMDb TMDB  Report this page,Horror,"Adam Baldwin, Jennifer Gates, Udo Kier",Evil Eyes,2004,https://letterboxd.com/film/evil-eyes/
Evil in the Bayou,2003,"Stephanie Beaton's occult thriller Evil In the Bayou concerns a private eye put on the case of a missing woman. The investigation forces the detective into a world of voodoo, human sacrifices, and satanic worship.",Stephanie Beaton,90 mins   More at IMDb TMDB  Report this page,Horror,"Paul Zanone, Stephanie Beaton, Jon Emm",Evil in the Bayou,2003,https://letterboxd.com/film/evil-in-the-bayou/
Evil Nanny,2016,"A couple hires a live-in nanny to watch the offspring while they work. At first, everything goes perfectly, but when an unsafe incident means the parents no longer want the nanny around, they find out this nanny is savvy at not being evicted from her live-in situation. So savvy, in fact, that she can make these parents' lives a true nightmare.",Jared Cohn,90 mins   More at IMDb TMDB  Report this page,"Thriller, Drama, Horror, TV Movie","Lindsay Elston, Monique Parent, Nicole Sterling",Evil Nanny,2016,https://letterboxd.com/film/evil-nanny/
Evil Night,1992,"A group of rich college brats conspire to play a prank on Jimmy Fisher, the school nerd. But when Jimmy ends up unconscious, the co-eds leave him and head out to a party. What they don't realize is that, when Jimmy wakes up, the evil inside of him triggers and he sets out for revenge as he offs his tormentors in some very original ways: exploding cigarettes, beer bottles, mops, spiked frat paddles and more.",Todd Jason Cook,70 mins   More at IMDb TMDB  Report this page,Horror,"Spencer Trask, Holly Aeck, Joseph Fautinos",Evil Night,1992,https://letterboxd.com/film/evil-night/
The Evil One,2005,"Chicago's Englewood is a neighborhood where death is an everyday reality, but a serial killer on the loose has raised the terror quotient tenfold with the brutality of his crimes. When a newspaper photographer uncovers evidence linking the murders to the past, however, the intimations are almost unthinkable. Herman Webster Mudgett Jr., who was buried face down in the late 1800s after achieving the distinction of becoming America's first serial killer, seems to be back and out for revenge. The intrepid reporter has a personal stake in the mystery, as her mother was murdered by a descendant of Mudgett's; she sets out to discover if the urge to kill has been passed down in the blood, or if the culprit is truly from beyond the grave. This hip urban thriller strikes an effectively creepy mood, and features a talented cast that is almost entirely African American.",Parris Reaves,112 mins   More at IMDb TMDB  Report this page,Horror,"Candace Carey, Eric Lane, Big Gipp",The Evil One,2005,https://letterboxd.com/film/the-evil-one/
Evil Sister,1996,A psychopath goes home after 15 years in an insane asylum. Strange things start happening to her family.,Doug Demarco,87 mins   More at IMDb TMDB  Report this page,Horror,"Joliebeth Cope, Bob Dickinson, Kim Farina",Evil Sister,1996,https://letterboxd.com/film/evil-sister/
Evil Sister 2,2001,A young woman and her father go in search of the twin sister who appears in her dreams.,Brad Sykes,79 mins   More at IMDb TMDB  Report this page,Horror,"Heather Branch, Joseph Haggerty, Jarrod Robbins",Evil Sister 2,2001,https://letterboxd.com/film/evil-sister-2/
Evil Takes Root,2020,"A paranormal investigator arrives in a sleepy Midwest town to investigate the mysterious loss of his old lover and reconcile sins of the past. He discovers she fell victim to the Batibat, an ancient evil that followed her home from the Philippines.",Chris W. Freeman,91 mins   More at IMDb TMDB  Report this page,"Horror, Thriller","Nicholas Gonzalez, Sean Carrigan, Stevie Lynn Jones",Evil Takes Root,2020,https://letterboxd.com/film/evil-takes-root/
Evil Toons,1992,"Four sexy young girls are to clean an old house for the new owners. They get delivered an old book full of magic incantations, and while reading it they accidentally bring a cartoon character to life. The cartoon character likes the blood of young girls...",Fred Olen Ray,83 mins   More at IMDb TMDB  Report this page,"Animation, Horror, Comedy","David Carradine, Monique Gabrielle, Arte Johnson",Evil Toons,1992,https://letterboxd.com/film/evil-toons/
The Evil Within,2017,"The sadistic tale of a lonely, mentally handicapped boy who befriends his reflection in an antique mirror. This demonic creature orders him to go on a murderous rampage to kill the people he loves most.",Andrew Getty,98 mins   More at IMDb TMDB  Report this page,Horror,"Frederick Koehler, Sean Patrick Flanery, Brianna Brown",The Evil Within,2017,https://letterboxd.com/film/the-evil-within/
Evil's City,2005,"Reporters uncover the dark secret behind Acheron, a shadowy town whose inhabitants have mysteriously died.",Tom Lewis,83 mins   More at IMDb TMDB  Report this page,"Horror, Action, Thriller","Brandon Largent, America Young, Karl Champley",Evil's City,2005,https://letterboxd.com/film/evils-city/
Exists,2014,A group of friends venture into the remote Texas woods for a party weekend and find themselves stalked by Bigfoot.,Eduardo Sánchez,81 mins   More at IMDb TMDB  Report this page,Horror,"Denise Williamson, Samuel Davis, Roger Edwards",Exists,2014,https://letterboxd.com/film/exists/
Exit 38,2006,"An elite unit of FBI agents hunt a conniving vampire in a small Nevada town. Can they stop him before he completes an ancient ritual that will make him the ultimate vampire, or will he destroy not only them, but the world?",Joel Franco,88 mins   More at IMDb TMDB  Report this page,Horror,"James Hong, Martin Kove, Tommy Barnes",Exit 38,2006,https://letterboxd.com/film/exit-38/
Exit Humanity,2011,"A decade after the American Civil War, Edward Young returns home from a hunting trip to find a horrific reanimation of his wife and that their son Adam has disappeared. He must battle his way through an unexplainable outbreak of the walking dead.",John Geddes,114 mins   More at IMDb TMDB  Report this page,"Horror, Drama","Stephen McHattie, Brian Cox, Mark Gibson",Exit Humanity,2011,https://letterboxd.com/film/exit-humanity/
"Exorcism at 60,000 Feet",2019,"A priest, a rabbi and a flight crew team up to save their flight from a pandemic of demonic possessions.",Chad Ferrin,95 mins   More at IMDb TMDB  Report this page,"Comedy, Horror","Robert Miano, Bai Ling, Lance Henriksen","Exorcism at 60,000 Feet",2019,https://letterboxd.com/film/exorcism-at-60000-feet/
The Exorcism of God,2021,"An American priest working in Mexico is considered a saint by many local parishioners. However, due to a botched exorcism, he carries a secret that’s eating him alive until he gets an opportunity to face his demon one final time.",Alejandro Hidalgo,98 mins   More at IMDb TMDB  Report this page,"Crime, Drama, Horror, Fantasy","Will Beinbrink, María Gabriela de Faría, Irán Castillo",The Exorcism of God,2021,https://letterboxd.com/film/the-exorcism-of-god/
The Exorcism of Molly Hartley,2015,"Accused of murder and confined to a mental institution, Molly Hartley falls under the possession of a powerful demonic force. As she undergoes a monstrous transformation, a defrocked priest is her only hope of salvation.",Steven R. Monroe,96 mins   More at IMDb TMDB  Report this page,Horror,"Sarah Lind, Devon Sawa, Gina Holden",The Exorcism of Molly Hartley,2015,https://letterboxd.com/film/the-exorcism-of-molly-hartley/
Exorcism: The Possession of Gail Bowers,2006,"The film takes place in an undisclosed part of Florida, in which a priest is called upon to help exorcise Gail Bowers, who has come to be possessed by malevolent forces.",Leigh Scott,91 mins   More at IMDb TMDB  Report this page,"Horror, Drama","Erica Kessler, Noel Thurman, Griff Furst",Exorcism: The Possession of Gail Bowers,2006,https://letterboxd.com/film/exorcism-the-possession-of-gail-bowers/
Experiment in Torture,2007,"Lured by the smell of easy money, beautiful, exotic dancers agree to spend the weekend at the remote mountain getaway of a wealthy voyeur. Once there, the girls are drugged, tied up and slowly tortured to death with everything from a blowtorch to an electric drill by a killer who uses their bodies as a canvas for his sadistic, twisted art.",Sean MacArthur,80 mins   More at IMDb TMDB  Report this page,"Thriller, Horror","Brendan Connor, Jessica Prince, Persia Pele",Experiment in Torture,2007,https://letterboxd.com/film/experiment-in-torture/
Exploited,2022,"A college freshman becomes obsessed with the previous owner of his school issued laptop, a webcam model whose last session may have ended in murder.",Jon Abrahams,82 mins   More at IMDb TMDB  Report this page,"Mystery, Thriller, Horror","Jordan Ver Hoeve, Andrew Matthew Welch, Makenzie Vega",Exploited,2022,https://letterboxd.com/film/exploited-2022/
Extraterrestrial,2014,"Five friends set out to a cabin in the woods for a fun weekend getaway that is, until extraterrestrial visitors turn it into a fight for their lives. The group is pulled from their reverie when a flickering object crashes deep in the woods. As they investigate, the friends stumble across an alien spacecraft, and its inhabitants have not arrived in peace.",Colin Minihan,101 mins   More at IMDb TMDB  Report this page,"Horror, Science Fiction","Brittany Allen, Melanie Papalia, Jesse Moss",Extraterrestrial,2014,https://letterboxd.com/film/extraterrestrial-2014/
False Positive,2021,"After months of trying and failing to get pregnant, Lucy and Adrian finally find their dream fertility doctor in the illustrious Dr. Hindle. But after becoming pregnant with a healthy baby girl, Lucy begins to notice something sinister through Hindle's gleaming charm, and she sets out to uncover the unsettling truth about him.",John Lee,93 mins   More at IMDb TMDB  Report this page,"Horror, Mystery, Thriller","Ilana Glazer, Justin Theroux, Pierce Brosnan",False Positive,2021,https://letterboxd.com/film/false-positive/
The Fanglys,2004,"In the woods outside a small Texas town, a group of friends searching for some Halloween fun discover that a local legend is not only real, but deadly.",Christopher Abram,90 mins   More at IMDb TMDB  Report this page,Horror,Robert Harvey,The Fanglys,2004,https://letterboxd.com/film/the-fanglys/
Fat Ass Zombies,2020,"In a sleepy town, one man, a wannabe horror film director is about to have his life and the world he knows change forever. Finally, he gets the big break he has been waiting a lifetime for, but its not Hollywood knocking on his door.",George J. Bennett,88 mins   More at IMDb TMDB  Report this page,"Comedy, Horror","Kayla Vosburg, Gregg Daniel, Kristen Renton",Fat Ass Zombies,2020,https://letterboxd.com/film/fat-ass-zombies/
Fear Clinic,2014,A doctor works to cure patients suffering from crippling phobias by placing them inside his invention which induces and controls hallucinations.,Robert Hall,95 mins   More at IMDb TMDB  Report this page,Horror,"Thomas Dekker, Robert Englund, Cleopatra Coleman",Fear Clinic,2014,https://letterboxd.com/film/fear-clinic/
Fear Girls: Volume One,2009,Four vignettes featuring sexy lady vampires getting seductive with their prey.,Robert J. Massetti,57 mins   More at IMDb TMDB  Report this page,"Horror, Fantasy","Skyler Haze, Cameron Keys, Ava Addams",Fear Girls: Volume One,2009,https://letterboxd.com/film/fear-girls-volume-one/
Fear of Clowns,2004,An artist who purges her fears through painting is terrified to discover that her nightmarish creations have taken on a life of their own.,Kevin Kangas,106 mins   More at IMDb TMDB  Report this page,"Horror, Thriller","Darla Albornoz, Mark Lassise, Jacky Reres",Fear of Clowns,2004,https://letterboxd.com/film/fear-of-clowns/
Fear of Clowns 2,2007,"Led by the maniacal asylum escapee Shivers, three psychotic clowns target a clown-fearing artist as their next victim. The detective who had Shivers committed in the first place is hot on his trail, this time intent on eliminating him altogether.",Kevin Kangas,107 mins   More at IMDb TMDB  Report this page,Horror,"Mark Lassise, Frank Lama, Jacky Reres",Fear of Clowns 2,2007,https://letterboxd.com/film/fear-of-clowns-2/
Fear PHarm,2020,Four people enter a corn maze for Halloween and are picked off one by one by the twisted family who own the scare attraction.,Dante Yore,79 mins   More at IMDb TMDB  Report this page,Horror,"John Littlefield, Tiana Tuttle, Houston Stevenson",Fear PHarm,2020,https://letterboxd.com/film/fear-pharm/
Fear Street: 1666,2021,"In 1666, a colonial town is gripped by a hysterical witch-hunt that has deadly consequences for centuries to come, and it's up to teenagers in 1994 to finally put an end to their town's curse, before it's too late.",Leigh Janiak,115 mins   More at IMDb TMDB  Report this page,"Mystery, Horror","Kiana Madeira, Benjamin Flores Jr., Olivia Scott Welch",Fear Street: 1666,2021,https://letterboxd.com/film/fear-street-1666/
Fear Street: 1978,2021,"In 1978, two rival groups at Camp Nightwing must band together to solve a terrifying mystery when horrors from their towns' history come alive.",Leigh Janiak,111 mins   More at IMDb TMDB  Report this page,"Horror, Mystery","Sadie Sink, Emily Rudd, Ryan Simpkins",Fear Street: 1978,2021,https://letterboxd.com/film/fear-street-1978/
Fear Street: 1994,2021,"After a series of brutal slayings, a teen and her friends take on an evil force that's plagued their notorious town for centuries.",Leigh Janiak,108 mins   More at IMDb TMDB  Report this page,"Horror, Mystery","Kiana Madeira, Olivia Scott Welch, Benjamin Flores Jr.",Fear Street: 1994,2021,https://letterboxd.com/film/fear-street-1994/
Feast II: Sloppy Seconds,2008,The monsters have made it into a small neighboring town in the middle of nowhere and the locals have to band with the survivors of the bar' slaughter to figure out how to survive.,John Gulager,97 mins   More at IMDb TMDB  Report this page,"Action, Thriller, Horror, Comedy","Diane Ayala Goldner, Jenny Wade, Clu Gulager",Feast II: Sloppy Seconds,2008,https://letterboxd.com/film/feast-ii-sloppy-seconds/
Feast III: The Happy Finish,2009,"The survivors are saved by the mysterious prophet Short Bus Gus, who seemingly has the ability to control the beasts. He leads them into the sewers as they travel to the big city. Along the way they get help from karate expert Jean-Claude Seagal and learn that the beasts originate from a place called The Hive. Armed with this knowledge, they decide to fight back and destroy the beasts.",John Gulager,79 mins   More at IMDb TMDB  Report this page,"Action, Thriller, Horror, Comedy","Johanna Putnam, Diane Ayala Goldner, Chelsea Richards",Feast III: The Happy Finish,2009,https://letterboxd.com/film/feast-iii-the-happy-finish/
Feeders,1996,Two friends on a road trip pass through a town where aliens are landing and feeding upon the some of the civilians.,John Polonia,68 mins   More at IMDb TMDB  Report this page,"Horror, Science Fiction","Jon McBride, John Polonia, Gary LeBlanc",Feeders,1996,https://letterboxd.com/film/feeders/
Feeders 2: Slay Bells,1998,"Aliens invade Earth over the Christmas holidays, and it's up to Santa Claus and his elves to save the world.",Mark Polonia,72 mins   More at IMDb TMDB  Report this page,"Comedy, Science Fiction, Horror","Mark Polonia, Maria Davis, Courtney Polonia",Feeders 2: Slay Bells,1998,https://letterboxd.com/film/feeders-2-slay-bells/
Feeding Frenzy,2010,"A mysterious old man named Mr. Plinkett is keeping a deep dark secret locked away in the basement of a small-town hardware store: vicious, flesh-eating creatures with a mysterious past. Once these creatures escape, all hell breaks loose and it's up to Jesse, an incompetent hardware store employee, to stop them from turning the town into a feeding frenzy!",Mike Stoklasa,87 mins   More at IMDb TMDB  Report this page,"Comedy, Horror","Ron Lipski, Gillian Bellinger, Mike Stoklasa",Feeding Frenzy,2010,https://letterboxd.com/film/feeding-frenzy/
Fertilize the Blaspheming Bombshell!,1990,"Sheila Caan is menaced by Satan worshipers on her journey from Brooklyn to Las Vegas. In an effort to find out what happened to her twin sister, she undergoes many treacherous journeys, a number of Satanist slayings, and a number of showers.",Jeff Hathcock,88 mins   More at IMDb TMDB  Report this page,"Science Fiction, Horror","Sheila Ryan, Bo Hopkins, Rick Hill",Fertilize the Blaspheming Bombshell!,1990,https://letterboxd.com/film/fertilize-the-blaspheming-bombshell/
Fever Lake,1997,"A group of teenagers drives to ""Fever Lake"" to spend the weekend in a cursed house near the lake despite warnings from the locals.",Ralph E. Portillo,90 mins   More at IMDb TMDB  Report this page,Horror,"Corey Haim, Bo Hopkins, Mario López",Fever Lake,1997,https://letterboxd.com/film/fever-lake/
Final Examination,2003,"A burned out L.A. detective moves to Hawaii, where he stumbles upon a murder at a college sorority reunion.",Fred Olen Ray,98 mins   More at IMDb TMDB  Report this page,"Mystery, Thriller, Horror","Kari Wuhrer, Brent Huff, Debbie Rochon",Final Examination,2003,https://letterboxd.com/film/final-examination/
The Final Sacrifice,1990,"Fleeing from the cult that murdered his father, a teen is aided in his quest to find the lost city of the fabled Ziox by a secretive drifter.",Tjardus Greidanus,78 mins   More at IMDb TMDB  Report this page,"Horror, Adventure, Fantasy","Bruce J. Mitchell, Christian Malcolm, Shane Marceau",The Final Sacrifice,1990,https://letterboxd.com/film/the-final-sacrifice/
Final Stab,2001,"A group of college friends get together for a murder mystery weekend, but what starts as a little friendly game gets dark and bloody when they start actually being murdered.",David DeCoteau,81 mins   More at IMDb TMDB  Report this page,"Horror, Thriller, Action","Jamie Gannon, Melissa Reneé Martin, Erinn Hayes",Final Stab,2001,https://letterboxd.com/film/final-stab/
The Final,2010,A group of high school outcasts get revenge on the students that torment them.,Joey Stewart,93 mins   More at IMDb TMDB  Report this page,"Thriller, Horror","Marc Donato, Jascha Washington, Whitney Hoy",The Final,2010,https://letterboxd.com/film/the-final/
Finders Keepers,2014,A haunted doll teaches one little girl why children shouldn't play with undead things.,Alexander Yellen,85 mins   More at IMDb TMDB  Report this page,"Mystery, Thriller, Horror","Jaime Pressly, Kylie Rogers, Tobin Bell",Finders Keepers,2014,https://letterboxd.com/film/finders-keepers-2014/
"Flesh, TX",2009,"In the middle of nowhere, in Flesh, TX, lives a crazed and disturbed inbred family, the Barleys. When Donna Parker (Eleni Krimitsos) and her daughter Tabitha (Jada Kline) stop for gas, little do they know what really goes on there. Once Tabitha disappears from the gas station, Donna summons the help of the local sheriff (Dale Denton) who is not all he is cracked up to be. Donna becomes convinced that somehow everything in this crazy town is connected; after she encounters Sugar Barley (Kathleen Benner), the local prostitute, the hunt to find her daughter is on. Will she have to visit the Barley house on the edge of town? No human should ever have to see what happens in the Barley house in Flesh, TX....pop.666",Guy Crawford,92 mins   More at IMDb TMDB  Report this page,Horror,"Joe Estevez, Kathleen Benner, Davina Joy","Flesh, TX",2009,https://letterboxd.com/film/flesh-tx/
Flight of the Living Dead,2007,"On a flight from Los Angeles to Paris, a mad scientist on the run from the CIA is transporting a coffin containing the body of a colleague infected with a genetically modified virus. While the 747 crosses a violent thunderstorm, the instability of the aircraft allows the corpse to get out of its container.",Scott Thomas,89 mins   More at IMDb TMDB  Report this page,Horror,"David Chisum, Kristen Kerr, Richard Tyson",Flight of the Living Dead,2007,https://letterboxd.com/film/flight-of-the-living-dead/
Follow Me,2020,"A social media personality travels with his friends to Moscow to capture new content for his successful vlog. Always pushing the limits and catering to a growing audience, they enter a cold world of mystery, excess, and danger. When the lines between real life and social media are blurred, the group must fight to escape, and survive.",Will Wernick,88 mins   More at IMDb TMDB  Report this page,"Horror, Thriller","Keegan Allen, Holland Roden, Denzel Whitaker",Follow Me,2020,https://letterboxd.com/film/follow-me-2020/
Forget Me Not,2009,"It's graduation weekend, and Sandy Channing, the popular class president of her small-town high school, should be enjoying the time of her life. But when her friends start disappearing, Sandy discovers they have unwittingly awakened the vengeful spirit of a girl they wronged long ago. Fighting for her sanity, Sandy must unlock a dark secret from her own past before it's too late.",Tyler Oliver,103 mins   More at IMDb TMDB  Report this page,"Drama, Horror, Romance","Carly Schroeder, Cody Linley, Micah Alberti",Forget Me Not,2009,https://letterboxd.com/film/forget-me-not/
The Forgotten Ones,2008,"When a devastating boat crash shipwrecks a group of friends in the jungles of an uncharted island, they are savagely picked off one-by-one by a cannibalistic enemy that evolution forgot.",Jörg Ihle,84 mins   More at IMDb TMDB  Report this page,"Horror, Action","Jewel Staite, Justin Baldoni, Marc Bacher",The Forgotten Ones,2008,https://letterboxd.com/film/the-forgotten-ones/
Fort Doom,2004,"1867. The Civil War is over but in the untamed West, old feuds still burn - and old evils still live. When beautiful madam Lacy Everett decides to pack up her establishment and move it deeper West, she heads for untamed territory and the infamous Fort Doom. But the girls find themselves stranded miles away from their destination, as no traveler dares approach the deadly fort, rumored to be terrorized by a gruesome killer. Determined to set up shop, Lacy and her crew take over the Fort. But the killer is no legend - and he will take what is his...",J. Christian Ingvordsen,93 mins   More at IMDb TMDB  Report this page,"Action, Horror","Debbie Rochon, Billy Drago, Rick Washburn",Fort Doom,2004,https://letterboxd.com/film/fort-doom/
Frankenfish,2004,"When the body of a man is found completely destroyed in the swamps in Louisiana, the medical investigator Sam Rivers is assigned to investigate the murder. He travels with the biologist Mary Callahan to the location where the victim lived in a floating house and he meets his family and friends. They find that Chinese snake-heads genetically engineered that belong to a wealthy hunter are attacking and killing the locals. While the group fights to survive, the hunter Jeff arrives with his team to hunt the predators.",Mark A.Z. Dippé,84 mins   More at IMDb TMDB  Report this page,"TV Movie, Adventure, Horror","Tory Kittles, K.D. Aubert, China Chow",Frankenfish,2004,https://letterboxd.com/film/frankenfish/
The Frankenstein Syndrome,2010,"Young scientist Elizabeth Barnes (Tiffany Shepis) and her group of researchers are conducting illegal stem cell research, and discover a cell anomaly that has the potential to regenerate dead tissue. Unable to conduct legal human trials, the researchers turn to corpses to test their serum.",Sean Tretta,88 mins   More at IMDb TMDB  Report this page,"Science Fiction, Horror","Ed Lauter, Louis Mandylor, Tiffany Shepis",The Frankenstein Syndrome,2010,https://letterboxd.com/film/the-frankenstein-syndrome/
The Frankenstein Theory,2013,"When he is suspended from his university job for his outlandish ideas, Professor John Venkenheim leads a documentary film crew to the rim of the Arctic Circle in a desperate effort to vindicate his academic reputation. His theory: Mary Shelley's ghastly story, ""Frankenstein,"" is, in fact, a work of non-fiction disguised as fantasy. In the vast, frozen wilderness, Venkenheim and his team search for the legendary monster, a creature mired in mystery and drenched in blood. What they find is an unspeakable truth more terrifying than any fiction...a nightmare from which there is no waking.",Andrew Weiner,87 mins   More at IMDb TMDB  Report this page,"Horror, Science Fiction","Heather Stephens, Kris Lemche, Eric Zuckerman",The Frankenstein Theory,2013,https://letterboxd.com/film/the-frankenstein-theory/
Fraternity Massacre at Hell Island,2007,"A pledge must battle homophobia and a killer clown during his fraternity's Hell Night. Several people at Felix University want the brothers and pledges of ZAP Fraternity dead, but now someone with an Ax to grind is killing them off one by one at the old haunted river park island. While on the island, a few of the college students learn what happens to people to blindly follow leaders without asking questions. Jack Jones must stop the clown, save the fraternity and find the courage to come out of the closet by sunrise",Mark Goshorn Jones,80 mins   More at IMDb TMDB  Report this page,"Comedy, Horror","Gary Berglund, Helen Walk Bowman, Jeff Capps",Fraternity Massacre at Hell Island,2007,https://letterboxd.com/film/fraternity-massacre-at-hell-island/
Freakshow,2007,"In a modern retelling of Tod Browning's ""Freaks"" (1932), ""Freakshow"" tells the story of a group of criminals who chose to hide out by working security at a traveling circus. At first, they plot with an insider to steal the ticket sales, but the wily Lucy has bigger plans. She convinces the gang to let her seduce and marry the aging circus owner, Lon, in order to secure the entire circus fortune after he ""suffers an accident"". ""People die all the time,"" Lucy says. The freaks are on to their scheme, however, and when the youngest of them is caught by the ruthless gang, they show no mercy to ensure her silence. When the circus folk find the child's remains, they swear vengeance, and no one is safe from their fury--least of all, the wily Lucy.",Drew Bell,85 mins   More at IMDb TMDB  Report this page,Horror,"Christopher Adamson, Rebekah Kochan, Dane Rosselli",Freakshow,2007,https://letterboxd.com/film/freakshow-2007/
The Free Fall,2021,"Sara wakes from a coma to a life she doesn't remember; a fragile, slippery reality that spirals into a nightmare where nothing is as it seems.",Adam Stilwell,82 mins   More at IMDb TMDB  Report this page,"Horror, Mystery","Andrea Londo, Shawn Ashmore, Jane Badler",The Free Fall,2021,https://letterboxd.com/film/the-free-fall/
Fresh,2022,"Frustrated by scrolling dating apps only to end up on lame, tedious dates, Noa takes a chance by giving her number to the awkwardly charming Steve after a produce-section meet-cute at the grocery store.",Mimi Cave,115 mins   More at IMDb TMDB  Report this page,"Horror, Thriller","Daisy Edgar-Jones, Sebastian Stan, Jojo T. Gibbs",Fresh,2022,https://letterboxd.com/film/fresh-2022/
Fright Night 2: New Blood,2013,"By day Gerri Dandridge is a sexy professor, but by night she transforms into a real-life vampire with an unquenchable thirst for human blood. When a group of high school students travel abroad to study in Romania, they find themselves ensnared in her chilling web of lust and terror. Charlie and 'Evil' Ed must stop Gerri from drinking and bathing in the blood of a 'new moon virgin', who just so happens to be Charlie’s ex-girlfriend.",Eduardo Rodríguez,100 mins   More at IMDb TMDB  Report this page,"Horror, Comedy","Will Payne, Sean Power, Sacha Parkinson",Fright Night 2: New Blood,2013,https://letterboxd.com/film/fright-night-2-new-blood/
From a House on Willow Street,2016,"After a young woman is kidnapped, her captors soon come to realize that in fact they may be the ones in danger and this young woman has a dark secret inside her.",Alastair Orr,90 mins   More at IMDb TMDB  Report this page,Horror,"Sharni Vinson, Carlyn Burchell, Steven John Ward",From a House on Willow Street,2016,https://letterboxd.com/film/from-a-house-on-willow-street/
From Dusk Till Dawn 2: Texas Blood Money,1999,"A bank-robbing gang of misfits heads to Mexico with the blueprints for the perfect million-dollar heist, but when one of the crooks wanders into the wrong bar, the thieving cohorts develop a thirst for blood.",Scott Spiegel,88 mins   More at IMDb TMDB  Report this page,"Crime, Horror, Action, Thriller","Robert Patrick, Bo Hopkins, Duane Whitaker",From Dusk Till Dawn 2: Texas Blood Money,1999,https://letterboxd.com/film/from-dusk-till-dawn-2-texas-blood-money/
From Dusk Till Dawn 3: The Hangman's Daughter,1999,"Narrowly escaping death, outlaw Johnny Madrid goes on the run with the hangman's sensuous daughter Esmeralda by his side.",P.J. Pesce,94 mins   More at IMDb TMDB  Report this page,"Thriller, Horror, Western","Marco Leonardi, Michael Parks, Rebecca Gayheart",From Dusk Till Dawn 3: The Hangman's Daughter,1999,https://letterboxd.com/film/from-dusk-till-dawn-3-the-hangmans-daughter/
From the Dark,2014,A couple on a trip through the Irish countryside find themselves hunted by a creature who only attacks at night.,Conor McMahon,90 mins   More at IMDb TMDB  Report this page,Horror,"Niamh Algar, Stephen Cromwell, Gerry O'Brien",From the Dark,2014,https://letterboxd.com/film/from-the-dark/
Frost: Portrait of a Vampire,2003,"San Diego, present day: The murders are starting again. A girl has been found with two holes in her neck and her body totally drained of blood. Lt Dan Richardson [Shane Pliskin] knows what it is but doesn't believe it, so he calls in blind art-dealer Micah [Gary Busey]. Micah confirms the lieutenant's suspicion that a vampire is at work and reminds him of the previous lesson learned by Jack Frost, who was forced to kill his best friend Nat McKenzie when Nat became a vampire.",Kevin VanHook,90 mins   More at IMDb TMDB  Report this page,"Horror, Thriller","Gary Busey, Jeff Manzanares, Charles Lister",Frost: Portrait of a Vampire,2003,https://letterboxd.com/film/frost-portrait-of-a-vampire/
Funhouse,2019,"When 8 celebrities from around the globe are invited to compete in an online reality show, they soon realize that they are playing for their very lives, as those voted off suffer horrific consequences, broadcast live to the entire world.",Jason William Lee,106 mins   More at IMDb TMDB  Report this page,Horror,"Valter Skarsgård, Khamisa Wilsher, Gigi Saul Guerrero",Funhouse,2019,https://letterboxd.com/film/funhouse/
Funny Man,1994,"When Max Taylor wins the ancestral home of Callum Chance in a game of Poker, little does he realize that the game is far from over. One by one, Max's family are murdered by the Funny Man, a demonic jester with a varied and imaginative repertoire of homicidal techniques and an irreverent sense of humor. Meanwhile, Max's brother is on his way to the mansion with a bunch of hitchhikers who will be lucky to survive the night.",Simon Sprackling,90 mins   More at IMDb TMDB  Report this page,"Horror, Comedy","Christopher Lee, Ingrid Lacey, Tim James",Funny Man,1994,https://letterboxd.com/film/funny-man/
The Furies,2019,A young woman faces her darkest fears with seven other unwilling participants in a deadly game — a game that can only have one winner.,Tony D'Aquino,82 mins   More at IMDb TMDB  Report this page,"Action, Thriller, Horror","Airlie Dodds, Linda Ngo, Taylor Ferguson",The Furies,2019,https://letterboxd.com/film/the-furies-2019/
Furnace,2007,A ghost story taking place at a maximum security prison. A detective (Michael Paré ) is called to investigate a string of unexplained deaths as the prisoners fear for their lives.,William Butler,90 mins   More at IMDb TMDB  Report this page,"Crime, Mystery, Horror","Michael Paré, Ja Rule, Jenny McShane",Furnace,2007,https://letterboxd.com/film/furnace/
G String Vampire,2005,"Sexy Janet Turner is a special agent for The Midnight Syndicate, an ancient organization dedicated to destroying vampires. She's been sent undercover to Miami to locate and eliminate a vampire infiltration in a sizzling South Beach strip club. But it's worse than she thought. Countess Dracula herself has already seduced two of the dancers, biting and sucking them into the world of the undead and she's not done. Outmatched, Turner runs, taking refuge in the home of sultry Helen Wells. Turner and Helen become passionate lovers, exploring each other until Turner's boss, Deputy Chief Jenkins arrives. But something's wrong. Instead of bringing Turner in, Jenkins seduces her in the shower and gives her quite a ""love bite"" in the process.",Sean Thornton,64 mins   More at IMDb TMDB  Report this page,Horror,"Barbi Leigh, Angel Marie, Tracey Rose",G String Vampire,2005,https://letterboxd.com/film/g-string-vampire/
Gag,2006,"A simple burglary spirals violently out of control when two professional thieves break into a Hollywood Hills mansion in search of riches and instead find a man who has been bound, gagged and imprisoned in the massive estate. Upon making their grim discovery the morally conflicted pair makes a series of poor decisions that leads to a bloody battle for survival against a killer with no conscience and no remorse!",Scott W. McKinlay,78 mins   More at IMDb TMDB  Report this page,Horror,"Brian Kolodziej, Gerald Emerick, Vince Marinelli",Gag,2006,https://letterboxd.com/film/gag/
Gallowwalkers,2012,"When a nun broke her covenant with God to save the life of her unborn son, Aman, he was cursed for life. As an adult, Aman has killed those who have crossed him. But his curse brings his victims back to life and they pursue him for revenge, so Aman enlists a young gunman to fight by his side against his undead victims.",Andrew Goth,90 mins   More at IMDb TMDB  Report this page,"Horror, Western, Action","Wesley Snipes, Riley Smith, Tanit Phoenix",Gallowwalkers,2012,https://letterboxd.com/film/gallowwalkers/
Gargoyle: Wings of Darkness,2004,"Two CIA agents are sent to Bucharest, Romania to solve a high profile kidnapping. But what they discover is something inexplicable. An evil gargoyle, once thought dead and banished forever, has returned with a vengeance.",Jim Wynorski,87 mins   More at IMDb TMDB  Report this page,Horror,"Michael Paré, Sandra Hess, Fintan McKeown",Gargoyle: Wings of Darkness,2004,https://letterboxd.com/film/gargoyle-wings-of-darkness/
Gerald's Game,2017,"When her husband's sex game goes wrong, Jessie (who is handcuffed to a bed in a remote lake house) faces warped visions, dark secrets and a dire choice.",Mike Flanagan,104 mins   More at IMDb TMDB  Report this page,"Thriller, Horror","Carla Gugino, Bruce Greenwood, Henry Thomas",Gerald's Game,2017,https://letterboxd.com/film/geralds-game/
Get Duked!,2019,"An anarchic, hip-hop inspired comedy that follows four city boys on a wilderness trek as they try to escape a mysterious huntsman.",Ninian Doff,87 mins   More at IMDb TMDB  Report this page,"Horror, Comedy, Action","Lewis Gribben, Rian Gordon, Viraj Juneja",Get Duked!,2019,https://letterboxd.com/film/get-duked/
Getaway,2020,"The thriller follows Tamara Miller as she plans a weekend lake getaway with her two best friends. When Tamara gets kidnapped by a backwoods cult, eerie and unexplained occurrences arise. Will she make it out alive or become the treasure of these deranged lunatics?",Lane Toran,76 mins   More at IMDb TMDB  Report this page,Horror,"Jaclyn Betham, Scout Taylor-Compton, Landry Allbright",Getaway,2020,https://letterboxd.com/film/getaway-2020/
GetAWAY,2020,A group of college students go for a weekend trip to shoot a short horror film for class... when the terror gets real.,Blayne Weaver,81 mins   More at IMDb TMDB  Report this page,Horror,"Emma Norville, Danielle Carrozza, Kyle Mangold",GetAWAY,2020,https://letterboxd.com/film/getaway-2020-1/
Ghost Lake,2004,"Rebecca Haster blames herself for the death of her parents and decides to spend sometime alone in the lakeside cottage of her parents in Rushford Lake. She meets Stan James on the road and gives a lift to the stranger. Later they become friends, while Rebecca sees supernatural events with drowned people in the lake. While searching the accidents in the library, she finds that mysterious deaths happen in the spot every thirteen years.",Jay Woelfel,112 mins   More at IMDb TMDB  Report this page,"Horror, Mystery, Thriller","Tatum Adair, Timothy Prindle, Gregory Lee Kenyon",Ghost Lake,2004,https://letterboxd.com/film/ghost-lake/
Ghost of Camp Blood,2018,"For years, the infamous Blackwood Forest was terrorized by the Camp Blood Killer. Now, the killer is back as a vengeful spirit seeking revenge from beyond the grave.",Mark Polonia,73 mins   More at IMDb TMDB  Report this page,Horror,"Steve Diasparra, Elissa Dowling, Mark Polonia",Ghost of Camp Blood,2018,https://letterboxd.com/film/ghost-of-camp-blood/
The Ghosts of Angela Webb,2005,"Angela Webb believes her house is haunted. Psychics Alexander Stewart and Bernadette Fieldstone are contacted to try to uncover the secrets hidden within her home. What they experience is more than a mere haunting. They come to understand that reality is far more horrifying than fiction. What makes this ghost story unique is that it is based on a true story. In 2001 the two psychics investigated an old western New Jersey farmhouse. So powerful were the images they captured on film, a British television production company met with Angela Webb to do a television special at her house! The story IS factual; the conclusion is shocking.",Karl Petry,41 mins   More at IMDb TMDB  Report this page,"Drama, Thriller, Horror","Deana Enoches, Debbie D, Michael R. Thomas",The Ghosts of Angela Webb,2005,https://letterboxd.com/film/the-ghosts-of-angela-webb/
Ghosts of Goldfield,2007,"A group of five led by Julie set up their filming equipment in the hotel of the derelict town of Goldfield, hoping to capture footage of the ghost of Elisabeth Walker, a maid tortured and killed in room 109. Troubled by visions, Julie discovers that a necklace, handed down to her from her grandmother, is somehow connecting her to this tragedy.",Ed Winfield,90 mins   More at IMDb TMDB  Report this page,Horror,"Ashly Margaret Rae, Mandy Amano, Richie Chance",Ghosts of Goldfield,2007,https://letterboxd.com/film/ghosts-of-goldfield/
Ghosts of War,2020,A group of World War II American soldiers encounter a supernatural enemy as they occupy a French castle previously under Nazi control.,Eric Bress,94 mins   More at IMDb TMDB  Report this page,"Thriller, Horror, War, Science Fiction","Brenton Thwaites, Theo Rossi, Skylar Astin",Ghosts of War,2020,https://letterboxd.com/film/ghosts-of-war-2020/
Ghoul School,1990,"Two sniveling high school dropouts plot to rob the school janitor and accidentally release toxic chemicals into the school's water supply. The swimming team are the first ones to turn into green-faced flesh-eating zombies, and they promptly go after the rest of the present school populace: two horror movie nerds, the members of a metal band and the world's worst basketball team.",Timothy O'Rawe,74 mins   More at IMDb TMDB  Report this page,Horror,"Joe Franklin, William Friedman, Scott Gordon",Ghoul School,1990,https://letterboxd.com/film/ghoul-school/
Ghoulies II,1987,"Ghoulies II picks up a short time after the first movie, a few of the little nasties stow away on an amusement park ride and bring big bucks to a dying fair. The creatures are mad after an attempt to kill them, so the creatures go on a rampage through the fairgrounds, ultimately leading to an explosive conclusion!",Albert Band,90 mins   More at IMDb TMDB  Report this page,"Horror, Comedy","Damon Martin, Royal Dano, Phil Fondacaro",Ghoulies II,1987,https://letterboxd.com/film/ghoulies-ii/
Ghoulies III: Ghoulies Go to College,1990,"A college teacher brings the little creatures back to his campus, where they proceed to terrorize the faculty and students.",John Carl Buechler,94 mins   More at IMDb TMDB  Report this page,"Horror, Fantasy, Comedy","Evan MacKenzie, Eva LaRue, Kevin McCarthy",Ghoulies III: Ghoulies Go to College,1990,https://letterboxd.com/film/ghoulies-iii-ghoulies-go-to-college/
Ghoulies IV,1994,"While in pursuit of cop Johnathan Graves, his demonic nemesis, Faust, sends his disciple Alexandria to hunt down the amulet that will set him free. Meanwhile, the Ghoulies find their way through an open porthole and onto the streets of L.A., creating madness and mayhem as they search for a way to get back home. As the body count rises, it becomes an ultimate battle between a demonic killer, a rule-breaking cop, and our favorite creatures from the netherworld!",Jim Wynorski,84 mins   More at IMDb TMDB  Report this page,"Comedy, Horror, Science Fiction","Peter Liapis, Barbara Alyn Woods, Stacie Randall",Ghoulies IV,1994,https://letterboxd.com/film/ghoulies-iv/
Ginger Snaps 2: Unleashed,2004,Brigitte has escaped the confines of Bailey Downs but she's not alone. Another werewolf is tailing her closely and her sister's specter haunts her. An overdose of Monkshood - the poison that is keeping her transformation at bay - leads to her being incarcerated in a rehabilitation clinic for drug addicts where her only friend is an eccentric young girl by the name of Ghost.,Brett Sullivan,94 mins   More at IMDb TMDB  Report this page,"Horror, Fantasy, Drama, Thriller","Emily Perkins, Tatiana Maslany, Katharine Isabelle",Ginger Snaps 2: Unleashed,2004,https://letterboxd.com/film/ginger-snaps-2-unleashed/
Ginger Snaps Back: The Beginning,2004,"Set in 19th Century Canada, Brigitte and her sister Ginger take refuge in a Traders' Fort which later becomes under siege by some savage werewolves. But when one of the girls is bitten, they have no one to turn to but themselves.",Grant Harvey,94 mins   More at IMDb TMDB  Report this page,"Horror, Western, Fantasy, Drama, Thriller","Katharine Isabelle, Emily Perkins, Nathaniel Arcand",Ginger Snaps Back: The Beginning,2004,https://letterboxd.com/film/ginger-snaps-back-the-beginning/
Gingerdead Man 2: The Passion of the Crust,2008,The horrifying yet delicious and chewy Gingerdead Man causes murder and mayhem on the set of a horrible low budget movie set. It will take the determination of the studio's young new owner to save both his company and well as the lives of his young new friends. Including a terminally ill young boy whose final wish it was to meet the studios stars - The Tiny Terrors.,Silvia St. Croix,72 mins   More at IMDb TMDB  Report this page,"Comedy, Horror, Fantasy","K-von, Joseph Porter, Kelsey Sanders",Gingerdead Man 2: The Passion of the Crust,2008,https://letterboxd.com/film/gingerdead-man-2-the-passion-of-the-crust/
Gingerdead Man 3: Saturday Night Cleaver,2011,The gingerdead man travels back in time to 1976 and carries out an epic disco killing spree.,Silvia St. Croix,78 mins   More at IMDb TMDB  Report this page,"Horror, Science Fiction, Comedy","William Butler, Paris Wagner, Jacqui Holland",Gingerdead Man 3: Saturday Night Cleaver,2011,https://letterboxd.com/film/gingerdead-man-3-saturday-night-cleaver/
Gingerdead Man vs. Evil Bong,2013,"Serial killing cookie, Gingerdead Man, tracks down the lone survivor of his murderous rampage, who unleashes the Evil Bong once again.",Charles Band,83 mins   More at IMDb TMDB  Report this page,"Comedy, Horror","John Patrick Jordan, Robin Sydney, Michelle Mais",Gingerdead Man vs. Evil Bong,2013,https://letterboxd.com/film/gingerdead-man-vs-evil-bong/
The Gingerdead Man,2005,"An evil yet adorable Gingerbread man comes to life with the soul of a convicted killer, and this real life cookie monster wreaks havoc on the girl who sent the killer to the electric chair.",Charles Band,70 mins   More at IMDb TMDB  Report this page,"Horror, Fantasy, Comedy","Gary Busey, Robin Sydney, Ryan Locke",The Gingerdead Man,2005,https://letterboxd.com/film/the-gingerdead-man/
The Girl in the Photographs,2015,Small-town store clerk Colleen is eager to escape her tedious existence and annoying boyfriend. Then gruesome photos of murdered women start appearing.,Nick Simon,98 mins   More at IMDb TMDB  Report this page,"Horror, Crime, Thriller","Kal Penn, Claudia Lee, Kenny Wormald",The Girl in the Photographs,2015,https://letterboxd.com/film/the-girl-in-the-photographs/
Glass Trap,2005,"When an army of radioactive ants are unknowingly carted into a skyscraper, a group of people have to find a way out before they're eaten one by one.",Fred Olen Ray,90 mins   More at IMDb TMDB  Report this page,"Science Fiction, Horror","C. Thomas Howell, Stella Stevens, Brent Huff",Glass Trap,2005,https://letterboxd.com/film/glass-trap/
Glorious,2022,"After a breakup, Wes ends up at a remote rest stop. He finds himself locked inside the bathroom with a mysterious figure speaking from an adjacent stall. Soon Wes realizes he is involved in a situation more terrible than he could imagine.",Rebekah McKendry,79 mins   More at IMDb TMDB  Report this page,"Fantasy, Horror, Comedy","Ryan Kwanten, J.K. Simmons, Sylvia Grace Crim",Glorious,2022,https://letterboxd.com/film/glorious-2022/
Goblin,1993,"A newlywed couple move into their new house. What they don't realize is that the previous owner of the house raised a monstrous creature from the depths of hell! Now it's coming back to make up for lost time. The Goblin, set free from its dark prison within the earth, lays waste to the Missouri countryside, hungry to mangle or kill anything or anyone in its path. The young people, trapped inside the house, are pushed to the nightmarish extremes, forced to retaliate...or become the next victim of...the GOBLIN! Goblin delivers unbelievable scenes of violence and gore...just pray he doesn't deliver them to your doorstep!",Todd Sheets,74 mins   More at IMDb TMDB  Report this page,Horror,"Jenny Admire, Tonia Monahan, Bobby Westrick",Goblin,1993,https://letterboxd.com/film/goblin/
Good Boy,2020,"When Maggie gets an emotional support dog to help quell some of her anxiety, she finds him to be even more effective than she imagined... because unbeknownst to her, he kills anyone who adds stress to her life.",Tyler MacIntyre,89 mins   More at IMDb TMDB  Report this page,"Comedy, Horror, TV Movie, Thriller","Judy Greer, Ellen Wong, McKinley Freeman",Good Boy,2020,https://letterboxd.com/film/good-boy-2020/
Goodnight Mommy,2022,"When twin brothers arrive home to find their mother’s demeanor altered and face covered in surgical bandages, they begin to suspect the woman beneath the gauze might not be their mother.",Matt Sobel,91 mins   More at IMDb TMDB  Report this page,"Mystery, Horror, Thriller","Naomi Watts, Cameron Crovetti, Nicholas Crovetti",Goodnight Mommy,2022,https://letterboxd.com/film/goodnight-mommy-2022/
Gore Whore,1994,"When a lab assistant steals an important formula and all its documentation from Dr. Whitman, he hires a bottom-of-the-barrel private eye, Chase Barr, to locate it. When Barr digs deeper into the case he finds the lab assistant is actually a dead sex worker named Dawn and the ""formula"" is a reanimation agent that, with the consumption of human blood, is keeping her alive.",Hugh Gallagher,72 mins   More at IMDb TMDB  Report this page,Horror,"Audrey Street, Brady Debussey, D'Lana Tunnell",Gore Whore,1994,https://letterboxd.com/film/gore-whore/
Goth,2003,"Two goth teenagers get caught up in a subculture of drugs, sex and murder after meeting a darkly savage woman with a taste for pain and deviance.",Brad Sykes,85 mins   More at IMDb TMDB  Report this page,Horror,"Phoebe Dollar, Laura Reilly, Dave Stann",Goth,2003,https://letterboxd.com/film/goth-2003/
Gothic Vampires from Hell,2007,"The band ""Gothic Vampires From Hell"" knew the music business was tough, but they didn't know that it was THAT TOUGH! When they meet Annastasia and Jasmine, sexy record executives at Gotham Records who they thought they might be sharks, but what they really turned out to be were BLOOD SUCKING VAMPIRES!",Ford Austin,79 mins   More at IMDb TMDB  Report this page,Horror,"Kristen Zaik Vazquez, Gina DeVettori, Michael Anthony Panella",Gothic Vampires from Hell,2007,https://letterboxd.com/film/gothic-vampires-from-hell/
Granny,1999,Eight college students are stalked and killed by a maniac dressed in a hag mask.,Boris Pavlovsky,58 mins   More at IMDb TMDB  Report this page,Horror,,Granny,1999,https://letterboxd.com/film/granny/
The Granny,1995,"Granny's family wants her dead so they can collect her insurance. While she is on her death bed, she drinks an eternal life potion and returns to the land of the living. She is on a mission to wreak havoc over her greedy relatives.",Luca Bercovici,85 mins   More at IMDb TMDB  Report this page,"Horror, Comedy","Stella Stevens, Shannon Whirry, Luca Bercovici",The Granny,1995,https://letterboxd.com/film/the-granny/
Grave Encounters 2,2012,"Tortured by the ghosts of the demonized insane asylum that killed the crew of GRAVE ENCOUNTERS, film students fight to escape death as their own paranormal investigation goes terribly wrong in this horrifying sequel.",John Poliquin,95 mins   More at IMDb TMDB  Report this page,Horror,"Richard Harmon, Stephanie Bennett, Sean Rogerson",Grave Encounters 2,2012,https://letterboxd.com/film/grave-encounters-2/
Gravestoned,2009,"Shark and Coltrane, two out-of-work pot farmers really want to break into the movie business. So they chainsaw a cadaver’s arm off and use the severed arm as a prop in a horror film. Now they have to survive a night in the graveyard with a cadaver zombie that wants his arm back! Pot smoking slacker gravediggers, a movie goddess (Lar Park Lincoln, Friday the 13th Part 7), an obsessed movie mogul, a cadaver salesman, hot cheerleaders who may be exotic dancers, a redneck who would love to grill a severed arm and a horny Scottish Terrier - they’re all here in this over-the-top horror film for stoners that has been called the most ominous use of a severed arm in the history of celluloid.",Michael McWillie,92 mins   More at IMDb TMDB  Report this page,"Comedy, Horror","Lar Park Lincoln, Eryn Brooke, Summer Borden",Gravestoned,2009,https://letterboxd.com/film/gravestoned/
The Graveyard,2006,"Six friends go to the Placid Pines Cemetery to play hide and seek in the tombs. When a ""harmless"" prank ends in the accidental death of one of the group, the prankster goes to prison. Five years later the friends meet up in the cemetery again to resolve the issues of that fatal night. When members of the group start getting murdered one at a time, they realize that this time it's no prank.",Michael Feifer,83 mins   More at IMDb TMDB  Report this page,Horror,"Natalie Denise Sperl, Lindsay Hugghins, Erin Reese",The Graveyard,2006,https://letterboxd.com/film/the-graveyard/
Gravy,2015,"It's All Hallow's Eve. A trio of costumed misfits with very special dietary requirements seizes a Mexican cantina and force the staff to engage in a late night of gaming, food and libations. The only caveat is what's on the menu.",James Roday Rodriguez,98 mins   More at IMDb TMDB  Report this page,"Comedy, Horror","Michael Weston, Jimmi Simpson, Sutton Foster",Gravy,2015,https://letterboxd.com/film/gravy/
Great White,1998,A professor tries to convince the residents of a small town that a series of attacks are the handiwork not of mountain animals but of a rare river-dwelling shark.,Zac Reeder,86 mins   More at IMDb TMDB  Report this page,Horror,"Richard Keats, Terry Arrowsmith, R.J. Collins",Great White,1998,https://letterboxd.com/film/great-white/
Green River Killer,2005,"Over the course of 20 years, deranged serial killer Gary Ridgway murders dozens of prostitutes and dumps their bodies in a river.",Ulli Lommel,83 mins   More at IMDb TMDB  Report this page,"Horror, Crime","George Kiseleff, Jacquelyn Aurora, Georgie Donovan",Green River Killer,2005,https://letterboxd.com/film/green-river-killer/
Grim Reaper,2007,"The stripper Rachel is hit by a cab but survives in the emergency room of a hospital. However, she sees Death chasing her, but she does not succeed in convincing the nurses. She is drugged and wakes up in St. Joseph, a mental hospital administrated by Dr. Brown. She finds five other inmates that had a near death experience and also claim that Death is coming for them.",Michael Feifer,82 mins   More at IMDb TMDB  Report this page,Horror,"Cherish Lee, Brent Fidler, Benjamin Pitts",Grim Reaper,2007,https://letterboxd.com/film/grim-reaper/
Grim Woods,2019,Four Summer Camp Counsellors read scary stories from an Ancient Book of Evil.,Ryan Byrne,85 mins   More at IMDb TMDB  Report this page,Horror,"Kirsten Armstrong, Amanda Benoit, Aj Brisson",Grim Woods,2019,https://letterboxd.com/film/grim-woods/
Grimcutty,2022,A suburban teen girl and her little brother must stop a terrifying internet meme brought to life by the hysteria of their parents.,John Ross,101 mins   More at IMDb TMDB  Report this page,Horror,"Sara Wolfkind, Shannyn Sossamon, Usman Ally",Grimcutty,2022,https://letterboxd.com/film/grimcutty/
Grindstone Road,2008,"The Sloan's young son Daniel has been in coma for an extended period of time following a car accident. Hannah, who was driving at the time of the accident, is suffering a great deal of guilt and depression. Shortly after moving into a newly purchased farmhouse, strange occurrences begin to happen.",Melanie Orr,93 mins   More at IMDb TMDB  Report this page,"Horror, Thriller","Fairuza Balk, Greg Bryk, Walter Learning",Grindstone Road,2008,https://letterboxd.com/film/grindstone-road/
The Grudge 3,2009,"Jake Kimble, the sole survivor of the Chicago massacre, is killed while in solitary confinement. His doctor begins investigating the claims he made about a long-haired woman in white, as a mysterious Japanese woman arrives at his old apartment building to help them get rid of the curse.",Toby Wilkins,90 mins   More at IMDb TMDB  Report this page,"Thriller, Horror, Mystery","Johanna Braddy, Emi Ikehata, Jadie-Rose Hobson",The Grudge 3,2009,https://letterboxd.com/film/the-grudge-3/
Gutterballs,2008,"A brutally sadistic rape leads to a series of bizarre gory murders during a midnight disco bowl-a-rama at a popular bowling alley. One by one, players of two teams meet blood-drenched gruesome deaths at the hand of a black bowling-gloved masked killer. This alley runs red with blood by sunrise.",Ryan Nicholson,96 mins   More at IMDb TMDB  Report this page,Horror,"Alastair Gamble, Mihola Terzic, Nathan Witte",Gutterballs,2008,https://letterboxd.com/film/gutterballs/
Gutterballs 2: Balls Deep,2015,BBK returns to wreak havoc on a new group of victims at a bowling alley.,Ryan Nicholson,80 mins   More at IMDb TMDB  Report this page,Horror,"Aidan Dee, Wade Gibb, Momona Komagata",Gutterballs 2: Balls Deep,2015,https://letterboxd.com/film/gutterballs-2-balls-deep/
Hack-O-Lantern,1988,"When Tommy was a boy, he saw his grandpa, the leader of a vicious satanic cult, murder his father in a brutal ritual on Halloween night. Now he is 18, and grandpa is ready to indoctrinate him into the ways of the black arts.",Jag Mundhra,96 mins   More at IMDb TMDB  Report this page,"Horror, Thriller","Hy Pyke, Gregory Scott Cummins, Katina Garner",Hack-O-Lantern,1988,https://letterboxd.com/film/hack-o-lantern/
The Hackers,1988,"Pa Hacker and his two mentally deranged sons travel around a rural lakeshore community doing home repairs and odd jobs. They have a special way of handling dissatisfied customers and don't worry about repeat business. A lovely girl is offered a weeks stay at a country estate while the family is on a trip. When the Hackers arrive on the scene to do some repair work, a terrifying chain of events take place with a shocking ending.",John Duncan,71 mins   More at IMDb TMDB  Report this page,Horror,"Howard Coburn, Dale Caughel, Steve Pricharo",The Hackers,1988,https://letterboxd.com/film/the-hackers/
Hacksaw,2020,"A young couple on a road trip takes a detour to the site where a notorious murderer, Ed ""Hacksaw"" Crowe, became an urban legend on the day he was killed many years before, but they quickly find the legend may not be quite as dead as they were counting on.",Anthony Leone,70 mins   More at IMDb TMDB  Report this page,Horror,"Amy Cay, Brian Patrick Butler, Cortney Palm",Hacksaw,2020,https://letterboxd.com/film/hacksaw-2020/
Half-Caste,2004,"A Half-Caste is a Human/Leopard hybrid believed to feast on unsuspecting Travelers, but after Bobby is found soaked in blood, the police think that he murdered his friends. After hearing tell of the half-caste, a half-leopard, half-man said to exist in the wilds of South Africa, four filmmakers set out on safari in search of the mysterious creature. But is the bloodthirsty beast real, or just the stuff of local legend?",Sebastian Apodaca,86 mins   More at IMDb TMDB  Report this page,"Horror, Thriller","Sebastian Apodaca, Robert Pike Daniel, Kim Te Roller",Half-Caste,2004,https://letterboxd.com/film/half-caste/
Hallow's End,2003,"Eight college students become trapped in an Annual Haunted House when an ancient spell turns them into their Halloween costumes. By night's end, a group of survivors will have to take one final stand against ghouls, ghosts, zombies and vampires.",Jon Keeyes,90 mins   More at IMDb TMDB  Report this page,Horror,"Stephen Cloud, Amy Morris, Brandy Little",Hallow's End,2003,https://letterboxd.com/film/hallows-end/
Hallowed Ground,2007,"After she becomes stranded in a small town, a young woman discovers her arrival there was foretold a century earlier by the town's founding preacher and that she is an integral part of his impending - and terrifying - rebirth.",David Benullo,83 mins   More at IMDb TMDB  Report this page,Horror,"Jaimie Alexander, Brian McNamara, Ethan Phillips",Hallowed Ground,2007,https://letterboxd.com/film/hallowed-ground/
Halloween Ends,2022,"Four years after the events of Halloween in 2018, Laurie has decided to liberate herself from fear and rage and embrace life. But when a young man is accused of killing a boy he was babysitting, it ignites a cascade of violence and terror that will force Laurie to finally confront the evil she can’t control, once and for all.",David Gordon Green,111 mins   More at IMDb TMDB  Report this page,"Horror, Thriller","Jamie Lee Curtis, Andi Matichak, James Jude Courtney",Halloween Ends,2022,https://letterboxd.com/film/halloween-ends/
Halloween Night,2006,A horribly burned man escapes from a mental institution and terrorizes teenagers at a party.,Mark Atkins,85 mins   More at IMDb TMDB  Report this page,Horror,"Derek Osedach, Rebekah Kochan, Scot Nery",Halloween Night,2006,https://letterboxd.com/film/halloween-night/
HalloweeNight,2009,"A college party is the stage for bloodshed and murder on Halloween Night, as a mistreated student exacts his revenge on those who wronged him. Using the effigy of a living scarecrow, his Frankenstein like creation carries out his heinous plans. One female student, Trix, is the only thing that stands between him and the bloodiest massacre to ever take place on the night of All Hallows' Eve.",Mark Polonia,85 mins   More at IMDb TMDB  Report this page,Horror,"Danielle Donahue, Cindy Wheeler, Brian Berry",HalloweeNight,2009,https://letterboxd.com/film/halloweenight/
Hallucinations,1986,Three brothers (one who is slow and another who is adopted) have disturbing and violent hallucinations while their mother is at work.,Mark Polonia,59 mins   More at IMDb TMDB  Report this page,"Drama, Mystery, Horror","John Polonia, Mark Polonia, Todd Michael Smith",Hallucinations,1986,https://letterboxd.com/film/hallucinations/
Hanger,2009,"A horrifying tale of revenge that begins with a back-alley abortion, and ends with a bloodbath so vicious that it brings a new meaning to 'an eye for eye.",Ryan Nicholson,90 mins   More at IMDb TMDB  Report this page,"Horror, Thriller, Comedy","Debbie Rochon, Nathan Dashwood, Ronald Patrick Thompson",Hanger,2009,https://letterboxd.com/film/hanger/
Hansel & Gretel,2013,"In this modern retelling of the classic horror tale, teen siblings are enslaved by a psychotic recluse within her gruesome house of horrors in the woods.",Anthony C. Ferrante,90 mins   More at IMDb TMDB  Report this page,Horror,"Dee Wallace, Stephanie Greco, Brent Lydic",Hansel & Gretel,2013,https://letterboxd.com/film/hansel-gretel-2013/
Hansel and Gretel Get Baked,2013,"An intense new marijuana strain named “Black Forest” is taking Los Angeles by storm, and Gretel’s stoner boyfriend can’t get enough. But when the old woman growing the popular drug turns out to be an evil witch, cooking and eating her wasted patrons for their youth, Gretel and her brother Hansel must save him from a gruesome death — or face the last high of their lives.",Duane Journey,86 mins   More at IMDb TMDB  Report this page,"Comedy, Horror","Molly C. Quinn, Michael Welch, Lara Flynn Boyle",Hansel and Gretel Get Baked,2013,https://letterboxd.com/film/hansel-and-gretel-get-baked/
Happy Hell Night,1992,"25 years ago at Winfield College, psycho-priest Zachary Malius murdered seven frat boys and was put away in the local asylum. Now, however, the same fraternity stages a prank from which Malius is inadvertently set free and returns to the house to repeat his crime...",Brian Owens,87 mins   More at IMDb TMDB  Report this page,"Horror, Thriller, Mystery","Nick Gregory, Laura Carney, Sam Rockwell",Happy Hell Night,1992,https://letterboxd.com/film/happy-hell-night/
Happy Times,2020,A dinner party goes horribly wrong.,Michael Mayer,93 mins   More at IMDb TMDB  Report this page,"Horror, Comedy","Michael Aloni, Shani Atias, Iris Bahr",Happy Times,2020,https://letterboxd.com/film/happy-times-2020/
Hard Ride to Hell,2010,"A group of family and friends on a camping trip through the Texas badlands are taken on a on-way ride to Hell after they inadvertently witness a ritual sacrifice at a deserted campsite. Pursued by the devil worshiping biker gang responsible, they hole up in an abandoned church near the border, only to discover that they are pawns in a decades-old battle between good and evil.",Penelope Buitenhuis,94 mins   More at IMDb TMDB  Report this page,Horror,"Miguel Ferrer, Laura Mennell, Brendan Penny",Hard Ride to Hell,2010,https://letterboxd.com/film/hard-ride-to-hell/
Harvesters,2001,"Harvesters is an action-packed thriller about a small-time gang of misfits led by lesbian Gulf War veteran Frankie Falzone. After she thrashes a redneck at a strip club, she and her gang move on to a small town where they rob a liquor store and kill the clerk. When their car conks out, they carjack a young woman and force her to take them to her family's home - located off the beaten path deep in the woods. Meanwhile, two U.S. marshals are hot on the tails of the gang. When the marshals track the gang to the home of Herbert and Betty Peelman, the real horror begins.",Joe Ripple,89 mins   More at IMDb TMDB  Report this page,"Thriller, Action, Horror","George Stover, Donna Sherman, Steven King",Harvesters,2001,https://letterboxd.com/film/harvesters/
Hatchetman,2003,"Claudia Wagner dreams of being a lawyer and, along with her boyfriend Sonny, must put all her knowledge into use when, one by one, her girlfriends become victim to a serial killer. Can she uncover his identity before she becomes the next victim?",Robert Tiffe,96 mins   More at IMDb TMDB  Report this page,"Horror, Thriller","Cheryl Burns, Nina Tapanin, Jon Briddell",Hatchetman,2003,https://letterboxd.com/film/hatchetman/
HauntedWeen,1991,"One Halloween night, a little girl visiting the Burber family's ""House of Horrors"" attraction is brutally hacked to pieces by their young son, Eddie. Having fled the scene, Eddie is taken away by his mother to live in solitude at a remote cabin. Twenty years later, Tophill State College's Sigma Phi fraternity are desperately trying to raise some cash, so they decide to throw a raucous fundraiser party for their peers. In the midst of the festivities, a mysterious figure arrives at the door, offering them the key to the old abandoned Burber house and suggesting that they turn it into a haunted house. Seizing the opportunity, the youngsters quickly set about transforming the property into an elaborate — and potentially lucrative — Halloween attraction. Little do they realize that Eddie Burber has returned home and intends to have some All Hallow's Eve fun of his own — setting up his own ""Kill Room,"" where the line between fantasy and reality quickly becomes blurred...",Doug Robertson,87 mins   More at IMDb TMDB  Report this page,"Comedy, Horror","Brien Blakely, Blake Pickett, Brad Hanks",HauntedWeen,1991,https://letterboxd.com/film/hauntedween/
Haunting Fear,1990,"A woman is plagued by dreams of being buried alive while her adulterous husband, steeped in gambling debts, hatches a scheme to drive her mad and murder her to acquire her fortune.",Fred Olen Ray,88 mins   More at IMDb TMDB  Report this page,Horror,"Brinke Stevens, Jan-Michael Vincent, John Henry Richardson",Haunting Fear,1990,https://letterboxd.com/film/haunting-fear/
A Haunting in Salem,2011,"When the new sheriff of Salem, Massachusetts discovers that he is the victim of a centuries-old curse, he must protect his family from the vengeful ghosts that torment his home.",Shane van Dyke,86 mins   More at IMDb TMDB  Report this page,"Thriller, Horror","Bill Oberst Jr., Courtney Abbiati, Jenna Stone",A Haunting in Salem,2011,https://letterboxd.com/film/a-haunting-in-salem/
The Haunting of Morella,1990,An executed witch inhabits her teenaged daughter's body to continue in the pursuit of bloodshed.,Jim Wynorski,82 mins   More at IMDb TMDB  Report this page,"Horror, Thriller, Romance","David McCallum, Nicole Eggert, Christopher Halsted",The Haunting of Morella,1990,https://letterboxd.com/film/the-haunting-of-morella/
The Haunting of Sharon Tate,2019,"Pregnant with director Roman Polanski's child and awaiting his return from Europe, 26-year-old Hollywood actress Sharon Tate becomes plagued by visions of her imminent death.",Daniel Farrands,90 mins   More at IMDb TMDB  Report this page,"Horror, Thriller","Hilary Duff, Jonathan Bennett, Lydia Hearst",The Haunting of Sharon Tate,2019,https://letterboxd.com/film/the-haunting-of-sharon-tate/
Haunting of Winchester House,2009,"A family moves in to look after the Winchester mansion for a few months, and soon find themselves terrorized by vengeful spirits. With the help of a paranormal investigator they'll unravel the mystery of the house.",Mark Atkins,86 mins   More at IMDb TMDB  Report this page,"Horror, Thriller","Lira Kellerman, Michael Holmes, Tomas Boykin",Haunting of Winchester House,2009,https://letterboxd.com/film/haunting-of-winchester-house/
The Hazing,2004,"The Evil Dead meets Scream as an evil professor, through an ancient staff and a book of incantation, possesses the bodies of a group of fraterity and sorority pledges during a night of ""hazing"" activities in an abandoned mansion. When the students meet one grisly death after another, the survivors finally realize it's the professor who is possessing their friends and killing them all off. Now none of them trust each other-- is it their friends or puppets of the professor that they're hanging with? Somone better figure it out quick... or none of them will make it through the hellish night of The Hazing!",Rolfe Kanefsky,87 mins   More at IMDb TMDB  Report this page,Horror,"Brad Dourif, Tiffany Shepis, Nectar Rose",The Hazing,2004,https://letterboxd.com/film/the-hazing/
He's Out There,2018,"On vacation at a remote lake house, a mother and her two young daughters must fight for survival after falling into a terrifying and bizarre nightmare conceived by a psychopath.",Dennis Iliadis,89 mins   More at IMDb TMDB  Report this page,"Thriller, Horror","Yvonne Strahovski, Justin Bruening, Abigail Pniowsky",He's Out There,2018,https://letterboxd.com/film/hes-out-there/
He's Watching,2022,"A pair of happy-go-lucky siblings, left alone while their parents recover from an illness, play a series of pranks on each other. The game becomes nightmarish when they realize something sinister is watching them - and it wants to play too.",Jacob Aaron Estes,95 mins   More at IMDb TMDB  Report this page,Horror,"Gerald Davis, Iris Serena Estes, Jacob Aaron Estes",He's Watching,2022,https://letterboxd.com/film/hes-watching-2022/
Head of the Family,1996,"In the midst of a torrid affair, Lance discovers that Nob Hollow's weirdest residents, the Stackpoole family, have been doing hideous human experiments in the bowels of their basement.",Charles Band,82 mins   More at IMDb TMDB  Report this page,"Comedy, Horror","Blake Adams, Jacqueline Lovell, Alexandra Quinn",Head of the Family,1996,https://letterboxd.com/film/head-of-the-family/
Headless,2015,"In this ""lost slasher film from 1978,"" a masked killer wages an unrelenting spree of murder, cannibalism, and necrophilia. But when his tortured past comes back to haunt him, he plunges to even greater depths of madness and depravity, consuming the lives of a young woman and those she holds dear.",Arthur Cullipher,86 mins   More at IMDb TMDB  Report this page,Horror,"Shane Beasley, Kaden Miller, Kelsey Carlisle",Headless,2015,https://letterboxd.com/film/headless-2015/
Heaven Is Only in Hell,1994,"As long as humanity exists, there's a desire for eternal life. Many religions promise to give that, but all they offer are only empty promises. Only ""The Dark Forces"" really offer the opportunity to get eternal life. ""The Dark Forces"" will help you. Go and find the old well with the witch-mark. Find a victim. The victim must die an extremely violent death in the house the well is in. Bring a blood-sacrifice to the well, blood, lots of blood. Descend into the well and on the other side of it you will become, with the help from ""The Dark Forces"" an eternal heavenly life. Don't hesitate, just come!",Wim Vink,88 mins   More at IMDb TMDB  Report this page,Horror,"Angélique Vink, Eric Nuyten, Annemiek Pol",Heaven Is Only in Hell,1994,https://letterboxd.com/film/heaven-is-only-in-hell/
Heebie Jeebies,2005,"A woman gathers her friends together in a cabin to try and protect them from a killer after she dreams each of their deaths. This, however, just puts them all in one spot making for easy pickings for the slasher.",Doug Evans,90 mins   More at IMDb TMDB  Report this page,"Thriller, Horror, Mystery","Alex Balestrieri, Deb Billing, Amy Booth",Heebie Jeebies,2005,https://letterboxd.com/film/heebie-jeebies-2005/
Hell Asylum,2002,A desperate producer faced with unemployment has the ultimate reality television program ready to roll.,Danny Draven,72 mins   More at IMDb TMDB  Report this page,Horror,"Debra Mayer, Tanya Dempsey, Stacey Scowley",Hell Asylum,2002,https://letterboxd.com/film/hell-asylum/
Hell Hath No Fury,2006,"HELL HATH NO FURY is the new film from Creepy Six Films (Vampires vs. Zombies; Human Nature), an independent horror film company based in Vancouver, B.C. Hell Hath No Fury is a balls-out horror anthology that is a bloody and erotic mix of stories in the style of the horror-lit anthologies. The Hot Blood Series and comedic horror shows like Tales form the Crypt. Spiced with liberal -and very gory- doses of wicked inspiration from classic revenge films like Ms. 45, I Spit on Your Grave, Irreversible, and Last House on the Left, Creepy Six Films' Hell Hath No Fury is a funny, sexy, gory, disturbing and exciting ride into an insanely twisted world where the women scorned exact their vengeance like never before.",Rob Carpenter,116 mins   More at IMDb TMDB  Report this page,Horror,"Suzanne Serwatuk, Johnny Cantiveros, Danica English",Hell Hath No Fury,2006,https://letterboxd.com/film/hell-hath-no-fury/
Hell House LLC,2015,"Five years after an unexplained malfunction causes the death of 15 tour-goers and staff on the opening night of a Halloween haunted house tour, a documentary crew travels back to the scene of the tragedy to find out what really happened.",Stephen Cognetti,93 mins   More at IMDb TMDB  Report this page,"Mystery, Horror, Thriller","Danny Bellini, Ryan Jennifer Jones, Gore Abrams",Hell House LLC,2015,https://letterboxd.com/film/hell-house-llc/
Hell House LLC II: The Abaddon Hotel,2018,"Eight years after the opening night tragedy of HELL HOUSE LLC, many unanswered questions remain. Thanks to an anonymous tip, an investigative journalist is convinced that key evidence is hidden inside the abandoned Abaddon Hotel. She assembles a team to break into the hotel in hopes of discovering the truth. But the source of the tip and the secrets of the Abaddon Hotel are more horrifying than any of them could have imagined.",Stephen Cognetti,89 mins   More at IMDb TMDB  Report this page,"Horror, Mystery","Vas Eli, Jillian Geurts, Joy Shatz",Hell House LLC II: The Abaddon Hotel,2018,https://letterboxd.com/film/hell-house-llc-ii-the-abaddon-hotel/
Hell House LLC III: Lake of Fire,2019,"Set one year after the events of Hell House LLC II, the hotel is on the verge of being torn down when it is purchased by billionaire Russell Wynn as the new home for his popular interactive show, Insomnia. He invites journalist Venessa Sheppard and her crew to record everything happening inside the hotel leading up to the performance - but they soon encounter a more nefarious plot, one that threatens to unleash a veritable hell on earth.",Stephen Cognetti,85 mins   More at IMDb TMDB  Report this page,"Horror, Mystery","Gabriel Chytry, Elizabeth Vermilyea, Sam Kazzi",Hell House LLC III: Lake of Fire,2019,https://letterboxd.com/film/hell-house-llc-iii-lake-of-fire/
Hell's Highway,2002,"Four college friends take a fateful road trip. The road, Hell's Highway--a direct route to terror. They pick up Lucinda: A hot young hitchiker, full of sexual deviance and lust for the bloody kill. After being terrorized and nearly killed, the group manages to turn the tables. They thought they killed her, but around the next ben--around every ben-- she appears like a mirage ready to murder again. Is she the devil? Can anyone stop her killing spree?",Jeff Leroy,70 mins   More at IMDb TMDB  Report this page,"Horror, Thriller","Phoebe Dollar, Beverly Lynne, Garrett Clancy",Hell's Highway,2002,https://letterboxd.com/film/hells-highway/
Hellbender,2021,"A teen and her mother live simply in a home in the woods, spending their time making metal music. A chance encounter with a fellow teen causes her to uncover a connection between her family and witchcraft, which causes a rift with her mother.",Zelda Adams,83 mins   More at IMDb TMDB  Report this page,Horror,"Zelda Adams, Toby Poser, Lulu Adams",Hellbender,2021,https://letterboxd.com/film/hellbender/
Hellblazers,2022,An evil cult unleashes a monster on a small south-western town that refuses to go down without a fight.,Justin Lee,84 mins   More at IMDb TMDB  Report this page,"Horror, Action","Tony Todd, Adrienne Barbeau, Greg Beaton",Hellblazers,2022,https://letterboxd.com/film/hellblazers/
Hellbox,2021,"HELLBOX is a paranoid supernatural thriller about a shadowy conspiracy against humanity that stretches across five centuries. It’s told through interweaving storylines in which assorted people (knights from a holy brotherhood, a group of college girls, a suicidal psychiatrist, and a haunted couple with their own dark secrets) see their lives horribly changed when they come into possession of an ancient, mysterious box… Some say it holds a piece of Hell.",Sheldon Inkol,120 mins   More at IMDb TMDB  Report this page,Horror,"Rachel MacMillan, Erez Bowers, Russell Cate",Hellbox,2021,https://letterboxd.com/film/hellbox/
Hellraiser,2022,"A young woman struggling with addiction comes into possession of an ancient puzzle box, unaware that its purpose is to summon the Cenobites, a group of sadistic supernatural beings from another dimension.",David Bruckner,121 mins   More at IMDb TMDB  Report this page,"Mystery, Horror","Odessa A'zion, Jamie Clayton, Adam Faison",Hellraiser,2022,https://letterboxd.com/film/hellraiser-2022/
Hellraiser: Deader,2005,"When a tough-as-nails reporter is lead to a mysterious cult and the evil Pinhead, any moment could be her last.",Rick Bota,89 mins   More at IMDb TMDB  Report this page,"Thriller, Mystery, Horror","Kari Wuhrer, Paul Rhys, Simon Kunz",Hellraiser: Deader,2005,https://letterboxd.com/film/hellraiser-deader/
Hellraiser: Hellseeker,2002,"When the puzzle box is once again solved, Pinhead and his legion demolish all who dare oppose them. But standing in his way is the only person who has defeated Cenobites of the past.",Rick Bota,89 mins   More at IMDb TMDB  Report this page,"Thriller, Horror, Mystery","Dean Winters, Ashley Laurence, Rachel Hayward",Hellraiser: Hellseeker,2002,https://letterboxd.com/film/hellraiser-hellseeker/
Hellraiser: Hellworld,2005,"When five hardcore Internet gamers are invited to a special party thrown by the website Hellworld, they endure a night of unspeakable terror.",Rick Bota,95 mins   More at IMDb TMDB  Report this page,"Horror, Fantasy, Science Fiction","Katheryn Winnick, Christopher Jacot, Henry Cavill",Hellraiser: Hellworld,2005,https://letterboxd.com/film/hellraiser-hellworld/
Hellraiser: Inferno,2000,"A detective solves the puzzle box that releases the diabolical demon, Pinhead. As those around him begin to meet tragic fates, he sets out to conquer the horrifying villain.",Scott Derrickson,100 mins   More at IMDb TMDB  Report this page,"Mystery, Fantasy, Horror","Craig Sheffer, Nicholas Turturro, James Remar",Hellraiser: Inferno,2000,https://letterboxd.com/film/hellraiser-inferno/
Hellraiser: Judgment,2018,"Three detectives trying to stop a diabolical serial killer are sucked into a maze of otherworldly horror, where hellish denizens including the Auditor, the Assessor, and the Jury await to pass judgment.",Gary J. Tunnicliffe,81 mins   More at IMDb TMDB  Report this page,"Thriller, Horror","Damon Carney, Randy Wayne, Paul T. Taylor",Hellraiser: Judgment,2018,https://letterboxd.com/film/hellraiser-judgment/
Hellraiser: Revelations,2011,"Two friends in Mexico discover the Lament Configuration and unleash Pinhead, but one decides to try to survive by swapping himself with someone else. Once they go missing, family members go in search of them, but find Pinhead instead.",Víctor García,75 mins   More at IMDb TMDB  Report this page,Horror,"Steven Brand, Nick Eversman, Tracey Fairaway",Hellraiser: Revelations,2011,https://letterboxd.com/film/hellraiser-revelations/
Hellroller,1992,"Wheelchair bound, homeless and alone, Eugene unleashes a limitless rage as the Hellroller shocks the world as its first wheelchair serial killer.",Gary J. Levinson,72 mins   More at IMDb TMDB  Report this page,Horror,"Ron Litman, Mary Woronov, Michelle Bauer",Hellroller,1992,https://letterboxd.com/film/hellroller/
The Hills Run Red,2009,"A group of young horror fans go searching for a film that mysteriously vanished years ago but instead find that the demented killer from the movie is real, and he's thrilled to meet fans who will die gruesomely for his art.",Dave Parker,81 mins   More at IMDb TMDB  Report this page,"Thriller, Horror","Sophie Monk, Tad Hilgenbrink, William Sadler",The Hills Run Red,2009,https://letterboxd.com/film/the-hills-run-red/
Hillside Cannibals,2006,A group of teenagers in the desert become the prey of cannibalistic inbreds who live in the nearby hillside.,Leigh Scott,83 mins   More at IMDb TMDB  Report this page,Horror,"Heather Conforto, Tom Nagel, Vaz Andreas",Hillside Cannibals,2006,https://letterboxd.com/film/hillside-cannibals/
Hit and Run,2009,"A young woman tries to cover up a deadly hit and run accident, only to have the supposedly dead victim come back to terrorize her.",Enda McCallion,84 mins   More at IMDb TMDB  Report this page,Horror,"Laura Breckenridge, Kevin Corrigan, Christopher Shand",Hit and Run,2009,https://letterboxd.com/film/hit-and-run-2009/
The Hitcher II: I've Been Waiting,2003,A sadistic serial killer terrorizes a couple driving on a rural highway in Texas while killing numerous people and framing them for his killings.,Louis Morneau,93 mins   More at IMDb TMDB  Report this page,"Action, Thriller, Horror","C. Thomas Howell, Kari Wuhrer, Jake Busey",The Hitcher II: I've Been Waiting,2003,https://letterboxd.com/film/the-hitcher-ii-ive-been-waiting/
The Hive,2015,An amnesiac must reach back into his mind for memories that will help him save the love of his life before a virus completely takes over.,David Yarovesky,89 mins   More at IMDb TMDB  Report this page,"Science Fiction, Horror","Kathryn Prescott, Gabriel Basso, Sean Gunn",The Hive,2015,https://letterboxd.com/film/the-hive-2015/
Hobbs End,2002,A young widow who lives in an isolated region is visited by a charming serial killer who has unusual psychic gifts.,Philip David Segal,107 mins   More at IMDb TMDB  Report this page,"Drama, Thriller, Horror, Mystery","Catarina Conti, Stacy Hunter, Jerry Fitzpatrick",Hobbs End,2002,https://letterboxd.com/film/hobbs-end/
Hobgoblins 2,2009,"The sequel to the Rick Sloane classic from the 1980's, ""Hobgoblins.""",Rick Sloane,92 mins   More at IMDb TMDB  Report this page,"Horror, Science Fiction","Josh Mills, Josh Green, Chanel Ryan",Hobgoblins 2,2009,https://letterboxd.com/film/hobgoblins-2/
Hogzilla,2014,"A tabloid news crew ventures into the backwoods of Central Florida to investigate reports of an aggressive feral hog who the locals call Hogzilla. What they find, though, are demons, devils, creeping things and pure evil.",Diane Jacques,90 mins   More at IMDb TMDB  Report this page,"Horror, Comedy","John Bloom, William A. Butland, Zachary Dubale",Hogzilla,2014,https://letterboxd.com/film/hogzilla/
Holidays,2016,"An anthology feature film that puts a uniquely dark and original spin on some of the most iconic and beloved holidays of all time by challenging our folklore, traditions and assumptions.",Anthony Scott Burns,105 mins   More at IMDb TMDB  Report this page,"Fantasy, Comedy, Mystery, Horror","Madeleine Coghlan, Savannah Kennick, Rick Peters",Holidays,2016,https://letterboxd.com/film/holidays-2016/
The Hollow,2015,"It's Halloween eve on Shelter Island, and the small town is preparing for a killer storm. But the dark clouds gathering over the island are bringing with them a curse one-hundred years in waiting. As the woods give birth to an ungodly and insatiable creature of fire, bones, and earth, three sisters must scramble to stay alive through the long dark night of the Hollow. For it's not something you can kill. It's only something you can try and survive.",Sheldon Wilson,90 mins   More at IMDb TMDB  Report this page,"TV Movie, Horror","Stephanie Hunt, Sarah Dugdale, Alisha Newton",The Hollow,2015,https://letterboxd.com/film/the-hollow-2015/
Hollywood Mortuary,1998,"Framed by interviews with real life celebrities, Hollywood Mortuary tells the tale of a horror make-up artist who, in 1941 Hollywood, uses voodoo to resurrect two rival horror stars (thinly disguised versions of Karloff and Lugosi) from the dead to help revive his fading career.",Ron Ford,70 mins   More at IMDb TMDB  Report this page,"Comedy, Horror","Randal Malone, Tim Sullivan, Ron Ford",Hollywood Mortuary,1998,https://letterboxd.com/film/hollywood-mortuary/
Holy Terror,2002,"Possessed by a demon in life and forced to spend eternity doing the devil's bidding in death, a malevolent nun returns to life to torment a young couple and their terrified friends in director Massimiliano Cerchi's sacrilegious shocker. A young couple has just moved into their new rental home, and in order to properly break the place in they have invited over a small group of friends for an intimate housewarming party. Soon prompted to experiment with an Ouija board by their sinister landlord, the unassuming party goers inadvertently unleash the murderous spirit of a demonic nun whose evil is so powerful that it cannot be contained to the spiritual realm.",Massimiliano Cerchi,55 mins   More at IMDb TMDB  Report this page,Horror,"Beverly Lynne, Charlie David, Nick Armas",Holy Terror,2002,https://letterboxd.com/film/holy-terror/
Home Invasion,2016,"Terror arrives at the one place we all feel safest... When a wealthy woman, Chloe, and her stepson, Jacob, are targeted by a trio of expert thieves in their remote mansion, her only form of help comes from a call with Mike, a security systems specialist. But as the intruders become increasingly hostile and the connection wavers, will she trust him to be her eyes and navigate her to safety?",David Tennant,88 mins   More at IMDb TMDB  Report this page,"TV Movie, Drama, Crime, Thriller, Horror","Natasha Henstridge, Jason Patric, Liam Dickinson",Home Invasion,2016,https://letterboxd.com/film/home-invasion-2016/
Hood of the Living Dead,2005,"Death is only the beginning for the young victim of a drive-by shooting. Devastated at the loss of his younger brother Jermaine, scientific older sibling Ricky uses the situation as an opportunity to test an experimental serum designed to breathe new life into dead cells. Though Ricky's reanimation serum does indeed help to get his previously deceased younger brother back on his feet, Jermaine's insatiable hunger for human flesh soon spreads like wildfire throughout the neighborhood, leaving his older brother to find a way to halt the epidemic before the army of flesh-eaters become too powerful to be contained.",Jose Quiroz,86 mins   More at IMDb TMDB  Report this page,Horror,"Johanna Christensen, Brandon Daniels, Daniel Landeros",Hood of the Living Dead,2005,https://letterboxd.com/film/hood-of-the-living-dead/
Hood Rat,2001,"Think of it as Willard in the hood, the debut feature from director Leslie Small finds a Isaiah Washington playing a kindly man who turns maniacal with revenge and enlists the help of some man-eating rodents. Living in a rat-infested apartment building, Max is pushed to the edge when his handicapped brother is killed due to the conditions of the inner-city slum. With the rats as his willing soldiers, Max sets out to avenge the senseless death. Hood Rat also stars rapper-turned-actor Ice-T.",Leslie Small,87 mins   More at IMDb TMDB  Report this page,"Science Fiction, Horror, Action, Thriller","Isaiah Washington, Ice-T, Guy Torry",Hood Rat,2001,https://letterboxd.com/film/hood-rat/
The Hook of Woodland Heights,1990,"An escaped mental patient, who is missing a hand, uses a large barbecue fork in its place and proceeds to kill off the local teenagers.",Michael Savino,40 mins   More at IMDb TMDB  Report this page,"Horror, Comedy","Robert W. Allen, Christine McNamara, Michael Elyanow",The Hook of Woodland Heights,1990,https://letterboxd.com/film/the-hook-of-woodland-heights/
The Horde,2016,"The film follows John Crenshaw as he accompanies his girlfriend and her students on a weekend nature-photography expedition deep into the woods. What should be an educational and fun-filled weekend turns into horror as the group is besieged by an unspeakable evil - a horde of hideously disfigured, mutated humans with an insatiable taste for blood. As things go from bad to worse, Crenshaw becomes their only hope if they are going to get out alive.",Jared Cohn,88 mins   More at IMDb TMDB  Report this page,"Horror, Action","Paul Logan, Matthew Willig, Bill Moseley",The Horde,2016,https://letterboxd.com/film/the-horde-2016/
Horno,2009,"Ron is a porn director with a little more vision than talent, not that he has much of either. He aspires to greatness, but never quite achieves it- that is until he comes up with the idea he'e sure will launch him to infamy: ""Children of the Cornhole""",Terrence Williams,50 mins   More at IMDb TMDB  Report this page,"Comedy, Horror","Jesselynn Desmond, Oceana Christopher",Horno,2009,https://letterboxd.com/film/horno/
Horror of the Hungry Humongous Hungan,1991,A genetic experiment goes wrong as it creates a hideous monster from dead body parts:a re-animated corpse thirsty for blood.,Randall Dininni,98 mins   More at IMDb TMDB  Report this page,"Horror, Science Fiction","Joseph E. Miller, Brenda Moyer, David A. Yoakam",Horror of the Hungry Humongous Hungan,1991,https://letterboxd.com/film/horror-of-the-hungry-humongous-hungan/
HorrorVision,2001,"The website ""horrorvision.com"" has a mysterious secret...anyone who logs onto it winds up dead. After Dez, a web programmer, logs in his girlfriend and others are attacked. Only Dez and a mysterious man named Bradbury can stop the ominous forces intent on ruling the cyber-world.",Danny Draven,72 mins   More at IMDb TMDB  Report this page,Horror,"Len Cordova, Maggie Rose Fleck, Josh Covitt",HorrorVision,2001,https://letterboxd.com/film/horrorvision/
Host,2020,"Six friends hire a medium to hold a séance via Zoom during lockdown — but they get far more than they bargained for as things quickly go wrong. When an evil spirit starts invading their homes, they begin to realise they might not survive the night.",Rob Savage,56 mins   More at IMDb TMDB  Report this page,Horror,"Haley Bishop, Jemma Moore, Emma Louise Webb",Host,2020,https://letterboxd.com/film/host-2020/
Hostel: Part III,2011,"Set in Las Vegas, the film centers on a man who attends his best friend's bachelor party, unaware of an insidious agenda that plays into hunting humans.",Scott Spiegel,88 mins   More at IMDb TMDB  Report this page,Horror,"Kip Pardue, Brian Hallisay, John Hensley",Hostel: Part III,2011,https://letterboxd.com/film/hostel-part-iii/
Hot Vampire Nights,2000,"Mina is a lesbian vampire prowling the streets of Miami in search of fresh, young victims to seduce and then feed upon.",Sean Thornton,57 mins   More at IMDb TMDB  Report this page,Horror,"Shelly Jones, Beth Linhart, Katelyn Gold",Hot Vampire Nights,2000,https://letterboxd.com/film/hot-vampire-nights/
House IV,1992,"Unaware that it's plagued by a host of supernatural phenomena, a mother and her daughter, still reeling from a car crash which claimed the life of Roger Cobb, move into the hold family homestead to start a new life.",Lewis Abernathy,94 mins   More at IMDb TMDB  Report this page,"Comedy, Thriller, Horror","Terri Treas, William Katt, Scott Burkholder",House IV,1992,https://letterboxd.com/film/house-iv/
House of Darkness,2022,"Driving home to her secluded estate after meeting at a local bar, a player out to score thinks his beautiful, mysterious date will be another casual hook-up. While getting acquainted, their flirtation turns playful, sexy and sinister. Hoping to get lucky, his luck may have just run out.",Neil LaBute,88 mins   More at IMDb TMDB  Report this page,"Comedy, Mystery, Horror, Thriller","Justin Long, Kate Bosworth, Gia Crovatin",House of Darkness,2022,https://letterboxd.com/film/house-of-darkness-2022/
House of the Dead 2,2005,"In Guesta Verde University, the deranged Professor Curien is trying to bring back the dead, killing students for the experiment. There is an outbreak of zombies in the campus, and the government sends a NSA medical research team, formed by Dr. Alexandra Morgan a.k.a. Nightingale and lieutenant Ellis, with a special force leaded by lieutenant Dalton, trying to get the zero sample from the first generation zombie. The team has a very short time to accomplish their mission and leave the place before missiles are sent to destroy the area. However, the place is crowded of hyper sapiens and the group has to fight to survive.",Michael Hurst,95 mins   More at IMDb TMDB  Report this page,"Horror, TV Movie","Emmanuelle Vaugier, Ed Quinn, Sticky Fingaz",House of the Dead 2,2005,https://letterboxd.com/film/house-of-the-dead-2/
The House On Hooter Hill,2007,"A house haunted by the sensual spirit of its drop-dead gorgeous, recently deceased owner becomes the setting for paranormal activity and ultra-erotic sensations that are out of this world. Young, philandering married couple Sue and Ryan, three busty babes, and a voluptuous psychic who senses danger arrive at the secluded house for a reading of the horny homeowner's videotaped will.",Jim Wynorski,79 mins   More at IMDb TMDB  Report this page,"Horror, Fantasy, Romance","Taylor Wayne, Glori-Anne Gilbert, Friday",The House On Hooter Hill,2007,https://letterboxd.com/film/the-house-on-hooter-hill/
The House on Pine Street,2015,A psychological horror about a young woman coping with an unwanted pregnancy after moving into a seemingly haunted house.,Aaron Keeling,111 mins   More at IMDb TMDB  Report this page,"Horror, Drama","Emily Goss, Taylor Bottles, Cathy Barnett",The House on Pine Street,2015,https://letterboxd.com/film/the-house-on-pine-street/
The House That Screamed,2000,A recently widowed writer rents a haunted house in which to write his latest novel and is soon beset by the various ghosts in the house bent on claiming him as their next victim.,John Polonia,70 mins   More at IMDb TMDB  Report this page,Horror,"Bob Dennis, Armond Sposto, Gale Largey",The House That Screamed,2000,https://letterboxd.com/film/the-house-that-screamed-2000/
Houseboat Horror,1989,"A rowdy rock group are accompanied by a film crew to desolate Lake Infinity to produce a music video. One night the musicians visit the local pub while the various members of the film crew satisfy their carnal desires with one another aboard the luxurious houseboat they are all staying in. They are so busy they fail to notice that a rampaging lunatic has snuck aboard the boat, and one by one the various characters are brutally slaughtered in a variety of grisly ways.",Kendal Flanagan,85 mins   More at IMDb TMDB  Report this page,Horror,"Alan Dale, Gavin Wood, Christine Jeston",Houseboat Horror,1989,https://letterboxd.com/film/houseboat-horror/
Howling IV: The Original Nightmare,1988,"An author who was sent to the town Drakho, because of a nervous breakdown, gets wound up in a mystery revolving around demons and werewolves. She starts seeing ghosts and dismisses them as her own imagination, but when they turn out to be real she becomes suspicious of the odd town and of its past.",John Hough,95 mins   More at IMDb TMDB  Report this page,Horror,"Romy Walthall, Michael T. Weiss, Antony Hamilton",Howling IV: The Original Nightmare,1988,https://letterboxd.com/film/howling-iv-the-original-nightmare/
Howling V: The Rebirth,1989,"When a group of people from different walks of life converge in a Hungarian castle situated in Budapest which has been sealed for 500 years, they bring with them a werewolf which slowly begins to cut their numbers down.",Neal Sundstrom,96 mins   More at IMDb TMDB  Report this page,Horror,"Phil Davis, Victoria Catlin, Ben Cole",Howling V: The Rebirth,1989,https://letterboxd.com/film/howling-v-the-rebirth/
Howling VI: The Freaks,1991,A villainous carnival owner traps a young werewolf to include in his growing menagerie of inhuman exhibits.,Hope Perello,102 mins   More at IMDb TMDB  Report this page,Horror,"Brendan Hughes, Michele Matheson, Sean Sullivan",Howling VI: The Freaks,1991,https://letterboxd.com/film/howling-vi-the-freaks/
The Howling: Reborn,2011,"On the eve of his high school graduation, unremarkable Will Kidman finally bonds with the girl he has long yearned for, reclusive Eliana Wynter. But he also discovers a dark secret from his past... that he is about to become a werewolf. Now, in an effort to fight destiny and save their love as well as their lives, they must battle not only Will's growing blood lust but an army of fearsome beasts bent on killing them... and then, us all.",Joe Nimziki,92 mins   More at IMDb TMDB  Report this page,Horror,"Landon Liboiron, Lindsey Shaw, Ivana Miličević",The Howling: Reborn,2011,https://letterboxd.com/film/the-howling-reborn/
Hunger,2009,Five strangers face the unthinkable when they wake up and find themselves trapped. With no idea how they got there they frantically try to figure out how to escape. The disoriented group quickly realise the truth about their situation when they discover another room containing enough water to survive for 30 days… and a razor sharp surgical knife. The intention becomes quite clear. Whoever put them in this place wants to see just how long it will take before the hunger makes them commit unspeakable acts and cross a very deadly line.,Steven Hentges,101 mins   More at IMDb TMDB  Report this page,Horror,"Lori Heuring, Linden Ashby, Joe Egender",Hunger,2009,https://letterboxd.com/film/hunger-2009/
Hunter's Moon,2020,A trio of young sisters are attacked by local thugs. Then a force inhabiting the orchard exacts its revenge.,Michael Caissie,81 mins   More at IMDb TMDB  Report this page,"Thriller, Horror, Crime","Thomas Jane, Jay Mohr, Sean Patrick Flanery",Hunter's Moon,2020,https://letterboxd.com/film/hunters-moon-2020/
Hunting Humans,2002,"Meet Aric Blue. He's young, he's handsome, he's successful. He's also a serial killer. He picks his victims at random, stalking them and taking advantage of their patterns in order to kill them. He's the ultimate serial killer. But when he finds his next victim already dead and a note on the body reading: ""I'VE GOT YOUR PATTERN"", Aric realizes he's being stalked by a serial killer every bit his equal. When two serial killers wage war, the rules are simple: Don't get in the way.",Kevin Kangas,88 mins   More at IMDb TMDB  Report this page,"Horror, Crime, Mystery","Rick Ganz, Bubby Lewis, Lisa Michele",Hunting Humans,2002,https://letterboxd.com/film/hunting-humans/
Hush,2008,A young couple on a motorway journey are drawn into a game of cat and mouse with a truck driver when they see something disturbing in the back of his vehicle.,Mark Tonderai,91 mins   More at IMDb TMDB  Report this page,"Action, Thriller, Horror","William Ash, Christine Bottomley, Andreas Wisniewski",Hush,2008,https://letterboxd.com/film/hush-2008/
Hush,2016,A deaf woman is stalked by a psychotic killer in her secluded home.,Mike Flanagan,82 mins   More at IMDb TMDB  Report this page,"Horror, Thriller","John Gallagher Jr., Kate Siegel, Michael Trucco",Hush,2016,https://letterboxd.com/film/hush-2016/
Hybrid,1997,A group of space renegades hook up with a drifter named McQueen. Together they hole up in an abandoned research facility for the night and are relentlessly pursued by a human/monster hybrid.,Fred Olen Ray,86 mins   More at IMDb TMDB  Report this page,"Horror, Science Fiction","Brinke Stevens, Tim Abell, Ted Monte",Hybrid,1997,https://letterboxd.com/film/hybrid/
Hypothermia,2012,"Two families' idyllic ice-fishing vacation turns deadly when they awaken a creature beneath the frozen lake, forcing them to rely on each other if they want to make it safely back to land.",James Felix McKenney,73 mins   More at IMDb TMDB  Report this page,Horror,"Michael Rooker, Blanche Baker, Greg Finley",Hypothermia,2012,https://letterboxd.com/film/hypothermia/
I Am Lisa,2020,A vicious and corrupt small-town sheriff and her deputies brutalise Lisa and leave her for dead in the nearby woods. There she is bitten by a werewolf and bestowed with supernatural abilities. Can Lisa retain her humanity as she exacts revenge and cedes herself more and more to the wolf side of her personality?,Patrick Rea,92 mins   More at IMDb TMDB  Report this page,"Horror, Thriller","Kristen Vaganos, Manon Halliburton, Carmen Anello",I Am Lisa,2020,https://letterboxd.com/film/i-am-lisa/
I Am the Pretty Thing That Lives in the House,2016,A young nurse takes care of an elderly author who lives in a haunted house.,Osgood Perkins,89 mins   More at IMDb TMDB  Report this page,"Horror, Mystery","Ruth Wilson, Paula Prentiss, Bob Balaban",I Am the Pretty Thing That Lives in the House,2016,https://letterboxd.com/film/i-am-the-pretty-thing-that-lives-in-the-house/
"I Spit on Your Corpse, I Piss on Your Grave",2001,"Sandy has stumbled onto a lair of torture and humiliation. She was abducted and brought to this pit of pain as the next intended victim. But Sandy overthrows her captor and kills him. Does she release the other prisoners? Does she call the police? No. Her mind snaps and she assumes control over the prisoners, taking them as her own playtoys. Naked bodies writhe in ecstasy as blood runs down the walls in this chilling tale of madness and revenge",Eric Stanze,71 mins   More at IMDb TMDB  Report this page,"Horror, Thriller",Emily Haack,"I Spit on Your Corpse, I Piss on Your Grave",2001,https://letterboxd.com/film/i-spit-on-your-corpse-i-piss-on-your-grave/
I'll Always Know What You Did Last Summer,2006,"Several teenagers in a small-town in Colorado concoct a July 4th prank based on a frightening legend that goes awry when their friend ends up accidentally killed; however, the teens agree to keep their involvement a secret from the authorities, who continue to search for the man who apparently killed their friend. A year later, with the July 4th celebration coming up again, the teenagers realize that they're being stalked by someone who clearly intends on keeping the horrible legend alive by killing them off.",Sylvain White,92 mins   More at IMDb TMDB  Report this page,Horror,"Brooke Nevin, David Paetkau, Torrey DeVitto",I'll Always Know What You Did Last Summer,2006,https://letterboxd.com/film/ill-always-know-what-you-did-last-summer/
I'm Just F*cking with You,2019,Siblings headed to a family wedding endure a night of increasingly frightening practical jokes while staying at a secluded motel.,Adam Mason,81 mins   More at IMDb TMDB  Report this page,"Comedy, TV Movie, Horror","Keir O'Donnell, Hayes MacArthur, Jessica McNamee",I'm Just F*cking with You,2019,https://letterboxd.com/film/im-just-fcking-with-you/
"I, Zombie: The Chronicles of Pain",1998,"A young man, while out on a field trip, gets bitten by an ill looking person. When he comes back home he starts getting sick and a slow but steady degeneration begins in his body. He is turning into a zombie. He leaves his girlfriend and moves into his own place. In order to survive he needs to eat human flesh. Against his own consciense, he kills people and eats them in his living room. But things start getting worse as his degeneration progresses.",Andrew Parkinson,79 mins   More at IMDb TMDB  Report this page,"Drama, Horror","Ellen Softley, Dean Sipling, Claire Griffin","I, Zombie: The Chronicles of Pain",1998,https://letterboxd.com/film/i-zombie-the-chronicles-of-pain/
Ice Cream Man,1995,"Young Gregory Tudor sees his local ice cream man murdered and later grows up to inherit his business, opting to inject gruesome ingredients—including human body parts—into his frozen confections. When one of the neighborhood boys goes missing, the local kids suspect Gregory and band together to get to the bottom of things.",Norman Apstein,84 mins   More at IMDb TMDB  Report this page,"Comedy, Horror","Clint Howard, Justin Isfeld, Anndi McAfee",Ice Cream Man,1995,https://letterboxd.com/film/ice-cream-man/
Ice Queen,2005,"A unique female specimen from the Pleistocene Age, a.k.a. the Ice Age, is kept in cryogenic stasis while being transported back to civilization in a military convoy. When the convoy is raided by mercenaries who move the specimen onto a plane, the ""Ice Queen"" awakens in an uncontrollably aggressive state and kills the pilot, causing the plane to crash into a resort. Having survived the crash, the Ice Queen embarks on a rampage throughout the resort, forcing the survivors into a desperate battle for survival.",Neil Kinsella,92 mins   More at IMDb TMDB  Report this page,"Horror, Thriller","Ami Chorlton, Harmon Walsh, Noelle Reno",Ice Queen,2005,https://letterboxd.com/film/ice-queen/
Ill: Final Contagium,2019,"An anthology film that features four segments. Contagium: The beginning of a global pandemic originated by the macabre experiment of a military scientist. Gully: The calvary of a young man who, as a result of his ambition, is the victim of a painful metamorphosis. The Body: The martyrdom suffered by a woman obsessed with beauty and who resorts to a home cosmetic surgery in order to save money. The Cabin: A post-apocalyptic era in which money becomes the only means that can allow the infected to stay alive.",Kai E. Bogatzki,105 mins   More at IMDb TMDB  Report this page,"Science Fiction, Horror","Felipe Ríos, Ximena del Solar, Rayloren Mata",Ill: Final Contagium,2019,https://letterboxd.com/film/ill-final-contagium/
Immanence,2022,"Radio astronomers discover a mysterious signal in the deep sea that could be contact with extraterrestrials. After several terrifying manifestations threaten their beliefs, the team must fight to survive the ultimate evil.",Kerry Bellessa,93 mins   More at IMDb TMDB  Report this page,"Drama, Horror, Thriller, Science Fiction","Michael Beach, Jamie McShane, Eugene Byrd",Immanence,2022,https://letterboxd.com/film/immanence/
The Immortalizer,1989,"A crazed scientist sends out his mutant creations to kidnap young, beautiful men and women to bring back to his lab so he can transplant their brains into the bodies of old, wealthy people.",Joel Bender,96 mins   More at IMDb TMDB  Report this page,"Science Fiction, Comedy, Horror","Ron Ray, Chris Crone, Clarke Lindsley",The Immortalizer,1989,https://letterboxd.com/film/the-immortalizer/
In the Tall Grass,2019,"After hearing a child screaming for help from the green depths of a vast field of tall grass, Becky, a pregnant woman, and Cal, her brother, park their car near a mysterious abandoned church and enter the field, discovering that they are not alone and, for some reason, they are unable to escape a completely inextricable vegetable labyrinth.",Vincenzo Natali,102 mins   More at IMDb TMDB  Report this page,"Drama, Thriller, Horror","Laysla De Oliveira, Harrison Gilbertson, Avery Whitted",In the Tall Grass,2019,https://letterboxd.com/film/in-the-tall-grass-2019/
Inbred,2011,"Four young offenders and their workers spend a weekend in the remote Yorkshire village of Mortlake, which prides on keeping itself to itself. A minor incident with locals rapidly escalates into a blood-soaked, deliriously warped nightmare.",Alex Chandon,90 mins   More at IMDb TMDB  Report this page,"Comedy, Horror","Jo Hartley, Seamus O'Neill, James Doherty",Inbred,2011,https://letterboxd.com/film/inbred/
Inbred Redneck Alien Abduction,2004,"Government special agents are sent to the hills of Arkansas to investigate an alien abduction. The agents meet and ""team-up"" with some back woods hillbillies to infiltrate the alien's mother ship. Once aboard the spacecraft, hillbillies and government agents alike must fight for their lives and escape their alien foes!",Patrick Voss,90 mins   More at IMDb TMDB  Report this page,"Horror, Science Fiction, Comedy",,Inbred Redneck Alien Abduction,2004,https://letterboxd.com/film/inbred-redneck-alien-abduction/
Incantation,2022,Inspired by the true story of a family who believed they were possessed by spirits. This film follows a woman who must protect her child from a curse.,Kevin Ko,111 mins   More at IMDb TMDB  Report this page,Horror,"Ina Tsai, Ven Kao, Sin-Ting Huang",Incantation,2022,https://letterboxd.com/film/incantation-2022/
Asylum Blackout,2011,A group of cooks at an asylum for the criminally insane get locked in with the inmates during a massive thunderstorm,Alexandre Courtes,85 mins   More at IMDb TMDB  Report this page,"Thriller, Horror","Kenny Doughty, Rupert Evans, Dave Legeno",Asylum Blackout,2011,https://letterboxd.com/film/asylum-blackout/
Infestation,2005,"The not too distant future. A deadly virus has swept across the Earth. Billions perished. The survivors moved underground . . . 30 years on and plagued with self-blame following a devastating crash, pilot Loki is coaxed back from the edge by his partner Sash. Together they must take on a new mission: Go Topside. Retrieve missing recon team. Hostility unknown. After a thunderous journey through the Earth's crust they discover the planet surface is not what it once was, only death survives. As they quickly uncover the fate that befell the first team, they are forced to make a choice, either stay and die or stay and fight. But what will kill them first, the mutants or the virus?",Ed Evers-Swindell,89 mins   More at IMDb TMDB  Report this page,"Science Fiction, Horror, Action","Ross Evison, Susan Riley, Paul Sutherland",Infestation,2005,https://letterboxd.com/film/infestation-2005/
Infestation,2009,"After being stung by a giant insect, Cooper learns that these bugs are attacking the whole city. He joins forces with the survivors, in order to find a way to counter-attack.",Kyle Rankin,91 mins   More at IMDb TMDB  Report this page,"Comedy, Action, Science Fiction, Horror","Christopher Rodriguez Marquette, Brooke Nevin, Wesley Thompson",Infestation,2009,https://letterboxd.com/film/infestation/
Infrared,2022,Family tensions between a brother and sister with psychic powers threaten to tear apart the filming of an episode of a paranormal reality TV show. But simmering emotions may be the least of the crew's problems...,Randy Nundlall Jr.,88 mins   More at IMDb TMDB  Report this page,Horror,"Greg Sestero, Jesse Janzen, Leah Finity",Infrared,2022,https://letterboxd.com/film/infrared/
The Inhabitant,2022,"Like any other teenage girl, Tara is just surviving high school — yet her father and mother seem strangely distant. Amidst a nearby spree of gruesome ax murders, Tara has sightings of terrifying entities, forcing her to question her own sanity and shocking ancestry.",Jerren Lauder,97 mins   More at IMDb TMDB  Report this page,"Horror, Thriller, Mystery","Odessa A'zion, Leslie Bibb, Dermot Mulroney",The Inhabitant,2022,https://letterboxd.com/film/the-inhabitant-2022/
Inhabited,2003,"A family dismisses their daughter's claims of ""fairies"" living in the playhouse in their new home's backyard, until they discover another girl described the same beings in their home, decades before.",Kelly Sandefur,95 mins   More at IMDb TMDB  Report this page,"Horror, Mystery, Drama, Fantasy","Megan Gallagher, Eric Lutes, Sofia Vassilieva",Inhabited,2003,https://letterboxd.com/film/inhabited/
Insanitarium,2008,"After he's institutionalized in order to cover for his sister, a young man encounters a doctor who is turning his patients into flesh-eating psychopaths.",Jeff Buhler,89 mins   More at IMDb TMDB  Report this page,"Horror, Thriller","Jesse Metcalfe, Kiele Sanchez, Peter Stormare",Insanitarium,2008,https://letterboxd.com/film/insanitarium/
Intersect,2020,"A group of young Miskatonic University scientists invent a time machine, only to learn that they are being manipulated by mysterious, unseen forces from another dimension.",Gus Holwerda,119 mins   More at IMDb TMDB  Report this page,"Science Fiction, Horror, Thriller","Jason Spisak, Richard Dawkins, Abe Ruthless",Intersect,2020,https://letterboxd.com/film/intersect-2020/
Into the Darkness,1986,"A bevy of beautiful models arrives on a tropical island for a photo shoot, but soon they are being killed off one by one.",David Kent-Watson,91 mins   More at IMDb TMDB  Report this page,"Thriller, Horror","Donald Pleasence, Ronald Lacey, Polly Jo Pleasence",Into the Darkness,1986,https://letterboxd.com/film/into-the-darkness/
Into The Void,2019,"After the apocalypse, some survivors gather together to form a colony. One of them seeks help for his lover, who is still stuck in the outside world with the zombies.",Jordan Cantello,84 mins   More at IMDb TMDB  Report this page,Horror,"Ioan Sebastian Tirlui, Molly Dyson, Bill McNaughton",Into The Void,2019,https://letterboxd.com/film/into-the-void-2019-1/
Invasion for Flesh and Blood,1991,"Something strange is afoot in the suburbs of New Jersey! Carnivorous entities from out of this world have invaded the Garden State, seeking out the tastiest dish in the entire universe: human flesh! Now only a gang of burnt-out metalheads and one sexy psychic starlet can stand up to the alien invaders devious plans of world domination and human consumption!",Warren F. Disbrow,91 mins   More at IMDb TMDB  Report this page,"Comedy, Horror, Science Fiction","Kathy Monks, Warren Disbrow Sr., James Cirronella",Invasion for Flesh and Blood,1991,https://letterboxd.com/film/invasion-for-flesh-and-blood/
Invicta,2009,"Love, greed and fire ants mix it up in rural Texas!",Carolyn Banks,76 mins   More at IMDb TMDB  Report this page,"Comedy, Horror","Matt Tramel, Sam Damon, Dawn Erin",Invicta,2009,https://letterboxd.com/film/invicta/
The Invoking 2,2015,"""Although hundreds of disturbing paranormal events occur every year, most of these chilling encounters go unreported - until now. Bear witness as hapless victims experience the unspeakable terror of confronting demonic forces, murderous poltergeists and other evil entities that are dead set on claiming their souls. Descend into an abyss of waking nightmares as these bloodthirsty, malevolent spirits seek to possess their prey and drag them-kicking and screaming-down to hell.""",Jamie Root,83 mins   More at IMDb TMDB  Report this page,Horror,"Andrew Fleming, Jessica Fratus, Chara Victoria Gannett",The Invoking 2,2015,https://letterboxd.com/film/the-invoking-2/
Invoking 4,2017,"In the fourth chapter of the horror franchise, a young woman is transported to another dimension where spirits and demons lurk. As she battles for her life on Halloween night, she is forced to face her darkest fears.",Adam O'Brien,75 mins   More at IMDb TMDB  Report this page,Horror,"Keith Dowell, Carolyn Fields, Charlotte Hunter",Invoking 4,2017,https://letterboxd.com/film/invoking-4/
Invoking 5,2018,"In the latest chapter of the chilling horror franchise, The Invoking 5: phantoms, paranormal events are captured around the globe in what might be the largest scale haunting ever recorded in human history.",Dominic Smith,79 mins   More at IMDb TMDB  Report this page,Horror,"Bel Deliá, Alexandra Bard, Jennifer Van Heeckeren",Invoking 5,2018,https://letterboxd.com/film/invoking-5/
The Invoking,2013,"After inheriting a house from the family she never knew, Samantha Harris and three friends head to rural Sader Ridge to inspect the property. Soon after arriving, Sam begins to experience horrific visions of savage brutality and unspeakable evil. Plagued by the sinister forces closing in around her, Sam descends into a waking nightmare when the demons from her past refuse to stay buried any longer.",Jeremy Berg,82 mins   More at IMDb TMDB  Report this page,"Horror, Thriller","Trin Miller, Brandon Anthony, Andi Norris",The Invoking,2013,https://letterboxd.com/film/the-invoking/
The Invoking: Paranormal Dimensions,2016,"Hundreds of disturbing paranormal events occur every year. Most of these terrifying encounters go unreported - until now. Enter the disturbing world of Invoking 3: Paranormal Dimensions where the undead come to wreak havoc upon the living. Grim Reapers, evil poltergeists, satanic forces and conjured spirits will feed off your fear and drag you into the abyss of waking nightmares.",Ruben Rodriguez,81 mins   More at IMDb TMDB  Report this page,Horror,"John Kyle Sutton, Johnathan Brugal, Garrett Marchbank",The Invoking: Paranormal Dimensions,2016,https://letterboxd.com/film/the-invoking-paranormal-dimensions/
Island of the Living Dead,2007,A group of treasure hunters got lost in a fog bank and in the morning they notice what appears to be a deserted island. The group goes on shore and sure enough there are zombies running around.,Bruno Mattei,93 mins   More at IMDb TMDB  Report this page,Horror,"Yvette Yzon, Gaetano Russo, Alvin Anson",Island of the Living Dead,2007,https://letterboxd.com/film/island-of-the-living-dead/
Isle of the Damned,2008,"In Antonello Giallo's follow up to the notorious Pleasures of the Damned, private investigator Jack Steele is hired by a mysterious treasure hunter to help find the lost treasure of Marco Polo. Along for the trip is Jack's adopted son, Billy. Their search brings them to an island off the coast of Argentina... and into the clutches of a primitive cannibal tribe, the Yamma Yamma. Alexis Kinkaid, a mysterious recluse who has made his home on the island amongst the cannibals, may hold the key to unlocking the island's secret... if they don't end up in the belly of a savage first! Isle of the Damned, originally released in Italy in 1980, brought Giallo under fire yet again by the Italian government, who were outraged by the shocking and real scenes of primitive tribal rituals and cannibalism portrayed in the film. The film has been long out of print, but is presented here in a digitally remastered form.",Mark Colegrove,85 mins   More at IMDb TMDB  Report this page,"Comedy, Horror","Larry Gamber, Peter Crates, Patrician Rosa",Isle of the Damned,2008,https://letterboxd.com/film/isle-of-the-damned/
It Cuts Deep,2020,"While on Christmas vacation, a young couple contemplates their future together. Ashley is interested in getting married and having kids which terrifies Sam. When the more attractive and paternal Nolan enters the picture, Sam’s life spirals out of control as Ashley questions their relationship. Chaos reigns as Sam desperately clings to Ashley while fending off the threatening Nolan.",Nicholas Santos,77 mins   More at IMDb TMDB  Report this page,"Horror, Comedy","John Anderson, Charles Gould, Quinn Jackson",It Cuts Deep,2020,https://letterboxd.com/film/it-cuts-deep/
It Kills: Camp Blood 7,2017,A group of college kids on break find themselves in a terrifying situation when they become stranded at the infamous Camp Blood.,Mark Polonia,69 mins   More at IMDb TMDB  Report this page,Horror,"Greta Volkova, Melissa Heflin, Titus Himmelberger",It Kills: Camp Blood 7,2017,https://letterboxd.com/film/it-kills-camp-blood-7/
Jack Frost,1997,"On his way to be executed, the vehicle containing notorious serial killer Jack Frost collides with a hazardous chemical truck, turning him into a snow covered mutant and unleashing him on the unsuspecting town of Snomonton.",Michael Cooney,86 mins   More at IMDb TMDB  Report this page,"Horror, Fantasy, Comedy","Scott MacDonald, Shannon Elizabeth, Christopher Allport",Jack Frost,1997,https://letterboxd.com/film/jack-frost-1997/
Jack Frost 2: The Revenge of the Mutant Killer Snowman,2000,"The sheriff and his deputies from the first movie decide to take a vacation in the Caribbean. Their holiday will be short-lived, however, as the thawed murderer gets inadvertently re-frozen and brought back to life. As if that weren't bad enough, he now has the ability to remain frozen even in tropical temperatures, and he's headed south to settle some old scores.",Michael Cooney,91 mins   More at IMDb TMDB  Report this page,"Comedy, Horror, Fantasy","Christopher Allport, Scott MacDonald, David Allen Brooks",Jack Frost 2: The Revenge of the Mutant Killer Snowman,2000,https://letterboxd.com/film/jack-frost-2-the-revenge-of-the-mutant-killer-snowman/
The Jack in the Box,2019,"When a vintage Jack-in-the-box is un-earthed and opened, it's new owners soon have reason to believe the creepy clown doll within has a life of its own.",Lawrence Fowler,87 mins   More at IMDb TMDB  Report this page,Horror,"Ethan Taylor, Robert Strange, Lucy-Jane Quinlan",The Jack in the Box,2019,https://letterboxd.com/film/the-jack-in-the-box/
The Jack in the Box: Awakening,2022,"When a vintage Jack-in-the-box is opened by a dying woman, she enters into a deal with the demon within that would see her illness cured in return for helping it claim six innocent victims.",Lawrence Fowler,89 mins   More at IMDb TMDB  Report this page,Horror,"Matt McClure, Mollie Hindle-Pérez, James Swanton",The Jack in the Box: Awakening,2022,https://letterboxd.com/film/the-jack-in-the-box-awakening/
Jacqueline Hyde,2005,"A lonely and shy young woman, inherits a house and stumbles upon a secret formula that enables her to transform her body in any way she wants.",Rolfe Kanefsky,94 mins   More at IMDb TMDB  Report this page,"Science Fiction, Horror","Gabriella Hall, Blythe Metz, Rebekah Ellis",Jacqueline Hyde,2005,https://letterboxd.com/film/jacqueline-hyde/
Jeepers Creepers: Reborn,2022,"Forced to travel to a horror festival with her boyfriend, a young woman begins experiencing premonitions associated with the urban myth of The Creeper. She believes that something supernatural has been summoned — and that she is at the center of it all.",Timo Vuorensola,88 mins   More at IMDb TMDB  Report this page,Horror,"Sydney Craven, Imran Adams, Jarreau Benjamin",Jeepers Creepers: Reborn,2022,https://letterboxd.com/film/jeepers-creepers-reborn/
Jigsaw,2002,"A college class tackles a bizarre project - splitting up a mannequin, they each decorate a piece. The net result is an exquisite corpse they name 'Jigsaw'. After a night of drunken confessions, the group burns the lifeless body but their darkest secrets come back to haunt them when their brainchild rises from the ashes, targeting each of the creators for a brutal death that is in keeping with their own fears!",Don Adams,79 mins   More at IMDb TMDB  Report this page,Horror,"Barret Walz, Mia Zifkin, Aimee Bravo",Jigsaw,2002,https://letterboxd.com/film/jigsaw-2002/
The Jonestown Haunting,2020,A survivor of the Jonestown massacre returns to the site 10 years later and discovers the cult's former home has become a breeding ground for the supernatural.,Andrew Jones,79 mins   More at IMDb TMDB  Report this page,"Horror, Crime","Derek Nelson, Tiffany Ceri, Andromeda Godfrey",The Jonestown Haunting,2020,https://letterboxd.com/film/the-jonestown-haunting/
Joy Ride 2: Dead Ahead,2008,"While driving to Las Vegas for the bachelor party of her sister Melissa and her fiance Bobby, Kayla stops the car at a gas station to meet her date, Nik, a guy she met on the internet. Nik convinces her to take a secondary road under the protest of Bobby but the car breaks down. They find a house in the middle of nowhere and decide to take the car parked in the house's garage to the next city...",Louis Morneau,91 mins   More at IMDb TMDB  Report this page,"Thriller, Horror, Crime","Nicki Aycox, Nick Zano, Kyle Schmid",Joy Ride 2: Dead Ahead,2008,https://letterboxd.com/film/joy-ride-2-dead-ahead/
Joy Ride 3,2014,"Rusty Nail is back on the road again looking to punish injustice at every turn - and this time it's with a group of hotheaded street racers on their way to the Road Rally 1000. As they drive through a desolate shortcut on the way to the race, an encounter with Rusty turns sour and soon he is tracking, teasing and torturing them until the end of the road.",Declan O'Brien,96 mins   More at IMDb TMDB  Report this page,"Horror, Thriller","Ken Kirzinger, Jesse Hutch, Benjamin Hollingsworth",Joy Ride 3,2014,https://letterboxd.com/film/joy-ride-3/
Julia,2014,"After suffering a brutal trauma, Julia uses an unorthodox form of therapy to restore herself.",Matthew A. Brown,95 mins   More at IMDb TMDB  Report this page,"Horror, Thriller","Ashley C. Williams, Tahyna MacManus, Jack Noseworthy",Julia,2014,https://letterboxd.com/film/julia-2014/
Kill for Me,2013,"Rent’s a bitch. And that is why, six months after her best friend went missing, Amanda finally gives in to getting another roommate, Hailey. The two college students turn out to have something in common, however: abusive men. For Hailey, it’s her dad. For Amanda, it’s a stalkery ex-boyfriend. But problems can be solved and, you know, you scratch my back, I scratch yours. In other words, Kill for Me, I kill for you.",Michael Greenspan,95 mins   More at IMDb TMDB  Report this page,"Thriller, Drama","Katie Cassidy, Tracy Spiridakos, Donal Logue",Kill for Me,2013,https://letterboxd.com/film/kill-for-me/
Killer Camera Monsters,2020,"A struggling photographer gets more than he bargained for, discovering the truth of what his new camera is really capable of.",Ryan McBay,86 mins   More at IMDb TMDB  Report this page,"Thriller, Horror","Sarati, Lauren Compton, Bernadette Pérez",Killer Camera Monsters,2020,https://letterboxd.com/film/killer-camera-monsters/
Killer Mermaid,2014,Two young American women go on a Mediterranean vacation and uncover the watery lair of a killer mermaid hidden beneath an abandoned military fortress.,Milan Todorović,90 mins   More at IMDb TMDB  Report this page,"Horror, Fantasy","Kristina Klebe, Dragan Mićanović, Natalie Burn",Killer Mermaid,2014,https://letterboxd.com/film/killer-mermaid/
Killer Nerd,1991,"A nerd is harassed by punks, and is the object of ridicule at work. Enamoured by a co-worker, he buys a tape series on how to be cool, summons up his nerve, and goes to the co-worker's house, only to find her in the clutches of another co-worker. Dejected, he goes out on the town and parties with some babes, but when their friends, who turn out to be the same punks that harassed him earlier, trash him again something snaps, and the irritants in his life begin experiencing an attrition problem.",Wayne A. Harold,90 mins   More at IMDb TMDB  Report this page,"Horror, Comedy","Toby Radloff, Lori Scarlett, Tony Zanoni",Killer Nerd,1991,https://letterboxd.com/film/killer-nerd/
Killer Tomatoes Eat France!,1992,"After being busted out of jail by his tomatoes, Professor Mortimer Gangreen begins a new plot to take over the world by inserting his hapless lackey Igor into the throne of the King of France.",John De Bello,94 mins   More at IMDb TMDB  Report this page,"Comedy, Horror, Science Fiction","John Astin, Tom Katsis, Marc Price",Killer Tomatoes Eat France!,1992,https://letterboxd.com/film/killer-tomatoes-eat-france/
Killer Tomatoes Strike Back!,1991,"Police assitant Boyle along with tomatologist Kennedi Johnson look into investigations about Killer Tomato attacks, and discover Gangrene plans to brainwash people via TV talk shows to take over the world! Will Gangrene be stopped? Will Johnson become part of a Bacon, Lettuce and Human sandwich?",John De Bello,87 mins   More at IMDb TMDB  Report this page,"Comedy, Horror, Science Fiction","Crystal Carson, Steve Lundquist, John De Bello",Killer Tomatoes Strike Back!,1991,https://letterboxd.com/film/killer-tomatoes-strike-back/
Killer Weekend,2018,"When a hopeless stag party goes on a mock zombie survival weekend, an unfortunate turn of events leaves them fighting for their lives.",Ben Kent,85 mins   More at IMDb TMDB  Report this page,"Horror, Comedy","Mark Heap, Sean Verey, Danny Kirrane",Killer Weekend,2018,https://letterboxd.com/film/killer-weekend-2018/
Killerhertz,2020,"When her boyfriend creates an app that can summon up dead spirits, Casey must deal with the devastating consequences that follow.",Colin Bishop,80 mins   More at IMDb TMDB  Report this page,"Horror, Science Fiction","Hayley Osborne, Gino Wilson, Luke Hefferman",Killerhertz,2020,https://letterboxd.com/film/killerhertz/
Killing Spree,1987,"Newly wed Tom Russo suspects his wife is having sexual encounters with their suburban neighbors, and launches a methodical campaign to murder the lovers.",Tim Ritter,88 mins   More at IMDb TMDB  Report this page,Horror,"Asbestos Felt, Courtney Lercara, Raymond Carbone",Killing Spree,1987,https://letterboxd.com/film/killing-spree/
Killjoy,2000,"Deep in an inner city hell, a ghastly figure is killing off the bad guys. A vigilante, or a demon? For the beautiful high school student, Jada, that's the question that will bring her face to face with the killer clown Killjoy.",Craig Ross Jr.,89 mins   More at IMDb TMDB  Report this page,Horror,"Ángel Vargas, Vera Yell, Lee Marks",Killjoy,2000,https://letterboxd.com/film/killjoy/
Killjoy 2: Deliverance from Evil,2002,"In this sequel, two juvenile detention officers must escort a group of criminally-inclined urban kids to the country where they are being forced to renovate a shelter for teens as punishment for their crimes. After one of them is shot by a local, the survivors seek refuge in the home of a voodoo woman, where they mistakenly summon legendary clown-faced demon Killjoy who begins hunting them down one by one.",Tammi Sutton,77 mins   More at IMDb TMDB  Report this page,Horror,"Logan Alexander, Debbie Rochon, Trent Haaga",Killjoy 2: Deliverance from Evil,2002,https://letterboxd.com/film/killjoy-2-deliverance-from-evil/
Killjoy 3,2010,"The demon clown Killjoy is resurrected once again, but this time he is not given the name of his victim and is trapped in his realm. Using a magic mirror he lures four unsuspecting college students into his realm where he can have his macabre fun! A mysterious man returns and we finally discover who Killjoy's true target is!",John Lechago,77 mins   More at IMDb TMDB  Report this page,Horror,"Trent Haaga, Victoria De Mare, Al Burke",Killjoy 3,2010,https://letterboxd.com/film/killjoy-3/
Killjoy Goes to Hell,2012,"Killjoy is back in the fourth installment of the demonic clown series. This time Killjoy is being accused of not being evil, since he let one of his victims(Sandie) get away. Killjoy must rely on his only chance of proving how evil he really is... get Sandie into hell as his witness.",John Lechago,90 mins   More at IMDb TMDB  Report this page,Horror,"Trent Haaga, Victoria De Mare, Al Burke",Killjoy Goes to Hell,2012,https://letterboxd.com/film/killjoy-goes-to-hell/
Killjoy's Psycho Circus,2016,"Killjoy, the demon of vengeance, trickster god and killer clown has finally made it to Earth! Along with his gruesome crew Freakshow, Punchy and the sexy/psychotic Batty Boop, Killjoy is free to terrorize mortals in new and excruciating ways.",John Lechago,87 mins   More at IMDb TMDB  Report this page,"Comedy, Science Fiction, Horror","Trent Haaga, Victoria De Mare, Al Burke",Killjoy's Psycho Circus,2016,https://letterboxd.com/film/killjoys-psycho-circus/
Kindred,2020,"When her boyfriend Ben suddenly dies in an accident, mother-to-be Charlotte collapses upon receiving the news. She wakes up in Ben’s family home, a crumbling old manor house in the middle of nowhere with Ben’s overbearing mother and his controlling stepbrother who are determined to care for her. Grief-stricken and increasingly haunted by visions possibly brought on by the pregnancy, Charlotte begins to doubt the family's intentions and her suspicions grow that they may be trying to control her and her unborn baby.",Joe Marcantonio,101 mins   More at IMDb TMDB  Report this page,"Drama, Horror, Mystery","Tamara Lawrance, Jack Lowden, Edward Holcroft",Kindred,2020,https://letterboxd.com/film/kindred-2020/
Kingdom of the Vampire,2007,"Remake of the 1991 low-budget thriller. Jeff works the night shift, then comes home to his domineering mother, who has the grisly habit of slaughtering neighborhood children to satisfy her insatiable bloodlust.",Brett Kelly,82 mins   More at IMDb TMDB  Report this page,Horror,"Brett Kelly, Anastasia Kimmett, Gabrielle Mackenzie",Kingdom of the Vampire,2007,https://letterboxd.com/film/kingdom-of-the-vampire-2007/
Knight Chills,2001,"When a group of friends mock the wrong person during their role-playing game, they soon find themselves hunted by a vengeful knight straight out of their fantasy world. As the line between reality and fiction blurs, they must uncover the truth before they become the next victims of his wrath.",Katherine Hicks,82 mins   More at IMDb TMDB  Report this page,Horror,"Tim Jeffrey, DJ Perry, Laura Tidwell",Knight Chills,2001,https://letterboxd.com/film/knight-chills/
Knight of the Peeper,2006,"Beautiful buxom bombshell Tatianna Stone has more than her hands full when she, and her luscious girlfriends, battle not one, but two, lecherous psychopaths.",Jose Sombra,83 mins   More at IMDb TMDB  Report this page,Horror,"Claude Anders, Tara Ashleigh, Dan Dare",Knight of the Peeper,2006,https://letterboxd.com/film/knight-of-the-peeper/
Kolobos,1999,Five young individuals agree to live in an isolated lodge together and have their daily activities filmed. But soon the house is locked down and they each run into the murderous clutches of a faceless serial killer who may not be working alone.,Daniel Liatowitsch,84 mins   More at IMDb TMDB  Report this page,"Thriller, Horror","Amy Weber, Donny Terranova, Nichole Pelerine",Kolobos,1999,https://letterboxd.com/film/kolobos/
Krampus Origins,2018,"The first World War rages on when a group of American soldiers find a mysterious artifact that can summon the ancient evil of the Krampus. After the men are killed in action, the artifact is sent to the commanding officer's widow who is a teacher at a small-town orphanage. The orphans accidentally summon the Krampus and the teacher, and her pupils are forced to battle this ancient evil.",Joseph Mbah,86 mins   More at IMDb TMDB  Report this page,Horror,"Maria Olsen, Anna Harr, Katie Peabody",Krampus Origins,2018,https://letterboxd.com/film/krampus-origins/
Krampus: The Christmas Devil,2013,"Jeremy, a local police officer leads a life of a confusing past, spending his current time searching for his kidnapper as a child. After other children begin missing, Jeremy pieces together the truth and realizes that his childhood kidnapper could be a creature of ancient yuletide lore, Krampus, who is the brother of St. Nick, and punisher of children who perform acts of unspeakable evil without repercussion. Can Jeremy kill Krampus and prevent more missing children?",Jason Hull,83 mins   More at IMDb TMDB  Report this page,"Action, Thriller, Horror","Bill Oberst Jr., Samantha Hoepfl, Erica Soto",Krampus: The Christmas Devil,2013,https://letterboxd.com/film/krampus-the-christmas-devil/
Krampus 2: The Devil Returns,2016,"Five years after the murder of his wife and disappearance of his daughter, former police officer Jeremy Duffin is brought back to help in the hunt for a yuletide monster that punishes children that have been ""naughty."" As the monster becomes more erratic and unpredictable, Jeremy learns the truth about the disappearance of his daughter and the fate that has been bestowed upon him by an unlikely source. Can Jeremy finally end the nightmare Christmas monster that has terrorized this town for years?",Jason Hull,83 mins   More at IMDb TMDB  Report this page,"Action, Thriller, Horror","Shawn C. Phillips, Melantha Blackthorne, R.A. Mihailoff",Krampus 2: The Devil Returns,2016,https://letterboxd.com/film/krampus-2-the-devil-returns/
Krampus: The Reckoning,2015,"Zoe, a strange child has a not so imaginary friend the Krampus who is the dark companion of St. Nicholas.",Robert Conway,89 mins   More at IMDb TMDB  Report this page,Horror,"Monica Engesser, Amelia Haberman, James Ray",Krampus: The Reckoning,2015,https://letterboxd.com/film/krampus-the-reckoning/
Krocodylus,2000,"A sleazy producer develops a concept he dubs ""blood surfing"" -- tossing bloody fish remains into the water to lure sharks and then surfing through the animals as they chomp about. Along with his camerawoman, the producer brings two thrill-seeking surfers to the coast of Florida to capture some gnarly footage. But, as they blood surf, they encounter something even more deadly: a colossal prehistoric crocodile intent on devouring them.",James D.R. Hickox,88 mins   More at IMDb TMDB  Report this page,"Thriller, Action, Horror, Comedy","Kate Fischer, Duncan Regehr, Matt Borlenghi",Krocodylus,2000,https://letterboxd.com/film/krocodylus/
Lake Bodom,2016,"Every camper’s worst nightmare came true at Lake Bodom in 1960 when four teenagers were stabbed to death while sleeping in their tent. As the years passed and the case grew cold, the unsolved mystery turned into an urban legend, a creepy campfire story passed from generation to generation. Now, a group of teenagers arrives at the same campsite, hoping to solve the murder by reconstructing it minute by minute. As night falls, it turns out that not all of them are there to play. Tonight… it’s girls against boys. Let the killing games begin.",Taneli Mustonen,90 mins   More at IMDb TMDB  Report this page,Horror,"Nelly Hirst-Gee, Mimosa Willamo, Mikael Gabriel",Lake Bodom,2016,https://letterboxd.com/film/lake-bodom/
Lake Placid 2,2007,"Man-eating crocodiles return to the lake as two males and one aggressive female crocodile, which is protecting her nest, wreak havoc on the locals.",David Flores,88 mins   More at IMDb TMDB  Report this page,"Horror, Science Fiction","John Schneider, Sam McMurray, Sarah Lafleur",Lake Placid 2,2007,https://letterboxd.com/film/lake-placid-2/
Lake Placid 3,2010,"A game warden moves his family to Lake Placid, once the site of deadly crocodile attacks. Locals assure him the crocs are gone, but his mischievous young son finds a few baby crocs and begins feeding them. They quickly grow into very big adults and start attacking the game warden's family and nearby town.",Griff Furst,93 mins   More at IMDb TMDB  Report this page,"Action, Horror, Science Fiction, Thriller","Colin Ferguson, Yancy Butler, Kirsty Mitchell",Lake Placid 3,2010,https://letterboxd.com/film/lake-placid-3/
Lake Placid vs. Anaconda,2015,A giant alligator goes head to head with a giant Anaconda. The town sheriff must find a way to destroy the two monsters before they kill the whole town.,A.B. Stone,92 mins   More at IMDb TMDB  Report this page,"Action, Science Fiction, Horror","Yancy Butler, Corin Nemec, Skye Lourie",Lake Placid vs. Anaconda,2015,https://letterboxd.com/film/lake-placid-vs-anaconda/
Lake Placid: The Final Chapter,2012,"Black Lake is now a crocodile sanctuary, surrounded by an electric fence. When the fence is left open, a high-school bus unknowingly enters the park. It's up to Reba and the Sheriff to save the kids from becoming crocodile food.",Don Michael Paul,86 mins   More at IMDb TMDB  Report this page,"Horror, Science Fiction","Yancy Butler, Robert Englund, Daniel Black",Lake Placid: The Final Chapter,2012,https://letterboxd.com/film/lake-placid-the-final-chapter/
Las Vegas Bloodbath,1989,"After discovering his wife has betrayed him, Sam Butler finds himself on the bloodiest killing spree Las Vegas has ever seen!",David Schwartz,68 mins   More at IMDb TMDB  Report this page,"Crime, Horror","Ari Levin, Rebecca Gandara, Susanne Ciddio",Las Vegas Bloodbath,1989,https://letterboxd.com/film/las-vegas-bloodbath/
The Last Exorcist,2020,"When Joan discovers her sister has been possessed by a demonic entity, she has to enlist the help of the only remaining priest trained in exorcisms to help her overcome evil. They find themselves in a race against time to rid her sister of the demon before it can enter the world and wreak havoc.",Robin Bain,79 mins   More at IMDb TMDB  Report this page,"Thriller, Horror","Danny Trejo, Rachele Brooke Smith, Terri Ivens",The Last Exorcist,2020,https://letterboxd.com/film/the-last-exorcist/
Last Gasp,1995,"A ruthless real estate developer is possessed by the violent spirits of the Native American tribesmen he massacred, which force him to go on an indiscriminate killing spree against his will.",Scott McGinnis,93 mins   More at IMDb TMDB  Report this page,"Thriller, Horror","Robert Patrick, Joanna Pacula, Vyto Ruginis",Last Gasp,1995,https://letterboxd.com/film/last-gasp/
The Last Laugh,2020,A stand-up comedian on the verge of breakout success must make a terrible choice when he discovers a murderer on the loose in the theater where he's about to perform his biggest show.,Jeremy Berg,82 mins   More at IMDb TMDB  Report this page,"Thriller, Horror","Steve Vanderzee, Lowell Deo, Meranda Long",The Last Laugh,2020,https://letterboxd.com/film/the-last-laugh-2020/
Last Radio Call,2022,"On June 30th, 2018, Officer David Serling went missing inside an undisclosed abandoned hospital. Using his recovered body cam footage, his wife attempts to piece together what happened to him on that horrible night.",Isaac Rodriguez,76 mins   More at IMDb TMDB  Report this page,"Mystery, Horror","Sarah Froelich, Jason Scarbrough, Keekee Suki",Last Radio Call,2022,https://letterboxd.com/film/last-radio-call/
Last Shift,2014,"Rookie police officer Jessica Loren has been assigned the last shift at a closing police station and must wait for a hazmat crew to collect biomedical evidence. Ordered not to leave the station under any circumstances, Jessica comes to learn that it's more than just an outdated station, it's home to the ultimate embodiment of evil and his devoted bloodthirsty followers. Jessica is left to fend for herself in the Devil's playground.",Anthony DiBlasi,87 mins   More at IMDb TMDB  Report this page,"Mystery, Horror","Juliana Harkavy, Joshua Mikel, Hank Stone",Last Shift,2014,https://letterboxd.com/film/last-shift/
The Last Slumber Party,1987,"Chris, Tracy, and Linda prepare for the ultimate slumber party on their last day of high school. But little do the ladies know that the party is about to be crashed by a maniacal killer with a giant scalpel!",Stephen Tyler,71 mins   More at IMDb TMDB  Report this page,Horror,"Jan Jensen, Nancy Meyer, Joann Whitley",The Last Slumber Party,1987,https://letterboxd.com/film/the-last-slumber-party/
The Last Thanksgiving,2020,A family of cannibalistic pilgrims attacks a restaurant that stays open for Thanksgiving.,Erick Lorinc,73 mins   More at IMDb TMDB  Report this page,Horror,"Linnea Quigley, Samantha Ferrand, Michael Vitovich",The Last Thanksgiving,2020,https://letterboxd.com/film/the-last-thanksgiving/
The Last Vampire On Earth,2010,"Chloe is a college student studying Anthropology. Aurelius is studying Hematology. They seemingly have nothing in common, except both have a secret. When brought together in a Literature Class, Chloe and Aurelius seem like the most unlikely of friends. Chloe is a pastor's daughter. Aurelius is a pale loner. When Chloe reaches out to try and befriend him surprising things happen. This is a story of humanity, love, and blind superstition. It's amazing what can happen when you reach out to a stranger. Your whole world might get turned upside down.",Vitaliy Versace,80 mins   More at IMDb TMDB  Report this page,"Horror, Romance","McKenzie Grimmet, Michael Bole, Kevin Glaser",The Last Vampire On Earth,2010,https://letterboxd.com/film/the-last-vampire-on-earth/
The Last Will and Testament of Rosalind Leigh,2012,"The story of Leon, an antiques collector who inherits a house from his estranged mother only to discover that she had been living in a shrine devoted to a mysterious cult. Soon, Leon comes to suspect that his mother's oppressive spirit still lingers within her home and is using items in the house to contact him with an urgent message.",Rodrigo Gudiño,82 mins   More at IMDb TMDB  Report this page,"Horror, Thriller","Aaron Poole, Vanessa Redgrave, Julian Richings",The Last Will and Testament of Rosalind Leigh,2012,https://letterboxd.com/film/the-last-will-and-testament-of-rosalind-leigh/
Leeches!,2003,"When a crop of doped-up athletes from the Lakecrest College swim team dive into the campus lake to blow off some steam, the bloodsucking leeches below the surface undergo a stunning transformation. After ingesting small amounts of the swimmers' steroid-laced blood, the slimy creatures grow to unusual sizes and set out to sink their teeth into an unsuspecting student population.",David DeCoteau,85 mins   More at IMDb TMDB  Report this page,"Horror, Thriller","Matthew Twining, Josh Henderson, Stacey Nelson",Leeches!,2003,https://letterboxd.com/film/leeches/
Left In Darkness,2006,"Celia has had a rough life, with a mother who died in childbirth and a father who disappeared. Unfortunately for Celia, death is not any easier than life. When she is drugged and raped at a frat party, Celia dies from an overdose, and must battle the terrible Soul Eaters who roam the afterlife.",Steven R. Monroe,88 mins   More at IMDb TMDB  Report this page,"Thriller, Horror","Monica Keena, David Anders, Tim Thomerson",Left In Darkness,2006,https://letterboxd.com/film/left-in-darkness/
Legend of the Chupacabra,2000,"Is the legend of Chupacabran (roughly translated to getsugare) true? Or is it just folklore? Or a madman in latex suit? When Maria Esperanza's uncle and his goats are assaulted and killed, she collects together a team of crypto zoology student and a Marine to unravel the mystery once and for all",Joe Castro,100 mins   More at IMDb TMDB  Report this page,Horror,"Katsy Joiner, J.T. Trevino, Chris Doughton",Legend of the Chupacabra,2000,https://letterboxd.com/film/legend-of-the-chupacabra/
The Legend of Fall Creek,2021,"On a chilly Halloween night in 1988, Fall Creek Valley turned upside down when Robert “Bobby” Maxwell disappeared from a party. On the 20 Year Anniversary, BLOODY BOBBY seeks revenge on his tormentors who sealed his fate with a blood pact.",Anthony Hall,88 mins   More at IMDb TMDB  Report this page,"Drama, Crime, Horror","Frank Brantley, Alton Clemente, Chuck Clendenin",The Legend of Fall Creek,2021,https://letterboxd.com/film/the-legend-of-fall-creek/
The Legend of La Llorona,2022,"While vacationing in Mexico, a couple discovers their son's disappearance is tied to a supernatural curse.",Patricia Harris Seeley,98 mins   More at IMDb TMDB  Report this page,"Thriller, Horror","Autumn Reeser, Antonio Cupo, Danny Trejo",The Legend of La Llorona,2022,https://letterboxd.com/film/the-legend-of-la-llorona/
Legion of the Dead,2005,"When the mummified remains of an evil Egyptian queen are brought back to life, she resurrects an army of living dead to help fulfill the prophecy that promises her all the powers of the Underworld.",Paul Bales,85 mins   More at IMDb TMDB  Report this page,"Horror, Thriller","Courtney Clonch, Claudia Lynx, Bruce Boxleitner",Legion of the Dead,2005,https://letterboxd.com/film/legion-of-the-dead-2005/
Leprechaun 3,1995,"It was a normal night in Las Vegas, Nevada, all the lights were flashing brightly, until a man with one hand, one eye, and one leg walks into a pawn shop with a statue of a hideous looking Leprechaun. The owner claims it's a good luck charm. The statue also wore a medallion around it's neck. The careless pawn shop owner took off the medallion setting the Leprechaun free...",Brian Trenchard-Smith,94 mins   More at IMDb TMDB  Report this page,"Comedy, Romance, Horror","Warwick Davis, John Gatins, Lee Armstrong",Leprechaun 3,1995,https://letterboxd.com/film/leprechaun-3/
Leprechaun 4: In Space,1996,"On a planet in a distant galaxy, a power hungry Leprechaun, holds a beautiful alien princess hostage in order to marry her for her royal title. With her title and his beloved gold, he'll be able to rule the universe. While making his maniacal plans, what he doesn't count on is an invading platoon of marines from Earth, to save the princess and foil his plans. An accomplished trickster, the Leprechaun stows himself away on the orbiting spaceship and wreaks havoc on the crew in an attempt to recapture his bride.",Brian Trenchard-Smith,95 mins   More at IMDb TMDB  Report this page,"Comedy, Science Fiction, Horror","Warwick Davis, Brent Jasmer, Jessica Collins",Leprechaun 4: In Space,1996,https://letterboxd.com/film/leprechaun-4-in-space/
Leprechaun in the Hood,2000,"When Butch, Postmaster P, and Stray Bullet loot the local hip-hop mogul's studio to fund their demo album, the threesome unwittingly ends up with the secret of Mack Daddy's success: a magical flute. Their gigs instantly turn golden but a blood-thristy Leprechaun and an angry Mack Daddy are hot on their trail, leaving a wake of destruction tainted by politically incorrect limericks.",Rob Spera,90 mins   More at IMDb TMDB  Report this page,"Horror, Comedy","Warwick Davis, Ice-T, Anthony Montgomery",Leprechaun in the Hood,2000,https://letterboxd.com/film/leprechaun-in-the-hood/
Leprechaun Returns,2018,A group of unwitting sorority sisters accidentally awaken the serial-killing Leprechaun after they build a sorority house on his hunting grounds.,Steven Kostanski,93 mins   More at IMDb TMDB  Report this page,"Horror, Comedy","Taylor Spreitler, Pepi Sonuga, Sai Bennett",Leprechaun Returns,2018,https://letterboxd.com/film/leprechaun-returns/
Leprechaun: Back 2 tha Hood,2003,"When Emily Woodrow and her friends happen on a treasure chest full of gold coins, they fail to to heed the warnings of a wise old psychic who had foretold that they would encounter trouble with a very nasty and protective Leprechaun.",Steven Ayromlooi,90 mins   More at IMDb TMDB  Report this page,"Horror, Comedy","Warwick Davis, Tangi Miller, Laz Alonso",Leprechaun: Back 2 tha Hood,2003,https://letterboxd.com/film/leprechaun-back-2-tha-hood/
Leprechaun: Origins,2014,Two young couples backpacking through Ireland discover that one of Ireland's most famous legends is a terrifying reality.,Zach Lipovsky,90 mins   More at IMDb TMDB  Report this page,Horror,"Stephanie Bennett, Andrew Dunbar, Melissa Roxburgh",Leprechaun: Origins,2014,https://letterboxd.com/film/leprechaun-origins/
Let It Snow,2020,"Separated from her fiance after sneaking onto a restricted slope, Mia, a free riding snowboarder, must survive not only against nature, but the masked snowmobile rider in black who's out for her blood.",Stanislav Kapralov,86 mins   More at IMDb TMDB  Report this page,"Thriller, Horror","Ivanna Sakhno, Olga Sulzhenko, Ihar Kankov",Let It Snow,2020,https://letterboxd.com/film/let-it-snow-2020/
Let Us Prey,2014,"Rachel, a rookie cop, is about to begin her first night shift in a neglected police station in a Scottish, backwater town. The kind of place where the tide has gone out and stranded a motley bunch of the aimless, the forgotten, the bitter-and-twisted who all think that, really, they deserve to be somewhere else. They all think they're there by accident and that, with a little luck, life is going to get better. Wrong, on both counts. Six is about to arrive - and All Hell Will Break Loose!",Brian O'Malley,92 mins   More at IMDb TMDB  Report this page,"Horror, Thriller","Liam Cunningham, Niall Greig Fulton, Pollyanna McIntosh",Let Us Prey,2014,https://letterboxd.com/film/let-us-prey/
Let's Scare Julie,2019,"When a group of teen girls set out to scare the reclusive girl next door, what seems like a simple prank goes horribly wrong.",Jud Cremata,83 mins   More at IMDb TMDB  Report this page,"Thriller, Horror, Mystery","Odessa A'zion, Isabel May, Brooke Sorenson",Let's Scare Julie,2019,https://letterboxd.com/film/lets-scare-julie/
Life Blood,2009,"Forty years ago a supernatural force vanquished Brooke and Rhea, a sexy lipstick lesbian couple, after they committed an inconceivable murder. Now, on New Year's Eve, they'll rise from the dead. Still hot and still a couple, they're back as vampires. Enamored with their newfound power, it's no longer a question of whether they will kill again, but of how.",Ron Carlson,82 mins   More at IMDb TMDB  Report this page,Horror,"Sophie Monk, Scout Taylor-Compton, Anya Lahiri",Life Blood,2009,https://letterboxd.com/film/life-blood/
Linnea Quigley's Horror Workout,1990,Blood starts flowing as Linnea Quigley leads viewers through exercise routines while looking back on the films that made her a legend.,Kenneth J. Hall,60 mins   More at IMDb TMDB  Report this page,"Comedy, Horror","Linnea Quigley, Cynthia Garris, Amy Hunt",Linnea Quigley's Horror Workout,1990,https://letterboxd.com/film/linnea-quigleys-horror-workout/
Little Deaths,2011,"Composed of three disturbingly sensual and terrifying short narratives, unified by the twin themes of sex and death.",Sean Hogan,90 mins   More at IMDb TMDB  Report this page,"Romance, Horror, Thriller","Luke de Lacey, Holly Lucas, Siubhan Harrison",Little Deaths,2011,https://letterboxd.com/film/little-deaths/
Little Evil,2017,"Gary, who has just married Samantha, the woman of his dreams, discovers that her six-year-old son may be the Antichrist.",Eli Craig,94 mins   More at IMDb TMDB  Report this page,"Horror, Comedy","Adam Scott, Evangeline Lilly, Owen Atlas",Little Evil,2017,https://letterboxd.com/film/little-evil/
Little Monsters,2019,A washed-up musician teams up with a teacher and a kids show personality to protect young children from a sudden outbreak of zombies.,Abe Forsythe,94 mins   More at IMDb TMDB  Report this page,"Horror, Comedy","Lupita Nyong'o, Alexander England, Josh Gad",Little Monsters,2019,https://letterboxd.com/film/little-monsters-2019/
Little Witches,1996,"When an ancient book of spells transforms 6 naughty Catholic school girls into a sexy coven of witches, all hell breaks loose. Witness the evil craft of Little Witches as the execute their devilish deeds.",Jane Simpson,91 mins   More at IMDb TMDB  Report this page,"Horror, Drama","Mimi Rose, Sheeri Rappaport, Zelda Rubinstein",Little Witches,1996,https://letterboxd.com/film/little-witches/
Live Feed,2006,"Five young adults are about to find themselves in a fight for their lives, pitted against evil itself! While on vacation in a foreign city, one of the five makes a seemingly innocent albeit ignorant mistake and soon all of them will realize the cost of such an inconsequential action. A stranger appears to help them, but is this too little, too late?",Ryan Nicholson,77 mins   More at IMDb TMDB  Report this page,"Action, Horror, Thriller","Kevan Ohtsji, Taayla Markell, Stephen Chang",Live Feed,2006,https://letterboxd.com/film/live-feed/
The Living and the Dead,2006,"Lord Donald and Lady Nancy reside in the magnificent but run-down Longleigh House with James, their mentally disabled adult son. Nancy has fallen seriously ill and Donald is preparing to sell the house to raise enough money to pay for an operation. He arranges for the family nurse, Mary, to take care of Nancy while he leaves to tend to the sale. However, James wants to prove to his father that he can look after his mother on his own and decides to lock Mary out of the house. It isn't long before James starts mixing his mother's pills and forgetting to take his own medication, and as the stress of looking after his mother increases, so too does the severity of his own condition.",Simon Rumley,83 mins   More at IMDb TMDB  Report this page,"Horror, Drama","Leo Bill, Roger Lloyd Pack, Kate Fahy",The Living and the Dead,2006,https://letterboxd.com/film/the-living-and-the-dead/
Living Death,2006,"Torture is the ultimate seduction when Victor, a powerful and dangerous millionaire, discovers that his beautiful wife Elizabeth (Kristy Swanson) is having a steamy affair with his best friend. And when the lovers' risky plan to get rid of him backfires, Victor's relentless anger and terrifying rage sends him over the edge on a shockingly sadistic quest for total revenge.",Erin Berry,85 mins   More at IMDb TMDB  Report this page,"Thriller, Drama, Horror","Greg Bryk, Kristy Swanson, Joshua Peace",Living Death,2006,https://letterboxd.com/film/living-death/
Living Space,2018,"College sweethearts Brad and Ashley venture into the heartland of Germany. Their romantic holiday takes a sinister turn when encountering a German SS Officer, thrusting them into a psychological vortex revealing there is not always life in a 'Living Space'.",Steven Spiel,80 mins   More at IMDb TMDB  Report this page,Horror,"Georgia Chara, Leigh Scully, Andy McPhee",Living Space,2018,https://letterboxd.com/film/living-space-2018/
The Lodger,2020,"Julie just started university in Bordeaux. She moves into the house of Elizabeth, an old widow who lends her a room in exchange for her help with daily chores. There’s one condition: acting as if Victor, Elizabeth’s dead husband, was still alive. But soon, Julie starts feeling his presence… and an inescapable and dangerous love triangle begins.",Baptiste Drapeau,92 mins   More at IMDb TMDB  Report this page,"Romance, Thriller, Horror","Jacqueline Bisset, Alice Isaaz, Bastien Ughetto",The Lodger,2020,https://letterboxd.com/film/the-lodger-2020/
The Long Night,2022,A devoted couple's quiet weekend takes a bizarre turn when a nightmarish cult and their maniacal leader come to fulfill an apocalyptic prophesy.,Rich Ragsdale,91 mins   More at IMDb TMDB  Report this page,Horror,"Scout Taylor-Compton, Nolan Gerard Funk, Deborah Kara Unger",The Long Night,2022,https://letterboxd.com/film/the-long-night-2022/
Lord of Tears,2013,"Lord of Tears tells the story of James Findlay, a school teacher plagued by recurring nightmares of a mysterious and unsettling entity. Suspecting that his visions are linked to a dark incident in his past, James returns to his childhood home, a notorious mansion in the Scottish Highlands, where he uncovers the disturbing truth behind his dreams, and must fight to survive the brutal consequences of his curiosity.",Lawrie Brewster,100 mins   More at IMDb TMDB  Report this page,"Horror, Drama","David Schofield, Euan Douglas, Alexandra Nicole Hulme",Lord of Tears,2013,https://letterboxd.com/film/lord-of-tears/
Lost After Dark,2014,"A group of teens sneak out of their high school dance to cruise around and have some unsupervised fun. When their car runs out of gas on a deserted road, they discover an old farmhouse and the cannibal killer living inside.",Ian Kessner,85 mins   More at IMDb TMDB  Report this page,Horror,"Alexander Calvert, Jesse Camacho, Eve Harlow",Lost After Dark,2014,https://letterboxd.com/film/lost-after-dark/
Lost Boys: The Thirst,2010,A mysterious fiend uses a designer drug to turn partiers at an all-night rave into his personal army of never-say-die bloodsuckers.,Dario Piana,81 mins   More at IMDb TMDB  Report this page,"Action, Comedy, Horror","Corey Feldman, Jamison Newlander, Tanit Phoenix",Lost Boys: The Thirst,2010,https://letterboxd.com/film/lost-boys-the-thirst/
Lost Boys: The Tribe,2008,"Surfing vampires hit the waves, rule the night and seek fresh blood, and the new girl in town may be exactly what they're craving.",P.J. Pesce,94 mins   More at IMDb TMDB  Report this page,"Comedy, Horror, Thriller","Tad Hilgenbrink, Angus Sutherland, Autumn Reeser",Lost Boys: The Tribe,2008,https://letterboxd.com/film/lost-boys-the-tribe/
Love Bites,1988,"Meet Jake Hunter. He's young, he's cute and he fancies himself as the very model of a modern-day fearless vampire killer. Together with Lesley, his reluctant sidekick, Jake sets out to tackle his greatest challenge ever - the West Hollywood Count. But when the ghoul of his nightmares turns out to be the dashing hunk of his dreams, Jake discovers that there's more to this case than he counted on.",Marvin Jones,69 mins   More at IMDb TMDB  Report this page,"Comedy, Horror","Kevin Glover, Bernard Barnes Jarvis, Christopher Ladd",Love Bites,1988,https://letterboxd.com/film/love-bites-1988/
Lovers Lane,2000,A man with a hook for a hand escapes from a mental institution to go after the children of his previous victims.,Jon Steven Ward,90 mins   More at IMDb TMDB  Report this page,"Horror, Mystery","Riley Smith, Diedre Kilgore, Carter Roy",Lovers Lane,2000,https://letterboxd.com/film/lovers-lane/
Lumberjack Man,2015,"As the staff of Good Friends Church Camp prepares for a spring break filled with ""Fun Under the Son"", a demon logger rises from his sap boiler to wreak his vengeance and feast on flapjacks soaked in the blood of his victims.",Josh Bear,105 mins   More at IMDb TMDB  Report this page,"Horror, Comedy","Michael Madsen, Ciara Flynn, Jarrett King",Lumberjack Man,2015,https://letterboxd.com/film/lumberjack-man/
Lurking Fear,1994,"The storm-swept and depopulated town of Leffert’s Corners has been terrorized for decades by grotesque creatures that breed in the depths beneath the local cemetery. A group of townspeople have hatched a last-ditch plan to destroy the ghoul-infested graveyard, but their mission is interrupted by the arrival of a band of violent thieves intent on retrieving money hidden in one of the graves.",C. Courtney Joyner,77 mins   More at IMDb TMDB  Report this page,"Horror, Crime","Jon Finch, Blake Adams, Ashley Laurence",Lurking Fear,1994,https://letterboxd.com/film/lurking-fear/
Lust for Dracula,2004,"Mina Harker isn't the happiest of Hollywood Hills wives - even though she's married to wealthy pharmaceuticals magnate Jonathan Harker. The repressed Mina longs for Jonathan's love and the happiness a child would bring them, yet the arrival of the beautiful and mysterious Dracula - seductive vampire servants at her side - will change their lives forever. Dracula offers Mina the sensual existence she so desperately craves - one that is immediately threatened by Mina's sister, Dr. Abigail Van Helsing. Van Helsing seeks to not only destroy the monstrous vampire but covet Mina's seemingly perfect life and husband Jonathan, too. As these troubled characters move ever closer toward their destinies and a final battle with Dracula, blood will be spilled, souls will be destroyed, and love will become undying.",Tony Marsiglia,90 mins   More at IMDb TMDB  Report this page,"Thriller, Horror","Erin Brown, Darian Caine, Julian Wells",Lust for Dracula,2004,https://letterboxd.com/film/lust-for-dracula/
Lust for Frankenstein,1998,"Moira Frankenstein, the grand-daughter of noted mad scientist Dr. Frankenstein, has become obsessed with the work of her ancestor and she decides to pick up the family business where he left off.",Jesús Franco,82 mins   More at IMDb TMDB  Report this page,Horror,"Michelle Bauer, Lina Romay, Analía Ivars",Lust for Frankenstein,1998,https://letterboxd.com/film/lust-for-frankenstein/
Lust in the Mummy's Tomb,2002,"A college student awakens a long-dormant Egyptian mummy stolen from a museum, and then is pursued and seduced by the ghost of the Egyptian queen Cleopatra.",William Hellfire,40 mins   More at IMDb TMDB  Report this page,"Horror, Fantasy","Erin Brown, Patty Perturbed, Joey Smack",Lust in the Mummy's Tomb,2002,https://letterboxd.com/film/lust-in-the-mummys-tomb/
Lycan Colony,2006,Some small towns hold many secrets. Two siblings and a newly settled doctor's family are about to find out this town's darkest secret...the hard way. The town folk are good and evil werewolves! And all things are not as they appear.,Rob Roy,92 mins   More at IMDb TMDB  Report this page,"Fantasy, Action, Horror","Bill Sykes, Kadrolsha Ona Carole, Sean Burgoyne",Lycan Colony,2006,https://letterboxd.com/film/lycan-colony/
M.O.M. Mothers of Monsters,2020,"A distraught mother suspects her teenage son is a psychopath who may shoot up his high school, but when he outsmarts the mental healthcare system she is forced to take matters into her own hands.",Tucia Lyman,98 mins   More at IMDb TMDB  Report this page,"Drama, Thriller, Horror","Melinda Page Hamilton, Bailey Edwards, Ed Asner",M.O.M. Mothers of Monsters,2020,https://letterboxd.com/film/mom-mothers-of-monsters/
Machine Head,2000,A teenager creates a machine to raise the dead for a science experiment. Things go terribly wrong....,Leonard Murphy,79 mins   More at IMDb TMDB  Report this page,Horror,"Josh Walitt, Jeff Stroud, Rich Cowden",Machine Head,2000,https://letterboxd.com/film/machine-head/
Machined Reborn,2009,"When a property in the Sonoran Desert, AZ, fell into default foreclosure and went up for public auction, an eager young newlywed couple jumped at the opportunity to purchase. Little did they know it used to be a torture ground owned by the serial killer ""Motorman Dan"" whose crimes became the most puzzling in U.S. history. Now, their honeymoon phase has come to a horrifying halt, as the Motorman rises for one more round of terror.",Craig McMahon,80 mins   More at IMDb TMDB  Report this page,"Thriller, Horror","Kathleen Benner, Russell Clay, Jimmy Flowers",Machined Reborn,2009,https://letterboxd.com/film/machined-reborn/
Mad at the Moon,1992,A young woman on the frontier marries a meek farmer who has an annoying habit of going through a rather drastic change every full moon.,Martin Donovan,98 mins   More at IMDb TMDB  Report this page,"Horror, Romance, Western","Mary Stuart Masterson, Hart Bochner, Stephen Blake",Mad at the Moon,1992,https://letterboxd.com/film/mad-at-the-moon/
Mad Cow,2010,"A crazed scientist creates a half-man, half-cow creature which goes on the rampage at an African game lodge.",Michael Wright,90 mins   More at IMDb TMDB  Report this page,"Comedy, Science Fiction, Horror","Craig Brown, Angus Douglas, Kelly Grobler",Mad Cow,2010,https://letterboxd.com/film/mad-cow/
Madhouse,2004,A young psychiatric intern unearths secrets about the mental health facility in which he works.,William Butler,91 mins   More at IMDb TMDB  Report this page,"Horror, Thriller","Joshua Leonard, Jordan Ladd, Natasha Lyonne",Madhouse,2004,https://letterboxd.com/film/madhouse-2004/
Madison County,2011,"A group of college kids travel to a small, mountain town called Madison County to interview the author of a tell-all book on the accounts of several grisly murders that happened there. But when the kids get to Madison County, the author is no where to be found and the towns people act like they haven't seen him in years. They also say that the killer never existed and the murders never happened. However, when the kids start digging around to get their own answers, they find out that the stories maybe more real than the townspeople are letting on!",Eric England,81 mins   More at IMDb TMDB  Report this page,"Horror, Thriller, Mystery","Colley Bailey, Matt Mercer, Ace Marrero",Madison County,2011,https://letterboxd.com/film/madison-county/
Madness,2010,"Friends Jenna and Tarra are on their way to a cheerleading contest when they decide to stop at a gas station to help two guys, Oliver and Chad, who are experiencing some engine problems. What they don't know is that they are being watched by a group of deranged madman whose only intention is to hunt them down and kill them for pleasure. After being captured and locked up, survival is the only thing on the friends' minds, but just how far are they willing to go?",David Liljeblad,94 mins   More at IMDb TMDB  Report this page,Horror,"Anna Adolfsson, Victoria Bloom, Yohanna Idha",Madness,2010,https://letterboxd.com/film/madness/
Make a Wish,2002,"In celebration of their friend Susan’s birthday, a group of women with scandalous, intertwining pasts take off for a weekend retreat in the hills, unaware of the chaos and danger ahead.",Sharon Ferranti,96 mins   More at IMDb TMDB  Report this page,Horror,"Moynan King, Hollace Starr, Virginia Baeta",Make a Wish,2002,https://letterboxd.com/film/make-a-wish/
Malignant,2021,"Madison is paralyzed by shocking visions of grisly murders, and her torment worsens as she discovers that these waking dreams are in fact terrifying realities with a mysterious tie to her past.",James Wan,111 mins   More at IMDb TMDB  Report this page,"Horror, Mystery","Annabelle Wallis, Maddie Hasson, George Young",Malignant,2021,https://letterboxd.com/film/malignant-2021/
Maneater,2022,A group of friends on vacation in a seeming island paradise are stalked by an unrelenting great white after an accident leaves them stranded and left for dead.,Justin Lee,86 mins   More at IMDb TMDB  Report this page,"Horror, Thriller, Mystery","Nicky Whelan, Trace Adkins, Jeff Fahey",Maneater,2022,https://letterboxd.com/film/maneater-2022-1/
The Mangler 2,2002,A teenager girl mistakenly downloads the Mangler 2.0 computer virus into her highschool's new state of the art computer system and all hell breaks loose.,Michael Hamilton-Wright,97 mins   More at IMDb TMDB  Report this page,"Horror, Science Fiction","Lance Henriksen, Chelse Swain, Philippe Bergeron",The Mangler 2,2002,https://letterboxd.com/film/the-mangler-2/
The Mangler Reborn,2005,"A decade after the original massacre, another man obsessed over his machine ends with several murders and possession.",Erik Gardner,84 mins   More at IMDb TMDB  Report this page,"Science Fiction, Horror","Aimee Brooks, Reggie Bannister, Weston Blakesley",The Mangler Reborn,2005,https://letterboxd.com/film/the-mangler-reborn/
Maniac Cop 3: Badge of Silence,1992,"When Kate Sullivan storms a hostage situation, the whole incident is captured on tape by an unscrupulous media crew who edit the footage to show her killing a helpless victim. ""Maniac Cop"" takes it upon himself to exact revenge upon those who smeared her name.",Alan Smithee,85 mins   More at IMDb TMDB  Report this page,"Horror, Action","Robert Davi, Robert Z'Dar, Caitlin Dulany",Maniac Cop 3: Badge of Silence,1992,https://letterboxd.com/film/maniac-cop-3-badge-of-silence/
Maniac Nurses,1992,"In a remote fortress, a sinister sorority of surgically skilled sisters lie in wait of their next victim. They control a bevy of caged women who have been brain washed and sponge-batherto become the worlds most anatomically awesome surgeons. This is the git-wrenching story of one innocent girl, Sabrina, who finds herself trapped in a living nightmare. Captive to a slavery ring that is training an",Léon Paul De Bruyn,74 mins   More at IMDb TMDB  Report this page,"Comedy, Horror","Susanna Makay, Hajni Brown, Celia Farago",Maniac Nurses,1992,https://letterboxd.com/film/maniac-nurses/
Mark of the Astro-Zombies,2004,The existence of mankind hangs in the balance as two warring factions of aliens do battle in Mark of the Astro Zombies. The film begins with an invasion of Earth by aliens who plan to turn human beings into zombies. They gather high-level government officials and attempt to get from them certain knowledge and information they will need. A kind race of aliens lands on Earth and decides to try and stop the evil ones from succeeding with their plans.,Ted V. Mikels,86 mins   More at IMDb TMDB  Report this page,"Science Fiction, Crime, Horror","Tura Satana, Liz Renay, Brinke Stevens",Mark of the Astro-Zombies,2004,https://letterboxd.com/film/mark-of-the-astro-zombies/
Meadowoods,2010,"In a sleepy and uneventful small town, three college students, bored and desperate to make their mark, plot a savage and merciless murder. Electing to keep a video journal to memorialize their bizarre pact, they plot in secret, devising a homemade death chamber that will allow them to see, hear, feel, and linger over their intended victim's torment and final moments of life. Then, chosen at random, a fellow student becomes this victim when she is to receive perhaps the most brutal and horrifying of all fates. The default leader of this macabre trio directs the physical and psychological terror, even as contention and hostility within the group threatens to jeopardize their twisted plan, culminating in a violent and chilling conclusion.",Scott Phillips,88 mins   More at IMDb TMDB  Report this page,"Thriller, Horror","Michael Downey, Peet Montzingo, Michelle Roe",Meadowoods,2010,https://letterboxd.com/film/meadowoods/
Meat for Satan's Icebox,2004,"The obscure town of Satan Place harbors a dark and savage secret. What becomes of runaways and mislead teenagers who have no direction in life? When they have nowhere else to go, they find their way to Satan's Slaughter House! Pretty Cindy Cavateli's life is in shambles after she witnesses her mother's death at the hands of savage slaughterhouse fiends. Cindy and another youth, Christian, try to flee the terrible town, but find themselves, like Hansel and Gretel, in the bowels of the slaughterhouse, where they experience sadistic torture and sexual perversions while they are helplessly held captive in the clutches of the cannibalistic workers. The slaughterhouse of Satan Place is where those who can afford it comes to eat the flesh of the young, like a deli from Hell!",David Silvio,103 mins   More at IMDb TMDB  Report this page,Horror,"Daniel Baxter, Diana Silvio, Dennis M. Kusluch II",Meat for Satan's Icebox,2004,https://letterboxd.com/film/meat-for-satans-icebox/
Meat Market,2000,"Animals attacks, says the TV news. But two ex-security agents know the real cause - maybe the real culprits. Shahrokh and Argenta are former employees of a company they knew to be conducting bizarre medical experiments. What has resulted are not animals attacks, but attacks by humans turned into vicious, decomposing, cannibalistic zombies. Their efforts to stem the violence in vain, hunted by the authorities, Shahrokh and Argenta escape the city just as it is engulfed in chaos. Their only hope lies in finding and organizing the few remaining survivors. What they find - three women claiming to be vampires with high-tech weaponry, a deranged and washed-up Mexican wrestler, a wounded soldier, and a scientist who may know more than he lets on - offer more questions than answers. Can this tiny cadre hope to defeat an army of the undead? And if they succeed...will there be anyone left alive?",Brian Clement,92 mins   More at IMDb TMDB  Report this page,"Comedy, Horror, Action","Bettina May, Paul Pedrosa, Alison Therriault",Meat Market,2000,https://letterboxd.com/film/meat-market/
Meat Pie Massacre,2015,"Andy has been having a lot of problems lately. His parents are dead in the closet, there's a bloody mess in the basement and he's been having horrific dreams every night. All because of his sister Carrie, a psychopath who runs a small business where she murders people and makes them into pies. She forces him to do the dirty work and getting him caught up in the crimes himself in order to blackmail him if he tries to retaliate. Andy's desperate attempts to free himself finally seem to work when he meets Jessica and quickly builds a relationship with her. But Carrie doesn't like this at all and she'll get him back no matter how many people she has to kill. A deviously delicious tale of carnivorous carnage, meticulous murder and insane love.",Alex DiSanto,41 mins   More at IMDb TMDB  Report this page,Horror,"Alex DiSanto, Aaron Hilberdink, Calista Palmer",Meat Pie Massacre,2015,https://letterboxd.com/film/meat-pie-massacre/
Memorial Day,1999,"Rachel hasn't slept for a while. A few years back, her brother was mysteriously killed while she and a group of friends partied by the lake side. Three years later, she and her friends must return to the same lake to finally put the nightmares to rest. To come to grips with what happened. To admit that it was just an accident. But someone is waiting for them. Someone who knows the truth. Someone who wants revenge. As night descends on their Memorial Day getaway, each individual must face an unstoppable killing machine with a serious hatchet to bury. As the body count rises, Rachel must discover whose face lies behind the murderous mask. Is it just a stranger in the woods? Or is it someone she already knows? This Memorial Day, the screaming doesn't stop until the last body drops.",Christopher Alender,79 mins   More at IMDb TMDB  Report this page,Horror,"John Patrick Hayden, David A. Smith, Erin Gallagher",Memorial Day,1999,https://letterboxd.com/film/memorial-day-1999-1/
Mercy,2014,A single mom and her two boys help take care of their grandmother with mystical powers.,Peter Cornwell,78 mins   More at IMDb TMDB  Report this page,"Thriller, Horror","Chandler Riggs, Joel Courtney, Frances O'Connor",Mercy,2014,https://letterboxd.com/film/mercy-2014/
Mercy Black,2019,"A woman is sent to a mental institution after stabbing her classmate in an attempt to conjure an evil spirit called, Mercy Black. Fifteen years later she's released, and must save her nephew, who has become obsessed with the phenomenon.",Owen Egerton,87 mins   More at IMDb TMDB  Report this page,"Horror, Mystery","Daniella Pineda, Austin Amelio, Elle LaMont",Mercy Black,2019,https://letterboxd.com/film/mercy-black/
Meridian,1990,"After her father’s death, Catherine returns to her family’s gothic castle in Italy and gets caught in the web of a mysterious love triangle.",Charles Band,85 mins   More at IMDb TMDB  Report this page,"Romance, Horror, Mystery","Sherilyn Fenn, Malcolm Jamieson, Charlie Spradling",Meridian,1990,https://letterboxd.com/film/meridian/
Mermaid Isle,2020,"Tales of a cursed, evil mermaid lurking in a small town lake are the stuff of urban legend until four friends find out the hard way that she's real.",Jason Mills,69 mins   More at IMDb TMDB  Report this page,Horror,"Mark Reinhardt, Kiana Passmore, Kristina Soroff",Mermaid Isle,2020,https://letterboxd.com/film/mermaid-isle/
Messengers 2: The Scarecrow,2009,"The family man farmer John Rollins is stressed with his financial situation: the crows and the lack of irrigation are destroying his crop of corn; the bank is near closure of his mortgage; he does not have credit to fix the water pump or to buy seeds; and his marriage is in crisis and his wife Mary is giving too much attention to her friend Tommy. When John accidentally discovers a hidden compartment in the barn, he finds a creepy scarecrow but his son Michael makes him promise to destroy it. However, his neighbor Jude Weatherby visits him, gives a six-pack of beer to the abstemious John and convinces him to put the scarecrow in the cornfield. Out of the blue, the life of John changes: the crows die; the pump works again irrigating the land; and the banker responsible for the closure has an accident and dies. However, he feels that his land is possessed by something evil that is threatening his beloved family.",Martin Barnewitz,94 mins   More at IMDb TMDB  Report this page,Horror,"Norman Reedus, Heather Stephens, Claire Holt",Messengers 2: The Scarecrow,2009,https://letterboxd.com/film/messengers-2-the-scarecrow/
Metamorphosis,1990,A geneticists working on a drug to stop ageing tries it upon himself with horrendous consequences.,George Eastman,96 mins   More at IMDb TMDB  Report this page,"Horror, Science Fiction","Gene LeBrock, Catherine Baranov, Harry Cason",Metamorphosis,1990,https://letterboxd.com/film/metamorphosis/
Metamorphosis,1990,"A virus from outer space transforms a bio-researcher into a blood thirsty monster. But chief, Dr.Vialini doesn't like the cops and public to be involved in this secret experiment. But he becomes lunch very soon.",Glenn Takakjian,98 mins   More at IMDb TMDB  Report this page,"Horror, Science Fiction","Matt Kulis, Patrick Barnes, Tara Leigh",Metamorphosis,1990,https://letterboxd.com/film/metamorphosis-1990/
Midnight Kiss,1993,"Disgraced ex-homicide detective Carrie Blass is enlisted to hunt down an elusive vampire who's murdered 16 women in two months, but matters become complicated when she uses herself as bait for the killer.",Joel Bender,85 mins   More at IMDb TMDB  Report this page,Horror,"Michelle Owens, Michael McMillen, Gregory A. Greer",Midnight Kiss,1993,https://letterboxd.com/film/midnight-kiss/
Midnight Skater,2002,Someone known only as the Midnight Skater has been spraying graffiti all over a college campus. Six friends team up to try and put an end to his streak of vandalism. Terror ensues.,Luke Campbell,91 mins   More at IMDb TMDB  Report this page,"Comedy, Horror","Cory Maidens, Mike Neeson, Nick Jackson",Midnight Skater,2002,https://letterboxd.com/film/midnight-skater/
Millennial Killer,2020,"The first step on the housing ladder is the first step to hell. Meet the Real Estate Agent with a grudge, and the Millennials who satisfy his cravings.",Sam Mason Bell,71 mins   More at IMDb TMDB  Report this page,Horror,"Simon Berry, Alice Mulholland, Rishky Patel",Millennial Killer,2020,https://letterboxd.com/film/millennial-killer/
Milo,1998,"Four young grade-school girls witness the murder of one of their classmates during what they thought was just an innocent game. The killer is a strange young boy named Milo Jeeder. Sixteen years later, the four survivors of the event re-unite under happier circumstances in the same town where it happened. They believe that Milo drowned in a river shortly after the murder, but soon learn that the demonic killer Milo has also returned, still a young boy, unchanged even after almost two decades.",Pascal Franchot,91 mins   More at IMDb TMDB  Report this page,Horror,"Jennifer Jostyn, Antonio Fargas, Richard Portnow",Milo,1998,https://letterboxd.com/film/milo/
Mind Ripper,1995,"A top secret experiment intended to produce a superhuman has gone terribly wrong. Now the creators, trapped in a remote desert outpost, are being pursued ruthlessly by their creation.",Joe Gayton,91 mins   More at IMDb TMDB  Report this page,"Science Fiction, Horror, Thriller","Lance Henriksen, Claire Stansfield, John Diehl",Mind Ripper,1995,https://letterboxd.com/film/mind-ripper/
Mindwarp,1991,"Revolting mutants hunt human outcasts and underground fighters (Bruce Campbell, Marta Alicia) in a future world of mind control.",Steve Barnett,91 mins   More at IMDb TMDB  Report this page,"Horror, Science Fiction, Thriller","Bruce Campbell, Angus Scrimm, Marta Martin",Mindwarp,1991,https://letterboxd.com/film/mindwarp/
Minutes to Midnight,2018,"On the cusp of New Year's Eve, seven friends and a mysterious backpacker converge at a desolate ski lodge in the mountains when they are systematically hunted down by ruthless masked men with a cryptic agenda.",Christopher Ray,91 mins   More at IMDb TMDB  Report this page,"Action, Horror","William Baldwin, Richard Grieco, Bill Moseley",Minutes to Midnight,2018,https://letterboxd.com/film/minutes-to-midnight/
Mirage,1990,"A smiling, sadistic and seemingly demonic young killer in black, who drives a black pick up truck, is hunting three young couples who came to the desert to drink, party and have sex.",Bill Crain,84 mins   More at IMDb TMDB  Report this page,Horror,"Jennifer McAllister, Todd Caldecott, Kenny Johnson",Mirage,1990,https://letterboxd.com/film/mirage-1990-1/
Mirror Mirror,1990,"Shy teenager Megan moves to a new town with her widowed mother and quickly becomes the most unpopular girl in high school. But when she starts to communicate with a mysterious mirror, her tormentors begin to meet with a horrifying series of 'accidents'. Is the mirror a reflection of Megan's own inner demons... or has she unwittingly opened the doorway of the damned?",Marina Sargenti,104 mins   More at IMDb TMDB  Report this page,Horror,"Karen Black, Yvonne De Carlo, William Sanderson",Mirror Mirror,1990,https://letterboxd.com/film/mirror-mirror/
Mirror Mirror 2: Raven Dance,1994,"A mysterious mirror is found hidden in a church orphanage, yet few realize its legacy of evil. When an innocent teen discovers that she is being stalked by her evil stepsister, the mirror's demonic power is again unleashed. As the mirror gains strength from the blood of the damned, the ultimate battle between good and evil begins. William Sanderson was the only actor from the first film to return for the second movie, albeit in a different role. The second film notably featured an early film appearance for Mark Ruffalo.",Jimmy Lifton,91 mins   More at IMDb TMDB  Report this page,Horror,"Roddy McDowall, Sally Kellerman, Lois Nettleton",Mirror Mirror 2: Raven Dance,1994,https://letterboxd.com/film/mirror-mirror-2-raven-dance/
Mirrors 2,2010,"When Max, who is recovering from a traumatic accident, takes a job as a nighttime security guard, he begins to see visions of a young mysterious woman in the store's mirror.",Víctor García,86 mins   More at IMDb TMDB  Report this page,"Horror, Mystery, Fantasy","Nick Stahl, William Katt, Emmanuelle Vaugier",Mirrors 2,2010,https://letterboxd.com/film/mirrors-2/
Mischief Night,2013,"Young Emily Walton, who has suffered from psychosomatic blindness ever since the car accident that took her mother's life, must summon every instinct at her disposal to protect herself and her loved ones from a intruder.",Richard Schenkman,86 mins   More at IMDb TMDB  Report this page,"Horror, Drama, Thriller","Noell Coet, Ian Bamberg, Adam C. Edwards",Mischief Night,2013,https://letterboxd.com/film/mischief-night-2013/
Mistress Frankenstein,2000,"Dr. Victor Frankenstein neglects the sexual needs of his frigid and frustrated wife Helena. After Helena gets killed in a horse riding accident, Victor decides to bring her back to life. However, Victor's inept assistant Igor accidentally damages Helena's brain and replaces it with a lesbian's brain, so Helena is now a crazed, aggressive, and predatory vixen with a raging insatiable libido.",John Bacchus,80 mins   More at IMDb TMDB  Report this page,"Comedy, Fantasy, Horror","Darian Caine, Heidi Christine, Victoria Vega",Mistress Frankenstein,2000,https://letterboxd.com/film/mistress-frankenstein/
Mistress of Seduction,2000,"Vampirina, the lesbian daughter of Dracula, has been searching for the reincarnated soul of the vampire killer responsible for her father's death. Now she believes she has found it--in the body of a young and beautiful college student.",Michele Pacitto,83 mins   More at IMDb TMDB  Report this page,Horror,"Alysabeth Clements, Gentle Fritz, Thomas Martwick",Mistress of Seduction,2000,https://letterboxd.com/film/mistress-of-seduction/
Mockingbird,2014,A couple are given a camera and a set of instructions which they must follow or else someone will die.,Bryan Bertino,81 mins   More at IMDb TMDB  Report this page,"Horror, Thriller","Alyvia Alyn Lind, Emily Alyn Lind, Audrey Marie Anderson",Mockingbird,2014,https://letterboxd.com/film/mockingbird-2014/
Modern Vampires,1998,A vampire hunter in southern California discovers that his son has been murdered by a gang of the undead and thus goes on a quest for revenge.,Richard Elfman,91 mins   More at IMDb TMDB  Report this page,"Romance, Thriller, Action, Comedy, TV Movie, Horror","Casper Van Dien, Natasha Gregson Wagner, Rod Steiger",Modern Vampires,1998,https://letterboxd.com/film/modern-vampires/
Moloch,2022,"Betriek lives at the edge of a peat bog in the North of the Netherlands. When she and her family are attacked by a random stranger one night, Betriek sets out to find an explanation. The more she digs, the more she becomes convinced that she is being hunted by something ancient.",Nico van den Brink,99 mins   More at IMDb TMDB  Report this page,"Horror, Thriller, Mystery","Sallie Harmsen, Alexandre Willaume, Markoesa Hamer",Moloch,2022,https://letterboxd.com/film/moloch-2022/
Mom,1990,"During a time when the city of Los Angeles is terrorized by animal attack style murders, a kindly elderly lady provides a nomad with room and board. It turns out that he is a werewolf and is responsible for the recent killings. He bites the elderly woman, turning her into a hungry werewolf. Now her adult son must try to prevent the both of them from doing any more harm.",Patrick Rand,95 mins   More at IMDb TMDB  Report this page,"Horror, Comedy","Mark Thomas Miller, Jeanne Bates, Brion James",Mom,1990,https://letterboxd.com/film/mom/
Mommy,1995,"Patty McCormack's ""Mommy"" is psychotically obsessed with her 12-year-old daughter Jessica Ann -- so much so that when she finds out Jessica didn't get the ""Student of the Year"" award again, she solves the problem by murdering the teacher who didn't recommend her for it. She dismisses the killing as inconsequential (""a minor accident""), but the homicide detective assigned to the case suspects her immediately, and an insurance investigator who also suspects her tries to get close to Jessica Ann to find out what really happened.",Max Allan Collins,89 mins   More at IMDb TMDB  Report this page,Horror,"Patty McCormack, Rachel Lemieux, Brinke Stevens",Mommy,1995,https://letterboxd.com/film/mommy/
Monster Brawl,2011,"Eight of the world's most legendary monsters, along with their diabolical managers, compete in a wrestling tournament deathmatch to determine the most powerful champion of all time. Interviews, pre-fight breakdowns, trash talking, and monster origin segments round out this ultimate fight of the living dead.",Jesse Thomas Cook,89 mins   More at IMDb TMDB  Report this page,"Comedy, Horror","Dave Foley, Art Hindle, Robert Maillet",Monster Brawl,2011,https://letterboxd.com/film/monster-brawl/
Monster Dog,1984,"Victor Raven, a famous rock star, returns to his childhood home to shoot a music video. Believing his presence is responsible for the return of a monstrous hound that killed folks when he was kid, the locals decide to do something violent about it.",Claudio Fragasso,84 mins   More at IMDb TMDB  Report this page,Horror,"Alice Cooper, Victoria Vera, Carlos Santurio",Monster Dog,1984,https://letterboxd.com/film/monster-dog/
Monster Movie,2008,"An ordinary camping trip turns into a horrifying nightmare when four friends, arm with a 16mm camera, uncover the existence of a race of giant reptilian monsters that emerge from a nearby lake to terrorize a small town",John Polonia,75 mins   More at IMDb TMDB  Report this page,Horror,"John Polonia, Mark Polonia, Brian Berry",Monster Movie,2008,https://letterboxd.com/film/monster-movie-2008/
Monster Night,2006,"On Halloween, a teenage boy who is grounded and forced to baby-sit his brother and sister discovers, along with his siblings, that his house is haunted.",Leslie Allen,90 mins   More at IMDb TMDB  Report this page,"Adventure, Family, Horror, Comedy","Robert Carradine, Vanessa Angel, Jake Thomas",Monster Night,2006,https://letterboxd.com/film/monster-night/
Monsturd,2003,"A serial killer mutates with a chemical inside a sewer, to become a monster made of human waste just as the FBI and police are onto him.",Rick Popko,80 mins   More at IMDb TMDB  Report this page,"Horror, Comedy, Science Fiction","Paul Weiner, Beth West, Dan Burr",Monsturd,2003,https://letterboxd.com/film/monsturd/
Moonchild,1994,"A government agent cursed by lycanthropy goes on a dystopian fueled adventure to find his son, who has parted ways with his father.",Todd Sheets,102 mins   More at IMDb TMDB  Report this page,"Action, Horror","Auggi Alvarez, Kathleen McSweeney, Julie King",Moonchild,1994,https://letterboxd.com/film/moonchild/
The Morgue,2008,A supernatural killer terrorizes a group of people in an eerie morgue.,Halder Gomes,84 mins   More at IMDb TMDB  Report this page,"Horror, Thriller, Mystery","Bill Cobbs, Lisa Crilley, Chris Devlin",The Morgue,2008,https://letterboxd.com/film/the-morgue/
The Mortuary Collection,2019,"In the phantasmagorical town of Raven's End, a misguided young girl takes refuge in a decrepit old mortuary. The eccentric undertaker chronicles the strange history of the town through a series of twisted tales, each more terrifying than the last, but the young girl's world is unhinged when she discovers that the final story... is her own.",Ryan Spindell,108 mins   More at IMDb TMDB  Report this page,"Horror, Fantasy","Clancy Brown, Caitlin Custer, Sarah Hay",The Mortuary Collection,2019,https://letterboxd.com/film/the-mortuary-collection/
Mosquito,1994,"An alien starship crashes in a swamp in a U.S. National Park. Some mosquitos begin to feed from the alien's corpses, causing them to grow to the size of a vulture. These mutant insects became very agressive, killing every human being they find. Will the few survivors fight successfully against this nightmare...?",Gary Jones,92 mins   More at IMDb TMDB  Report this page,"Comedy, Horror, Science Fiction","Gunnar Hansen, Ron Asheton, Steve Dixon",Mosquito,1994,https://letterboxd.com/film/mosquito/
Most Likely to Die,2015,"A group of former classmates gather for a pre-party at one of their homes the night before their 10-year high school reunion, and one by one, they are brutally slain in a manner befitting each's senior yearbook superlative.",Anthony DiBlasi,81 mins   More at IMDb TMDB  Report this page,Horror,"Heather Morris, Ryan Doom, Perez Hilton",Most Likely to Die,2015,https://letterboxd.com/film/most-likely-to-die/
Mother Krampus,2017,"Based on the myth of Frau Perchta, a witch that comes on the 12 days of Christmas taking children each night.",James Klass,90 mins   More at IMDb TMDB  Report this page,Horror,"Claire-Maria Fox, Faye Goodwin, Tony Manders",Mother Krampus,2017,https://letterboxd.com/film/mother-krampus/
Mother Krampus 2: Slay Ride,2017,"It's Christmas time in Cleveland, Ohio and four young ladies are on the verge of completing their mandatory thirty days of community service. With only one night to go, they are required to make a series of in-home visits to the older and less fortunate. Upon arriving at their final stop for the night, they become introduced to a pleasant older woman who graciously welcomes them into her home for the evening. However, as darkness falls and the cold settles in, they begin to realize that there is far more to their seemingly innocent host than meets the eye.",Eddie Lengyel,95 mins   More at IMDb TMDB  Report this page,Horror,"KateLynn E. Newberry, Tiffani Hilton, Robbie Barnes",Mother Krampus 2: Slay Ride,2017,https://letterboxd.com/film/mother-krampus-2-slay-ride/
Motor Home Massacre,2005,"Seven young friends climb aboard a vintage RV headed for a fun-filled weekend in the woods when they encounter a night vision goggled, machete-wielding psychopath.",Allen Wilbanks,88 mins   More at IMDb TMDB  Report this page,"Horror, Comedy","Shan Holleman, Nelson Bonilla, Justin Geer",Motor Home Massacre,2005,https://letterboxd.com/film/motor-home-massacre/
Mr. Harrigan's Phone,2022,"Craig, a young boy living in a small town befriends an older, reclusive billionaire, Mr. Harrigan. The two form a bond over books and an iPhone, but when the man passes away the boy discovers that not everything dead is gone.",John Lee Hancock,105 mins   More at IMDb TMDB  Report this page,"Mystery, Drama, Horror","Donald Sutherland, Jaeden Martell, Kirby Howell-Baptiste",Mr. Harrigan's Phone,2022,https://letterboxd.com/film/mr-harrigans-phone/
Mr. Ice Cream Man,1996,Children are going missing in a suburban town. There's a creepy guy driving an ice cream truck. Related?,Mack Hail,65 mins   More at IMDb TMDB  Report this page,Horror,"Henry Weckesser, Jim Mills, Cindy Reed",Mr. Ice Cream Man,1996,https://letterboxd.com/film/mr-ice-cream-man/
Mr. Jingles,2006,"Determined to make the guilty parties pay for what they did, Mr. Jingles goes on a bloody killing spree, wreaking grisly havoc on the families of those who put him behind bars. But the homicidal clown had one witness who got away - and spent years in an institution trying to erase the gory memories. Now she is back and ready to join society again - but someone else is planning a very different homecoming!",Tommy Brunswick,80 mins   More at IMDb TMDB  Report this page,Horror,"Dr. Rudy Hatfield, Kelli Jensen, Karen Turner",Mr. Jingles,2006,https://letterboxd.com/film/mr-jingles/
Ms. Cannibal Holocaust,2012,"The remaining tenants of a rundown poverty-row apartment building, one day away from demolition, suddenly find themselves under siege by a cannibal cult that has been terrorizing the city and their preacher like female leader known only as ""The Woman"". Why this preacher has picked them as her latest victims is unknown, but her plan for them is clear - they WILL know pain, they WILL know fear, and they WILL know suffering before she kills each and every one of them. With all their connections to the outside world severed, the tenants can only do their best to holdout before they are hunted down... and consumed. Then hope seems to arrive in the form of a second woman... but is this ""Girl"" there to save them, or does she have her own agenda with the cult... and specifically ""The Woman""? And how has she come about these special powers to aid her in her thirst for revenge? She's coming. And vengeance will be upon them. - Written by Ron Bonk",Ron Bonk,72 mins   More at IMDb TMDB  Report this page,"Horror, Action","Nicola Fiore, Kellyn Lindsay, Wayne W. Johnson",Ms. Cannibal Holocaust,2012,https://letterboxd.com/film/ms-cannibal-holocaust/
Mulva 2: Kill Teen Ape!,2005,Mulva comes out of a five-year coma and seeks revenge against Teenape and his gang for stealing her Halloween candy.,Chris Seaver,62 mins   More at IMDb TMDB  Report this page,"Adventure, Horror, Comedy, Action","Debbie Rochon, Teen Ape, Meredith Host",Mulva 2: Kill Teen Ape!,2005,https://letterboxd.com/film/mulva-2-kill-teen-ape/
Mulva: Zombie Ass Kicker!,2001,"A buffoonish candy addict, named Mulva, and her misfit friends, are forced to fight for her Halloween candy against hordes of zombies that rise from the dead on Halloween night.",Chris Seaver,59 mins   More at IMDb TMDB  Report this page,"Comedy, Horror, Action","Missy Donatuti, Chris Seaver, Mike Nicolai",Mulva: Zombie Ass Kicker!,2001,https://letterboxd.com/film/mulva-zombie-ass-kicker/
Mummy Maniac,2007,"Based on true events, tells how a serial murderer, kidnaps and tortures then bandaging girls like mummies.",Max Nikoff,80 mins   More at IMDb TMDB  Report this page,Horror,"Ben Stewart, Elissa Dowling, Jacquelyn Aurora",Mummy Maniac,2007,https://letterboxd.com/film/mummy-maniac/
The Mummy's Kiss,2003,"Eternally cursed and mummified by the pharaoh for pursuing the love of his daughter, Hat-Em-Akhet, Hor-Shep-Sut lies in quiet slumber waiting for the day she will be reawakened. When Hor-Shep-Sut's sarcophagus is found by Dr. Wallis Harwa and opened by Professor Carter Moore, the professor's fiancée, Ana, immediately faints at the sight of the horrific, but somehow oddly familiar mummified remains. As Hor-Shep-Sut awakens from her centuries-old slumber to pursue her long lost love, viewers can rest assured that she will certainly have her fair share of erotic encounters before meeting her ultimate fate.",Donald F. Glut,84 mins   More at IMDb TMDB  Report this page,Horror,"Mia Zottoli, Sasha Peralto, George Thomas",The Mummy's Kiss,2003,https://letterboxd.com/film/the-mummys-kiss/
The Mummy's Kiss: 2nd Dynasty,2006,"In this sequel to the erotic cult hit, reporter Elyse Lam investigates a string of kidnappings involving sexy young women who turn into zombie love slaves. Elyse traces the crimes to a mummy that's controlled by crazed museum director Dr. Zita Furneaux . As she digs deeper into her big story, will Elyse fall victim to Dr. Zita's seductive charms?",Donald F. Glut,82 mins   More at IMDb TMDB  Report this page,Horror,"Christine Nguyen, Belinda Gavin, Yuu Asakura",The Mummy's Kiss: 2nd Dynasty,2006,https://letterboxd.com/film/the-mummys-kiss-2nd-dynasty/
Murder in Law,1989,"A young man's mother comes from Louisiana to live with her son in San Francisco. What her son doesn't know is that Mom was confined to a mental hospital in Louisiana, and she murdered an orderly to escape.",Tony Jiti Gill,94 mins   More at IMDb TMDB  Report this page,Horror,"Marilyn Adams, Joe Estevez, Sandy Snyder",Murder in Law,1989,https://letterboxd.com/film/murder-in-law/
Murder Island,2006,"It's summer. A group of teenagers decide to go on a camping trip. They drive far up in the country until they find a small place were they rent canoe's for a cheap price. The group paddle for a long time before they find the perfect island to set up camp on. They have sex, do drugs and drink alcohol. But the next morning they notice that one of them has disappeared. They split up to go looking for her, but that proves to have horrifying consequences...",Joakim S. Hammond,46 mins   More at IMDb TMDB  Report this page,"Comedy, Horror","Marie Nilsson, Magnus Delborg, Marie Magnusson",Murder Island,2006,https://letterboxd.com/film/murder-island/
Murder Manual,2020,"Creepy, terrifying chapters from our book of horror include a little girl's journey from a world of nightmares into the nightmare of reality, a gay couple's romantic getaway in Palm Springs that turns murderous, a young woman whose rideshare turns deadly, and a girl who is held captive by a circus that must be rescued by her husband.",Kelly Hallmark,91 mins   More at IMDb TMDB  Report this page,"Drama, Horror","Emilia Clarke, Hadley Fraser, Sylvia Panacione",Murder Manual,2020,https://letterboxd.com/film/murder-manual/
Mutation,2006,"""K"" was the most infamous serial killer of his day, torturing and murdering dozens of innocent victims. Until Detective Steve Gornick, tracked the maniac down and destroyed him. Years later, a brilliant young scientist injects K's corpse with an experimental serum, bringing the killer back to life and giving him superhuman strength and speed. As K cuts a bloody path through Los Angeles, he begins to mutate into an unstoppable force of evil. Even the detective who once put him down may not be able to destroy the monstrous MUTATION.",Brad Sykes,80 mins   More at IMDb TMDB  Report this page,"Action, Horror, Science Fiction","Katie Featherston, John-Damon Charles, Eddie Croft",Mutation,2006,https://letterboxd.com/film/mutation/
My Best Friend's Exorcism,2022,"The year is 1988. Abby and Gretchen have been best friends since fourth grade. After an evening of skinny-dipping goes disastrously wrong, Gretchen begins to act…different, which leads Abby to suspect her best friend may be possessed by a demon. With help from some unlikely allies, Abby embarks on a quest to save Gretchen. But is their friendship powerful enough to beat the devil?",Damon Thomas,96 mins   More at IMDb TMDB  Report this page,"Comedy, Horror","Elsie Fisher, Amiah Miller, Rachel Ogechi Kanu",My Best Friend's Exorcism,2022,https://letterboxd.com/film/my-best-friends-exorcism/
My Valentine,2020,"A pop singer's artistic identity is stolen by her ex-boyfriend/manager and shamelessly pasted onto his new girlfriend/protégé. Locked together late one night in a concert venue, the three reconcile emotional abuses of the past...until things turn violent.",Maggie Levin,79 mins   More at IMDb TMDB  Report this page,"TV Movie, Drama, Thriller, Mystery, Horror","Britt Baron, Anna Lore, Benedict Samuel",My Valentine,2020,https://letterboxd.com/film/my-valentine-2020/
My Vampire Lover,2002,When drop-dead gorgeous lesbian vampire Monique moves into the neighborhood and starts seducing every female she sees it is up to Chip the cable guy and two detectives to stop the fanged femme-fatale.,George Freeway,100 mins   More at IMDb TMDB  Report this page,"Comedy, Horror","Paige Richards, Syn DeVil, Erin Brown",My Vampire Lover,2002,https://letterboxd.com/film/my-vampire-lover/
The Nail Gun Massacre,1985,"Following the brutal rape of a young woman by a gang of construction workers, a mysterious figure wearing a motorcycle helmet and driving a gold hearse begins hunting the perpetrators down. The masked avenger's weapon of choice, obviously, is a nail gun, with which he (or could it be she?) takes out the rapists one by one. Just who is this murderous vigilante?",Bill Leslie,85 mins   More at IMDb TMDB  Report this page,Horror,"Rocky Patterson, Ron Queen, Beau Leland",The Nail Gun Massacre,1985,https://letterboxd.com/film/the-nail-gun-massacre/
Naked Cannibal Campers,2020,Three best buds head to the lake for a weekend of fishing. Unfortunately they become the bait.,Sean Donohue,61 mins   More at IMDb TMDB  Report this page,Horror,"Sushii Xhyvette Holder, Veronica Raine, Sith Jade",Naked Cannibal Campers,2020,https://letterboxd.com/film/naked-cannibal-campers/
Natural Enemy,1996,"A businessman (Donald Sutherland) has a hotshot young new partner (William McNamara). What he doesn't realize is that his new partner is the son of his second wife, adopted into an abusive family at birth and now a raving psychopath out to murder his natural mother for whom he blames the miseries of his lifetime.",Douglas Jackson,88 mins   More at IMDb TMDB  Report this page,"Horror, Drama, Crime","Donald Sutherland, William McNamara, Lesley Ann Warren",Natural Enemy,1996,https://letterboxd.com/film/natural-enemy/
Nature of the Beast,1995,"Two men, both hiding a deadly secret, are on a murderous rampage through the desert.",Victor Salva,91 mins   More at IMDb TMDB  Report this page,"Crime, Thriller, Mystery","Lance Henriksen, Eric Roberts, Brion James",Nature of the Beast,1995,https://letterboxd.com/film/nature-of-the-beast-1995/
Ouija Nazi,2014,"Six sorority girls escape to the countryside for a weekend getaway with their new pledge, Dawn. But, unbeknownst to them, an evil force from World War II is waiting for them - Dawn's great-grandfather, a notorious Nazi murderer. When they conduct a séance that awakens the spirit of the evil killer, their fun weekend getaway becomes a never-ending nightmare as they are are hunted down by the vengeful spirit.",Dennis Devine,More at IMDb TMDB  Report this page,Horror,"Kristen Walterscheid Casner, Laura Azevedo, Kelly Erin Decker",Ouija Nazi,2014,https://letterboxd.com/film/ouija-nazi/
The Necro Files 2,2003,"Murder runs deep in the Logan family. The brother of the maniac (turned zombie) in THE NECRO FILES becomes a crazed cannibal rapist and unwittingly reanimates his evil brother's corpse as a flesh-eating zombie rapist! Together, the pair go on a berserk killing spree in the streets of Seattle! Detectives Sloane and Manners investigate the grisly murders in this over the top sequel to the original cult classic, loaded with sick humor, nudity and gore.",Todd Tjersland,69 mins   More at IMDb TMDB  Report this page,"Comedy, Horror","Isaac Cooper, Steve Sheppard, Gary Browning",The Necro Files 2,2003,https://letterboxd.com/film/the-necro-files-2/
The Necro Files,1997,"A cannibalistic rapist rises from the grave as a flesh-eating zombie sex maniac! Two Seattle cops, a satanic cult and a flying demon fetus try to stop the lust-crazed ghoul before he can kill again!",Matt Jaissle,73 mins   More at IMDb TMDB  Report this page,"Horror, Comedy","Isaac Cooper, Steve Sheppard, Gary Browning",The Necro Files,1997,https://letterboxd.com/film/the-necro-files/
Nefarious,2019,"Darren, Lou, Jo and Mas live a meager existence on the fringes of poverty. Indebted to the criminal kingpin of their social housing development, they routinely fear for their lives. On the other side of town, the already wealthy Marcus and his disabled brother Clive receive a windfall in the form of a winning lottery ticket. When their worlds collide following a botched robbery, the would-be criminals get more than they bargained for, and will be tested to their limits in a desperate attempt to survive a predator of monstrous proportions.",Richard Rowntree,78 mins   More at IMDb TMDB  Report this page,Horror,"Toby Wynn-Davies, Gregory A. Smith, Nadia Lamin",Nefarious,2019,https://letterboxd.com/film/nefarious-2019/
Neighbor Hoodz,1991,A young woman goes on a crack-fueled rampage around Hollywood. Two cops try and stop her.,Lemy Hassan,94 mins   More at IMDb TMDB  Report this page,"Horror, Crime","Julie Chavez, Kevin Cooper, Darlene Harris",Neighbor Hoodz,1991,https://letterboxd.com/film/neighbor-hoodz/
The Neighbor,2016,"In the town of Cutter, most people keep to themselves. But when John comes home to find his girlfriend missing, he sneaks into his neighbor's house, finding his girlfriend and several other kidnapped people tied up in the basement. When the neighbor come home, John is forced to get out of the house alive and lead the group to safety.",Marcus Dunstan,87 mins   More at IMDb TMDB  Report this page,"Horror, Crime, Thriller, Mystery","Josh Stewart, Bill Engvall, Luke Edwards",The Neighbor,2016,https://letterboxd.com/film/the-neighbor-2016/
Netherworld,1992,A young man arrives at his father's mansion in Louisiana to discover that a secretive cult is using winged creatures to raise the dead to do their bidding.,David Schmoeller,87 mins   More at IMDb TMDB  Report this page,Horror,"Michael Bendetti, Denise Gentile, Anjanette Comer",Netherworld,1992,https://letterboxd.com/film/netherworld/
"New Year, New You",2018,"A group of old friends gather for a girls’ night on New Years Eve. But as they begin to rehash old memories, many of the gripes they’ve been harboring manifest in murderous ways.",Sophia Takal,85 mins   More at IMDb TMDB  Report this page,"Thriller, TV Movie, Horror","Suki Waterhouse, Carly Chaikin, Kirby Howell-Baptiste","New Year, New You",2018,https://letterboxd.com/film/new-year-new-you/
The Night Brings Charlie,1990,"Upon the return of Charlie Puckett to the small town of Pakoe, a series of teenage beheadings begin. Intent on finding the culprit, Sherrif Carl Carson soon begins to suspect that Charlie's return may be more than meets the eye.",Tom Logan,75 mins   More at IMDb TMDB  Report this page,Horror,"Chuck Whiting, Al Arasim, Joe Fishback",The Night Brings Charlie,1990,https://letterboxd.com/film/the-night-brings-charlie/
Night Crawlers,1996,"A family moving into a suspiciously inexpensive house in a town in Utah. They are soon attacked by the ""Night Crawlers"", ground-dwelling paper mache monsters with four drawn-on eyes and antennae.",John Polonia,67 mins   More at IMDb TMDB  Report this page,Horror,"Mark Polonia, Armond Sposto, Gale Largey",Night Crawlers,1996,https://letterboxd.com/film/night-crawlers-1996/
Night Feeder,1988,"Fear chokes the free-wheeling underbelly of San Francisco's punk scene as a killer stalks the night to feed an unspeakable appetite. A writer probes the gruesome murders and the story hits close to home, as the web of death devours neighbors, friends, and lovers.",Jim Whiteaker,94 mins   More at IMDb TMDB  Report this page,Horror,"Kate Alexander, Jonathan Zeichner, Caleb Dreneaux",Night Feeder,1988,https://letterboxd.com/film/night-feeder/
Night of Something Strange,2016,"Five teenage friends set out for the beach on their Spring Break vacation. Good times are cut short when one of the group, Carrie, contracts a deadly sexual transmitted disease during a bathroom stop. When they stop for the night at an isolated motel, the real terror begins when the STD virus starts running rampant, turning those infected into the living dead.",Jonathan Straiton,98 mins   More at IMDb TMDB  Report this page,"Comedy, Horror","Nicola Fiore, Kera O'Bryon, Wayne W. Johnson",Night of Something Strange,2016,https://letterboxd.com/film/night-of-something-strange/
Night of the Demons III,1997,"When a group of rambunctious teens take refuge in Hull House to escape the law, they soon realize their grave error upon meeting Angela.",Jim Kaufman,85 mins   More at IMDb TMDB  Report this page,"Comedy, Horror","Larry Day, Amelia Kinkade, Kristen Holden-Ried",Night of the Demons III,1997,https://letterboxd.com/film/night-of-the-demons-iii/
Night of the Living Babes,1987,Two guys trying to find a brothel come across a group of beautiful female zombies.,Gregory Dark,60 mins   More at IMDb TMDB  Report this page,"Horror, Comedy","Michelle Bauer, Andy Nichols, Louie Bonanno",Night of the Living Babes,1987,https://letterboxd.com/film/night-of-the-living-babes/
Night of the Wild,2015,"A large meteor crashes into a quiet town, and pet dogs become mysteriously aggressive. attacking and killing the residents. Teenager Roslyn and her old but faithful dog Shep are out camping when the attacks hit. Now separated by the chaos in town and blocked roads, Roslyn and the other members of her family must find each other by fighting back against the blood-thirsty hounds before the dogs take over the whole town and escape becomes impossible.",Eric Red,86 mins   More at IMDb TMDB  Report this page,"Horror, TV Movie","Rob Morrow, Kelly Rutherford, Tristin Mays",Night of the Wild,2015,https://letterboxd.com/film/night-of-the-wild/
Night Terrors,1993,"A young woman travels to Alexandria to visit her father, and becomes unwillingly involved with a bizarre sadomasochistic cult led by the charismatic Paul Chevalier, who is a descendant of the Marquis de Sade.",Tobe Hooper,94 mins   More at IMDb TMDB  Report this page,Horror,"Robert Englund, Zoe Trilling, Chandra West",Night Terrors,1993,https://letterboxd.com/film/night-terrors/
The Night They Knocked,2019,"During their last weekend together, a group of friends staying at a reclusive mountain house have their fun suddenly interrupted by a knock at the door.",Sean Roberts,80 mins   More at IMDb TMDB  Report this page,"Thriller, Horror","Rachel Donahue, Linnea Gregg, Jack Buckley",The Night They Knocked,2019,https://letterboxd.com/film/the-night-they-knocked/
Night Watcher,2008,"Following the unexpected suicide of her mother, Angela finds comfort in her new friendship with Brian. One day she receives a terrifying package containing a voyeuristic tape. The tape chronicles her mother’sfinal days and reveals that someone had been following…watching…stalking her. As the death toll around town rises, it becomes clear that this is no mere coincidence. The deaths were thought to be suicides, but the truth is far worse....",Will Gordh,93 mins   More at IMDb TMDB  Report this page,"Mystery, Thriller, Horror","Daniel Vincent Gordh, Kelly Huddleston, Christopher Kadish",Night Watcher,2008,https://letterboxd.com/film/night-watcher/
Night's End,2022,An anxious shut-in unwittingly moves into a haunted apartment and hires a mysterious stranger to perform an exorcism which takes a horrific turn.,Jennifer Reeder,81 mins   More at IMDb TMDB  Report this page,Horror,"Geno Walker, Kate Arrington, Felonious Munk",Night's End,2022,https://letterboxd.com/film/nights-end/
Nightmare Asylum,1992,A woman struggles in a nightmare world.,Todd Sheets,69 mins   More at IMDb TMDB  Report this page,Horror,"Lori Hassel, Matthew Lewis, J.T. Taube",Nightmare Asylum,1992,https://letterboxd.com/film/nightmare-asylum/
The Nights Before Christmas,2020,"When a series of murders in the run up to Christmas are found to be linked, FBI Special Agent Natalie Parker is tasked with tracking a pair of psychotic serial killers that have based their personas on Santa and Mrs Claus. As Christmas approaches, they slaughter their way through their naughty list, playing a cat and mouse game with the FBI and leaving a trail of bloody bodies in their wake.",Paul Tanter,103 mins   More at IMDb TMDB  Report this page,Horror,"Simon Phillips, Sayla de Goede, Kate Schroder",The Nights Before Christmas,2020,https://letterboxd.com/film/the-nights-before-christmas/
Nightstalker,2009,Serial killer Richard Ramirez aka The Night Stalker terrorizes 1980s Los Angeles.,Ulli Lommel,81 mins   More at IMDb TMDB  Report this page,"Thriller, Horror","Adolph Cortez, Elissa Dowling, Victoria Ullmann",Nightstalker,2009,https://letterboxd.com/film/nightstalker-2009/
Nine Dead,2010,Communication is the key to the survival for nine strangers who have been kidnapped by a masked gunman and told that one of them will die every ten minutes until they discover how they are all connected. Who of the nine lives and who dies?,Chris Shadley,98 mins   More at IMDb TMDB  Report this page,"Mystery, Crime, Horror","Melissa Joan Hart, John Terry, Chip Bent",Nine Dead,2010,https://letterboxd.com/film/nine-dead/
Nine Lives,2002,"Nine friends seclude themselves in an old, isolated Scottish mansion for a birthday weekend bash. Cut off from the outside world by a snowstorm, strange behavior soon invades the group and one by one they disappear.",Andrew Green,85 mins   More at IMDb TMDB  Report this page,Horror,"Rosie Fellner, Vivienne Harvey, Paris Hilton",Nine Lives,2002,https://letterboxd.com/film/nine-lives/
Nobody Loves Alice,2008,"Nobody Loves Alice is about Alice, a sad and lonely woman who always dreamed of finding the right person to be with...",Roger A. Scheck,89 mins   More at IMDb TMDB  Report this page,"Horror, Drama, Thriller","Nitzan Mager, Phillip Ward, Amanda Taylor",Nobody Loves Alice,2008,https://letterboxd.com/film/nobody-loves-alice/
Nobody Sleeps in the Woods Tonight,2020,"Addicted to technology, a group of teens attends a rehabilitation camp in the forest, but a sinister force there intends to take them offline forever.",Bartosz M. Kowalski,102 mins   More at IMDb TMDB  Report this page,"Comedy, Horror","Julia Wieniawa, Michał Lupa, Wiktoria Gąsiewska",Nobody Sleeps in the Woods Tonight,2020,https://letterboxd.com/film/nobody-sleeps-in-the-woods-tonight/
Nocturne,2020,"Inside the halls of an elite arts academy, a timid music student begins to outshine her more accomplished and outgoing twin sister when she discovers a mysterious notebook belonging to a recently deceased classmate.",Zu Quirke,90 mins   More at IMDb TMDB  Report this page,"Horror, Mystery, Thriller","Sydney Sweeney, Madison Iseman, Jacques Colimon",Nocturne,2020,https://letterboxd.com/film/nocturne-2020/
Nothing But the Blood,2020,"Jessica Cutler is a small-town journalist sent to cover the grand opening of a controversial new church. As the church digs its roots into the town and its residents, Jessica's life begins to take a crazy, violent turn.",Daniel Tucker,89 mins   More at IMDb TMDB  Report this page,"Horror, Thriller, Drama","Rachel Bellini, Jordan O'Neal, Austin Lynn Hall",Nothing But the Blood,2020,https://letterboxd.com/film/nothing-but-the-blood/
The Nothing,2020,"Clayton Thompson, a recent college graduate, believes that the best art in the world is created in the darkest hours of those artists' lives. Fueled by this thought, he decides to self document the process of writing his first story. He films a series of interviews with his best friend and girlfriend ultimately leading to the explanation of his plan - To get dropped off in the unmarked North Georgia Mountains with camera equipment and minimal supplies. Left with no way to communicate with the outside world his sanity is tested as a seeming looming presence is near.",Clayton Thompson,79 mins   More at IMDb TMDB  Report this page,Horror,"Clayton Thompson, Katie Adkins, Hunter Bagwell",The Nothing,2020,https://letterboxd.com/film/the-nothing-2020/
Now Eat,2000,"The original king of ""horrorcore"" rap brings his gruesome antics to the screen in this raw and darkly humorous comedy horror effort that proves you are what you eat. Offering the twisted tale of a murderous gangsta plagued by a curse that forces him to eat what he kills, the homicidal thug soon takes a cue from Ed Gein and develops a curious taste for human flesh.",Kerry Alan Williams,76 mins   More at IMDb TMDB  Report this page,"Comedy, Mystery, Horror","Brotha Lynch Hung, Art Battle, Jennifer Lee Chan",Now Eat,2000,https://letterboxd.com/film/now-eat/
Nudist Colony of the Dead,1991,"Judge Rhinehole orders the Sunny Buttocks Nudist Camp closed down as an affront to the community. The members of the camp enter into a suicide pact, but vow to return for vengeance. Five years later, a group of campers on a retreat argue with each other about religion and sing big production numbers as the group begins experiencing an attrition problem.",Mark Pirro,84 mins   More at IMDb TMDB  Report this page,"Comedy, Music, Horror","Forrest J. Ackerman, Bea Lindgren, Rachel Latt",Nudist Colony of the Dead,1991,https://letterboxd.com/film/nudist-colony-of-the-dead/
A Nun's Curse,2020,A group of travelers are forced to seek shelter inside an abandoned jail where a notorious nun named Sister Monday had once been assigned and was suspected of murdering prisoners.,Tommy Faircloth,73 mins   More at IMDb TMDB  Report this page,Horror,"Felissa Rose, Damian Maffei, Erika Arlee",A Nun's Curse,2020,https://letterboxd.com/film/a-nuns-curse/
October Moon,2005,"A straight man's life becomes disastrous - and obsessively dangerous - when his family, fiancee and friends all begin to reject him after he realizes he has fallen in love with another man.",Jason Paul Collum,112 mins   More at IMDb TMDB  Report this page,"Horror, Drama, Thriller, Romance","Judith O'Dea, Brinke Stevens, Sean Michael Lambrecht",October Moon,2005,https://letterboxd.com/film/october-moon/
October Moon 2: November Son,2008,"Two years after their loved ones were murdered in obsessive rage, the survivors are dragged into a horrific psychological breakdown - and blood soaked plan for revenge.",Jason Paul Collum,103 mins   More at IMDb TMDB  Report this page,"Horror, Thriller","Judith O'Dea, Brinke Stevens, Sacha Sacket",October Moon 2: November Son,2008,https://letterboxd.com/film/october-moon-2-november-son/
Octopus,2000,"During the Cuban missile crisis in 1962, a Russian submarine strays into American waters. On board is a nuclear cargo destined for Castro. The Americans attack and destroy the sub. 38 years later US submarine Roosevelt is in the same waters. An unknown object attacks and disables the sub with devastating force and drags the vessel to the bottom of the ocean. What lies on the ocean bed beggars belief: dozens of wrecks, among them the sub destroyed 38 years ago. Whatever was on board has fed a creature of unbelievable size and strength! The only way out is the emergency submersible and a passing cruise ship. Above or below the water, there is no escape from the monster mutant octopus with a nuclear diet...",John Eyres,100 mins   More at IMDb TMDB  Report this page,"Science Fiction, Horror, Action, Thriller","Jay Harrington, David Beecroft, Carolyn Lowery",Octopus,2000,https://letterboxd.com/film/octopus/
Octopus 2: River of Fear,2001,"Dead bodies are being found in New York harbor. The police have no clues nor suspects until Nick and his colleague realize the killer is a giant octopus. Everybody, especially the police captain, refuses to believe Nick's story, and soon the harbor will be filled with boats for the 4th of July celebrations.",Yossi Wein,91 mins   More at IMDb TMDB  Report this page,"Horror, Action","Michael Reilly Burke, Meredith Morton, Fredric Lehne",Octopus 2: River of Fear,2001,https://letterboxd.com/film/octopus-2-river-of-fear/
Offspring,2009,"The local sheriff of Dead River, Maine, thought he had killed them off ten years ago -- a primitive, cave-dwelling tribe of cannibalistic savages. But somehow the clan survived. To breed. To hunt. To kill and eat. And now the peaceful residents of this isolated town are fighting for their lives...",Andrew van den Houten,79 mins   More at IMDb TMDB  Report this page,Horror,"Jessica Butler, Leigh Shannan Feldpausch, Holter Graham",Offspring,2009,https://letterboxd.com/film/offspring/
Old People,2022,A woman who's returned home with her two kids to attend her sister's wedding must suddenly defend their lives against older people on a killing spree.,Andy Fetscher,101 mins   More at IMDb TMDB  Report this page,Horror,"Melika Foroutan, Stephan Luca, Bianca Nawrath",Old People,2022,https://letterboxd.com/film/old-people-2022/
On Halloween,2020,A journalist goes in search of the truth after a series of brutal deaths and disappearances lead back to an urban legend about a serial killing clown that has stalked the woods of Century Park for over a hundred years.,Timothy Boyle,92 mins   More at IMDb TMDB  Report this page,"Horror, Thriller","Giselle van der Wiel, Telen Rodwell, Aaron J. March",On Halloween,2020,https://letterboxd.com/film/on-halloween/
One of Them,2003,"A school full of seeming good Samaritans turns out to be a front for evil in this exercise in horror. Five teenagers are enjoying a late-night ride when their car loses control, and they find themselves stranded in the middle of nowhere. The kids are taken in by the staff of the Marquez Academy, a private school not far away, but they soon discover their benefactors have a sinister side, and as they try to find out the truth about the Academy and its staff, they learn that many of the local townspeople hate and fear the academy and its students -- and with good reason.",Ralph E. Portillo,92 mins   More at IMDb TMDB  Report this page,"Horror, Thriller","Marianne Bennett, David Boller, Erin Byron",One of Them,2003,https://letterboxd.com/film/one-of-them/
Open 24 Hours,2018,"After setting her serial killer boyfriend on fire, a paranoid delusional woman gets a job at an all-night gas station. The isolation triggers her anxiety and hallucinations, with devastatingly gory results.",Padraig Reynolds,102 mins   More at IMDb TMDB  Report this page,"Horror, Thriller","Vanessa Grasse, Emily Tennant, Brendan Fletcher",Open 24 Hours,2018,https://letterboxd.com/film/open-24-hours-2018/
The Open House,2018,A teenager and his mother find themselves besieged by threatening forces when they move into a new house.,Matt Angel,94 mins   More at IMDb TMDB  Report this page,"Horror, Thriller","Dylan Minnette, Piercey Dalton, Sharif Atkins",The Open House,2018,https://letterboxd.com/film/the-open-house/
Orphan: First Kill,2022,"After escaping from an Estonian psychiatric facility, Leena Klammer travels to America by impersonating Esther, the missing daughter of a wealthy family. But when her mask starts to slip, she is put against a mother who will protect her family from the murderous “child” at any cost.",William Brent Bell,99 mins   More at IMDb TMDB  Report this page,"Horror, Thriller","Isabelle Fuhrman, Julia Stiles, Rossif Sutherland",Orphan: First Kill,2022,https://letterboxd.com/film/orphan-first-kill/
OTIS,2008,"After being captured and tortured by the psychopath Otis, teen cheerleader Riley Lawson escapes and informs her parents, who quickly sidestep sluggish FBI agents and take matters into their own hands. But the Lawsons' revenge plan hits a snag when Otis's unusual brother enters the picture.",Tony Krantz,100 mins   More at IMDb TMDB  Report this page,"Horror, Comedy","Bostin Christopher, Ashley Johnson, Daniel Stern",OTIS,2008,https://letterboxd.com/film/otis/
Ouija Craft,2020,Two witches use a Ouija board to resurrect their friend after she dies in a tragic accident.,Aaron Mirtes,81 mins   More at IMDb TMDB  Report this page,"Fantasy, Horror","Allison Shrum, Ivy Rhodes, Lacy Hartselle",Ouija Craft,2020,https://letterboxd.com/film/ouija-craft/
The Ouija Experiment 2: Theatre of Death,2014,"A fun filled weekend turns deadly when a group of unsuspecting theatre goers are trapped inside, after a ravenous spirit is resurrected and released from a Ouija board. They must confront their most terrifying fears and destroy the spirit before it finds and kills them first.",Israel Luna,85 mins   More at IMDb TMDB  Report this page,Horror,"Justin Armstrong, Swisyzinna, Israel Luna",The Ouija Experiment 2: Theatre of Death,2014,https://letterboxd.com/film/the-ouija-experiment-2-theatre-of-death/
The Ouija Experiment,2011,"Based on true events, five friends who fall prey to the evil entities of the Ouija board. As they set about filming their experimental session, what starts out as bit of fun, soon escalates into a terrifying series of events as paranoia and personal demons are revealed…. and recorded.",Israel Luna,88 mins   More at IMDb TMDB  Report this page,Horror,"Justin Armstrong, Swisyzinna, Carson Underwood",The Ouija Experiment,2011,https://letterboxd.com/film/the-ouija-experiment/
Ouija Shark,2020,A group of teenage girls summon an ancient man-eating shark after messing with a spirit board that washes up on the beach. An occult specialist must enter the shark's realm to rid this world of the deadly spirit ghost once and for all.,Brett Kelly,70 mins   More at IMDb TMDB  Report this page,"Horror, Comedy","Steph Goodwin, Zoe Towne, Robin Hodge",Ouija Shark,2020,https://letterboxd.com/film/ouija-shark/
Outcast,1990,"Consumed by hatred, recruited by the devil, a loner is given the power to destroy.",Roman Buchok,95 mins   More at IMDb TMDB  Report this page,"Science Fiction, Horror","John Tench, Peter Read, Tracey Hoyt",Outcast,1990,https://letterboxd.com/film/outcast-1990/
Outcast,2010,"When Mary and her teenage son, Fergal, move to yet another new home, it soon becomes clear they live their lives on the run, hiding from someone or something, terrified of being found. Their hunter, Cathal, soon picks up the trail. Intent on tracking Mary and Fergal, he will go to any lengths to succeed in his quest, often using dark arts to aid him. Mary’s only defence is to use an ancient form of her own magic to protect her only son. When local residents begin to be brutally murdered by an unknown life force, the sense of fear escalates. Is Cathal the beast responsible for the killing? Or is it the beast that he is trying to destroy?",Colm McCarthy,98 mins   More at IMDb TMDB  Report this page,"Horror, Fantasy","James Nesbitt, Kate Dickie, Therese Bradley",Outcast,2010,https://letterboxd.com/film/outcast/
Outpost: Black Sun,2012,"A pair of investigators team up with a Special Forces Unit to venture deep inside a war raging between the military and a massive army of Nazi Zombie Stormtroopers. Their mission is to fight their way behind enemy lines, locate the technology at the source of this growing threat and prevent the seemingly inevitable rise of the 4th Reich.",Steve Barker,101 mins   More at IMDb TMDB  Report this page,"Horror, Action","Catherine Steadman, Richard Coyle, Ali Craig",Outpost: Black Sun,2012,https://letterboxd.com/film/outpost-black-sun/
The Owners,2020,"A group of friends think they found the perfect easy score - an empty house with a safe full of cash. But when the elderly couple that lives there comes home early, the tables are suddenly turned. As a deadly game of cat and mouse ensues, the would-be thieves must fight to save themselves from a nightmare they could never have imagined.",Julius Berg,92 mins   More at IMDb TMDB  Report this page,"Horror, Mystery, Thriller","Maisie Williams, Sylvester McCoy, Rita Tushingham",The Owners,2020,https://letterboxd.com/film/the-owners-2020/
Ozone,1994,"While on a stakeout, hardboiled cop Eddie Boone gets injected with a dangerous new designer drug causing nightmarish side effects. As he searches for his missing partner, Eddie discovers the urban streets full of mutants, monsters, and mayhem orchestrated by the mastermind behind the lethal narcotic.",J.R. Bookwalter,81 mins   More at IMDb TMDB  Report this page,"Action, Science Fiction, Horror, Crime","James Black, Tom Hoover, Bill Morrison",Ozone,1994,https://letterboxd.com/film/ozone/
The Pack,2010,"In the middle of a snowy no man's land, Charlotte picks up Max, a hitchhiker; they stop in a truck-stop restaurant, and when Max doesn't come back from the bathroom, Charlotte starts looking for him in vain. She decides to return during the night but gets kidnapped by the bartender, La Spack, who turns out to be Max's mother and needs to feed her kids, 'The pack', a bunch of blood lusting ghouls. Charlotte now faces a terrifying reality: these ghouls are already dead... and hungry. Alone and in the middle of nowhere, she quickly realizes... she's next on the menu!",Franck Richard,85 mins   More at IMDb TMDB  Report this page,Horror,"Yolande Moreau, Émilie Dequenne, Benjamin Biolay",The Pack,2010,https://letterboxd.com/film/the-pack-2010/
The Pact II,2014,"The sequel is set just weeks after Annie Barlow's deadly confrontation with the Judas Killer. In this elevated sequel, we meet June, a woman whose carefully constructed life is beginning to unravel due to lucid nightmares so awful they disturb her waking life",Dallas Richard Hallam,96 mins   More at IMDb TMDB  Report this page,"Thriller, Mystery, Horror","Caity Lotz, Camilla Luddington, Haley Hudson",The Pact II,2014,https://letterboxd.com/film/the-pact-ii/
Paintball Massacre,2020,"Old school friends go on a paintball trip miles away from civilization. But things go horribly wrong when they discover a cold-blooded masked killer is amongst them. Now, they must fight to survive their school reunion.",Darren Berry,93 mins   More at IMDb TMDB  Report this page,"Horror, Thriller, Comedy","Katy Brand, Lee Latchford-Evans, Robert Portal",Paintball Massacre,2020,https://letterboxd.com/film/paintball-massacre/
The Pale Door,2020,"The Dalton gang escape to a nearby town after a train robbery goes south, but they are met by a coven of witches with sinister plans for the unsuspecting outlaws.",Aaron B. Koontz,96 mins   More at IMDb TMDB  Report this page,"Horror, Western","Noah Segan, Melora Walters, Zachary Knighton",The Pale Door,2020,https://letterboxd.com/film/the-pale-door/
Pandamonium,2020,"The guys on Level 6 like to work hard, and party harder, that means the best booze, the finest drugs and hottest women money can buy. Unfortunately for them the Strippers they've just hired have come with an unwanted guest. Jacob, Jakushi, the infamous 'Stripper Ripper' who has a taste for exotic dancers he has these girls in his sights and he'll stop at nothing to get what he wants. It's now Strippers VS Serial Killer as they fight to survive the office party from hell.",MJ Dixon,85 mins   More at IMDb TMDB  Report this page,"Comedy, Horror","David Hon Ma Chu, Oriana Charles, Dani Thompson",Pandamonium,2020,https://letterboxd.com/film/pandamonium/
The Paperboy,1994,"A homicidal twelve-year-old paperboy becomes obsessed with a woman and her daughter next-door, and he'll do anything to make his fantasy of the ""perfect family"" come alive.",Douglas Jackson,97 mins   More at IMDb TMDB  Report this page,"Horror, Thriller","Alexandra Paul, Marc Marut, Brigid Tierney",The Paperboy,1994,https://letterboxd.com/film/the-paperboy-1994/
Paranormal Activity: Next of Kin,2021,Margot is a documentary filmmaker looking to meet her long-lost mother and extended family in a secluded Amish community. She and her film crew soon realize the family that welcomes them into their home might be hiding a sinister secret.,William Eubank,98 mins   More at IMDb TMDB  Report this page,"Mystery, Horror","Emily Bader, Ari Notartomaso, Alexa Shae Niziak",Paranormal Activity: Next of Kin,2021,https://letterboxd.com/film/paranormal-activity-next-of-kin/
Paranormal Asylum: The Revenge of Typhoid Mary,2013,"Filmmaker friends Mark and Andy investigate the legend of Typhoid Mary, a girl who was locked up in an insane asylum that was believed to be haunted. But bad things start to happen after Andy's fiancée conducts a séance to summon Mary's spirit.",Nimrod Zalmanowitz,88 mins   More at IMDb TMDB  Report this page,Horror,"Paul Bright, Laura Gilreath, Aaron Mathias",Paranormal Asylum: The Revenge of Typhoid Mary,2013,https://letterboxd.com/film/paranormal-asylum-the-revenge-of-typhoid-mary/
Paranormal Attraction,2020,"Paranormal Attraction tells the dark and sinister tale of a young woman, Sara Myer, who moves into an abandoned house with a tragic and mysterious past.",Alexander T. Hwang,89 mins   More at IMDb TMDB  Report this page,Horror,"Brooklyn Haley, Nicole Cinaglia, Hunter Johnson",Paranormal Attraction,2020,https://letterboxd.com/film/paranormal-attraction/
Paranormal Entity,2009,"Thomas Finley has been arrested for the murder of his nineteen-year old sister, Samantha and fifty-two year old, Edgar Lauren, a Professor and paranormal investigator. Police were called to the scene by Thomas himself in the early hours of the morning, finding him inside with his sister's body cradled in his arms. In his statement given in police custody, Thomas claimed that the victims were attacked by a demonic entity of unknown origin. Days later, he committed suicide. It is the opinion of those closely related to the family that a video found at the scene be shown to the public as a final testament to what actually happened inside the Finley home in those final days.",Shane van Dyke,88 mins   More at IMDb TMDB  Report this page,"Thriller, Mystery, Horror","Erin Marie Hogan, Fia Perera, Norman Saleet",Paranormal Entity,2009,https://letterboxd.com/film/paranormal-entity/
Paranormal Prison,2021,"A paranormal investigation YouTube channel is getting ready to shut down if they don't have a video that goes viral in time. In this last ditch attempt, a long-time mystery is solved.",Brian Jaggers,70 mins   More at IMDb TMDB  Report this page,"Comedy, Thriller, Horror","Todd Haberkorn, Paris Warner, Don Shanks",Paranormal Prison,2021,https://letterboxd.com/film/paranormal-prison/
Patchwork,2015,"A delightfully dark, Frankenstein-themed horror comedy about a re-animated corpse, made from the stitched together body parts of three murdered young women, that decides to go on a bloody quest to find their killer and avenge their deaths!",Tyler MacIntyre,86 mins   More at IMDb TMDB  Report this page,"Horror, Comedy","Tory Stolper, Tracey Fairaway, Maria Blasucci",Patchwork,2015,https://letterboxd.com/film/patchwork-2015/
Patient Zero,2018,"After an unprecedented global pandemic has turned the majority of humankind into violent infected beings, Morgan, a man gifted with the ability to speak the infected's new language, leads the last survivors on a hunt for patient zero and a cure.",Stefan Ruzowitzky,87 mins   More at IMDb TMDB  Report this page,"Action, Drama, Thriller, Horror","Matt Smith, Natalie Dormer, Clive Standen",Patient Zero,2018,https://letterboxd.com/film/patient-zero/
The Perfection,2018,"When troubled musical prodigy Charlotte seeks out Elizabeth, the new star pupil of her former school, the encounter sends both musicians down a sinister path with shocking consequences.",Richard Shepard,90 mins   More at IMDb TMDB  Report this page,"Thriller, Horror, Drama","Allison Williams, Logan Browning, Steven Weber",The Perfection,2018,https://letterboxd.com/film/the-perfection/
Pet Graveyard,2019,A group of teens are tormented by the Grim Reaper and his pet after undergoing an experiment that allows them to revisit the dead.,Becca Hirani,98 mins   More at IMDb TMDB  Report this page,Horror,"Rita Siddiqui, Andrew Hollingworth, Kate Milner Evans",Pet Graveyard,2019,https://letterboxd.com/film/pet-graveyard/
Peter Rottentail,2004,A doomed magician makes a deal with dark forces which ends in tragedy. Soon he is back to exact his bloody revenge!,Mark Polonia,71 mins   More at IMDb TMDB  Report this page,Horror,"Brice Kennedy, Dave Fife, John Polonia",Peter Rottentail,2004,https://letterboxd.com/film/peter-rottentail/
Phantasm IV: Oblivion,1998,"Taking off immediately where the last one ended, in this episode Mike travels across dimensions and time fleeing from the Tall Man, at the same time he tries to find the origins of his enemy, and what really happened the night that his brother died. Meanwhile, Reggie battles the spheres and the undead in a quest to find Mike before the Tall Man can complete his transformation.",Don Coscarelli,90 mins   More at IMDb TMDB  Report this page,"Science Fiction, Horror","Angus Scrimm, A. Michael Baldwin, Bill Thornbury",Phantasm IV: Oblivion,1998,https://letterboxd.com/film/phantasm-iv-oblivion/
The Phoenix Tapes '97,2016,"In 1997, four campers went missing during the Phoenix Lights incident and their bodies were never found. The Phoenix Tapes 97 is comprised of their final footage. This film is dedicated to the lives lost during the events displayed. To their families and friends and to the authorities who continue to search for answers. ​ The tapes were found by Dustin Miller's father two years after Dustin was mysteriously shot and killed at a traffic stop in Texas. Peter Miller believes his son was acting as a whistleblower and had smuggled the tapes from his classified government agency in an effort to expose the truth as to what really happened to the four missing campers seen in the tapes. ​ After searching every newspaper and media publication around Phoenix during that time period, we only found one initial announcement that four campers were reported missing, as well as a formal police report folder with local PD but the folder had no files inside.",Turner Clay,67 mins   More at IMDb TMDB  Report this page,"Science Fiction, Horror, Thriller","Turner Clay, Peter Miller",The Phoenix Tapes '97,2016,https://letterboxd.com/film/the-phoenix-tapes-97/
Pieces of Talent,2012,"David, a local filmmaker, becomes obsessed with Charlotte, an aspiring actress working as a waitress, and begins filming a gory masterpiece.",Joe Stauffer,95 mins   More at IMDb TMDB  Report this page,"Thriller, Horror","David Long, Kristi Ray, Taylor Kowalski",Pieces of Talent,2012,https://letterboxd.com/film/pieces-of-talent/
Pinocchio's Revenge,1996,"Defense attorney Jennifer Garrick acquires a Pinocchio puppet from a condemned serial killer. Her pre-teen daughter, Zoe, mistakes the puppet as a birthday present and grows attached to her new friend. Suddenly, accidents begin to happen to those who cross Zoe. Zoe claims it's her Pinocchio doll but her therapist thinks otherwise. Pinocchio promises he'll behave if Zoe will cut his strings...",Kevin Tenney,96 mins   More at IMDb TMDB  Report this page,"Mystery, Horror","Rosalind Allen, Todd Allen, Candace McKenzie",Pinocchio's Revenge,1996,https://letterboxd.com/film/pinocchios-revenge/
Piranha,1995,"Doctor Baines has been conducting genetic experiments on piranhas and has made them virtually unstoppable. Unfortunately, his assistants, Maggie and Paul, accidentally release the hybrids into the Lost River Lake threatening to destroy everyone in their path. Can they prevent the flesh-eating piranhas from escaping into the ocean and spawning?",Scott P. Levy,89 mins   More at IMDb TMDB  Report this page,"Horror, TV Movie","William Katt, Alexandra Paul, Monte Markham",Piranha,1995,https://letterboxd.com/film/piranha-1995/
The Plague,2006,"Ten years have passed since the world's children fell into a coma. Tonight they're waking up and all hell is breaking loose. An unholy battle between the generations is being waged, and time is not on the side of adults.",Hal Masonberg,88 mins   More at IMDb TMDB  Report this page,"Horror, Thriller","James Van Der Beek, Ivana Miličević, Brad Hunt",The Plague,2006,https://letterboxd.com/film/the-plague-2006/
Playback,2012,"While digging into their town's infamous past, a group of high school students unwittingly unlock an even darker secret. Now, an evil spirit has been awakened and will stop at nothing to find his true heir.",Michael A. Nickles,95 mins   More at IMDb TMDB  Report this page,"Horror, Thriller","Johnny Pacar, Ambyr Childers, Christian Slater",Playback,2012,https://letterboxd.com/film/playback-2012/
Playhouse,2020,"Reckless Jack Travis is an irreverent horror writer notorious for scaring audiences. But as he obsesses over creating a new theatre show set in a haunted Scottish castle, demonic disturbances from deep within the walls begin to prey on his troubled daughter. When the alarming supernatural forces start to close in on him too, Jack is forced to reckon with the terrifying consequences of creating such a dark and macabre play. But will he realise the danger of unearthing a historic curse and stop writing before he damns himself, his personal sanity and those he loves forever?",Toby Watts,87 mins   More at IMDb TMDB  Report this page,"Thriller, Horror","William Holstead, Grace Courtney, Helen Mackay",Playhouse,2020,https://letterboxd.com/film/playhouse-2020/
Pledge Night,1990,A fraternity pledge returns from the grave to even the score with the members who caused his death 20 years ago.,Paul Ziller,86 mins   More at IMDb TMDB  Report this page,"Horror, Comedy","Todd Eastland, Shannon McMahon Lichte, Dennis Sullivan",Pledge Night,1990,https://letterboxd.com/film/pledge-night/
Pooka Lives!,2020,"A group of thirty-something friends from high school create their own Creepypasta about Pooka for laughs, but are shocked when it becomes so viral on the internet that it actually manifests more murdererous versions of the creature.",Alejandro Brugués,80 mins   More at IMDb TMDB  Report this page,"Thriller, Horror, TV Movie","Malcolm Barrett, Lyndie Greenwood, Jonah Ray Rodrigues",Pooka Lives!,2020,https://letterboxd.com/film/pooka-lives/
Pooka!,2018,"A struggling actor gets a holiday season job as a Christmas character in a plush suit to promote the hottest toy of the year, Pooka; he slowly develops two personalities—one when he's in the suit and one that's outside it.",Nacho Vigalondo,83 mins   More at IMDb TMDB  Report this page,"Thriller, Horror, TV Movie","Nyasha Hatendi, Latarsha Rose, Jon Daly",Pooka!,2018,https://letterboxd.com/film/pooka/
Pop Punk Zombies,2011,"Eddy Whitset gets caught in a mess at the first concert for the Vicious Vegans, a zombie punk band. He must decide how to get out of the venue without becoming a zombie victim.",Steve Dayton,85 mins   More at IMDb TMDB  Report this page,,"Tyler Albrecht, Jason Anderson, Manuel Barrera Nápoli",Pop Punk Zombies,2011,https://letterboxd.com/film/pop-punk-zombies/
Population 436,2006,A census-taker is sent to investigate why a certain small town has had the same population -- 436 residents -- for the last 100 years.,Michelle MacLaren,88 mins   More at IMDb TMDB  Report this page,"Horror, Thriller","Jeremy Sisto, Charlotte Sullivan, Fred Durst",Population 436,2006,https://letterboxd.com/film/population-436/
Porno,2019,"When a group of naive teens working at a movie theater in a small Christian town discover a mysterious film hidden in its basement, they unleash an alluring succubus who gives them a sex education…written in blood.",Keola Racela,98 mins   More at IMDb TMDB  Report this page,"Comedy, Horror","Evan Daves, Larry Saperstein, Jillian Mueller",Porno,2019,https://letterboxd.com/film/porno-2019/
Portal,2009,"Soon after finding their way into the shelter of the mysterious, fog-engulfed town of Mercy, two friends plan to rest up for the night, only to realize, as nights turn into nights, that time doesn't exist in this town.",Geoffrey Schaaf,91 mins   More at IMDb TMDB  Report this page,Horror,"Chris Conrad, Alexander Martin, Kat Hawks",Portal,2009,https://letterboxd.com/film/portal-2009/
Possessed by the Night,1994,"A horror writer buys an odd looking mutant embryo creature, pickled in a jar, from a shop in Chinatown, hoping it will be a creative inspiration for his work. Instead, the odd mutation provokes a rage of violence and lust to envelop the suburban villa where the writer lives with his wife and sexy secretary.",Fred Olen Ray,84 mins   More at IMDb TMDB  Report this page,"Horror, Thriller","Shannon Tweed, Ted Prior, Sandahl Bergman",Possessed by the Night,1994,https://letterboxd.com/film/possessed-by-the-night/
Pot Zombies,2005,Radioactive weed turns people into zombies with the munchies for human flesh!,Justin Powers,54 mins   More at IMDb TMDB  Report this page,Horror,"Scott Krakowski, Brandon Schuster",Pot Zombies,2005,https://letterboxd.com/film/pot-zombies/
"Pot Zombies 2: More Pot, Less Plot",2012,Radioactive weed turns people into zombies with the munchies for human flesh!,Justin Powers,79 mins   More at IMDb TMDB  Report this page,,"Andy Arrasmith, Billy Blair, Michael P. Brown","Pot Zombies 2: More Pot, Less Plot",2012,https://letterboxd.com/film/pot-zombies-2-more-pot-less-plot/
The Poughkeepsie Tapes,2007,"When hundreds of videotapes showing torture, murder and dismemberment are found in an abandoned house, they reveal a serial killer's decade-long reign of terror and become the most disturbing collection of evidence homicide detectives have ever seen.",John Erick Dowdle,81 mins   More at IMDb TMDB  Report this page,"Thriller, Mystery, Crime, Horror","Stacy Chbosky, Ben Messmer, Lou George",The Poughkeepsie Tapes,2007,https://letterboxd.com/film/the-poughkeepsie-tapes/
Predator Island,2005,"Three young couples venture out on an idyllic weekend boat trip off the coast of New England. What starts out as a weekend of partying, quickly turns into their worst nightmare. A meteor crash creates a fierce storm that capsizes the boat. The group is stranded on a remote island inhabited by only the lighthouse keeper and his strange wife. All communications with the mainland and the Coast Guard have been destroyed, and they are cut off from the outside world. Unknown to the shipwrecked couples, the meteor has unleashed vicious alien creatures who roam the island in search of prey. The group faces a night of living hell, as they fight for their lives against the evil creatures. Will anyone survive the carnage?",Chuck Gramling,73 mins   More at IMDb TMDB  Report this page,"Action, Comedy, Science Fiction, Horror","Dan Gordon, Hank Torrance, Libby Krall",Predator Island,2005,https://letterboxd.com/film/predator-island/
Premutos: The Fallen Angel,1997,"Premutos is the first of the fallen Angels, even before Lucifer. His Goal is to rule the world, the living and the dead. His son should pave the way for him and appears arbitrary throughout human history and is then recognized as some kind of monster. In the present time, a young man living in Germany begins to suffer from visionary flashbacks - of the lives he lived in the past as Premutos' son! He remembers how he appeared in the middle age, when mankind suffered from pestilence and during WWII in Russia. On his (earthly) father's birthday, a case containing some strange old book and a yellow potion is found in their garden, which was hidden by some peasant in 1943, who experimented with witchery in order to re-animate his deceased wife. Whe the young man gets in touch with the book and some of the yellow potion, he mutates into a monster and awakens an army of zombies, ready to bring back the fallen Angel Premutos and to disturb the little birthday party",Olaf Ittenbach,106 mins   More at IMDb TMDB  Report this page,"Horror, Comedy, Action","Christopher Stacey, Ingid Fischer, Olaf Ittenbach",Premutos: The Fallen Angel,1997,https://letterboxd.com/film/premutos-the-fallen-angel/
The Price We Pay,2022,"After a pawn shop robbery goes askew, two criminals take refuge at a remote farmhouse to try to let the heat die down, but find something much more menacing.",Ryûhei Kitamura,85 mins   More at IMDb TMDB  Report this page,"Horror, Action, Crime, Mystery, Thriller","Emile Hirsch, Stephen Dorff, Gigi Zumbado",The Price We Pay,2022,https://letterboxd.com/film/the-price-we-pay-2022/
Primal,2010,"Anja and five friends join anthroplogy student, Dace, on a journey to study a remote, ancient rock painting. Their excitement vanishes when Mel becomes delirious after skinny-dipping in the waterhole. Feverish, bleeding, confused, she physically and mentally regresses to a vicious predatory state. Mel has gone primal. Mel’s lover and friends realise they are the prey as she savagely hunts them down. Before they can escape another one of them starts to regress, posing a hideous choice; kill their friends or be killed by them. Their only hope of survival is through a cave, where Anja learns too late the meaning of the ancient rock art they came to study.",Josh Reed,80 mins   More at IMDb TMDB  Report this page,"Thriller, Horror","Zoe Tuckwell-Smith, Krew Boylan, Will Travel",Primal,2010,https://letterboxd.com/film/primal/
Prison of the Dead,2000,"Kristof, an eccentric rich kid, tricks his high school friends into getting back together for a reunion of sorts, under the pretense of a funeral. The group of twenty-somethings is forced to spend the night in an old abandoned witches' prison. During a Ouija Board séance, the schoolmates accidentally unearth three dead executioners from their graves. A little confused, and quite a bit angry, the Crypt Keepers initiate a killing spree that will only end when everyone is dead. Fortunately, the schoolmates all wore black. Too bad it's for their own funerals...",David DeCoteau,73 mins   More at IMDb TMDB  Report this page,Horror,"Patrick Flood, Jeff Peterson, Sam Page",Prison of the Dead,2000,https://letterboxd.com/film/prison-of-the-dead/
Prom Night III: The Last Kiss,1990,"Mary Lou, the prom queen burned to death by her boyfriend back in the fifties, has escaped from hell and is once again walking the hallways of Hamilton High School, looking for blood.",Peter R. Simpson,96 mins   More at IMDb TMDB  Report this page,"Thriller, Comedy, Horror","Tim Conlon, Cynthia Preston, David Stratton",Prom Night III: The Last Kiss,1990,https://letterboxd.com/film/prom-night-iii-the-last-kiss/
Prom Night IV: Deliver Us from Evil,1992,"Thirty years after slashing a Hamilton High couple on Prom Night 1957, psychotic priest Father Jonas gets loose from the chapel basement where the other church fathers had been secretly keeping him locked up and drugged.",Clay Borris,93 mins   More at IMDb TMDB  Report this page,"Horror, Thriller","Nicole de Boer, J. H. Wyman, Joy Tanner",Prom Night IV: Deliver Us from Evil,1992,https://letterboxd.com/film/prom-night-iv-deliver-us-from-evil/
The Prophecy 3: The Ascent,2000,"The conclusion to The Prophecy Trilogy. Once again, Christopher Walken returns as the Arch-Angel Gabriel. As the War in Heaven and on Earth rages on, Pyriel, the Angel of Genocide, rises to power, intending to destroy all of mankind. The only one who stands in his way is Danyael, who was born of an Angel and a woman.",Patrick Lussier,84 mins   More at IMDb TMDB  Report this page,"Fantasy, Thriller, Horror","Christopher Walken, Kayren Butler, Vincent Spano",The Prophecy 3: The Ascent,2000,https://letterboxd.com/film/the-prophecy-3-the-ascent/
The Prophecy II,1998,"In this direct-to-video sequel, Gabriel returns to try to destroy the human race he despises so much, with the help of a suicidal teen and the opposition of the angel Daniel.",Greg Spence,83 mins   More at IMDb TMDB  Report this page,"Horror, Thriller, Fantasy","Christopher Walken, Russell Wong, Jennifer Beals",The Prophecy II,1998,https://letterboxd.com/film/the-prophecy-ii/
The Prophecy: Forsaken,2005,"In Bucharest, Allison is protecting the mysterious bible, ""The Prophet Lexicon"", where the last chapter about the apocalypse, called Revelations, discloses the name of the Antichrist in its last page. Meanwhile, the evil and jealous leader of the renegade angels Thrones, Stark, forces the hit-man Dylan to kill Allison to get the information about the Antichrist, but Dylan mysteriously feels attracted by the woman, protecting her against the Thrones. Allison seeks John Reigart for help, but Satan tell her that he is interested in the apocalypse to gather millions of souls to Hell. Alone and betrayed, Allison discloses the truth about her origins, while protecting the Lexicon.",Joel Soisson,75 mins   More at IMDb TMDB  Report this page,"Horror, Thriller","Boris Petroff, Kari Wuhrer, Daria Ciobanu",The Prophecy: Forsaken,2005,https://letterboxd.com/film/the-prophecy-forsaken/
The Prophecy: Uprising,2005,"There exists an ancient manuscript still writing itself called the Lexicon. It supposedly tells of the coming of the Anti-Christ, and happens to fall into the hands of an unsuspecting woman. Now, she is being pursued by angels intent on obtaining the information from the book.",Joel Soisson,88 mins   More at IMDb TMDB  Report this page,"Horror, Action, Thriller, Fantasy","John Light, Sean Pertwee, Dan Chiriac",The Prophecy: Uprising,2005,https://letterboxd.com/film/the-prophecy-uprising/
Psycho Cop,1989,"Officer Joe Vickers would probably make a good policeman if it weren't for his two nasty habits. Firstly, he is a devoted satanist; secondly - he likes to kill people. When he meets a group of teenagers spending their vacation in a wood hut, he decides to investigate.",Wallace Potts,87 mins   More at IMDb TMDB  Report this page,Horror,"Robert R. Shafer, Jeff Qualle, Palmer Lee Todd",Psycho Cop,1989,https://letterboxd.com/film/psycho-cop/
Psycho Cop Returns,1993,"A group of office workers decide to have a party in the office building. Among other things, they want to have some drugs there. Their conversation on the subject is overheard by Joe Vickers, which is rather unfortunate for them, since Joe Vickers is a policeman. Even more unfortunate is the fact that Vickers is also an undead psychotic satanist, and instead of arresting them, he will make sure that nobody leaves the party alive...",Adam Rifkin,85 mins   More at IMDb TMDB  Report this page,Horror,"Robert R. Shafer, Barbara Niven, Miles Dougal",Psycho Cop Returns,1993,https://letterboxd.com/film/psycho-cop-returns/
Psycho Santa,2003,"While en route to a holiday gathering, young Ron teases his wife about the legend of a backwoods Santa with an axe to grind. However, when the legend comes to life, the Christmas bash turns into a holiday bloodbath!",Peter Keir,72 mins   More at IMDb TMDB  Report this page,Horror,"Eric Spudic, Krystal Stevenson, Kimberly L. Cole",Psycho Santa,2003,https://letterboxd.com/film/psycho-santa/
Psychos in Love,1987,"A strip-joint owner and a manicurist find that they have many things in common, the foremost being that they are psychotic serial killers. They fall in love and are happy being the family that slays together, until one day they come up against a plumber who also happens to be a cannibal.",Gorman Bechard,88 mins   More at IMDb TMDB  Report this page,"Horror, Comedy","Carmine Capobianco, Debi Thibeault, Frank Stewart",Psychos in Love,1987,https://letterboxd.com/film/psychos-in-love/
Psyclops,2002,"Video geek Shep uncovers a 135 year old videotape on which mad scientist Artemis Winthrop displays a machine he's invented, which he believes can bridge dimensions. With his buddies, Shep tracks down the machine despite warnings of Winthrop's great-granddaughter, a wiccan named Amelia. Shep restores the machine and while video taping it in action, a horrible accident transforms him into the ultimate tapehead (while unleashing killer bugs from another dimension and a few walking corpses along the way).",Brett Piper,94 mins   More at IMDb TMDB  Report this page,"Science Fiction, Horror","Dan Merriman, Rob Monkiewicz, Diane DiGregorio",Psyclops,2002,https://letterboxd.com/film/psyclops/
Pumpkinhead II: Blood Wings,1993,Thrill-seeking teenagers resurrect a demon from his grave and a bloody rampage for revenge begins.,Jeff Burr,88 mins   More at IMDb TMDB  Report this page,"Horror, Fantasy, Thriller","Ami Dolenz, Andrew Robinson, Soleil Moon Frye",Pumpkinhead II: Blood Wings,1993,https://letterboxd.com/film/pumpkinhead-ii-blood-wings/
Pumpkinhead Unearthed,2008,"A comprehensive documentary on Stan Winston's directorial debut, Pumpkinhead.",Stan Winston,66 mins   More at IMDb TMDB  Report this page,Documentary,,Pumpkinhead Unearthed,2008,https://letterboxd.com/film/pumpkinhead-unearthed/
Pumpkinhead: Ashes to Ashes,2006,"He threw their loved ones into a swamp. Now they want revenge... But when a demon does their dirty work, it comes at a price.",Jake West,95 mins   More at IMDb TMDB  Report this page,"Horror, Fantasy","Doug Bradley, Lance Henriksen, Douglas Roberts",Pumpkinhead: Ashes to Ashes,2006,https://letterboxd.com/film/pumpkinhead-ashes-to-ashes/
Pumpkinhead: Blood Feud,2007,"During a bitter family feud, Jodie Hatfield, and her boyfriend Ricky McCoy, decide to leave town to avoid being found out, but are soon caught in the act. Wanting vengeance, he seeks out the monster Pumpkinhead, and resurrects it seek revenge on the family. Despite being warned away by the ghost of Ed Harley, his vengeance plan starts out, and the Hatfield family is soon under siege by the powerful demon. Not accepting the legend of the creature and believing their arch-rivals are the real cause, the two families attempt to go to war, only to be stopped when Pumpkinhead attacks the Hatfield house. Putting aside their differences, they band together to stave off the creature before it's vengeance pact is completed.",Michael Hurst,95 mins   More at IMDb TMDB  Report this page,"Horror, Fantasy, TV Movie","Lance Henriksen, Rob Freeman, Amy Manson",Pumpkinhead: Blood Feud,2007,https://letterboxd.com/film/pumpkinhead-blood-feud/
Punk Rock Holocaust,2004,"It is about a serial killer on the loose at the Vans Warped Tour who tries killing off the bands one by one, and features bands such as Me First and the Gimme Gimmes, Less Than Jake, The Used, Big D and the Kids Table, Rancid, The Horrorpops, The Suicide Machines, Dropkick Murphys, The Phenomenauts and many more. It was principally filmed during the summer of 2003 on the Vans Warped Tour, and features live performances from many of the bands.[1][2] The director also appears as the bandana-wrapped killer. With 110 onscreen deaths, it held the record for individual deaths in a horror film.[3] Four of the five members of Simple Plan are individually killed, making them the only band to get such individual treatment. According to the director's commentary, bassist David Desrosiers did not want to be killed. The Phenomenauts' actual tour bus, the ""Phenomebomber"" was blown up specially for the film.",Doug Sakmann,95 mins   More at IMDb TMDB  Report this page,"Horror, Music","Kevin Lyman, Lloyd Kaufman, Jeff Rosenstock",Punk Rock Holocaust,2004,https://letterboxd.com/film/punk-rock-holocaust/
Punk Rock Holocaust 2,2008,"Picking up a year after a homicidal madman turned the Vans Warped Tour into a massacre, this intense sequel finds the decapitated Executioner looking for his missing noggin. While tour production manager Kevin Lyman faces off with a record label bigwig, the Executioner continues the bloodshed, and a nubile newshound sets out to expose the truth about the demonic killings.",Doug Sakmann,74 mins   More at IMDb TMDB  Report this page,"Music, Horror","Lloyd Kaufman, Kevin Lyman",Punk Rock Holocaust 2,2008,https://letterboxd.com/film/punk-rock-holocaust-2/
Puppet Master,1989,"Alex Whitaker and three other gifted psychics investigate rumors that the secret of life has been discovered by master puppeteer, Andre Toulon, in the form of five killer puppets uniquely qualified for murder and mayhem.",David Schmoeller,83 mins   More at IMDb TMDB  Report this page,"Science Fiction, Fantasy, Horror","Paul Le Mat, William Hickey, Irene Miracle",Puppet Master,1989,https://letterboxd.com/film/puppet-master-1989/
Puppet Master 4,1993,"Blade, Tunneler, and Pinhead go toe-to-toe with a team of terrifying, gremlin-like creatures known as ""Totems"" that are sent by the Egyptian demon Sutekh to recapture the magic stolen by Toulon.",Jeff Burr,79 mins   More at IMDb TMDB  Report this page,"Science Fiction, Fantasy, Horror","Gordon Currie, Chandra West, Ash Adams",Puppet Master 4,1993,https://letterboxd.com/film/puppet-master-4/
Puppet Master 5,1994,"Sutekh, the dark pharaoh from another dimension, sends his own puppet, Totem, to continue his quest to kill Rick and steal the magic which animates the puppets.",Jeff Burr,82 mins   More at IMDb TMDB  Report this page,"Fantasy, Science Fiction, Horror","Gordon Currie, Chandra West, Ian Ogilvy",Puppet Master 5,1994,https://letterboxd.com/film/puppet-master-5/
Puppet Master II,1990,"A new team of paranormal researchers has come to the hotel to investigate its murder-soaked past; the puppets -- led by a new member, Torch -- shed some light on the matter, as they tunnel, burn, strangle and hook to survive.",David Allen,88 mins   More at IMDb TMDB  Report this page,"Horror, Mystery, Science Fiction","Elizabeth Maclellan, Collin Bernsen, Steve Welles",Puppet Master II,1990,https://letterboxd.com/film/puppet-master-ii/
Puppet Master III,1991,"After hearing that mystical toymaker Andre Toulon has managed to create a troupe of sentient, living puppets, Nazi underling Dr. Hess sets his sights on exploiting Toulon's powers for the glory of the Reich.",David DeCoteau,82 mins   More at IMDb TMDB  Report this page,"Science Fiction, Horror, Fantasy","Guy Rolfe, Richard Lynch, Ian Abercrombie",Puppet Master III,1991,https://letterboxd.com/film/puppet-master-iii/
Puppet Master vs Demonic Toys,2004,"A group of toymakers seek to use Andre Toulon's formula, now in the hands of Toulon's great-nephew Robert, to give life to a line of killer toys that they plan to unleash on Christmas Eve.",Ted Nicolaou,88 mins   More at IMDb TMDB  Report this page,"Science Fiction, Horror, Comedy, TV Movie","Corey Feldman, Vanessa Angel, Danielle Keaton",Puppet Master vs Demonic Toys,2004,https://letterboxd.com/film/puppet-master-vs-demonic-toys/
Puppet Master X: Axis Rising,2012,"After foiling a plan to blow up an American arms plant, Danny and Beth quickly find that one of Toulon's puppets has been kidnapped by the Nazis, and his life-giving serum has been synthesized to create a master race of unstoppable soldiers.",Charles Band,88 mins   More at IMDb TMDB  Report this page,"Horror, War, Science Fiction","Kip Canyon, Jean Louise O'Sullivan, Oto Brezina",Puppet Master X: Axis Rising,2012,https://letterboxd.com/film/puppet-master-x-axis-rising/
Puppet Master: Axis of Evil,2010,"Following the murder of Andre Toulon by Nazi assassins during the height of World War II, a young Danny Coogan finds his crate of mysterious puppets, and discovers their plan to attack a secret American manufacturing plant.",David DeCoteau,83 mins   More at IMDb TMDB  Report this page,"Horror, Fantasy, War","Levi Fiehler, Jenna Gallaher, Taylor M. Graham",Puppet Master: Axis of Evil,2010,https://letterboxd.com/film/puppet-master-axis-of-evil/
Puppet Master: Axis Termination,2017,"To stop the Third Reich and the Nazi war machine from winning World War II and affecting the outcome of the free world, Toulon's indestructible puppets join forces with the masters of psychic powers.",Charles Band,75 mins   More at IMDb TMDB  Report this page,"Horror, War, Fantasy","George Appleby, Tonya Kay, Paul Logan",Puppet Master: Axis Termination,2017,https://letterboxd.com/film/puppet-master-axis-termination/
Puppet Master: The Legacy,2003,"A rogue agent named Maclain breaks into the lab of Eric Weiss, who has spent his entire life fascinated by Andre Toulon's supernatural ability to breathe life into his carefully crafted figurines.",Charles Band,80 mins   More at IMDb TMDB  Report this page,"Horror, Fantasy, Science Fiction","Jacob Witkin, Kate Orsini, Ian Abercrombie",Puppet Master: The Legacy,2003,https://letterboxd.com/film/puppet-master-the-legacy/
The Puppet Monster Massacre,2010,A group of teens are challenged to spend a night in the Wagner mansion on the edge of town. Little do they know the owner has concocted a monstrosity in the basement.,Dustin Mills,70 mins   More at IMDb TMDB  Report this page,"Horror, Adventure, Animation, Comedy","Steve Rimpici, Jessica Daniels, Bart Flynn",The Puppet Monster Massacre,2010,https://letterboxd.com/film/the-puppet-monster-massacre/
Quarantine 2: Terminal,2011,A plane is taken over by a mysterious virus. When the plane lands it is placed under quarantine. Now a group of survivors must band together to survive the quarantine.,John Pogue,86 mins   More at IMDb TMDB  Report this page,"Mystery, Horror, Science Fiction","Mercedes Mason, Josh Cooke, Bre Blair",Quarantine 2: Terminal,2011,https://letterboxd.com/film/quarantine-2-terminal/
Rabid,2019,"The quiet Rose works in women's fashion clothing, hoping to be a designer. A traffic accident damages her face. She gets experimental stem cell treatment, leaving her stronger and prettier than ever - but there's a side effect.",Jen Soska,107 mins   More at IMDb TMDB  Report this page,"Science Fiction, Horror","Laura Vandervoort, Benjamin Hollingsworth, Ted Atherton",Rabid,2019,https://letterboxd.com/film/rabid-2019/
Ragdoll,1999,A teenaged rapper uses his Gran's magic powders to help him in his revenge against those who put her in the hospital.,Ted Nicolaou,78 mins   More at IMDb TMDB  Report this page,"Fantasy, Horror","Russell Richardson, Jennia Fredrique, William Stanford Davis",Ragdoll,1999,https://letterboxd.com/film/ragdoll/
Ragin Cajun Redneck Gators,2013,A group of mutant gators attack the cajun people. Pouring blue chemicals in a Louisiana swamp causes the alligator population to morph into monstrous creatures including a clan of cajuns living in the bayou.,Griff Furst,90 mins   More at IMDb TMDB  Report this page,"Horror, Thriller, Science Fiction","Jordan Danger, Christopher Berry, Amy Brassette",Ragin Cajun Redneck Gators,2013,https://letterboxd.com/film/ragin-cajun-redneck-gators/
Raging Sharks,2005,"An oceanic observation station is in desperate trouble after a sudden shark attack wrecked the oxygen supply. The accompanying ship, a coast guard cruiser, and other ships in and around the Bermuda triangle are attacked as well. The US Navy sends a submarine to investigate, but soon they too are under attack.",Danny Lerner,92 mins   More at IMDb TMDB  Report this page,"Science Fiction, Horror","Corin Nemec, Vanessa Angel, Corbin Bernsen",Raging Sharks,2005,https://letterboxd.com/film/raging-sharks/
The Rain Killer,1990,"Together, a weary cop and an all business FBI agent, team up to catch the latest homicidal manic: The Rain Killer. Just when they think that all the clues have been washed away, they find the one last clue; the one that's been in plain sight.",Ken Stein,94 mins   More at IMDb TMDB  Report this page,"Horror, Crime, Thriller","Ray Sharkey, David Beecroft, Tania Coleridge",The Rain Killer,1990,https://letterboxd.com/film/the-rain-killer/
The Rambler,2013,"After being released from prison, a man known as The Rambler stumbles upon a strange mystery as he attempts a dangerous journey through treacherous back roads and small towns en route to reconnecting with his long lost brother.",Calvin Lee Reeder,97 mins   More at IMDb TMDB  Report this page,"Horror, Drama, Mystery","Dermot Mulroney, Lindsay Pulsipher, Natasha Lyonne",The Rambler,2013,https://letterboxd.com/film/the-rambler/
Random Acts of Violence,2019,A pair of comic book writers begin to notice scary similarities between the character they created and horrific real-life events.,Jay Baruchel,80 mins   More at IMDb TMDB  Report this page,"Horror, Drama, Thriller","Jesse Williams, Jordana Brewster, Julia Knope",Random Acts of Violence,2019,https://letterboxd.com/film/random-acts-of-violence-2019-1/
Raptor,2001,"When a series of unexplained vicious animal attacks strikes his community, Sheriff Jim Tanner and his assistant Barbara trace them back to a Dr. Hyde, a former military researcher whose government funding for a dinosaur cloning project was cut. When the Pentagon discovers Hyde obtained foreign backing to continue his experiments, they send in a strike team to save Tanner and Barbara and stop Hyde.",Jim Wynorski,82 mins   More at IMDb TMDB  Report this page,"Horror, Thriller","Eric Roberts, Corbin Bernsen, Melissa Brasselle",Raptor,2001,https://letterboxd.com/film/raptor/
Rattlesnake,2019,"After a mysterious woman saves her daughter from a deadly snakebite, a single mother must repay the debt by killing a stranger before sundown.",Zak Hilditch,85 mins   More at IMDb TMDB  Report this page,"Horror, Drama, Mystery, Thriller","Carmen Ejogo, Theo Rossi, Emma Greenwell",Rattlesnake,2019,https://letterboxd.com/film/rattlesnake/
Raven's Hollow,2022,West Point cadet Edgar Allan Poe and four other cadets on a training exercise in upstate New York are drawn by a gruesome discovery into a forgotten community where they find a township guarding a frightening secret.,Christopher Hatton,98 mins   More at IMDb TMDB  Report this page,"Horror, Thriller, Mystery","Melanie Zanetti, William Moseley, Kate Dickie",Raven's Hollow,2022,https://letterboxd.com/film/ravens-hollow-2022/
The Raven,2006,"As a child, Lenore was tormented by nightmares and obsessed with the dark poems and stories of Edgar Allan Poe. As the lead singer in a Los Angeles band, the adult Lenore (Jillian Swanson) finds herself, friends and colleagues haunted by a murderer from beyond the grave. Only in her dreams -- in which she's visited by Poe's ghost -- will Lenore find the key to defeat her supernatural stalker and finally escape the spirits battling for her soul.",Ulli Lommel,81 mins   More at IMDb TMDB  Report this page,"Horror, Thriller","Nola Roeper, Nicole Cooke, Jack Quinn",The Raven,2006,https://letterboxd.com/film/the-raven-2006/
Ravers,2018,"When a contaminated energy drink turns an illegal rave into a nightmare, a germaphobic journalist has to overcome her deepest fears to get her friends out alive.",Bernhard Pucher,91 mins   More at IMDb TMDB  Report this page,"Comedy, Horror","Natasha Henstridge, Georgia Hirst, Eve Connolly",Ravers,2018,https://letterboxd.com/film/ravers/
Reanimator Academy,1992,"A Herbert West wannabe brings back a stand up comedian's head, much hilarity ensues.",Judith Priest,80 mins   More at IMDb TMDB  Report this page,"Comedy, Horror","Steve Westerheit, Connie Speer, Richard Perrin",Reanimator Academy,1992,https://letterboxd.com/film/reanimator-academy/
Reawakened,2020,"When Michele Chadwick's best friend Sophia accidentally awakens the spirit of a malevolent witch that died centuries ago, Michele has to find a way to save her soul from eternal damnation.",Jose Altonaga,94 mins   More at IMDb TMDB  Report this page,Horror,"Steffani Brass, Brooke Mackenzie, Tina Cole",Reawakened,2020,https://letterboxd.com/film/reawakened/
Reborn,2018,"A stillborn baby girl is abducted by a deranged morgue attendant and brought back to life by electro-kinetic power. On her sixteenth birthday, traumatized Tess escapes captivity and sets out to find her birth mother leaving a trail of horrifying violent destruction and chilling chaos behind her.",Julian Richards,80 mins   More at IMDb TMDB  Report this page,Horror,"Barbara Crampton, Kayleigh Gilbert, Michael Paré",Reborn,2018,https://letterboxd.com/film/reborn-2018-1/
Red Spirit Lake,1993,"After a vengeful sorceress is tortured and killed by a corrupt industrialist looking to harness the spectral powers of Red Spirit Lake, her niece arrives in snow covered Angel Falls to settle her aunt's estate.",Charles Pinion,69 mins   More at IMDb TMDB  Report this page,Horror,"Annabel Lee, Richard Kern, J.J. Straub",Red Spirit Lake,1993,https://letterboxd.com/film/red-spirit-lake/
Redwood Massacre: Annihilation,2020,"A stranger obsessed with the unsolved Redwood murders, convinces a group of bereaved family members to venture into the wilderness in hope of proving the existence of the infamous killer. Their quest for truth sees a sinister turn of events, as the hunters become the hunted. A blood-soaked fight for survival ensues when they find that the tales told of the axe-wielding manic is very real.",David Ryan Keith,90 mins   More at IMDb TMDB  Report this page,"Horror, Mystery","Danielle Harris, Damien Puckler, Gary Kasper",Redwood Massacre: Annihilation,2020,https://letterboxd.com/film/redwood-massacre-annihilation/
The Reef: Stalked,2022,"After her sister's murder, Nic, her younger sister and two friends seek solace through a Pacific island kayaking adventure. Hours into the trip the women are stalked by a shark and must band together, face their fears and save each other.",Andrew Traucki,93 mins   More at IMDb TMDB  Report this page,"Thriller, Horror","Teressa Liane, Ann Truong, Saskia Archer",The Reef: Stalked,2022,https://letterboxd.com/film/the-reef-stalked/
Reign in Darkness,2002,"Biologist Michael Dorn is infected with a virus designed as a cure for HIV, but which turns its victims into vampires. Now a threat to the very organisation for which he worked, Michael is on the run and must decide the fate of the world. His options: destroy all knowledge of the virus, or succumb to the power and delights of this dark and evil way of being.",David W. Allen,91 mins   More at IMDb TMDB  Report this page,"Science Fiction, Action, Horror","Kelly Dolen, David W. Allen, David Will No",Reign in Darkness,2002,https://letterboxd.com/film/reign-in-darkness/
The Rental,2020,"Two couples on an oceanside getaway grow suspicious that the host of their seemingly perfect rental house may be spying on them. Before long, what should have been a celebratory weekend trip turns into something far more sinister.",Dave Franco,88 mins   More at IMDb TMDB  Report this page,"Thriller, Horror","Dan Stevens, Alison Brie, Sheila Vand",The Rental,2020,https://letterboxd.com/film/the-rental/
Requiem for a Vampire,2006,"An incestuous and industrious pair of modern-day vampires finds their clever manner of acquiring sustenance threatened by a nosy New Jersey health inspector and a determined investigative reporter in director John Orrichio's sexualized tale of life among the undead. The LeGaults know well that to stalk the streets for prey is to leave themselves open to exposure. Instead of seeking out blood the old-fashioned way, the LeGaults opt to open a blood donation center that will provide them with the nourishment they need to survive without the risks that go along with using their fangs. A New Jersey health inspector named Jerry is on to them, though, and along with a little help from intrepid reporter Phyllis, he soon prepares to rip the lid off of the LeGault's bizarre scam. When a chance encounter with two students of the occult reveals the true motivation behind the LeGaults' philanthropic front...",John Orrichio,94 mins   More at IMDb TMDB  Report this page,"Drama, Thriller, Horror","Matt Locker, Jamie Stone, Deana Enoches",Requiem for a Vampire,2006,https://letterboxd.com/film/requiem-for-a-vampire/
The Requin,2022,"A couple on a romantic getaway find themselves stranded at sea when a tropical storm sweeps away their villa. In order to survive, they are forced to fight the elements, while sharks circle below.",Le Van Kiet,89 mins   More at IMDb TMDB  Report this page,"Thriller, Mystery, Horror","Alicia Silverstone, James Tupper, Deirdre O'Connell",The Requin,2022,https://letterboxd.com/film/the-requin/
The Resonator: Miskatonic U,2021,"Visionary Miskatonic University student Crawford Tillinghast follows in his late father's footsteps and becomes obsessed with completing work on the Resonator, an inter-dimensional device that opens doorways to other worlds.",William Butler,69 mins   More at IMDb TMDB  Report this page,"Horror, Science Fiction","Alex Keener, Dane Oliver, Christina Hélène Braa",The Resonator: Miskatonic U,2021,https://letterboxd.com/film/the-resonator-miskatonic-u/
Rest Stop,2006,"In Texas, the aspirant actress Nicole Carrow runs away home to Los Angeles with her boyfriend Jess Hilts. They drive through a shortcut in an old road, and when they park in a rest stop, Jess is abducted by the sadistic driver of an old yellow truck. Along the night, Nicole is threatened by the sick maniac, while mysterious things happen to her in the place.",John Shiban,85 mins   More at IMDb TMDB  Report this page,"Horror, Thriller","Jaimie Alexander, Joey Mendicino, Deanna Russo",Rest Stop,2006,https://letterboxd.com/film/rest-stop/
Rest Stop: Don't Look Back,2008,"One year after running away from home, Nicole and Jesse are still missing. When Jesse's brother, Tom, returns home from active duty, he sets out with his friends Marilyn and Jared to locate the lost couple. Their search leads them to the stretch of old highway with a mysterious Rest Stop, where they find themselves in the same predicament as Nicole and Jesse: confronting a madman.",Shawn Papazian,89 mins   More at IMDb TMDB  Report this page,Horror,"Richard Tillman, Jessie Ward, Graham Norris",Rest Stop: Don't Look Back,2008,https://letterboxd.com/film/rest-stop-dont-look-back/
Retardead,2008,"Mad scientist Dr. Stern is turning students into super-smart cannibalistic zombies, and the local cops are too busy chasing a sex fiend to stop the flesh-eating ghouls. Fortunately, Stern's nemesis, FBI agent Susan Hannigan, is on the case. As the ravenous monsters overrun the town, Hannigan tries to convince Stern's faithful assistant to reveal how to foil the crazed doctor's evil scheme.",Rick Popko,103 mins   More at IMDb TMDB  Report this page,"Horror, Comedy","Rick Popko, Tony Adams, Shamika Baker",Retardead,2008,https://letterboxd.com/film/retardead/
The Retreat,2005,"A group of college students travels to the cottage of their psychology professor Barren in an isolated island as a reward of their teamwork in the research of Barren. They expect to spend the weekend with lots of sex, but a serial-killer turns their party in a nightmare.",Lance Kawas,90 mins   More at IMDb TMDB  Report this page,Horror,"Melissa Schuman, Scott Vickaryous, Shanti Lowry",The Retreat,2005,https://letterboxd.com/film/the-retreat/
The Retreat,2020,"A man finds himself alone and lost after a horrifying encounter with a monster during a backpacking trip into the Adirondack High Peaks. Now, he must fight for his life, and sanity, as he battles the evil Native American legend, The Wendigo.",Bruce Wemple,88 mins   More at IMDb TMDB  Report this page,Horror,"Grant Schumacher, Dylan Grunn, Chris Cimperman",The Retreat,2020,https://letterboxd.com/film/the-retreat-2020/
The Retreat,2021,"Renee and Valerie, a couple at a cross roads in their relationship, leave the city to spend the week at a remote cabin with friends. But when they arrive, their friends are nowhere to be found. As they stumble through their relationship woes, they discover they are being hunted by a group of militant extremists who are determined to exterminate them.",Pat Mills,82 mins   More at IMDb TMDB  Report this page,"Horror, Thriller","Tommie-Amber Pirie, Sarah Allen, Rossif Sutherland",The Retreat,2021,https://letterboxd.com/film/the-retreat-2021-1/
Retro Puppet Master,1999,"Andre Toulon, living a peaceful life as a puppeteer in pre-WWI Paris, encounters the renegade sorcerer Afzel, who has stolen the mysterious secrets of life from the dark god Sutekh.",David DeCoteau,80 mins   More at IMDb TMDB  Report this page,"Horror, Fantasy, Science Fiction","Greg Sestero, Brigitta Dau, Stephen Blackehart",Retro Puppet Master,1999,https://letterboxd.com/film/retro-puppet-master/
Return of the Boogeyman,1994,"Poor Annie every time she falls asleep, her dreams are haunted by visions of a faceless man committing unspeakable crimes. Just like a kid afraid of the dark, the Boogeyman has made her afraid to close her eyes. Annie soon realizes her hideous dreams are predictions. If she can harness this terrifying power, perhaps she can prevent the bloody slaughter she forsees, and track down the Boogeyman before his body count climbs any higher. Their actions are very brave, but are Annie and her friends the hunters... or the hunted?",Deland Nuse,76 mins   More at IMDb TMDB  Report this page,Horror,"Kelly Galindo, Omar Kaczmarczyk, Jeff Kizer",Return of the Boogeyman,1994,https://letterboxd.com/film/return-of-the-boogeyman/
Return of the Living Dead: Necropolis,2005,"In an attempt to rescue their friend from an evil corporation, a group of teenagers end up releasing a horde of bloodthirsty zombies.",Ellory Elkayem,88 mins   More at IMDb TMDB  Report this page,"Action, TV Movie, Horror","Aimee-Lynn Chadwick, Cory Hardrict, John Keefe",Return of the Living Dead: Necropolis,2005,https://letterboxd.com/film/return-of-the-living-dead-necropolis/
Return of the Living Dead: Rave to the Grave,2005,"A student creates and sells a drug called 'Z' which has the unexpected side effect of resurrecting the dead as flesh-eating zombies, who proceed to wreak havoc at a Halloween rave.",Ellory Elkayem,95 mins   More at IMDb TMDB  Report this page,"Action, TV Movie, Horror","John Keefe, Jenny Mollen, Cory Hardrict",Return of the Living Dead: Rave to the Grave,2005,https://letterboxd.com/film/return-of-the-living-dead-rave-to-the-grave/
Return of the Tooth Fairy,2020,"The Tooth Fairy is back. 15 years after the events of the first movie, Corey, now grown up but mentally scarred has gone to a class reunion. However, the Tooth Fairy is back, and this time - You better have flossed properly.",Louisa Warren,91 mins   More at IMDb TMDB  Report this page,Horror,"Jake Watkins, Katie McKenna, Gus Fithen",Return of the Tooth Fairy,2020,https://letterboxd.com/film/return-of-the-tooth-fairy/
Return to House on Haunted Hill,2007,"Eight years have passed since Sara Wolfe and Eddie Baker escaped the House on Haunted Hill. Now the kidnapped Ariel, Sara's sister, goes inside the house with a group of treasure hunters to find the statue of Baphomet, worth millions and believed to be the cause of the House's evil.",Víctor García,81 mins   More at IMDb TMDB  Report this page,"Thriller, Horror","Amanda Righetti, Cerina Vincent, Erik Palladino",Return to House on Haunted Hill,2007,https://letterboxd.com/film/return-to-house-on-haunted-hill/
Return to Sleepaway Camp,2008,"It's summer camp as usual at Camp Manabe where the kids torment each other for fun while the underpaid camp staff provides as little supervision as possible. Greedy camp owner Frank and junior partner Ronnie do their best to keep everyone in line, but something sinister is about to put a slash in the roster. When campers and staff mysteriously begin disappearing and turning into gruesome corpses, paranoid Ronnie can't shake the memory of a series of grisly murders that took place at Camp Arawak. As the paranoia worsens, Ronnie's list of possible killers starts growing just like the body count. Only one thing is for certain, something is carving a bloody new trail at Sleepaway Camp where kids can be so mean and surviving this summer is gonna be a real killer!",Robert Hiltzik,86 mins   More at IMDb TMDB  Report this page,"Mystery, Comedy, Horror","Vincent Pastore, Jackie Tohn, Jonathan Tiersten",Return to Sleepaway Camp,2008,https://letterboxd.com/film/return-to-sleepaway-camp/
ReVamped,2007,Successful businessman Richard Clarke is bitten by a beautiful vampire and is plunged into the dark world of the supernatural. Richard very quickly realizes that being undead isn't all that it's cracked up to be.,Jeff Rector,90 mins   More at IMDb TMDB  Report this page,"Action, Horror, Thriller","Jeff Rector, Christa Campbell, Martin Kove",ReVamped,2007,https://letterboxd.com/film/revamped/
Revealer,2022,Tensions rise when a stripper and religious protester are trapped together in a peep show booth and must come together to survive the apocalypse in 1980s Chicago.,Luke Boyce,86 mins   More at IMDb TMDB  Report this page,Horror,"Caito Aase, Shaina Schrooten, Bishop Stevens",Revealer,2022,https://letterboxd.com/film/revealer/
The Revenant,2009,A horror movie/buddy comedy about Joey and his undead friend Bart who comes back from the dead as a revenant: an articulate zombie that needs to drink blood to arrest the decomposition of his body.,D. Kerry Prior,110 mins   More at IMDb TMDB  Report this page,"Comedy, Horror, War","Chris Wylde, David Anders, Louise Griffiths",The Revenant,2009,https://letterboxd.com/film/the-revenant/
The Revolting Dead,2003,"When a druid priestess learns that the local funeral home is up to no good, she uses her supernatural powers to get even in this humorous horror tale. For years, the owners of the Tehachapi Flats mortuary have gotten away with reusing coffins and grave robbing, but when they disturb the grave of a druid priest, his powerful sister raises the dead so they can seek revenge against the unscrupulous creeps. Shelley Delayne and Aaron Gaffey star.",Michael Su,86 mins   More at IMDb TMDB  Report this page,Horror,"Shelley Delayne, Aaron Gaffey, Bokahra Robinson",The Revolting Dead,2003,https://letterboxd.com/film/the-revolting-dead/
Ring Around the Rosie,2006,"While spending time at her grandparent's secluded summerhouse to clean up the place after her grandmother's death, a young woman is plagued by horrible visions and dreams of tragic past events.",Rubi Zack,87 mins   More at IMDb TMDB  Report this page,"Horror, Thriller, Mystery","Gina Philips, Tom Sizemore, Randall Batinkoff",Ring Around the Rosie,2006,https://letterboxd.com/film/ring-around-the-rosie/
The Ripper,1985,"An old antique ring turns a college professor into a homicidal maniac when he puts it on. The ring originaly belonged to Jack the Ripper, and the Ripper's spirit possesses whoever wears it.",Christopher Lewis,102 mins   More at IMDb TMDB  Report this page,Horror,"Tom Schreier, Mona Van Pernis, Wade Tower",The Ripper,1985,https://letterboxd.com/film/the-ripper/
Rise of the Dead,2007,"In the sleepy small town of Dudley, Ohio, a terrifying future awaits. Laura is almost raped by a normal lawyer who appears to have gone crazy. When her boyfriend, Jack Walther saves her by running him over with her car, the cops don't buy the story. Things get complicated when Laura's roommate is murdered and the local police start asking questions that they can't answer",William Wedig,72 mins   More at IMDb TMDB  Report this page,Horror,"Erin Wilk, Stephen Seidel, Peter Blitzer",Rise of the Dead,2007,https://letterboxd.com/film/rise-of-the-dead/
Rise of the Mummy,2021,"A group of archaeology students awaken an ancient mummy. After being trapped in a time loop, the only way they can escape, is to defeat the mummy. As the body count rises, it seems the Mummy has to collect the souls of those who woke him to be able to walk the earth - for good.",Antonia Johnstone,90 mins   More at IMDb TMDB  Report this page,"Fantasy, Science Fiction, Horror","Abi Casson Thompson, Arthur Boan, Amanda-Jade Tyler",Rise of the Mummy,2021,https://letterboxd.com/film/rise-of-the-mummy-2021/
Rise of the Scarecrows,2009,"Officer Brown, a big city cop comes to Adams, Massachusetts to get away from all the crime, but stumbles across a deadly secret. Adams is the sort of town that you can visit but never leave. Officer Brown soon discovers the horrible truth that is THE RISE OF THE SCARECROWS.",Geno McGahee,94 mins   More at IMDb TMDB  Report this page,Horror,"Steven Joseph Adams, Deon Ballard, Anthony Brown",Rise of the Scarecrows,2009,https://letterboxd.com/film/rise-of-the-scarecrows/
The Rising Dead,2007,"War breaks out worldwide. In desperation world leaders engage Biological weapons, which quickly mutate and cause the dead to rise. The epidemic spreads faster that any one could imagine. The only safe place for the few remaining humans to survive is a nuclear fallout shelter, but getting there is the problem. A Special Forces agent is assigned to escort America s leaders to the location, but the plane crashes a few miles short of their destination. Caught in a tropical setting, those that survive are pitted against hordes of flesh eating zombies. A battle ensues, but when the end is near will humanity prevail, or will mankind fall to the rising dead?",Brent Cousins,96 mins   More at IMDb TMDB  Report this page,"Science Fiction, Horror","Blake Cousins, Gabe Hernandez, RoseAnne Okumura",The Rising Dead,2007,https://letterboxd.com/film/the-rising-dead/
Room 203,2022,"Two female roommates were tormented by the vengeful spirits dwelling in their gothic-style, rented apartment, which contains an ornate centerpiece.",Ben Jagger,104 mins   More at IMDb TMDB  Report this page,Horror,"Francesca Xuereb, Viktoria Vinyarska, Eric Wiegand",Room 203,2022,https://letterboxd.com/film/room-203/
Rot,1999,"Gutter punks shouldn't play with dead things...or have sex with them. When Sarah (Tiffany Stinky) screws a corpse in the local funeral home she gets the ""ROT,"" a deadly, flesh-eating virus that soon infects her punk rock boyfriend Muzzy (Billy Scam). Realizing they are doomed to rot alive together, Sarah and Muzzy set out on a nihilistic rampage, spreading ultra-violence and the virus in their chaotic wake. As the plague of rotting flesh rages out of control, the FBI, secretive government agencies and Dr. Robert Olsen (Joel D. Wynkoop), the deranged scientist who created the ""ROT"", become involved, making everything far worse for the citizens of Sunnyville, Florida.",Marcus Koch,80 mins   More at IMDb TMDB  Report this page,"Horror, Music","Tiffany Stinky, Billly Scam, Joel D. Wynkoop",Rot,1999,https://letterboxd.com/film/rot/
The Ruining,2004,"The Troma Team is proud to present THE RUINING, a striking new work by filmmaker Chris Burgard. Filmed over ten years, The Ruining succeeds in echoing the grime and grit of late 70's and early 80's horror cinema. Traditional family values are disturbingly challenged when two Los Angeles couples run into trouble on a remote mountain camping trip. Thirty years ago government drilling poisoned the water in a small town. Half of the town died. Those that are left are horribly addicted to psychedelic eggs bred by old Henry Behrens. When the strangers enter into his domain the stage is set for selective breeding and feeding of human flesh. Henry's 17-year-old daughter Becky is beautiful and thinks that she is a German shepherd. - Written by Troma Entertainment",Christopher Burgard,90 mins   More at IMDb TMDB  Report this page,Horror,"Christopher Burgard, David Turley, Robert A. Silverman",The Ruining,2004,https://letterboxd.com/film/the-ruining/
Rumpelstiltskin,1995,"In the 1400's, Rumpelstiltskin is imprisoned inside a small jade figurine. In modern-day Los Angeles, the recently widowed wife of a police officer, with baby in tow, finds her way into a witch's shop and purchases a certain figurine, resulting in the cackling beast being freed and demanding possession of the baby.",Mark Jones,87 mins   More at IMDb TMDB  Report this page,Horror,"Kim Johnston Ulrich, Tommy Blaze, Allyce Beasley",Rumpelstiltskin,1995,https://letterboxd.com/film/rumpelstiltskin-1995/
S.I.C.K. Serial Insane Clown Killer,2003,A couple of friends are chased by a killer clown in the woods during a weekend.,Bob Willems,97 mins   More at IMDb TMDB  Report this page,Horror,"Ken Hebert, Amanda Watson, Hank Fields",S.I.C.K. Serial Insane Clown Killer,2003,https://letterboxd.com/film/sick-serial-insane-clown-killer/
Sabbath,2008,"When the last soul enters heaven and the first sinner is shut out of hell life as we know it will cease to exist. Geller runs for her life from the bloodthirsty zombies that seem to have over run her small town. For help during end times she turns to Mack (a criminal), two shady brothers and a faithless Reverend (Crawford). Geller and her new friends are on the run from roving hoards of zombies, shadow demons and the Grim Reaper!",William Victor Schotten,79 mins   More at IMDb TMDB  Report this page,Horror,"David Crawford, Aaron Redinger, Ashley Gallo",Sabbath,2008,https://letterboxd.com/film/sabbath/
Sacrifice,2021,Isaac and his pregnant wife visit a remote Norwegian village to claim an unexpected inheritance. The couple finds themselves caught in a nightmare when they encounter a sinister cult that worships a sea-dwelling deity.,Andy Collier,87 mins   More at IMDb TMDB  Report this page,Horror,"Barbara Crampton, Sophie Stevens, Ludovic Hughes",Sacrifice,2021,https://letterboxd.com/film/sacrifice-2021/
Sam Was Here,2016,"California, Mojave Desert, 1998. A strange glow appears in the sky. Sam, a forty-something door-to-door salesman, travels through the few inhabited zones of the Californian desert in search of clients.",Christophe Deroo,75 mins   More at IMDb TMDB  Report this page,"Thriller, Mystery, Horror","Rusty Joiner, Sigrid La Chapelle, Rhoda Pell",Sam Was Here,2016,https://letterboxd.com/film/sam-was-here/
San Franpsycho,2006,Two detectives hunt a serial killer who is sending cryptic messages about his crimes to a local reporter.,Eduardo Quiroz,106 mins   More at IMDb TMDB  Report this page,"Horror, Thriller","Joe Estevez, Todd Bridges, Jose Rosete",San Franpsycho,2006,https://letterboxd.com/film/san-franpsycho/
Sand Sharks,2011,"Just when you thought it was safe to go back to the beach, it appears that our large fishy friends have found a way to chomp on you when you're chilling out on the sand too!",Mark Atkins,87 mins   More at IMDb TMDB  Report this page,"Science Fiction, Horror, Comedy","Corin Nemec, Brooke Hogan, Vanessa Evigan",Sand Sharks,2011,https://letterboxd.com/film/sand-sharks/
The Sand,2015,"After an all-night graduation beach party, a group of hung-over students wakes up under the blazing sun to find their numbers somewhat depleted. An enormous alien creature has burrowed down deep and anyone foolish enough to make contact with the sand finds themselves at the mercy of a sea of flesh-eating tentacles. Will they ever be able to escape its carnivorous clutches?",Isaac Gabaeff,84 mins   More at IMDb TMDB  Report this page,"Comedy, Science Fiction, Horror","Brooke Butler, Cleo Berry, Cynthia Murell",The Sand,2015,https://letterboxd.com/film/the-sand/
Sanitarium,2001,"A generation ago, Dr Max Warick was researching a mysterious experimental drug which was scientifically proven to cure certain types of madness. But as the most deranged test subjects miraculously regained their sanity, the control patients, who were given no drugs at all, suffered horrific consequences. Because no one could find the cause of such deadly side effects, the experiments were stopped. But now twenty years later, a new set of hospital officials are about to release the drug into the marketplace. And the only man who can prevent this terror from eating away at the masses has since traded in his lab coat for a straight jacket.",James Eaves,86 mins   More at IMDb TMDB  Report this page,Horror,"Kate Copeland, Uri Geller, Johannes Roberts",Sanitarium,2001,https://letterboxd.com/film/sanitarium/
Santa Claws,1996,"A young man finds his divorced mother having sex with a man in a Santa Claus hat and shoots them both dead. Years later, now thinking he is Santa Claus, the man develops an obsession with an erotic horror film star named Raven and begins stalking her.",John A. Russo,83 mins   More at IMDb TMDB  Report this page,Horror,"Debbie Rochon, Grant Kramer, John Mowod",Santa Claws,1996,https://letterboxd.com/film/santa-claws/
Santa's Slay,2005,"Santa Claus is actually a demon who lost a bet with an angel, so he became the giver of toys and happiness. But this year the bet is off, and Santa is about to return to his evil ways.",David Steiman,85 mins   More at IMDb TMDB  Report this page,"Comedy, Horror, Fantasy","Bill Goldberg, Douglas Smith, Emilie de Ravin",Santa's Slay,2005,https://letterboxd.com/film/santas-slay/
Santeria: The Soul Possessed,2006,"Ostensibly based on a true story, Revelation is a claustrophobic account of what happens when you accept food from a stranger. Nine year-old Ricky Banda is given a cursed Eucharist, and returns home only to be locked in by an evil force, along with his Aunt and Cousin. Only one however, will emerge... Written by Charys Caldarella",Benny Mathews,82 mins   More at IMDb TMDB  Report this page,Horror,"Astrid Steel, Nellie Gonzalez, Nito Perez Jr.",Santeria: The Soul Possessed,2006,https://letterboxd.com/film/santeria-the-soul-possessed/
Sasquatch Hunters,2005,Bigfoot... Sasquatch... Some legends never die... They Kill!,Fred Tepper,88 mins   More at IMDb TMDB  Report this page,"Thriller, Action, Horror","Matt Lattimore, Amy Shelton-White, Gary Sturm",Sasquatch Hunters,2005,https://letterboxd.com/film/sasquatch-hunters/
Satan Claus,1996,"On the night before Christmas, a serial killer dressed in a Santa Claus suit stalks the streets of New York looking for blood…",Massimiliano Cerchi,61 mins   More at IMDb TMDB  Report this page,Horror,"Robert Cummins, Jodie Rafty, Robert Hector",Satan Claus,1996,https://letterboxd.com/film/satan-claus/
Satan's Little Helper,2004,A naïve young boy unknowingly becomes the pawn of a serial killer.,Jeff Lieberman,100 mins   More at IMDb TMDB  Report this page,"Horror, Comedy","Alexander Brickel, Katheryn Winnick, Stephen Graham",Satan's Little Helper,2004,https://letterboxd.com/film/satans-little-helper/
Satan's Princess,1989,A down-on-his-luck cop runs into harder times when he is searching for a missing woman,Bert I. Gordon,90 mins   More at IMDb TMDB  Report this page,"Thriller, Horror, Crime","Robert Forster, Lydie Denier, Caren Kaye",Satan's Princess,1989,https://letterboxd.com/film/satans-princess/
Satan's School for Lust,2002,"Young, beautiful and naive Primula Cooper is sent to a secluded female-only private school while her father travels overseas. Diablo School For Girls is an ominous and isolated building that hides its many dark and kinky secrets from the outside world. Upon her arrival, Primula is greeted by Miss Beezle – the domineering headmistress of Diablo who has a sinister taste for the bodies and souls of blossoming young women – as well as Phoenix, a student hellion and over-sexed goth girl who becomes Primula’s all-too-willing roommate. As Primula tries to settle into her strange new environment, she begins having dreams of a devilish figure that can satisfy her deepest and hottest desires!",Terry West,65 mins   More at IMDb TMDB  Report this page,Horror,"Erin Brown, Darian Caine, Barbara Joyce",Satan's School for Lust,2002,https://letterboxd.com/film/satans-school-for-lust/
Satan's Schoolgirls,2004,"Parochial school takes a dark and lusty turn for Father Thomas (J. Scott Green), a well-meaning Sunday school teacher who embarks on what he believes will be a quiet summer assignment at a rural academy for girls. It's hard enough for the Father to deal with four sex-hungry students let alone the school's devilish secret.",Ted W. Crestview,68 mins   More at IMDb TMDB  Report this page,"Thriller, Horror, Romance","J. Scott Green, Suzi Lorraine, Kerri Taylor",Satan's Schoolgirls,2004,https://letterboxd.com/film/satans-schoolgirls/
Savage Creatures,2020,Two bloodthirsty vampires begin to realize that their food source is in jeopardy now that alien creatures have landed on Earth.,Richard Lowry,75 mins   More at IMDb TMDB  Report this page,Horror,"Greg Travis, Cean Okada, Victoria Steadman",Savage Creatures,2020,https://letterboxd.com/film/savage-creatures/
Savage Harvest,1994,"The agony and death of the Trail of Tears. A Cherokee elder, desperate to aid his people. Demons bursting into our world to destroy the entire tribe. And a great flood that washes the evil up into our modern world. The demons await the smell of the returning Cherokee's blood and soon sense the arrival of the elder's descendent. This triggers the demons' ability to possess human beings. The land that was once inhabited by the Cherokee tribe now traps six innocent victims who must unlock the riddles left behind by the Cherokee elder. Demonic possession consumes one victim after another as showers of blood drench the earth and shrieks of pain echo throughout the forest. The possessed are animalistic, frenzied killing machines, feeding on the warm meat of fresh kills. In the darkened fields, only bloodshed, violence, and terror grow now - and tonight the harvest begins.",Eric Stanze,71 mins   More at IMDb TMDB  Report this page,Horror,"Lisa Morrison, Ramona Midgett, William Clifton",Savage Harvest,1994,https://letterboxd.com/film/savage-harvest-1994/
Savage Harvest 2: October Blood,2006,"Tyge Murdock, a successful director of low-budget horror films, has been chasing monsters his whole life. When an actor is accidentally killed on the set of his latest production, Tyge returns to his hometown to reassess his life. But all new nightmares await him there… His path soon crosses that of Ashley Lomack, his high school sweetheart who vanished from his life after a gruesome mass murder ten years earlier. The sole survivor of this massacre was Ashley’s older sister Mikki. Consumed by the rumors of demonic possession surrounding the murders, Tyge soon finds himself trapped in a deadly chain of events. The demonic forces erupt once more for another night of terror and carnage. Tyge, Ashley and their friends must now unravel a bizarre mystery as the night of gore-splattered violence engulfs them!",Jason Christ,119 mins   More at IMDb TMDB  Report this page,Horror,,Savage Harvest 2: October Blood,2006,https://letterboxd.com/film/savage-harvest-2-october-blood/
Savaged,2008,"When Marian Longosi goes into hiding to escape her abusive ex-boyfriend she takes a job house-sitting. This results in her acquiring a canine with some odd habits as roommate. The small town seems safe enough but first, but Maria soon learns there's a black bear on the loose and then the police find the body of slaughtered man. To top it all off Jeff, her ex, is doing everything he can to keep in touch. Has Maria really found the safety she's been seeking in this small town or will her new fierce protector prove to be more dangerous than anyone would dare to guess?",Jason Liquori,85 mins   More at IMDb TMDB  Report this page,Horror,"Debbie Rochon, E.J. Younes, Valkrie Liquori",Savaged,2008,https://letterboxd.com/film/savaged/
Scarab,1983,"Dr. Wilfred Manz performs a magical experiment on a beetle-shaped amulet. His patience exhausted, he smashes his fist into some bottles and a few drops of blood fall onto the scarab. His laboratory is rocked by an explosion, the god Khepera appears and Manz is transformed into a demi-god magician. Thirty years later, Manz has assumed the name Khepera and lives in mysterious castle. Using his magical powers, he is killing heads of government and causing the collapse of major financial institutions. Jack Murphy, an American correspondent, witnesses the pandemonium following the suicide of the Spanish prime minister and notices an attractive nurse, Elena, take a small scarab which has fallen from the prime minister's lapel. Later, he visits an occult shop where the scarab is identified as being associated with the Egyptian god, Khepera. Murphy is captured and Elena — who was tricked into sacrificing her brother when they were children — once more takes up the sacrificial dagger...",Steven-Charles Jaffe,92 mins   More at IMDb TMDB  Report this page,"Adventure, Horror","Rip Torn, Robert Ginty, Cristina Sánchez Pascual",Scarab,1983,https://letterboxd.com/film/scarab/
Scare Campaign,2016,"A popular prank TV show, Scare Campaign, has been entertaining audiences for the last 5 years with its mix of old school scares and hidden camera fun. But as we enter a new age of online TV, the producers find themselves up against a new hard edged web series that makes their show look decidedly quaint. It's time to up the ante, but will the team go too far this time, and are they about to prank the wrong guy?",Colin Cairnes,76 mins   More at IMDb TMDB  Report this page,Horror,"Meegan Warner, Ian Meadows, Olivia DeJonge",Scare Campaign,2016,https://letterboxd.com/film/scare-campaign-2016/
Scare Me,2020,"A group of new friends go camping on their last night traveling together to a music festival. They wager a free weekend pass to the winner of a ghost story contest, but a chance encounter targets them before they even get started. As the scary stories progress, the realization begins to sink in that the subject matter is perhaps more connected to reality and their current situation than they first thought. They each face different elements of fear and perception as one by one they are turned against each other.",Mark Stephens,107 mins   More at IMDb TMDB  Report this page,"Horror, Fantasy, Comedy","DeMarr D. Wright, Taylor Kilgore, Mark Justice",Scare Me,2020,https://letterboxd.com/film/scare-me-2020/
Scare Package,2019,"Chad Buckley is a horror aficionado, and he's lonely. Chad spends his days at his struggling genre video store arguing with his only regular customer, Sam. When an unsuspecting applicant shows up, Chad begins to teach him about the rules of horror and his video store at large, much to the chagrin of Sam. During Chad's on-boarding process, we weave in and out of different hilarious horror shorts, each one geared at a different set of horror tropes. As this new applicant learns the ropes, he begins to suspect Chad of something sinister, but we quickly learn that he may have a secret of his own.",Aaron B. Koontz,106 mins   More at IMDb TMDB  Report this page,"Horror, Comedy","Jeremy King, Byron Brown, Hawn Tran",Scare Package,2019,https://letterboxd.com/film/scare-package/
Scarecrow,2002,"A high school outcast who lives in a trailer with his mother finally meets a friend. He wants to ask her if they can go the next step, but then sees her kissing another boy at a party. He runs home only to find his mother having sex with a drunk. He starts yelling, but is countered by the drunk when he suffocates him and makes him look like he hung himself. The scarecrow comes in when the boy's soul is pushed into it. He goes out for revenge.",Emmanuel Itier,86 mins   More at IMDb TMDB  Report this page,"Comedy, Horror","Todd Rex, Tim Young, Tiffany Shepis",Scarecrow,2002,https://letterboxd.com/film/film:17207/
Scarecrow Gone Wild,2004,College mischief spins out of control unleashing a horrifying scarecrow who terrorizes a resort town during Spring Break.,Brian Katkin,87 mins   More at IMDb TMDB  Report this page,Horror,"Ken Kilpatrick, Matthew Linhardt, Samantha Aisling",Scarecrow Gone Wild,2004,https://letterboxd.com/film/scarecrow-gone-wild/
Scarecrow Slayer,2003,A college freshman is killed during a fraternity prank and is resurrected as a demonic scarecrow,David Michael Latt,90 mins   More at IMDb TMDB  Report this page,"Action, Drama, Horror","Tony Todd, Nicole Kingston, David Castro",Scarecrow Slayer,2003,https://letterboxd.com/film/scarecrow-slayer/
The Scarehouse,2014,When two friends open a Halloween fun house on Devil's Night it is all fun and games until their former sorority sisters begin to arrive. These six sisters are confronted by their past as the night spins out of control.,Gavin Michael Booth,82 mins   More at IMDb TMDB  Report this page,"Thriller, Horror","Sarah Booth, Kimberly-Sue Murray, Katherine Barrell",The Scarehouse,2014,https://letterboxd.com/film/the-scarehouse/
Scarred,2005,"Twenty years ago, after his wife gave birth to another man's baby, an alcoholic husband sought revenge by slicing off the child's face and throwing her tiny body in the swamp. Today, the locals say that the little girl never really died -- and that she aimlessly roams the forest looking for a pretty face to take for her own. Now, a family of campers who've come to the woods for the weekend are in for a gruesome surprise.",Jon Hoffman,87 mins   More at IMDb TMDB  Report this page,Horror,"Julian Berlin, Maxine Bahns, Eric Dean",Scarred,2005,https://letterboxd.com/film/scarred-2005/
Scary Tales,1993,"An independent, shot on video horror anthology featuring three stories that aim to shock and terrify: Satan's Necklace, Sliced in Coldblood, and Level 21.",Doug Ulrich,70 mins   More at IMDb TMDB  Report this page,Horror,"Al Darago, Brad Storck, Ilene Zelechowski",Scary Tales,1993,https://letterboxd.com/film/scary-tales/
School of Horror,2007,"Aspiring filmmaker Rocky Horror (Robert Baldassari) devises a dangerous plan to create a surefire terror hit when he lures several film school classmates to a haunted tavern, hoping to capture footage of them being attacked by a legendary monster. But when the creature finally appears, Rocky and his fellow students realize that the blood and corpses are real, not special effects, and that the action may not stop when the director yells ""cut.""",Daniel Cayarga,98 mins   More at IMDb TMDB  Report this page,Horror,"Bobby Baldassari, George Yeager, Stephanie Bombara",School of Horror,2007,https://letterboxd.com/film/school-of-horror/
School's Out Forever,2021,"No sooner has 15-year-old Lee Keegan been expelled from his private school than an apocalyptic event wipes out most of the world's population. With his father dead and mother trapped abroad, Lee is given one instruction: go back to school. But safety and security at St. Mark's School for Boys is in short supply. Its high walls can't stop the local parish council from forming a militia and imposing marshal law, while inside the dorms the end of the world is having a dangerous effect on his best friend and his unrequited crush on the school nurse isn't helping him concentrate on staying alive.",Oliver S. Milburn,105 mins   More at IMDb TMDB  Report this page,"Thriller, Drama, Comedy, Horror","Oscar Kennedy, Liam Lau Fernandez, Alex Macqueen",School's Out Forever,2021,https://letterboxd.com/film/schools-out-forever/
Science Crazed,1991,"A mad scientist injects a woman with an untested growth serum. She dies, but gives birth to a full-grown monster.",Ron Switzer,90 mins   More at IMDb TMDB  Report this page,"Horror, Comedy","Cameron Klein, Tony Della Ventura, Robin Hartsell",Science Crazed,1991,https://letterboxd.com/film/science-crazed/
Scrapbook,2000,"A young woman named Clara is captured by a serial killer named Leonard who records his “life story” by keeping a scrapbook of his many victims. In addition to adhering Polaroids, scraps of clothing, and other small trophies to the pages, Leonard has forced his victims to personally write in the scrapbook about their individual ordeals. Clara is beaten, raped, starved, and locked up like an animal, filthy and naked. She is forced to write in the scrapbook, adding her agony to the pages. She soon realizes that her only hope for survival is to manipulate Leonard through her writings in his cherished scrapbook.",Eric Stanze,95 mins   More at IMDb TMDB  Report this page,"Horror, Drama","Emily Haack, Tommy Biondo",Scrapbook,2000,https://letterboxd.com/film/scrapbook/
Scream Bloody Murder,2003,"In this horror spoof, the girls from Cherry Mount Academy are on their way to a dance at a nearby all-boys school when the van they're riding in breaks down. With no other choice but to spend the night at their tow truck driver's junkyard, the girls soon find themselves at the mercy of a cold-blooded killer.",Jon Hoffman,88 mins   More at IMDb TMDB  Report this page,"Horror, Comedy","Stephanie Northrup, Tara Thomson, Anna Garcia Williams",Scream Bloody Murder,2003,https://letterboxd.com/film/scream-bloody-murder/
Scream Queen Hot Tub Party,1991,Five of Hollywood's leading scream queens get together in a creepy mansion and decide to get in the hot tub (as true scream queens would). They talk in the tub and exchange secrets on the do's and don'ts of being a scream queen.,Fred Olen Ray,50 mins   More at IMDb TMDB  Report this page,"Comedy, Horror","Brinke Stevens, Michelle Bauer, Kelli Maroney",Scream Queen Hot Tub Party,1991,https://letterboxd.com/film/scream-queen-hot-tub-party/
Screaming Dead,2003,"Into an abandoned insane asylum pass six individuals who are about to discover its terrifying secrets and come face to face with its blackest horrors... Sleaze photographer Roger Neale and three beautiful models take up residence in a reportedly haunted old building - an ideal location for Neale's photographic ""study in terror."" But their project is abandoned when he discovers a secret passageway, leading to a blood-splattered dungeon ... and into a supernatural world where pain and evil await.",Brett Piper,88 mins   More at IMDb TMDB  Report this page,Horror,"Rob Monkiewicz, Rachael Robbins, Erin Brown",Screaming Dead,2003,https://letterboxd.com/film/screaming-dead/
Sea Fever,2019,The crew of a West of Ireland trawler—marooned at sea—struggle for their lives against a growing parasite in their water supply.,Neasa Hardiman,95 mins   More at IMDb TMDB  Report this page,"Mystery, Drama, Thriller, Horror, Science Fiction","Hermione Corfield, Ardalan Esmaili, Olwen Fouéré",Sea Fever,2019,https://letterboxd.com/film/sea-fever-2019/
See No Evil 2,2014,"A group of friends pays a late-night visit to the city morgue to surprise Amy on her birthday. But the surprise is on them when the one-eyed corpse of brutal psychopath Jacob Goodnight unexpectedly rises from a cold sub-basement slab, turning their wild party into a terrifying slay-fest.",Jen Soska,90 mins   More at IMDb TMDB  Report this page,Horror,"Danielle Harris, Glenn Jacobs, Kaj-Erik Eriksen",See No Evil 2,2014,https://letterboxd.com/film/see-no-evil-2/
Seed,2006,"After surviving the electric chair, convicted serial killer Max Seed is buried alive. He digs himself out of the grave and goes on a killing spree. Taking revenge on the men who put him there and random unfortunates alike.",Uwe Boll,90 mins   More at IMDb TMDB  Report this page,Horror,"Michael Paré, Will Sanderson, Ralf Moeller",Seed,2006,https://letterboxd.com/film/seed/
Blood Valley: Seed's Revenge,2014,"Coming back from her bachelor party in Las Vegas, Christine and her friends are driving through the hot desert of Nevada. But they are not alone - serial killer Max Seed is back and he brought the whole family.",Marcel Walz,78 mins   More at IMDb TMDB  Report this page,"Thriller, Horror","Natalie Scheetz, Christa Campbell, Caroline Williams",Blood Valley: Seed's Revenge,2014,https://letterboxd.com/film/blood-valley-seeds-revenge/
Seedpeople,1992,The citizens of Comet Valley are being taken over by seeds from an alien plant that has taken root there. A sheriff investigates the strange goings-on.,Peter Manoogian,87 mins   More at IMDb TMDB  Report this page,"Science Fiction, Horror","Sam Hennings, Andrea Roth, Dane Witherspoon",Seedpeople,1992,https://letterboxd.com/film/seedpeople/
Septic Man,2013,"A sewage worker gets trapped inside a septic tank during a water contamination crisis and undergoes a hideous transformation. To escape, he must team up with a docile Giant and confront the murdering madman known as Lord Auch.",Jesse Thomas Cook,83 mins   More at IMDb TMDB  Report this page,Horror,"Jason David Brown, Molly Dunsworth, Robert Maillet",Septic Man,2013,https://letterboxd.com/film/septic-man/
Seven Days,2010,"Like many happy people, Bruno Hamel is leading an uneventful life until one afternoon, when his daughter is raped and murdered. When the murderer is arrested, a terrible project germinates in Bruno's darkened mind. He plans to capture the ""monster"" and make him pay for his crime.",Podz,105 mins   More at IMDb TMDB  Report this page,"Thriller, Drama, Horror","Claude Legault, Rémy Girard, Martin Dubreuil",Seven Days,2010,https://letterboxd.com/film/seven-days-2010/
Seventh Moon,2008,"Melissa and Yul, Americans honeymooning in China, come across the exotic 'Hungry Ghost' festival. When night falls, the couple end up in a remote village, and soon realize the legend is all too real. Plunged into an ancient custom they cannot comprehend, the couple must find a way to survive the night of the Seventh Moon.",Eduardo Sánchez,87 mins   More at IMDb TMDB  Report this page,"Thriller, Horror","Dennis Chan Kwok-San, Tim Chiou, Amy Smart",Seventh Moon,2008,https://letterboxd.com/film/seventh-moon/
Severed Ties,1992,"A regeneration experiment on a severed arm goes awry, turning the limb into a murderous, reptilian creature.",Damon Santostefano,92 mins   More at IMDb TMDB  Report this page,"Comedy, Horror","Billy Morrissette, Oliver Reed, Elke Sommer",Severed Ties,1992,https://letterboxd.com/film/severed-ties/
Sexandroïde,1987,"Welcome to the temple of fear and eroticism, as a monstrous madman slowly mutilates poor young girls! See the sensual act of voodoo performed on an innocent bar patron! View the lustful bite of a vampire!",Michel Ricaud,57 mins   More at IMDb TMDB  Report this page,Horror,"Daniel Dubois, Samy Kennat, Sandra Morins",Sexandroïde,1987,https://letterboxd.com/film/sexandroide/
Sexual Magic,2001,"A young woman named Nina sees her life slowly unravel after her new roommates, a coven of witches, alter her perceptions in this erotic thriller.",Edward Holzman,91 mins   More at IMDb TMDB  Report this page,Horror,"Jacy Andrews, Marklen Kennedy, Amber Newman",Sexual Magic,2001,https://letterboxd.com/film/sexual-magic/
The Sexy Adventures of Van Helsing,2004,"An all-female version of the Van Helsing tale reconfigures the vampire story as an erotic fantasy. The great, great granddaughter of Van Helsing seeks to slay the sexy Countess Dracula. She may have to pretend to be her devoted love slave to get closer to the bloodthirsty demon.",Max Von Diesel,90 mins   More at IMDb TMDB  Report this page,"Horror, Comedy","Darian Caine, Erika Smith, A.J. Khan",The Sexy Adventures of Van Helsing,2004,https://letterboxd.com/film/the-sexy-adventures-of-van-helsing/
Shadow People,2013,A radio talk show host unravels a conspiracy about encounters with mysterious beings known as The Shadow People and their role in the unexplained deaths of several hundred victims in the 1980s.,Matthew Arnold,89 mins   More at IMDb TMDB  Report this page,"Thriller, Horror","Dallas Roberts, Alison Eastwood, Anne Dudek",Shadow People,2013,https://letterboxd.com/film/shadow-people-2013/
Shadow: Dead Riot,2006,"Evil voodoo-practicing serial killer Shadow gets executed for murdering pregnant women. Twenty years later the prison Shadow was put to death at has been turned into an experimental women's penitentiary. Tough and fiercely autonomous new inmate Solitaire has some kind of link with Shadow. When Shadow and his lethal shambling zombie minions are resurrected, it's up to Solitaire to stop them.",Derek Wan Man-Kit,81 mins   More at IMDb TMDB  Report this page,"Action, Horror","Tony Todd, Carla Greene, Nina Hodoruk",Shadow: Dead Riot,2006,https://letterboxd.com/film/shadow-dead-riot/
Shadowhunters,2004,"Four demon hunters enter an abandoned hospital to battle with a fallen angel bent on murder, mayhem and fun.",John Johnson,92 mins   More at IMDb TMDB  Report this page,Horror,"David Simmons, Ted Taylor, William G. Smith",Shadowhunters,2004,https://letterboxd.com/film/shadowhunters/
Shadowzone,1990,"After someone is killed in the subterranean project called ""Shadowzone,"" a NASA captain is called in to investigate. In the project, sleeping subjects are induced into a deep EDS state whereby they become portals to a parallel universe. Unfortunately this causes adverse reactions in the subject, and something gets through the portal, the consequence of which is an attrition problem.",J.S. Cardone,88 mins   More at IMDb TMDB  Report this page,"Science Fiction, Horror","Louise Fletcher, David Beecroft, James Hong",Shadowzone,1990,https://letterboxd.com/film/shadowzone/
Shark Bait,2022,"A group of friends enjoying a weekend steal a couple of jetskis racing them out to sea, ending up in a horrific head-on collision. They struggle to find a way home with a badly injured friend while from the waters below predators lurk.",James Nunn,87 mins   More at IMDb TMDB  Report this page,"Thriller, Action, Adventure, Horror","Holly Earl, Jack Trueman, Catherine Hannay",Shark Bait,2022,https://letterboxd.com/film/shark-bait-2022/
Shark Side of the Moon,2022,"Decades ago, the USSR developed unkillable sharks and launched them to the moon. Today, a team of American astronauts will endure the fight of their lives.",Glenn Campbell,88 mins   More at IMDb TMDB  Report this page,"Science Fiction, Action, Horror, Thriller","Maxi Witrak, Ego Mikitas, Michael Marcel",Shark Side of the Moon,2022,https://letterboxd.com/film/shark-side-of-the-moon-2022/
Sharks of the Corn,2021,"Strange things are happening in Druid Hills, Kentucky, known mainly for its voluminous corn output. Victims of monsters in cornfields begin cropping up, and witnesses are saying there are large Great White sharks swimming in the corn stalks.",Tim Ritter,105 mins   More at IMDb TMDB  Report this page,"Comedy, Horror","Shannon Stockin, Ford Windstar, Steven Guynn",Sharks of the Corn,2021,https://letterboxd.com/film/sharks-of-the-corn/
Sharkula,2022,"The curse of Count Dracula lives on in shark-infested waters, claiming the lives of a tourist community. A sea hunt for the new species results in monsters, madness and bloodshed. This great white is putting the bite back into terror, and it has help with the aid of new vampires intent on seeing it survive.",Mark Polonia,71 mins   More at IMDb TMDB  Report this page,"Horror, Thriller, Science Fiction, Action","Jeff Kirkendall, Kyle Rappaport, Jamie Morgan",Sharkula,2022,https://letterboxd.com/film/sharkula/
She Lives by Night,2001,"Roger, a guy who doesn't like to commit to one relationship, accidentally knocks down a woman whilst driving home one night. She appears unhurt but can't remember who she is. He invites her to stay with him until she's back to normal and slowly she remembers her name is Angela and discovers that she is in fact a vampire.",Brett Hull,106 mins   More at IMDb TMDB  Report this page,Horror,"Liliana Cabal, Pat Collins, Derek Wayne Johnson",She Lives by Night,2001,https://letterboxd.com/film/she-lives-by-night/
She Never Died,2019,"Lacey, a socially detached loner is cursed with immortality and a never-ending tedium of existence. In her attempts to keep her compulsions in check, she seeks out the darkest souls humanity has to offer. Lacey must now face her own inner demons while simultaneously finding her next meal.",Audrey Cummings,89 mins   More at IMDb TMDB  Report this page,"Fantasy, Action, Horror, Crime","Oluniké Adeliyi, Peter MacNeill, Kiana Madeira",She Never Died,2019,https://letterboxd.com/film/she-never-died/
She Will,2021,"Veronica, an aging film star, retreats to the Scottish countryside with her nurse Desi to recover from a double mastectomy. While there, mysterious forces give Veronica the power to enact revenge within her dreams.",Charlotte Colbert,95 mins   More at IMDb TMDB  Report this page,"Thriller, Drama, Horror","Alice Krige, Kota Eberhardt, Malcolm McDowell",She Will,2021,https://letterboxd.com/film/she-will/
Shelley,2016,"Louise and Kasper want to become parents, but Louise cannot have children. She seals a pact with her Romanian maid, Elena, to bear her child, but things don't turn out quite as planned...",Ali Abbasi,92 mins   More at IMDb TMDB  Report this page,"Horror, Drama, Mystery","Ellen Dorrit Petersen, Cosmina Stratan, Peter Christoffersen",Shelley,2016,https://letterboxd.com/film/shelley/
Shhhh,2014,"While Harris and his Mother enjoy bonding at the movies, it seems the jerks in the theaters are making it harder for them to enjoy the show. Soon someone starts murdering those disrupting the film, and now Harris finds himself not only confronting his past, but questioning his own sanity as well.",Jason Rutherford,80 mins   More at IMDb TMDB  Report this page,Horror,"Diane Ayala Goldner, James Henderson, Tiana Cara",Shhhh,2014,https://letterboxd.com/film/shhhh/
Shifter,2020,A young woman struggles with the painful and gruesome side effects of an experiment with time travel gone wrong that causes her to lose control and shift through time at random.,Jacob Leighton Burns,85 mins   More at IMDb TMDB  Report this page,"Horror, Thriller, Science Fiction","Nicole Fancher, Ashley Mandanas, Leesa Neidel",Shifter,2020,https://letterboxd.com/film/shifter-2020/
Shock 'Em Dead,1991,"Martin is a total loser, who nobody cares for. When he fails to get a position as guitar player in Lindsay's band and loses his job on the way, he makes a deal with a Voodoo priestess. She promises him the fulfillment of all his dreams if he swears obedience to her. He becomes a rock star and has many women - but to stay alive, he has to kill other people.",Mark Freed,93 mins   More at IMDb TMDB  Report this page,"Horror, Thriller, Music","Traci Lords, Stephen Quadros, Troy Donahue",Shock 'Em Dead,1991,https://letterboxd.com/film/shock-em-dead/
Shook,2021,"When Mia, a social media star, becomes the target of an online terror campaign, she has to solve a series of games to prevent people she cares about from getting murdered.",Jennifer Harrington,88 mins   More at IMDb TMDB  Report this page,Horror,"Daisye Tutor, Emily Goss, Nicola Posener",Shook,2021,https://letterboxd.com/film/shook/
Shortcut,2020,"A group of five classmates is trapped inside their school bus after an encounter with a mysterious creature on the road. Amid constant threats from the creature, the teen's anxiety increases while their survival chances decrease.",Alessio Liguori,80 mins   More at IMDb TMDB  Report this page,"Adventure, Horror, Fantasy","Jack Kane, Zanda Emlano, Zak Sutcliffe",Shortcut,2020,https://letterboxd.com/film/shortcut-2020/
Shower of Blood,2004,"Five college friends venture out on a road trip. A detour to Lisa's Uncle Marty's house leads them into the Galloway Forest which is known for mysterious disappearances and rumors of cannibalism. As Lisa experiences bizarre visions, she wonders about her darkest family secrets. The mysterious Uncle Marty has a taste for beauty and blood and nothing is as it seems as the friends become engulfed in his twisted world.",Tiffany Kilbourne,79 mins   More at IMDb TMDB  Report this page,"Horror, Comedy","Lia Montelongo, Martin Shannon, Robin Brown",Shower of Blood,2004,https://letterboxd.com/film/shower-of-blood/
Shredder,2001,"At an exclusive, secluded North American ski resort up on Mount Rocky Summit, brutal slashing, severing and beheading on a group of teenagers are taking place and are believed to be the work of a mysterious skier dressed in black.",Greg Huson,86 mins   More at IMDb TMDB  Report this page,"Comedy, Horror","Scott Weinger, Lindsey McKeon, Juleah Weikel",Shredder,2001,https://letterboxd.com/film/shredder/
Shriek If You Know What I Did Last Friday the Thirteenth,2000,"In this horror parody, a masked serial killer menaces the town of Bulimia Falls with various sharp objects. Attention-seeking television personality Hagitha Utslay is soon on the scene, reporting on the ever-growing body count. Former mall security guard Doughy shows up to protect the teenage population, but he's clearly not much help, allowing the murderer to pick off even more hapless kids as numerous scary movies are referenced.",John Blanchard,86 mins   More at IMDb TMDB  Report this page,Comedy,"Tiffani Thiessen, Tom Arnold, Coolio",Shriek If You Know What I Did Last Friday the Thirteenth,2000,https://letterboxd.com/film/shriek-if-you-know-what-i-did-last-friday-the-thirteenth/
Shrieker,1998,"Clark (Tanya Dempsey), a young Mathematics major at University, thinks she's found the best deal for student housing: a group of squatters who live in an abandoned hospital secretly. The quirky residents let her into their community provided she follow the rules, including not telling anyone about her living arrangements. All seems wonderful, until she discovers that the reason that the hospital was abandoned was a series of murders in the 1940s by a strange ""shrieking killer"" who was never captured - and the discovery that someone who's living in the hospital is using occult means to bring back the demonic ""Shrieker"".",David DeCoteau,84 mins   More at IMDb TMDB  Report this page,Horror,"Tanya Dempsey, Jamie Gannon, Parry Shen",Shrieker,1998,https://letterboxd.com/film/shrieker/
The Shrine,2010,"A group of young journalists investigate a cult said to practice human sacrifice, but their ambitious ways may lead them to becoming the cult's next victims.",Jon Knautz,85 mins   More at IMDb TMDB  Report this page,Horror,"Aaron Ashmore, Cindy Sampson, Meghan Heffern",The Shrine,2010,https://letterboxd.com/film/the-shrine/
Shrunken Heads,1994,Three teens killed by a local crime boss return for revenge after a witch doctor revives them through voodoo magic.,Richard Elfman,86 mins   More at IMDb TMDB  Report this page,"Horror, Comedy, Thriller","Leigh-Allyn Baker, Julius Harris, Meg Foster",Shrunken Heads,1994,https://letterboxd.com/film/shrunken-heads/
The Shunned House,2003,"Based on H P Lovecraft's tale, ""The Shunned House,"" presents the stories of three people who all died within the confines of the dark and isolated chateau. Each story is taken from a different period in time, yet they combine with one another to reveal the house's dark past to a journalist specialising in the paranormal and his sceptic girlfriend.",Ivan Zuccon,90 mins   More at IMDb TMDB  Report this page,Horror,"Giuseppe Lorusso, Federica Quaglieri, Emanuele Cerman",The Shunned House,2003,https://letterboxd.com/film/the-shunned-house-2003/
Sick-o-pathics,1995,"Anthology horror film with three tales consisting of a killer sex doll, a killer handbag and a parody of Joe D'amato's Anthropophagous.",Brigida Costa,50 mins   More at IMDb TMDB  Report this page,"Horror, Comedy","Massimo Lavagnini, Dardano Sacchetti, Lucio Fulci",Sick-o-pathics,1995,https://letterboxd.com/film/sick-o-pathics/
Sight,2008,"Jeffrey leads a quiet existence. Living in constant fear of being labeled a psychopath, Jeffrey constructs a complex world of denial. He is haunted by the spirits of the vengeful dead, which he can see while no one else can. After meeting Dana, a beautiful young woman who shares his ""sight"", Jeffery finds comfort in knowing someone shares his affliction. But his comfort is short lived. Dana suddenly goes missing and Jeffrey is left alone to find the answers.",Adam Ahlbrandt,85 mins   More at IMDb TMDB  Report this page,"Mystery, Thriller, Horror","Clayton Haske, Allison Persaud, Frank Traynor",Sight,2008,https://letterboxd.com/film/sight/
Significant Other,2022,"Ruth and Harry decide to take a romantic backpacking trip through the Pacific Northwest, but amongst the beautiful scenery, Ruth makes an unexpected discovery that sets her off on a strange, frightening new path. The couple aren't alone in the woods, and they might not be the same when they come out...if they come out.",Robert Olsen,85 mins   More at IMDb TMDB  Report this page,"Mystery, Drama, Science Fiction, Thriller, Horror","Maika Monroe, Jake Lacy, Matthew Yang King",Significant Other,2022,https://letterboxd.com/film/significant-other/
The Silence,2019,"With the world under attack by deadly creatures who hunt by sound, a teen and her family seek refuge outside the city and encounter a mysterious cult.",John R. Leonetti,90 mins   More at IMDb TMDB  Report this page,"Horror, Thriller, Drama, Fantasy","Stanley Tucci, Kiernan Shipka, Miranda Otto",The Silence,2019,https://letterboxd.com/film/the-silence-2019/
Silent Night Deadly Night 4: Initiation,1990,A reporter investigating the bizarre death of a woman who leaped from a building in flames finds herself mixed up in a cult of witches who are making her part of their sacrificial ceremony during the Christmas season.,Brian Yuzna,87 mins   More at IMDb TMDB  Report this page,Horror,"Maud Adams, Tommy Hinkley, Allyce Beasley",Silent Night Deadly Night 4: Initiation,1990,https://letterboxd.com/film/silent-night-deadly-night-4-initiation/
"Silent Night, Deadly Night 5: The Toy Maker",1991,A toy maker's creations display some very human -- and deadly -- tendencies.,Martin Kitrosser,86 mins   More at IMDb TMDB  Report this page,"Horror, Science Fiction","Jane Higginson, Tracy Fraim, Brian Bremer","Silent Night, Deadly Night 5: The Toy Maker",1991,https://letterboxd.com/film/silent-night-deadly-night-5-the-toy-maker/
"Silent Night, Deadly Night 3: Better Watch Out!",1989,"Ricky Caldwell, the notorious 'Killer Santa Claus', awakens from a six-year coma after being kept alive on life-support by a slightly crazed doctor experimenting with ESP and other special abilities. Ricky targets a young, clairvoyant blind woman, named Laura, whom is traveling with her brother Chris, and his girlfriend Jerri to their grandmother's house for Christmas Eve, and Ricky decides to go after her, leaving a trail of dead bodies in his wake.",Monte Hellman,90 mins   More at IMDb TMDB  Report this page,Horror,"Richard Beymer, Bill Moseley, Samantha Scully","Silent Night, Deadly Night 3: Better Watch Out!",1989,https://letterboxd.com/film/silent-night-deadly-night-3-better-watch-out/
Silent Warnings,2003,"In a small Oregon town, mysterious crop circles have begun appearing in Joe's corn fields. When Joe's cousin, his five college friends and local Sheriff Willingham happen upon the otherworldly designs, they unleash unfathomable terror.",Christian McIntire,87 mins   More at IMDb TMDB  Report this page,"Thriller, Horror, Science Fiction","Stephen Baldwin, A.J. Buckley, Billy Zane",Silent Warnings,2003,https://letterboxd.com/film/silent-warnings/
The Sisterhood,2004,"Christine, a new college student, pledges to a sinister sorority whose members major in vampirism, witchcraft and mind control.",David DeCoteau,85 mins   More at IMDb TMDB  Report this page,Horror,"Barbara Crampton, Jennifer Holland, Michelle Borth",The Sisterhood,2004,https://letterboxd.com/film/the-sisterhood-2004/
Skeleton Key,2006,"John Johnson's Skeleton Key is a horror-comedy about a tabloid reporter, Howard, who in the process of covering a story on a five-legged two-headed goat comes across the town of Nilbog.",John Johnson,109 mins   More at IMDb TMDB  Report this page,"Comedy, Horror","Debbie Rochon, Brinke Stevens, Conrad Brooks",Skeleton Key,2006,https://letterboxd.com/film/skeleton-key/
Skeleton Key 2: 667 Neighbor of the Beast,2008,"Howard and Nicopernicus take a trip back to Nilbog to contend with zombies, vampires, and the dreaded Dr. Nochas in this sequel to Alucard and Shadow Hunters director John Johnson's outrageous horror comedy. There's blood and boobs to spare as the viewer crosses back into the town where nightmares are made, and characters break into song after soiling themselves.",John Johnson,123 mins   More at IMDb TMDB  Report this page,Horror,"John Johnson, William G. Smith, David Simmons",Skeleton Key 2: 667 Neighbor of the Beast,2008,https://letterboxd.com/film/skeleton-key-2-667-neighbor-of-the-beast/
Skeleton Key 3: The Organ Trail,2011,"So once again, Nilbog calls to you! It calls you back... Do you hear it? Howard does. And once again he and his band of merry men venture through that covered bridge and back into the world of monsters! With Cornelius still trapped in the town and on the run from zombies,",John Johnson,120 mins   More at IMDb TMDB  Report this page,,John Johnson,Skeleton Key 3: The Organ Trail,2011,https://letterboxd.com/film/skeleton-key-3-the-organ-trail/
Skin Walker,2019,"When her grandmother is brutally murdered, Regine, a fragile young woman must return to the countryside she has struggled to escape in order to engage with the family guilt she’s tried to shut out of her life - and to connect with the brother she has never known.",Christian Neuman,89 mins   More at IMDb TMDB  Report this page,"Thriller, Horror","Amber Anderson, Udo Kier, Jefferson Hall",Skin Walker,2019,https://letterboxd.com/film/skin-walker/
Skinned Alive,1990,"Crawldaddy and her two kids are travelling across the country on the search for victims. The dysfunctional family has the disturbing habit of skinning people alive before killing them. When their van breaks down, they are put up by a friendly couple.",Jon Killough,78 mins   More at IMDb TMDB  Report this page,"Comedy, Horror","Mary Jackson, Scott Spiegel, Susan Rothacker",Skinned Alive,1990,https://letterboxd.com/film/skinned-alive/
Skinned Alive,2008,"In the heart of New York City, men are dying in very violent ways. They are being torn up and ripped apart...and eaten. The only connection is that they all die after hiring a prostitute. And searching for love in this city is Jeffrey...Jeffrey is a sad and lonely man. He hates his job, he hates his life and all he wants is a woman to shower with love and affection. Socially awkward and fearing rejection, Jeffrey finds his companionship with hookers. In a bizarre twist of fate, Jeffrey hires this hooker and almost instantly they fall madly in love. Now he has to find out just how much he is willing to accept in the name of true love...She is feeding on the men of New York City...and there is a lunatic that is hunting her down...and caught in the middle is Jeffrey, who only wanted to love and be loved.",James Adam Tucker,90 mins   More at IMDb TMDB  Report this page,Horror,"Melissa Bacelar, Jack Dillon, Joshua Nelson",Skinned Alive,2008,https://letterboxd.com/film/skinned-alive-2008/
Skinned Deep,2004,"An ordinary family goes on a trip by car, but their car breaks down. The dutiful father of the family immediately sets off to get help and seems to find it with a nice elderly lady. The woman invites the whole family to dinner, but the hospitality soon turns out to be an ambush.",Gabriel Bartalos,97 mins   More at IMDb TMDB  Report this page,"Horror, Comedy","Forrest J. Ackerman, Eric Bennett, Karoline Brandt",Skinned Deep,2004,https://letterboxd.com/film/skinned-deep/
Skinner,1993,"A man rents a room in a couple's house and roams the streets at night looking for victims to skin, while constantly being followed by a junkie he mutilated who is now looking for revenge.",Ivan Nagy,90 mins   More at IMDb TMDB  Report this page,Horror,"Ted Raimi, Traci Lords, Ricki Lake",Skinner,1993,https://letterboxd.com/film/skinner/
Skinwalker: Curse of the Shaman,2005,"Horror - When college students Brooke and A.J. set out to make a documentary on six missing kids, rumored to be the victims of a deadly curse, they have no idea of the danger they're walking into. While digging for answers, Brooke and A.J. stir the emotions of the mysterious locals and uncover a world of dark secrets and unspeakable evil.",Steve Stevens Jr.,75 mins   More at IMDb TMDB  Report this page,Horror,"Amanda Paytas, Timothy Parham, Donald Craig",Skinwalker: Curse of the Shaman,2005,https://letterboxd.com/film/skinwalker-curse-of-the-shaman/
Skull Heads,2009,"When an eccentric clan living in virtual isolation in an Italian castle finds their family togetherness threatened by the arrival of three mysterious strangers, they summon up some supernatural protectors to fend off the barbarian invasions.",Charles Band,78 mins   More at IMDb TMDB  Report this page,Horror,"Kim Argetsinger, Antonio Covatta, Giacomo Gonnella",Skull Heads,2009,https://letterboxd.com/film/skull-heads/
Slapface,2021,A boy deals with the loss of his mother by creating a relationship with a dangerous monster.,Jeremiah Kipp,85 mins   More at IMDb TMDB  Report this page,"Horror, Thriller","August Maturo, Mike C. Manning, Libe Barer",Slapface,2021,https://letterboxd.com/film/slapface-2021/
Slashers,2001,"Japan's number one extreme reality show is having it's first all-American special! Six lucky contestants, chosen from thousands of applicants, will have the chance to win millions of dollars, and all they have to do is stay alive!",Maurice Devereaux,99 mins   More at IMDb TMDB  Report this page,"Thriller, Comedy, Horror","Sarah Joslyn Crowder, Tony Curtis Blondell, Kieran Keller",Slashers,2001,https://letterboxd.com/film/slashers/
Slaughter Party,2005,"Here's what Judge David Johnson has to say about this film: Yes, there is a party, and some people do get slaughtered. Beyond that you're better off looking the other way and using your time more wisely. Go read a book. Or run for a position on your local school board. Or yodel for 90 minutes.",Fred Rosenberg,76 mins   More at IMDb TMDB  Report this page,Horror,"Mighty Mike Murga, Felissa Rose, Lloyd Kaufman",Slaughter Party,2005,https://letterboxd.com/film/slaughter-party/
Slaughter Studios,2002,"Slaughter Studios has a legendary reputation as the place where a slew of classic low-budget horror movies were made. Long since abandoned and now in ruins, a group of aspiring filmmakers led by director Steve decide to break into Slaughter Studios so they can shoot one last B-grade creature feature on the premises before it meets the wrecking ball. However, things go awry when Slaughter Studios proves to be the stalking grounds of a vicious psycho.",Brian Katkin,85 mins   More at IMDb TMDB  Report this page,"Horror, Comedy","Amy Shelton-White, Peter Stanovich, Nicolas Read",Slaughter Studios,2002,https://letterboxd.com/film/slaughter-studios/
Slaughtered,2008,"Harold Parkinson has a snuff site on the web ""Slaughtered Sheep"". He hires young models never intending to pay them. Instead he murders them and uses their pictures on his website.",Anthony Doublin,85 mins   More at IMDb TMDB  Report this page,Horror,,Slaughtered,2008,https://letterboxd.com/film/slaughtered-2008/
The Slaughterhouse Massacre,2005,"Marty Sickle was accused of murdering a young girl inside the slaughterhouse where he lived. Soon after, four college kids brutally hanged Marty in revenge. Legend has it that every year on the anniversary of his death, Marty comes back to kill anyone who sets foot in his slaughterhouse.",Paul Gagné,97 mins   More at IMDb TMDB  Report this page,Horror,"Stephani Wells, Cory Nelson, Paul Gagné",The Slaughterhouse Massacre,2005,https://letterboxd.com/film/the-slaughterhouse-massacre/
Slaughterhouse Phi: Death Sisters,2006,"A clueless sheriff tries to solve a year old missing person report in a local sorority. Kayla disappeared during the ""Tri-Phi's"" annual initiation and sorority head Brit is trying to put all that behind her. It's her senior year and she has a legacy to worry about and with rush season rapidly approaching she is learning that some lies refuse to stay buried.",Lewis Schoenbrun,85 mins   More at IMDb TMDB  Report this page,Horror,"April Betts, Cassie Daniels, Ashika Gogna",Slaughterhouse Phi: Death Sisters,2006,https://letterboxd.com/film/slaughterhouse-phi-death-sisters/
Slaxx,2020,"When a possessed pair of jeans begins to kill the staff of a trendy clothing store, it is up to Libby, an idealistic young salesclerk, to stop its bloody rampage.",Elza Kephart,77 mins   More at IMDb TMDB  Report this page,"Comedy, Horror","Romane Denis, Brett Donahue, Sehar Bhojani",Slaxx,2020,https://letterboxd.com/film/slaxx/
Sledgehammer,1983,"A young boy murders his mother and her lover with a hammer. Ten years later, a wave of teenage murders plagues the same area.",David A. Prior,87 mins   More at IMDb TMDB  Report this page,"Horror, Thriller","Linda McGill, Ted Prior, John Eastman",Sledgehammer,1983,https://letterboxd.com/film/sledgehammer/
Sleepaway Camp IV: The Survivor,2012,"Allison Kramer suffers recurring nightmares and selective amnesia, returning to camp to discover the truth as the secrets of infamous killer Angela Baker are revealed. [Production for this sequel to 'Sleepaway Camp III' (1989) was shut down after Double Helix Films went bankrupt in 1992, though the film was officially completed using archive footage and released on-demand beginning in 2012.]",Jim Markovic,70 mins   More at IMDb TMDB  Report this page,Horror,"Carrie Chambers, John Lodico, Victor Campos",Sleepaway Camp IV: The Survivor,2012,https://letterboxd.com/film/sleepaway-camp-iv-the-survivor/
Sleepaway Slasher,2020,Things take a turn for the worst when a group of bickering filmmakers join a suspicious film festival on the site of a mysterious murder.,Martin Murray,101 mins   More at IMDb TMDB  Report this page,"Horror, Comedy","Sara Silva, Sean Thomas Diefenbach, Alana Johnson",Sleepaway Slasher,2020,https://letterboxd.com/film/sleepaway-slasher/
The Sleeper,2012,"It's 1981 and the girls of Alpha Gamma Theta sorority are having a party. As the new pledges arrive, so does an uninvited guest. Little do the sisters know someone is watching them in the shadows. As the girls shower, study, eat and sleep the stalker studies the girls. One by one he finds the girls at their most vulnerable and murders them. The police hunt for the missing girls and their killer, but will they find them in time? Or will the girls be forced to fight for their lives..",Justin Russell,90 mins   More at IMDb TMDB  Report this page,"Thriller, Comedy, Horror","Brittany Belland, Riana Ballo, Jessica Cameron",The Sleeper,2012,https://letterboxd.com/film/the-sleeper/
Sleepless Nights,2002,"From the depths of New York's shadowy streets to the peak of its glittering skyscrapers, the eternal war of good vs. evil reaches new heights as master vampire Lord Malgaard hatches a hideous plot to make every man, woman and child on earth his helpless blood slave! Only the unstoppable squad of ruthless vampire slayers led by modern-day Van Helsing, Dr Jacob Sloane, stands ready to oppose Malgaard and defeat his evil scheme! But when one of Sloane's top agents, the young, sexy Kaitlin Moore, learns she has only months to live, she faces a fateful choice... Succumb to her illness and die young... or live on into eternity as one of the very creatures she's sworn to destroy! A candlelit, fang-filled thriller in the eerie tradition of Buffy, Blade and Banabas!",William Hopkins,90 mins   More at IMDb TMDB  Report this page,"Horror, Drama, Romance","Jacqueline Anderson, Matthew Thomas, Richard Ryan",Sleepless Nights,2002,https://letterboxd.com/film/sleepless-nights-2002/
Sleepover Nightmare,2005,"College girl Shannon is having a summertime party at her woodlands cottage with her many friends. But little do the lusty, beer-swilling party-goers know that an escaped murderous mental patient, is lurking in the woods around the cottage.",Boon Collins,81 mins   More at IMDb TMDB  Report this page,Horror,"Hayley Sales, Chad Rook, Kristine Cofsky",Sleepover Nightmare,2005,https://letterboxd.com/film/sleepover-nightmare/
Sleepstalker,1995,"Seventeen years after slaughtering all but one member of a family, a vicious serial killer known only as ""The Sandman"" awaits execution. But first, his jailers allow a minister to visit the killer to give him last rites, unaware that the minister is a voodoo priest and an ally of the condemned prisoner. The priest places a hex on the Sandman so that when he is executed, his soul migrates into a new body made of sand. To sever his ties with his former life and achieve absolute power, the sandman must find and kill a man named Griffin, the sole survivor of the last family murdered by the killer",Turi Meyer,105 mins   More at IMDb TMDB  Report this page,Horror,"Michael Harris, Jay Underwood, Kathryn Morris",Sleepstalker,1995,https://letterboxd.com/film/sleepstalker/
Slice,2018,"In a spooky small town, when a slew of pizza delivery boys are slain on the job, two daring survivors set out to catch the culprits behind the cryptic crime spree.",Austin Vesely,82 mins   More at IMDb TMDB  Report this page,"Horror, Comedy","Chance the Rapper, Zazie Beetz, Katherine Cunningham",Slice,2018,https://letterboxd.com/film/slice-2018/
Slumber Party Massacre,2021,"Dana, daughter of the only survivor of a massacre in 1993, is going on a weekend trip with her friends. After their car breaks down in the very same town where her mother once fought the Driller Killer, Dana and her friends must come face-to-face with the man who has haunted her mother’s life for the past 30 years.",Danishka Esterhazy,86 mins   More at IMDb TMDB  Report this page,"Horror, Comedy","Hannah Gonera, Frances Sholto-Douglas, Mila Rayne",Slumber Party Massacre,2021,https://letterboxd.com/film/slumber-party-massacre/
Snapped,2005,"Amy McCanic, an ambitious young photographer, lands the opportunity she has been waiting for. The assignment: to create a dark collection of works based around the theme of death...",Julian Van Mil,84 mins   More at IMDb TMDB  Report this page,"Thriller, Horror","Tiffany Amber Knight, Michael Bien, Joe Costa",Snapped,2005,https://letterboxd.com/film/snapped/
Snatchers,2019,"After status-obsessed teen Sara has sex for the first time, she wakes up the next day nine months pregnant-with an alien.",Benji Kleiman,97 mins   More at IMDb TMDB  Report this page,"Horror, Science Fiction, Comedy","Mary Nepi, Gabrielle Elyse, Austin Fryberger",Snatchers,2019,https://letterboxd.com/film/snatchers-2019/
Snow White: A Deadly Summer,2012,A troubled teenage girl finds herself in a web of lies and deceit when her stepmother attempts to murder her by sending her to a discipline camp.,David DeCoteau,85 mins   More at IMDb TMDB  Report this page,"Thriller, Horror","Shanley Caswell, Maureen McCormick, Eric Roberts",Snow White: A Deadly Summer,2012,https://letterboxd.com/film/snow-white-a-deadly-summer/
Snuffet,2014,"Snuffet is a found footage snuff film with a psychotic twist. The victims are all puppets. Imagine a world exactly like our own except for one crucial detail... puppets are real and they coexist with humanity. Just like our world there is a seedy underbelly beneath the surface. Puppet racism, puppet hate crimes, puppet civil rights issues, and of course puppet serial killers. Human serial killers who hunt puppets to be specific. Our story follows a maniac's video diary as he hunts, mutilates, dismembers, and violates poor hapless Puppet Americans. Watch as they scream, bleed, and beg for mercy as a masked psychopath dismantles them one stitch at a time.",Dustin Mills,58 mins   More at IMDb TMDB  Report this page,Horror,"Brandon Salkil, Allison Egan, Janet Jay",Snuffet,2014,https://letterboxd.com/film/snuffet/
So Cold the River,2022,A documentary filmmaker's research on a town's mysterious benefactor unearths an unexplained evil while staying at a local resort.,Paul Shoulberg,93 mins   More at IMDb TMDB  Report this page,"Thriller, Drama, Horror","Bethany Joy Lenz, Alysia Reiner, Katie Sarife",So Cold the River,2022,https://letterboxd.com/film/so-cold-the-river/
Some Guy Who Kills People,2011,"A former mental patient's repressed anger reaches the boiling point, leading him to embark on a mission of revenge against the thugs who once subjected him to severe physical and mental trauma.",Jack Perez,97 mins   More at IMDb TMDB  Report this page,"Horror, Comedy, Thriller","Kevin Corrigan, Barry Bostwick, Karen Black",Some Guy Who Kills People,2011,https://letterboxd.com/film/some-guy-who-kills-people/
Somebody Help Me,2007,Brendan Young and Darryl Jennings take a trip to Lake Arrowhead with a group of college friends to celebrate Young's girlfriend's birthday. One-by-one the co-eds begin disappearing until a mysterious young visitor arrives and helps them begin to unravel their tangled web of terror.,Chris Stokes,100 mins   More at IMDb TMDB  Report this page,Horror,"Marques Houston, Omarion, Braxton Davis",Somebody Help Me,2007,https://letterboxd.com/film/somebody-help-me/
Somebody Help Me 2,2010,"Brendan and Darryl have both moved on with their lives following the events at the cabin in the woods; not unscathed however. Coming up on the anniversary, Brendan is still having nightmares that he feels will come true at any moment. His worse fears come to life when his wife and niece don't return home one night",Chris Stokes,85 mins   More at IMDb TMDB  Report this page,Horror,"Marques Houston, Omarion, Azur-De",Somebody Help Me 2,2010,https://letterboxd.com/film/somebody-help-me-2-2010/
Something Beneath,2007,"When a mysterious black slime oozes up from the plumbing to infiltrate a new conference center, it causes attendees at an environmental convention who come in contact with it to have horrific hallucinations and nightmarish visions of past tragedies. Environmentalist priest Father Douglas Middleton must team up with conference coordinator Khali Spence to stop the slime -- or die trying.",David Winning,90 mins   More at IMDb TMDB  Report this page,"Science Fiction, Horror, Action, TV Movie","Kevin Sorbo, Peter MacNeill, Natalie Brown",Something Beneath,2007,https://letterboxd.com/film/something-beneath/
Sometimes They Come Back... Again,1996,Jon Porter returns to his hometown after the sudden and bizarre death of his mother. He hopes to leave as soon as the funeral is over but it's too late. The sinister forces that caused his sister's brutal murder 30 years ago are back. Jon knows the nightmare can't continue. He must stand up to his fear and exorcise the demons who have risen again to take posession of his beautiful teenage daughter - body and soul.,Adam Grossman,98 mins   More at IMDb TMDB  Report this page,Horror,"Michael Gross, Alexis Arquette, Hilary Swank",Sometimes They Come Back... Again,1996,https://letterboxd.com/film/sometimes-they-come-back-again/
Sometimes They Come Back... for More,1998,"On a arctic circle radio shack, an ancient evil lurks, ready to strike at a psychologist, an army man and their collective forces.",Daniel Zelik Berk,90 mins   More at IMDb TMDB  Report this page,Horror,"Clayton Rohner, Faith Ford, Damian Chapa",Sometimes They Come Back... for More,1998,https://letterboxd.com/film/sometimes-they-come-back-for-more/
Son,2021,"When a young boy contracts a mysterious illness, his mother must decide how far she will go to protect him from terrifying forces in her past.",Ivan Kavanagh,98 mins   More at IMDb TMDB  Report this page,"Thriller, Horror","Andi Matichak, Emile Hirsch, Luke David Blumm",Son,2021,https://letterboxd.com/film/son-2021/
Sorceress,1995,"Two friends, who both work for the same high-priced, high-powered law firm, are both married to modern day witches. Erica, the wife of Larry, believes that he is being led astray by Carol, an old flame, who also works for the same law firm. Erica decides to act and one night after a torrid sex session Larry drifts off to sleep and begins to dream. Soon the dream turns into a nightmare of sex, violence, murder and death involving himself, his friends and colleagues from the law firm which appears to be frighteningly realistic...",Jim Wynorski,93 mins   More at IMDb TMDB  Report this page,"Horror, Fantasy, Thriller","Larry Poindexter, Linda Blair, Edward Albert",Sorceress,1995,https://letterboxd.com/film/sorceress-1995/
Sorority Babes in the Dance-A-Thon of Death,1991,Sorority sisters make contact with a demon using a crystal ball.,Todd Sheets,70 mins   More at IMDb TMDB  Report this page,"Science Fiction, Horror, Comedy","Laura Fuhrman, Matthew Lewis, Lisa Krueger",Sorority Babes in the Dance-A-Thon of Death,1991,https://letterboxd.com/film/sorority-babes-in-the-dance-a-thon-of-death/
Sorority Babes in the Slimeball Bowl-O-Rama 2,2022,"The babes are back! And so is everyone’s favorite wish-grantin’, murder-lovin’ mischievous gremlin, the Imp! The Tri-Delta sorority house has seen better days, but the girls are intent on gaining some new recruits! With housemother Mama Spider as their guide, the sexy hi-jinks and hilarity begin. Meanwhile though, the Bowl-O-Rama bowing alley has had a break-in…and a break out! With the escape of the magical and murderous Imp, it’s a no-holes-barred fight for survival, with only one mysterious girl holding the answers to the riddle of the Imp’s wish!",Brinke Stevens,61 mins   More at IMDb TMDB  Report this page,"Horror, Comedy","Kelli Maroney, Brinke Stevens, Michelle Bauer",Sorority Babes in the Slimeball Bowl-O-Rama 2,2022,https://letterboxd.com/film/sorority-babes-in-the-slimeball-bowl-o-rama-2/
Sorority Girls and the Creature from Hell,1991,"A group of sorority girls go up to a cabin in the woods accompanied by some boys. To their dismay, there is an escaped convict on the loose as well as the uncle of one of the girls. It's too bad that Uncle Ray is possessed by an Indian spirit turning him into a monster with a need for human blood.",John McBrearty,85 mins   More at IMDb TMDB  Report this page,Horror,"Len Lesser, Deborah Dutch, Eric Clark",Sorority Girls and the Creature from Hell,1991,https://letterboxd.com/film/sorority-girls-and-the-creature-from-hell/
Sorry I Killed You,2020,"A serial killer's detailed blueprints are thwarted when his would-be victims, co-workers on an office retreat, begin to turn on each other. He finds himself caught in between his own plans and the unplanned murders by the jealous, backstabbing co-workers he intends to kill.",Jon Artigo,99 mins   More at IMDb TMDB  Report this page,"Comedy, Horror","Jonathan Bennett, Jennifer Blanc, Ben Kurland",Sorry I Killed You,2020,https://letterboxd.com/film/sorry-i-killed-you/
Soul of the Demon,1991,"As a lark before a party on Halloween, two teenagers dig up a gargoyle statue. However, they unleash a murderous demon.",Charles T. Lang,78 mins   More at IMDb TMDB  Report this page,Horror,"Sky Daniel, Garry Godfrey, Harold Allen",Soul of the Demon,1991,https://letterboxd.com/film/soul-of-the-demon/
The Soultangler,1987,"The mad scientist Anton Lupesky invents a drug that can free the souls of the users and allow them to posses the bodies of corpses. The horrible side effect is sometimes fatal hallucinations, that leave the survivors incurably mad.",Pat Bishow,90 mins   More at IMDb TMDB  Report this page,"Science Fiction, Horror","Jamie Kinser, Pierre Deveaux, Bob Cederberg",The Soultangler,1987,https://letterboxd.com/film/the-soultangler/
Space Zombie Bingo!!!,1993,The U.S. Military along with the general population are trying to rid the country of alien zombie invaders.,George Ormrod,75 mins   More at IMDb TMDB  Report this page,"Horror, Comedy, Science Fiction","William Darkow, Ramona Provost, Hugh Crawford",Space Zombie Bingo!!!,1993,https://letterboxd.com/film/space-zombie-bingo/
Spare Parts,2020,"In a godforsaken bar in the middle of nowhere, an all-girl band – Ms. 45 – rips the stage apart with their punk spirit. But their performance impresses an enthusiastic fan who lures the girls into a trap, sedates them, and starts…customizing them. Slowly they begin to gain consciousness and, in total shock, realize their arms have all been replaced with axes and chainsaws to fight gladiator-style in a junkyard arena owned by a sadistic ""emperor,"" forcing them into the battle of their lives with one prize in mind – their freedom.",Andrew Thomas Hunt,91 mins   More at IMDb TMDB  Report this page,"Action, Horror","Julian Richings, Michelle Argyris, Emily Alatalo",Spare Parts,2020,https://letterboxd.com/film/spare-parts-2020/
Speak No Evil,2022,A Danish family visits a Dutch family they met on a holiday. What was supposed to be an idyllic weekend slowly starts unraveling as the Danes try to stay polite in the face of unpleasantness.,Christian Tafdrup,97 mins   More at IMDb TMDB  Report this page,"Horror, Thriller, Drama","Morten Burian, Sidsel Siem Koch, Fedja van Huêt",Speak No Evil,2022,https://letterboxd.com/film/speak-no-evil-2022/
Spine,1986,"A madman stalks nurses, brutally stabbing them to death. In his fevered mind, he believes his victims to be a woman from his past named Linda. Police struggle to apprehend him before he can murder and mutilate again.",John Howard,72 mins   More at IMDb TMDB  Report this page,Horror,"R. Eric Huxley, Janus Blythe, Lise Romanoff",Spine,1986,https://letterboxd.com/film/spine/
Spine Chiller,2019,It's late October. The Spine Chiller is an annual Halloween dance with sinister beginnings. Take a trip with us as we delve into four different stories following four individuals who have been invited to this dance... Who will survive? And what is going on at the Spine Chiller?,Jacob Perrett,73 mins   More at IMDb TMDB  Report this page,Horror,"Derric Hyde, Rose Stainbrook, Taylor Rhoades",Spine Chiller,2019,https://letterboxd.com/film/spine-chiller/
Splatter Beach,2007,"Splatter Beach is a 2007 low-budget horror comedy film made by the prolific Polonia brothers. It was released on DVD by Camp Motion Pictures.Starring Erin Brown, Erika Smith, Alison Whitney, Brice Kennedy, Ken Van Sant and Dave Fife, Splatter Beach concerns a reporter who hopes to write a story on a series of disappearances that have plagued a local beach, and who finds instead a sea monster in full rubbery attire.",John Polonia,70 mins   More at IMDb TMDB  Report this page,"Comedy, Horror","Erin Brown, Erika Smith, Dave Fife",Splatter Beach,2007,https://letterboxd.com/film/splatter-beach/
Splatter Farm,1987,Two young twins are sent to spend time at their aunt's farm. What nobody knows is that the aunt's handyman is a psycho serial killer who dismembers his victims and stores their body parts in the barn.,Mark Polonia,70 mins   More at IMDb TMDB  Report this page,Horror,"Todd Michael Smith, John Polonia, Mark Polonia",Splatter Farm,1987,https://letterboxd.com/film/splatter-farm/
Phantom Town,1999,"When a sixteen year-old boy and his two young siblings set off on a quest to find their missing parents, their search leads them to a ghost town in the middle of the desert. They soon discover that this is no ordinary tourist spot. In fact, according to the maps, it doesn't exist at all! Finding their way into this mysterious place, the kids must confront the sinister force that dwells beneath it in order to rescue their parents - and save themselves.",Jeff Burr,90 mins   More at IMDb TMDB  Report this page,"Family, Horror, Western","John Patrick White, Taylor Locke, Lauren Summers",Phantom Town,1999,https://letterboxd.com/film/phantom-town/
Spring Break Massacre,2008,"When six sorority sex kittens hook up for a night of carefree indulgence during spring break, they have no idea that maniacal serial killer Stanley Peterson (Curtis Taylor) has escaped from a nearby prison and is now on the prowl for fresh blood. Can they stop the madman before he notches up another half-dozen deadly conquests?",Michael Hoffman Jr.,81 mins   More at IMDb TMDB  Report this page,Horror,"Reggie Bannister, Linnea Quigley, Christian Anderson",Spring Break Massacre,2008,https://letterboxd.com/film/spring-break-massacre/
Spring Break Zombie Massacre,2016,"In a world where the zombie apocolypse is an unquestioned reality, truly righteous brothers tackle love, loss, and life lessons amid the backdrop of an epic spring break.",Robert Carnevale,45 mins   More at IMDb TMDB  Report this page,"Drama, Fantasy, Adventure, Thriller, Horror","Sam Suchmann, Mattie Zufelt, Madeline Brumby",Spring Break Zombie Massacre,2016,https://letterboxd.com/film/spring-break-zombie-massacre/
The Stakelander,2016,"When his home of New Eden is destroyed by a revitalized Brotherhood and its new Vamp leader, Martin finds himself alone in the badlands of America with only the distant memory of his mentor and legendary vampire hunter, Mister, to guide him.",Dan Berk,85 mins   More at IMDb TMDB  Report this page,"Horror, Action","Connor Paolo, Nick Damici, Laura Abramsen",The Stakelander,2016,https://letterboxd.com/film/the-stakelander/
Stakes,2002,"Imagine a parallel earth where vampires have cut a swath through humanity. The disease is so bad, the ravenous bloodsuckers begin feeding on each other. Three surviving humans create a jump gate to our earth. But, Alyssa, Queen of the Vampires, and her evil bodyguards use the gate to come to our earth as well. They arrive to feed and breed. Now, the number of vampires here is growing and the humans are running out of time!",Joe Ripple,81 mins   More at IMDb TMDB  Report this page,"Action, Horror","Jamie Bell, George Stover, Steven King",Stakes,2002,https://letterboxd.com/film/stakes-2002/
The Stalker,2020,"The man only known as the Stalker, is looking for the Hamilton's, and is willing to kill anyone who gets in his way. Embark on this horror, mystery, thrill ride, that takes you back to the classic films of the genre.",John Giorgio,60 mins   More at IMDb TMDB  Report this page,"Thriller, Mystery, Horror","Troy Fromin, Chad Ayers, Virginia Vogt",The Stalker,2020,https://letterboxd.com/film/the-stalker-2020/
Stalled,2013,A janitor gets trapped in a women's restroom and encounters an all-out attack by a horde of zombies.,Christian James,84 mins   More at IMDb TMDB  Report this page,"Comedy, Horror","Dan Palmer, Antonia Bernath, Tamaryn Payne",Stalled,2013,https://letterboxd.com/film/stalled/
Staunton Hill,2009,"When a group of hikers take off for a weekend of fun and adventure in remote mountain region, they unwittingly stumble across the Staunton family - for whom the hill is named - and find themselves at the mercy of a depraved, diabolical brood that will stop at nothing to rid their property of these ""trespassers."" The only law on Staunton's Hill is the law of the Stauntons...and, in this case, the penalty for defying that law is death.",George Cameron Romero,89 mins   More at IMDb TMDB  Report this page,"Horror, Thriller","Kathy Lamkin, Cristen Coppen, David Rountree",Staunton Hill,2009,https://letterboxd.com/film/staunton-hill/
Steel and Lace,1991,"After her attackers go free, Gaily Morton, the victim of a vicious assault, commits suicide. Her vengeful brother, brilliant robotics engineer and scientist, Dr. Albert Morton, decides to use his skills to enact vengeance, transplanting his sister's brain into a humanoid cyborg with bone-crushing strength and an array of built-in torture devices...",Ernest D. Farino,94 mins   More at IMDb TMDB  Report this page,"Action, Science Fiction, Horror","Clare Wren, Bruce Davison, Stacy Haiduk",Steel and Lace,1991,https://letterboxd.com/film/steel-and-lace/
Stepmonster,1993,"Todd Dougherty has an imagination driven by comic books. So when he accuses his soon-to-be stepmother of being a monster, no one believes him. When neighbors start turning up dead, it becomes a race against time for Todd to stop this hideous, carnivorous creature from marrying his dad and ruining his life.",Jeremy Stanford,85 mins   More at IMDb TMDB  Report this page,"Horror, Comedy","Alan Thicke, Molly Cheek, Billy Corben",Stepmonster,1993,https://letterboxd.com/film/stepmonster/
The Stink of Flesh,2005,Nathan and Dexy struggle to maintain an open marriage after a zombie plague has killed the majority of the population. It's up to Nathan to find survivors to pleasure his wife and hot zombies to satisfy his own lust.,Scott Phillips,85 mins   More at IMDb TMDB  Report this page,"Comedy, Horror","Kurly Tlapoyawa, Ross Kelly, Diva",The Stink of Flesh,2005,https://letterboxd.com/film/the-stink-of-flesh/
The Stitcher,2007,"Something strange is happening in this eerie backwoods town. Inspired by true events, a group of friends must survive the weekend in order to escape the terror that is beyond their imagination. Desperate and fearing for their lives, the horror surges when a legendary killer wants something they all possess. They soon find out the town is not what it seems, and with no hope of rescue, they must find their way out before they fall victim to the Stitcher's obsession. This blood curdling story will make you never want to wear certain pieces of clothing again.",Darla Enlow,90 mins   More at IMDb TMDB  Report this page,Horror,Heather Surdukan,The Stitcher,2007,https://letterboxd.com/film/the-stitcher/
Storm of the Dead,2006,"After marital law is declared, the Florida Militia shoot a looter who turns out to be the grandson of a voodoo queen. When the militia members don't return to base, a rescue team is sent into the swamp to locate them. But they are unaware that the power of voodoo and a woman who wants revenge is what waits for them.",Bob Cook,86 mins   More at IMDb TMDB  Report this page,Horror,Bob Cook,Storm of the Dead,2006,https://letterboxd.com/film/storm-of-the-dead/
Stranded,2013,"The Lunar Base Ark explores ore and unexpectedly is hit by a meteor shower and has severe damages. Colonel Gerard Brauchman sends the crewwoman Ava Cameron to repair a wing that is full of CO2. Dr. Lance Krauss warns that the gas may cause paranoia and hallucinations. Ava brings a sample of the meteor for analysis and Dr. Krauss finds that there are spores attached to the meteor. Ava accidentally cuts her finger in a sample but she hides the cut from the doctor. Soon Ava gets pregnant and delivers an alien offspring. However, neither Col. Brauchman nor Dr. Kraus believes in her words and they believe that Ava is delusional. He offspring bites the crewman Bruce Johns and the crew discovers that Bruce has been cloned by the alien. Soon they find how dangerous the clone is.",Roger Christian,84 mins   More at IMDb TMDB  Report this page,"Science Fiction, Horror","Christian Slater, Brendan Fehr, Amy Matysio",Stranded,2013,https://letterboxd.com/film/stranded-2013/
Strange Things Happen at Sundown,2003,"What happens when normal people find they need to kill, in order to survive? This is the story of such a group of people, suddenly turned into vampires, and carving a path of blood and mayhem throughout New York City. Slowly, they lose their grip on reality, and turn into an army of anti-social, psychopathic misfits; and surely, they turn on each other.",Marc Fratto,138 mins   More at IMDb TMDB  Report this page,Horror,"J. Scott Green, Masha Sapron, Jocasta Bryan",Strange Things Happen at Sundown,2003,https://letterboxd.com/film/strange-things-happen-at-sundown/
The Strangers,1998,"A man is inflicted with a bad case of werewolvism by his wife. After a bloody duel between the two, hubby runs off to hide in the mountains. But his past comes back to haunt him.",Sergei Ivanov,90 mins   More at IMDb TMDB  Report this page,"Fantasy, Horror","Richard Bent, Victoria Hunter, Jennifer Marks",The Strangers,1998,https://letterboxd.com/film/the-strangers-1998/
Stripperland,2011,"Fleeing the wrath of man-eating vixens who've taken over the world, a ragtag caravan of refugees makes its way across the country to the relative safety of the West Coast. But en route, they're attacked by unrelenting waves of starving strippers. If looks could kill ... well, let's just hope they can't.",Sean Skelding,103 mins   More at IMDb TMDB  Report this page,"Comedy, Horror","Linnea Quigley, Maren McGuire, Ben Sheppard",Stripperland,2011,https://letterboxd.com/film/stripperland/
Strippers vs. Werewolves,2012,"Mickey, who happens to be a werewolf and a crime boss, gets all worked up and hairy during a private dance at a strip club. Justice, the dancer, grabs the nearest weapon and lands a fatal blow: her silver fountain pen right through Mickey's wolfed-out eye. This ignites a small-scale war between Mickey's group of werewolf mobsters and the sultry strippers of Vixens.",Jonathan Glendening,93 mins   More at IMDb TMDB  Report this page,"Comedy, Horror, Fantasy, Crime, Action","Adele Silva, Martin Compston, Billy Murray",Strippers vs. Werewolves,2012,https://letterboxd.com/film/strippers-vs-werewolves/
Student Body,2022,"High school student Jane Shipley seeks to mend her splintering relationship with childhood best friend Merritt, and fit in with her rebellious peers. When Jane's math teacher oversteps his bounds, an apathetic high school administration forces Jane and Merritt to take matters into their own hands, driving their relationship into further turmoil and inciting deadly consequences.",Lee Ann Kurr,88 mins   More at IMDb TMDB  Report this page,"Thriller, Horror","Montse Hernandez, Cheyenne Haynes, Anthony Keyvan",Student Body,2022,https://letterboxd.com/film/student-body-2022/
Subconscious Cruelty,2000,A surrealistic anthology of horror films; four segments structured as an intense fever dream...,Karim Hussain,92 mins   More at IMDb TMDB  Report this page,"Horror, Crime","Mitch Davis, Christopher Piggins, Sophie Lauzière",Subconscious Cruelty,2000,https://letterboxd.com/film/subconscious-cruelty/
Sublime,2007,"Admitted to Mt. Abaddon Hospital for a routine procedure, George Grieves discovers that his condition is much more serious and complicated than originally expected; and as his own fears begin to manifest around him, he learns that Mt. Abaddon is not a place where people come to get better... it is a place where people come to die.",Tony Krantz,113 mins   More at IMDb TMDB  Report this page,"Thriller, Horror","Tom Cavanagh, Jeffrey Anderson-Gunter, Cas Anvar",Sublime,2007,https://letterboxd.com/film/sublime/
Subspecies,1991,Three students get caught in the struggle between a good vampire and his evil brother in the Transylvanian mountains.,Ted Nicolaou,84 mins   More at IMDb TMDB  Report this page,"Horror, Fantasy","Anders Hove, Angus Scrimm, Laura Mae Tate",Subspecies,1991,https://letterboxd.com/film/subspecies/
Subspecies 4: Bloodstorm,1998,"Vampire fledgling Michelle Morgan has escaped the grasp of her master Radu Vladislas. Found by a woman named Ana, she is taken to a hospital where a doctor claims to be able to cure her vampirism. Radu, recovering from the near-death delivered by Michelle and her friends, travels to Bucharest to follow his fledgling. He visits the vampire Ash's stronghold. Ash and his protege Serena plot to destroy Radu and employ the help of the humans, Ana and the Doctor.",Ted Nicolaou,85 mins   More at IMDb TMDB  Report this page,"Horror, Fantasy","Anders Hove, Denice Duff, Ioana Abur",Subspecies 4: Bloodstorm,1998,https://letterboxd.com/film/subspecies-4-bloodstorm/
Suburban Gothic,2014,"An awkward, unemployed man who can talk to the dead teams up with a rebellious bartender to find the vengeful ghost that's been terrorizing their town.",Richard Bates Jr.,90 mins   More at IMDb TMDB  Report this page,"Horror, Comedy","Matthew Gray Gubler, Ray Wise, Kat Dennings",Suburban Gothic,2014,https://letterboxd.com/film/suburban-gothic/
Suburban Nightmare,2004,"Charles and Deborah act just like any normal suburban couple would, they have a daughter who they love dearly, they fight over everything, but they also generally love each other. The only difference is they kill, maim, and torture people.",Jon Keeyes,85 mins   More at IMDb TMDB  Report this page,Horror,"Brandy Little, Trent Haaga, Hayden Tweedie",Suburban Nightmare,2004,https://letterboxd.com/film/suburban-nightmare/
Suburban Sasquatch,2004,A mystical Sasquatch is on the loose in suburbia and only a Native American warrior can stop it.,Dave Wascavage,97 mins   More at IMDb TMDB  Report this page,Horror,"Sue Lynn Sanchez, Bill Ushler, Dave Bonavita",Suburban Sasquatch,2004,https://letterboxd.com/film/suburban-sasquatch/
Succubus: Hell-Bent,2007,A beautiful demon leaves death in her wake while stalking a wealthy womanizer in contemporary Los Angeles.,Kim Bass,96 mins   More at IMDb TMDB  Report this page,"Horror, Thriller","Gary Busey, David Keith, Kelly Hu",Succubus: Hell-Bent,2007,https://letterboxd.com/film/succubus-hell-bent/
Suck,2009,"The film follows a petty rock band called the Winners, consisting of vocalist Joey Winner, bassist Jennifer, guitarist Tyler, drummer Sam, and French-Canadian roadie Hugo, along with their sleazy manager Jeff, as they tour across Canada and the USA after Jennifer is turned into a vampire by Queeny. Meanwhile, a vampire hunter who is afraid of the dark named Eddie Van Helsing quickly chases them down.",Rob Stefaniuk,91 mins   More at IMDb TMDB  Report this page,"Horror, Music, Comedy","Malcolm McDowell, Iggy Pop, Henry Rollins",Suck,2009,https://letterboxd.com/film/suck/
The Suckling,1990,"A woman goes to a back alley abortion clinic, only to have her aborted fetus attack her, her boyfriend, and everyone else at the clinic.",Francis Teri,89 mins   More at IMDb TMDB  Report this page,Horror,"Frank Rivera, Marie Michaels, Gerald Preger",The Suckling,1990,https://letterboxd.com/film/the-suckling/
The Summoned,2022,Two high profile couples are forced to examine the cost of success when they're invited to an exclusive self-help retreat where their ancestors sold their souls generations prior.,Mark Meir,86 mins   More at IMDb TMDB  Report this page,"Thriller, Mystery, Horror","J. Quinton Johnson, Emma Fitzpatrick, Angela Gulner",The Summoned,2022,https://letterboxd.com/film/the-summoned-2022/
Super Hell,2004,A number of supernatural creatures and space aliens create a disruptive atmosphere. Some humans and their living-dead companions are confused by it all.,Johny Walker,77 mins   More at IMDb TMDB  Report this page,"Horror, Science Fiction, Comedy","Johny Walker, Conrad Brooks, Robert Z'Dar",Super Hell,2004,https://letterboxd.com/film/super-hell/
The Surgeon,1995,"Dr. Julian Mater is suspended and gets his license revoked for performing experiments on dying patients in cellular regeneration. A couple of years later, he returns to the hospital that condemned his work to begin practicing his grizzly experiments once more.",Carl Schenkel,99 mins   More at IMDb TMDB  Report this page,"Horror, Science Fiction","Isabel Glasser, James Remar, Sean Haberle",The Surgeon,1995,https://letterboxd.com/film/the-surgeon/
Swamp Zombies!!!,2005,"A chief physician at a large metropolitan hospital is formulating a serum to resurrect recently deceased ""patients"".When his facility comes under inspection from the federal government, the doctor is forced to dispose of the ""patients"" as quick as possible even though they are in mid-experiment and he doesn't know if his serum even will work. With the help of the evil hospital operations manager, he manages to ditch the experiments in the neighboring swamplands. Little do they know, their serum works, the experiments rise to ""life"" and wreck havoc on a group of students conducting science experiments at the swamplands. With the help of a swamp hermit, a beautiful innocent bystander, a park ranger, and the police captain they try to piece together what has gone on... as well as survive",Len Kabasinski,90 mins   More at IMDb TMDB  Report this page,Horror,"Brian Heffron, Jasmin St. Claire, Pamela Sutch",Swamp Zombies!!!,2005,https://letterboxd.com/film/swamp-zombies/
Sx_Tape,2013,"From the director of CANDYMAN and the producers of PARANORMAL ACTIVITY comes a found-footage nightmare of lust, possession, and destruction. Jill's an artist. Ian's a filmmaker. And their love life is off the chain. There's no experience too wild, no dare too dangerous—not even when Jill lets Ian strap her to a gurney in the abandoned hospital they're scoping out for their next art show. But he shouldn't have left her alone. Not even as a joke. Now, Jill's hookup with horror has awakened something in that place. Something with a lust for more than flesh.",Bernard Rose,85 mins   More at IMDb TMDB  Report this page,Horror,"Caitlyn Folley, Ian Duncan, Diana García",Sx_Tape,2013,https://letterboxd.com/film/sx_tape/
Syngenor,1990,"A scientist engineers a group of genetically engineered cyborgs for use as ""super soldiers"" to fight U.S. wars in the Middle East. However, things get ugly when the cyborgs malfunction and turn on their creators.",George Elanjian Jr.,98 mins   More at IMDb TMDB  Report this page,"Horror, Science Fiction","Starr Andreeff, Mitchell Laurance, Jeff Doucette",Syngenor,1990,https://letterboxd.com/film/syngenor/
The Taint,2011,"The water is tainted. The Taint poisons the minds of men. It turns them into raging misogynists: monsters who want nothing more than to crush women's heads with rocks (or other objects). When society is transformed into a land of sadistic violence and horrible brutality, it is up to Phil O'Ginny and his hot friend, Misandra, to combat the horrible evil that is The Taint. Can they survive a world brimming with castration and endless head crushing?!",Drew Bolduc,75 mins   More at IMDb TMDB  Report this page,"Comedy, Horror, Action","Drew Bolduc, Colleen Walsh, Cody Crenshaw",The Taint,2011,https://letterboxd.com/film/the-taint/
The Taking of Deborah Logan,2014,"What starts as a poignant medical documentary about Deborah Logan's descent into Alzheimer's disease and her daughter's struggles as caregiver degenerates into a maddening portrayal of dementia at its most frightening, as hair-raising events begin to plague the family and crew and an unspeakable malevolence threatens to tear the very fabric of sanity from them all.",Adam Robitel,90 mins   More at IMDb TMDB  Report this page,"Horror, Mystery","Jill Larson, Anne Ramsay, Brett Gentile",The Taking of Deborah Logan,2014,https://letterboxd.com/film/the-taking-of-deborah-logan/
Tale of the Mummy,1998,"Centuries ago, under the sands of ancient Egypt, a Prince was buried and his tomb eternally cursed so that no man would ever again suffer from his evil ways. But hundreds of years later on a greedy search for treasure, a group of archaeologists break the cursed seal of the tomb. Every man vanishes without a trace, leaving behind only a log book, and a deadly warning of the legend of the bloodthirsty Talos.",Russell Mulcahy,88 mins   More at IMDb TMDB  Report this page,"Horror, Adventure, Fantasy","Jason Scott Lee, Louise Lombard, Sean Pertwee",Tale of the Mummy,1998,https://letterboxd.com/film/tale-of-the-mummy/
Tales from the Hood 2,2018,"Mr. Simms returns to tell more eerie, unsettling tales involving dolls, psychics, possession and ghosts.",Rusty Cundieff,110 mins   More at IMDb TMDB  Report this page,Horror,"Keith David, Alexandria DeBerry, Bryan Batt",Tales from the Hood 2,2018,https://letterboxd.com/film/tales-from-the-hood-2/
Tales from the Hood 3,2020,"Following the franchise's cult classic roots, this new anthology featuring Tony Todd and Lynn Whitfield will scare and thrill with its horrifying twists and social commentary.",Rusty Cundieff,103 mins   More at IMDb TMDB  Report this page,Horror,"Tony Todd, London Brown, Cooper Huckabee",Tales from the Hood 3,2020,https://letterboxd.com/film/tales-from-the-hood-3/
Tales from the Quadead Zone,1987,"A woman reads two spooky tales to the ghost of her dead son, Bobby: the first, about a poor family who takes drastic measures to allot more food to their members; the second, about a pair of adversarial brothers and what happens when one of them dies and the other attempts to humiliate his corpse.",Chester Novell Turner,62 mins   More at IMDb TMDB  Report this page,Horror,"Shirley L. Jones, Keefe L. Turner, Larry Jones",Tales from the Quadead Zone,1987,https://letterboxd.com/film/tales-from-the-quadead-zone/
Tamara,2005,"Tamara, an unattractive girl who is picked on by her peers, returns after her death as a sexy seductress to enact revenge.",Jeremy Haft,98 mins   More at IMDb TMDB  Report this page,"Thriller, Horror","Jenna Dewan, Marc Devigne, Chad Faust",Tamara,2005,https://letterboxd.com/film/tamara/
Tar,2020,"In the murky depths of Los Angeles' world-famous La Brea Tar Pits there lies an ancient secret - a creature that, awakened by underground construction, turns a night of somber packing for Barry Greenwood and his co-workers into a desperate fight for survival.",Aaron Wolf,96 mins   More at IMDb TMDB  Report this page,"Horror, Thriller, Adventure","Timothy Bottoms, Graham Greene, Aaron Wolf",Tar,2020,https://letterboxd.com/film/tar/
The Telling,2009,"In this horror anthology film, three girls pledge the most popular - and cruelest - sorority on campus. For their final task, they must tell the scariest story they know. Containing three distinct stories - one featuring a murderous doll, one a has-been actress and her run in with a film crew of the undead and, finally, a hunt-and-kill fright-fest.",Nicholas Carpenter,84 mins   More at IMDb TMDB  Report this page,"Thriller, Horror","Bridget Marquardt, Holly Madison, Najarra Townsend",The Telling,2009,https://letterboxd.com/film/the-telling/
Tentacles,2021,"A young Los Angeles couple Tara and Sam fall head over heels into a new romance, entwining their lives—until their intimacy transforms into something terrifying.",Clara Aranovich,84 mins   More at IMDb TMDB  Report this page,"Horror, TV Movie, Thriller, Romance","Dana Drori, Casey Deidrick, Kasey Elise",Tentacles,2021,https://letterboxd.com/film/tentacles-2021/
Terror at Blood Fart Lake,2009,"When a group of college pals retreats to an isolated cabin for a rowdy weekend of debauchery and carnal pleasures, a madman dons his creepy scarecrow costume and begins to prey upon the unsuspecting youths in unusually creative ways.",Chris Seaver,76 mins   More at IMDb TMDB  Report this page,"Horror, Comedy","Jesse Ames, Teen Ape, Nicola Fiore",Terror at Blood Fart Lake,2009,https://letterboxd.com/film/terror-at-blood-fart-lake/
Terror at Tenkiller,1986,"Leslie and Janna are a couple of attractive young ladies who decide to go on vacation at a remote cabin in the woods. However, things go nightmarishly awry after a dangerous maniac shows up in the area and starts bumping folks off. Will anyone survive the terror at Tenkiller?",Ken Meyer,87 mins   More at IMDb TMDB  Report this page,Horror,"Michael Shamus Wiles, Stacey Logan, Michele Merchant",Terror at Tenkiller,1986,https://letterboxd.com/film/terror-at-tenkiller/
Terror Toons,2002,"In a quiet suburban neighborhood, two sisters are about to experience the dark and sinister world of Terror Toons.",Joe Castro,75 mins   More at IMDb TMDB  Report this page,"Comedy, Horror","Beverly Lynne, Lizzy Borden, Brandon Ellison",Terror Toons,2002,https://letterboxd.com/film/terror-toons/
Terror Toons 2,2007,"A girl gets a DVD entitled Terror Toons for her birthday. Meanwhile, ""cartoon"" characters Hansel and Gretel wander into the house of a witch who poisons them, but instead of dying, they transform into an ugly gigantic-headed psycho and a giant rat, respectively. After the girl plays the DVD, Hansel and Gretel are sucked into the real world through her TV and wreak havoc. —christianmellinger55",Joe Castro,76 mins   More at IMDb TMDB  Report this page,"Horror, Comedy","Shane Ballard, Emma Bing, Bart Burson",Terror Toons 2,2007,https://letterboxd.com/film/terror-toons-2/
Terror Toons 3,2015,"Picking up exactly where the original left off. This 3rd installment tells the tale of Cindy and her little sister Candy fighting the good fight with the help of their friends against evil Dr. Carnage and his abominable sidekick, Max Assassin. Enter the darken, kaleidoscope colored world of the cartoon dimension where anything is possible. Where everyone is subject to a blood splattered crazy cartoon death",Joe Castro,71 mins   More at IMDb TMDB  Report this page,"Comedy, Fantasy, Horror, Thriller","Beverly Lynne, Herschell Gordon Lewis, Lizzy Borden",Terror Toons 3,2015,https://letterboxd.com/film/terror-toons-3/
Terror Train,2022,"Alana and a group of college seniors board a party train for a Halloween-themed bash, but their fun spirals into fear when a mysterious assailant begins killing the passengers one-by-one.",Philippe Gagnon,90 mins   More at IMDb TMDB  Report this page,Horror,"Robyn Alomar, Mary Walsh, Nadine Bhabha",Terror Train,2022,https://letterboxd.com/film/terror-train-2022/
Tethered,2022,"Miles from civilization, a blind teenager and the hunter he befriends are tormented by a mysterious creature lurking in the woods.",Daniel Robinette,88 mins   More at IMDb TMDB  Report this page,"Mystery, Thriller, Drama, Horror","Alexandra Paul, Kareem Ferguson, Jared Laufree",Tethered,2022,https://letterboxd.com/film/tethered-2022/
Texas Chainsaw Massacre,2022,"After nearly 50 years of hiding, Leatherface returns to terrorize a group of idealistic influencers who accidentally disrupt his carefully shielded world in a remote Texas town.",David Blue Garcia,83 mins   More at IMDb TMDB  Report this page,Horror,"Sarah Yarkin, Elsie Fisher, Mark Burnham",Texas Chainsaw Massacre,2022,https://letterboxd.com/film/texas-chainsaw-massacre/
Thanatomorphose,2012,"Bruised from a night of rough sex, a young woman is shocked to find that her body, rather than healing itself, has inexplicably begun to rot. Swept up in the strange sensual experiences brought on by her slowly decaying form, she tries desperately to cling to her new existence — even as the putrid meat sack that was once her young body begins to literally fall off her bones...",Éric Falardeau,100 mins   More at IMDb TMDB  Report this page,Horror,"Émile Beaudry, Eryka Cantieri, Roch-Denis Gagnon",Thanatomorphose,2012,https://letterboxd.com/film/thanatomorphose/
ThanksKilling,2008,A homicidal turkey axes off college kids during Thanksgiving break.,Jordan Downey,66 mins   More at IMDb TMDB  Report this page,"Comedy, Horror","Lance Predmore, Ryan E. Francis, Lindsey Andersen",ThanksKilling,2008,https://letterboxd.com/film/thankskilling/
ThanksKilling 3,2012,"Fowl-mouthed villain Turkie carves through the likes of a rapping grandma, a mindless puppet, a wig-wearing inventor, a bisexual space worm, and their equally ridiculous friends on his quest to recover the last copy of ""ThanksKilling 2"". Also known as ""Turkeys, In, Space!"".",Jordan Downey,99 mins   More at IMDb TMDB  Report this page,"Comedy, Horror, Science Fiction","Daniel Usaj, Joe Hartzler, Preston Altree",ThanksKilling 3,2012,https://letterboxd.com/film/thankskilling-3/
There's Nothing Out There,1991,"Mike's obsession with horror movies means he can't help but expect to find a monster lurking around every corner. When he joins his friends for a weekend away at a remote lodge, Mike instantly senses that something isn't right. Can Mike use his movie knowledge to save his pals from a bloody end?",Rolfe Kanefsky,91 mins   More at IMDb TMDB  Report this page,"Comedy, Science Fiction, Horror","Craig Peck, Wendy Bednarz, Mark Collver",There's Nothing Out There,1991,https://letterboxd.com/film/theres-nothing-out-there/
There's Someone Inside Your House,2021,"As the countdown to graduation begins, students at Osborne High are being stalked by a maniac intent on exposing their darkest secrets to the entire town, terrorizing victims while wearing a life-like mask of their own face. With a mysterious past of her own, Makani and her friends must discover the killer's identity before they become victims themselves.",Patrick Brice,96 mins   More at IMDb TMDB  Report this page,"Mystery, Horror","Sydney Park, Théodore Pellerin, Asjha Cooper",There's Someone Inside Your House,2021,https://letterboxd.com/film/theres-someone-inside-your-house/
They Bite,1996,Aliens who've come to earth to spawn deep beneath the ocean begin terrorizing a Florida beach community. An ichthyologist and a young filmmaker team up to uncover the mystery of these monsters from the deep--before they strike again.,Brett Piper,98 mins   More at IMDb TMDB  Report this page,"Horror, Comedy, Science Fiction","Donna Frotscher, Nick Baldasare, Christina Veronica",They Bite,1996,https://letterboxd.com/film/they-bite/
They Found Hell,2015,"When a group of gifted college students run a secret teleportation experiment, they accidentally open a portal to another dimension, trapping them in Hell. One by one they are hunted, tortured and killed by the denizens of Hell who are bent on stealing their souls.",Nick Lyon,90 mins   More at IMDb TMDB  Report this page,"Horror, Science Fiction","Chris Schellenger, Katy Reece, Austin Scott",They Found Hell,2015,https://letterboxd.com/film/they-found-hell/
They Live in the Grey,2022,"While investigating a child abuse case, Claire discovers that the family is being tormented by a supernatural entity. In order to save the family, she must confront her own fears and use her emerging clairvoyance to stop the malevolent force.",Burlee Vang,124 mins   More at IMDb TMDB  Report this page,Horror,"Michelle Krusiec, Ken Kirby, Ellen Wroe",They Live in the Grey,2022,https://letterboxd.com/film/they-live-in-the-grey/
They Live Inside Us,2020,"Seeking inspiration for a new writing project, a man spends Halloween night in a notoriously haunted house. He soon realizes he is living in his own horror story.",Michael Ballif,103 mins   More at IMDb TMDB  Report this page,Horror,"James Morris, Stevie Dust, Emily Broschinsky",They Live Inside Us,2020,https://letterboxd.com/film/they-live-inside-us/
They/Them,2022,Campers at an LGBTQ+ conversion camp endure unsettling psychological techniques while the campsite is stalked by a mysterious killer.,John Logan,104 mins   More at IMDb TMDB  Report this page,"Horror, Mystery","Theo Germaine, Kevin Bacon, Quei Tann",They/Them,2022,https://letterboxd.com/film/they-them-2022-1/
The Thing Below,2004,"A top secret drilling platform in the Gulf of Mexico raises a dormant alien creature from the depths. Once loose, the creature goes on a murderous rampage.",Jim Wynorski,94 mins   More at IMDb TMDB  Report this page,"Thriller, Science Fiction, Horror","Billy Warlock, Kurt Max Runte, Catherine Lough Haggquist",The Thing Below,2004,https://letterboxd.com/film/the-thing-below/
Things,1989,"An impotent husband with a fanatical desire to father children, forces his wife to undergo a dangerous experiment. This results in the birth of a multitude of monstrous THINGS.",Andrew Jordan,84 mins   More at IMDb TMDB  Report this page,Horror,"Amber Lynn, Barry J. Gillis, Bruce Roach",Things,1989,https://letterboxd.com/film/things/
Thirst,2010,"After wrecking their car in the middle of the desert, two couples find themselves stranded with few supplies. When the heat intensifies and their precious water supply dwindles, the frantic friends begin betraying each other in the hopes of survival. Their civility rapidly deteriorates as they begin to experience overwhelming fear and desperation.",Jeffery Scott Lando,91 mins   More at IMDb TMDB  Report this page,"Drama, Thriller, Horror","Lacey Chabert, Tygh Runyan, Mercedes McNab",Thirst,2010,https://letterboxd.com/film/thirst-2010/
Those Who Deserve To Die,2020,"A troubled veteran returns home to resume his life, but first he must fulfill a dreadful family obligation.",Bret Wood,90 mins   More at IMDb TMDB  Report this page,Horror,"Rachel Frawley, Alice Lewis, Joe Sykes",Those Who Deserve To Die,2020,https://letterboxd.com/film/those-who-deserve-to-die/
Those Who Walk Away,2022,"Max and Avery go on their first date after meeting on a social media app. Their evening takes a perilous turn when they end up at a local haunted house, the home of ‘Rotcreep’, a sinister creature that rots your body and soul with one touch.",Robert Rippberger,92 mins   More at IMDb TMDB  Report this page,"Drama, Horror","Booboo Stewart, Scarlett Sperduto, Grant Morningstar",Those Who Walk Away,2022,https://letterboxd.com/film/those-who-walk-away/
Blood Angels,2005,A young woman gets caught up in the plans of a coven of vampires fighting to free themselves from their master.,Ron Oliver,95 mins   More at IMDb TMDB  Report this page,Horror,"Lorenzo Lamas, Leah Cairns, Siri Baruc",Blood Angels,2005,https://letterboxd.com/film/blood-angels/
Through the Fire,1988,A woman enlists the help of a cop to find her sister who has been kidnapped by satanists hoping to bring about the end of the world.,Gary Marcum,88 mins   More at IMDb TMDB  Report this page,"Action, Horror","Tamara Hext, Tom Campitelli, Randy Strickland",Through the Fire,1988,https://letterboxd.com/film/through-the-fire-1988/
Tiki,2006,"When Amy moves from her beloved Hawaiian Islands to study drama on the mainland, she has little cause to rejoice as a gang of vicious co-eds plots to make her life a living hell. With the aid of their boyfriends, the girls set Amy up as the target of a horrendous prank that results in the young girl falling victim to a brain seizure from which she may never recover. Seeking answers, her aunt Maelea arrives with a special Tiki doll -- specially designed to kill! Through magic, she coaxes Amy's subconscious spirit to enter the idol's body and bring it to hideous life. Now the idol tracks down the students one by one to exact its grisly revenge in a relentless assault of Tiki terror!",Ron Ford,84 mins   More at IMDb TMDB  Report this page,Horror,"Joelene Smith, Maria Caprile, Tanya Morton",Tiki,2006,https://letterboxd.com/film/tiki/
Titanic 666,2022,"After a mammoth cruise ship sails over the site of the Titanic’s disaster, dark and deadly events start to occur on board. As the ship’s captain investigates the tragic occurrences, it becomes clear that the passengers and crew from the original Titanic have returned.",Nick Lyon,91 mins   More at IMDb TMDB  Report this page,"Thriller, Horror, Mystery","Keesha Sharp, Jamie Bamber, Lydia Hearst",Titanic 666,2022,https://letterboxd.com/film/titanic-666/
Tomb of the Werewolf,2004,"A reality TV crew visits Castle Daninsky to search for a hidden treasure in the dungeons. Instead of finding treasure, they unearth a tomb and unleash a cursed servant.",Fred Olen Ray,82 mins   More at IMDb TMDB  Report this page,Horror,"Paul Naschy, Michelle Bauer, John Henry Richardson",Tomb of the Werewolf,2004,https://letterboxd.com/film/tomb-of-the-werewolf/
The Tomb,2007,"Imprisoning a group of people in a living hell of darkness and death the Puppetmaster controls the fate of each one. One by one, the captives awake in agonizing pain—some are slightly injured, others are fatally wounded. The survivors are also mentally tortured by the unseen villain, who demands that there can be only one winner at this game.",Ulli Lommel,81 mins   More at IMDb TMDB  Report this page,"Thriller, Horror, Drama","Victoria Ullmann, Christian Behm, Gerard Griesbaum",The Tomb,2007,https://letterboxd.com/film/the-tomb-2007/
The Tooth Fairy,2006,A woman and her daughter (Nicole Muñoz) encounter a deadly legend at a bed-and-breakfast.,Chuck Bowman,89 mins   More at IMDb TMDB  Report this page,Horror,"Lochlyn Munro, Chandra West, Steve Bacic",The Tooth Fairy,2006,https://letterboxd.com/film/the-tooth-fairy/
Torched,2003,"Deanna, a young, pretty and upwardly mobile nurse is about to face the most difficult challenge of her life...Deciding whether five men should live or die. In a moment which would change her life forever, Deanna is brutally raped, but the pain she suffered is nothing compared to that which her five suspects are about to endure. One by one, Deanna avenges her rape. Do the men deserve the punishment she inflicts upon them, or the death they will soon desire? Only Deanna will decide who will survive and who gets Torched.",Ryan Nicholson,44 mins   More at IMDb TMDB  Report this page,Horror,"Michelle Boback, Tamara Pender, Danielle Lomas",Torched,2003,https://letterboxd.com/film/torched/
Torment,2008,"Chainsaw Sally star Suzi Lorraine plays a recently released psychiatric hospital patient who heads for an isolated river cottage in order to re-adjust to the outside world, only to be stalked by a psychotic clown with a sick sense of humor. All Laura Wiggington wanted was to be normal again, but after years of living with some of the craziest mental patients ever committed that's a pretty tall order. Thankfully Laura's husband Ray (Tom Stedham) knows just what the doctor ordered - a peaceful getaway far removed from the stress and chaos of the big city. But now Dissecto the clown has arrived at Ray and Laura's cottage in order to perform some seriously sick party tricks, and Laura can't help but wondering if he is in fact for real, or a disturbing delusion conjured by her scarred psyche",Steve Sessions,88 mins   More at IMDb TMDB  Report this page,Horror,"Suzi Lorraine, Tom Stedham, Ted Alderman",Torment,2008,https://letterboxd.com/film/torment-2008/
Torn Hearts,2022,"A promising up-and-coming country duo seek out the secluded mansion of their idol Harper Dutch, a former country music star and Nashville royalty turned recluse. What starts out as a friendly visit devolves into a twisted series of horrors forcing the friends to confront the lengths they will go to in pursuit of their dreams.",Brea Grant,97 mins   More at IMDb TMDB  Report this page,"Horror, Thriller","Katey Sagal, Abby Quinn, Alexxis Lemire",Torn Hearts,2022,https://letterboxd.com/film/torn-hearts/
Tortured,2007,A mobster orders an undercover FBI agent to torture an accountant.,Nolan Lebovitz,107 mins   More at IMDb TMDB  Report this page,"Thriller, Crime","Cole Hauser, Laurence Fishburne, James Cromwell",Tortured,2007,https://letterboxd.com/film/tortured/
The Tortured,2010,"An upper-middle-class couple's life is destroyed when their only child is kidnapped and killed. Obsessed with revenge, the couple seizes an opportunity to kidnap the killer.",Rob Lieberman,79 mins   More at IMDb TMDB  Report this page,"Horror, Thriller","Erika Christensen, Jesse Metcalfe, Bill Moseley",The Tortured,2010,https://letterboxd.com/film/the-tortured/
Totem,1999,"Six people find themselves inexplicably transported to a remote cabin that is surrounded by an invisible barrier. In a nearby graveyard, they discover an ancient, carved stone monument that they dub a ""totem pole."" Soon, they find themselves trapped in a murderous plot by malevolent forces that can control and manipulate their actions with the ultimate goal being to unleash three demonic entities from the monument.",David DeCoteau,68 mins   More at IMDb TMDB  Report this page,Horror,"Jason Faunt, Marissa Tait, Eric W. Edwards",Totem,1999,https://letterboxd.com/film/totem/
Toys of Terror,2020,"A big family moves into a dusty old house in the snowy woods of Washington with hopes of it being a nice holiday escape. But the kids soon discover a stash of old toys that just so happen to belong to a creepy ghost boy. As stranger and stranger things start to happen, some of the kids begin to sense that something in the house is not quite right…",Nicholas Verso,89 mins   More at IMDb TMDB  Report this page,Horror,"Kyana Teresa, Georgia Waters, Dayo Ade",Toys of Terror,2020,https://letterboxd.com/film/toys-of-terror/
Train,2008,"After a night of wild partying and missing their train, the group of students is invited to board another which happens to be heading their way. Once on board, members of the team begin to go missing, and their would-be saviors claim to have no idea what could have happened to them... When they discover the truth, it is too late to escape and they must fight for their lives against their captors to put an end to their ride to hell.",Gideon Raff,94 mins   More at IMDb TMDB  Report this page,"Thriller, Horror","Thora Birch, Gideon Emery, Gloria Votsis",Train,2008,https://letterboxd.com/film/train/
Transamerican Killer,2005,"After his girlfriend leaves him for a woman, a man has a sex change and kills all of her girlfriends to win her back.",Mack Hail,85 mins   More at IMDb TMDB  Report this page,"Horror, Thriller","Cara Jo Basso, Eric Bishop, Monique Chachere",Transamerican Killer,2005,https://letterboxd.com/film/transamerican-killer/
The Traveler,2010,"On a dark Christmas Eve in a small town, the lone Sheriffs on the night shift encounter a mysterious man who goes by the name of Mr. Nobody. As the night progresses, the Sheriffs discover that this isn't just a nobody, but a vengeful killer whose past threatens to haunt them all.",Michael Oblowitz,96 mins   More at IMDb TMDB  Report this page,"Horror, Thriller","John Cassini, Val Kilmer, Camille Sullivan",The Traveler,2010,https://letterboxd.com/film/the-traveler-2010/
Treehouse,2014,A teenage boy discovers the perpetrators of several brutal kidnappings in his home town.,Michael G. Bartlett,96 mins   More at IMDb TMDB  Report this page,"Mystery, Thriller, Horror","J. Michael Trautmann, Dana Melanie, Daniel Fredrick",Treehouse,2014,https://letterboxd.com/film/treehouse/
Treehouse,2019,"Celebu-chef Peter Rake escapes a scandal for a weekend at his family’s isolated vacation home, but there are debts to repay and Peter has to learn the lesson that a woman’s place is anywhere that she chooses to be… if he survives.",James Roday Rodriguez,84 mins   More at IMDb TMDB  Report this page,"TV Movie, Thriller, Horror","Jimmi Simpson, Mary McCormack, Shaunette Renée Wilson",Treehouse,2019,https://letterboxd.com/film/treehouse-2019/
Trees,2000,"In this botanical parody of Jaws, a monstrous killer tree begins sapping the life out of the hikers and campers in a forest park. Can a ranger, a botanist and a grizzled lumberjack chop it down to size?",Michael Pleckaitis,85 mins   More at IMDb TMDB  Report this page,"Horror, Comedy","Kevin McCauley, Philip M. Gardiner, Peter Randazzo",Trees,2000,https://letterboxd.com/film/trees-2000/
Tremors 5: Bloodlines,2015,"When Gummer is hired to capture a deadly creature terrorizing South Africa, he and his new sidekick, Travis Welker, engage in another battle of survival against the fiercely aggressive Graboids.",Don Michael Paul,99 mins   More at IMDb TMDB  Report this page,"Horror, Comedy, Action, Science Fiction, Adventure","Michael Gross, Jamie Kennedy, Pearl Thusi",Tremors 5: Bloodlines,2015,https://letterboxd.com/film/tremors-5-bloodlines/
Tremors: A Cold Day in Hell,2018,Burt Gummer and Travis Welker find themselves in a fight for survival after investigating deadly giant worm attacks in the Canadian arctic.,Don Michael Paul,98 mins   More at IMDb TMDB  Report this page,"Adventure, Science Fiction, Action","Michael Gross, Jamie Kennedy, Tanya van Graan",Tremors: A Cold Day in Hell,2018,https://letterboxd.com/film/tremors-a-cold-day-in-hell/
Triggered,2020,"Nine friends, all harboring a dark secret, go camping in the woods. After a wild night of partying, they wake up with suicide bombs strapped to their chests, all with varying times on their countdown clocks. They decide to work out how to disarm the bombs or find help - until they discover they can 'take' one another's time by killing each other.",Alastair Orr,90 mins   More at IMDb TMDB  Report this page,"Horror, Action","Liesl Ahlers, Reine Swart, Sean Cameron Michael",Triggered,2020,https://letterboxd.com/film/triggered-2020/
Trucks,1997,"A group of seemingly humanistic trucks takeover a truck stop and starts killing everything in sight. The remaining townsfolk must band together and come up with a way to murder the inanimate objects, a seemingly difficult task considering the abnormal circumstances.",Chris Thomson,99 mins   More at IMDb TMDB  Report this page,"Action, Thriller, TV Movie, Horror, Science Fiction","Timothy Busfield, Brenda Bakke, Aidan Devine",Trucks,1997,https://letterboxd.com/film/trucks/
Truth or Dare,2012,"A group of friends are lured to an isolated cabin by a promise of heavy partying, only to find themselves in a nightmarish game of truth or dare.",Robert Heath,95 mins   More at IMDb TMDB  Report this page,"Mystery, Thriller, Horror","Liam Boyle, Jack Gordon, Florence Hall",Truth or Dare,2012,https://letterboxd.com/film/truth-or-dare-2012/
Truth or Dare,2017,"Eight college friends head to a ""Haunted Rental"" in a remote town for Halloween weekend. There, they play the game rumored to have caused the deaths of seven teenagers decades earlier, Truth or Dare. What starts out as vodka induced fun, quickly turns serious when the dares become sickeningly dangerous and the truths threaten to tear the group apart. When players attempt to refuse the increasingly challenging tasks, they're met with deadly consequences, quickly discovering: you must do the dare, or the dare does you. As the death toll mounts, the remaining players must race against the clock to outrun, outsmart and outlast the simple game of Truth or Dare.",Nick Simon,90 mins   More at IMDb TMDB  Report this page,"Thriller, Mystery, Horror, Science Fiction, Fantasy","Heather Langenkamp, Alexxis Lemire, Cassie Scerbo",Truth or Dare,2017,https://letterboxd.com/film/truth-or-dare-2017/
Truth or Dare? - A Critical Madness,1986,Mike Strauber catches his wife Sharon in bed with his best friend Jerry. He gets mad and takes off to embark on an adventure of murder and self-mutilation in demented games of truth or dare.,Tim Ritter,88 mins   More at IMDb TMDB  Report this page,Horror,"John Brace, Mary Fanaro, Bruce Gold",Truth or Dare? - A Critical Madness,1986,https://letterboxd.com/film/truth-or-dare-a-critical-madness/
Twilight Vamps,2010,"A vampire nudie bar? Let's get the party started! Two guys get the lap dance of their lives as they encounter a bevy of bounteous beauties with an appetite for human blood in one of the sexiest night clubs around. With a gang of vampire strippers led by the lovely Tabitha it's a dusk-to-dawn marathon of sex, rock and roll, and more sex! Who will survive and what will left of them?",Fred Olen Ray,81 mins   More at IMDb TMDB  Report this page,"Comedy, Horror, Romance","Brandin Rackley, Christine Nguyen, Dena Kollar",Twilight Vamps,2010,https://letterboxd.com/film/twilight-vamps/
The Twin,2022,"Every parent's worst nightmare is just the beginning for Rachel's ordeal as in the aftermath of a tragic accident, she and her husband Anthony decide to move to the other side of the world to focus on their surviving twin son Elliot. What begins as a time of healing and isolation in the Finnish countryside turns into a desperate battle for the very soul of their son as an entity claiming to be his dead twin brother takes over Elliot — setting Rachel on a diabolical journey to unravel the horrible truth about her twin son.",Taneli Mustonen,109 mins   More at IMDb TMDB  Report this page,"Mystery, Horror","Teresa Palmer, Steven Cree, Barbara Marten",The Twin,2022,https://letterboxd.com/film/the-twin-2022/
Twisted Illusions,1985,"Seven short stories are present in this anthology movie inspired by CREEPSHOW and TWILIGHT ZONE. Anything from an ear of corn to a vacuum cleaner are taken from their normal use and turned into a twisted illusion! And don't forget our resident psycho, who makes even Norman Bates look sane!",Tim Ritter,80 mins   More at IMDb TMDB  Report this page,"Crime, Horror, Thriller","Joel D. Wynkoop, Jerry Zel",Twisted Illusions,1985,https://letterboxd.com/film/twisted-illusions/
Twisted Illusions 2,2004,Anthology sequel in the best TWILIGHT ZONE/CREEPSHOW traditions.,Tim Ritter,102 mins   More at IMDb TMDB  Report this page,"Thriller, Horror","Jasi Cotton Lanier, Joel D. Wynkoop, Larry Joe Treadway",Twisted Illusions 2,2004,https://letterboxd.com/film/twisted-illusions-2/
The Unborn,1991,"A couple who cannot have children joins an in-vitro fertilization program. While she is with child, she finds strange occurrences happening within her body. The horror surrounding the child comes to light when the parents find that their child has been part of a mad experiment.",Rodman Flender,85 mins   More at IMDb TMDB  Report this page,"Horror, Science Fiction","Brooke Adams, Jeff Hayenga, James Karen",The Unborn,1991,https://letterboxd.com/film/the-unborn-1991/
Uncle Peckerhead,2020,"When a punk band scores their first tour, life on the road proves tough when they are joined by a man-eating demon as a roadie.",Matthew John Lawrence,97 mins   More at IMDb TMDB  Report this page,"Horror, Music, Comedy","David Bluvband, Chet Siegel, Chloe Roe",Uncle Peckerhead,2020,https://letterboxd.com/film/uncle-peckerhead/
Uncle Sam,1996,"It's Fourth of July Weekend, and the recently discovered corpse of Sgt. Sam Harper rises from the dead to punish the unpatriotic.",William Lustig,90 mins   More at IMDb TMDB  Report this page,"Comedy, Horror","William Smith, David ""Shark"" Fralick, Christopher Ogden",Uncle Sam,1996,https://letterboxd.com/film/uncle-sam/
The Understudy: Graveyard Shift II,1988,The macho Italian vampire Baisez appears on the set of a low-budget film about vampirism and billiards and seduces the cast and crew.,Jerry Ciccoritti,90 mins   More at IMDb TMDB  Report this page,Horror,"Wendy Gazelle, Mark Soper, Michael A. Miranda",The Understudy: Graveyard Shift II,1988,https://letterboxd.com/film/the-understudy-graveyard-shift-ii/
Unholy,2007,"Martha, a widow living in rural Pennsylvania, comes home to find her daughter about to blow her own head off with a shotgun in the basement of their house. Martha doesn't succeed in stopping her child's horrific demise, but the girl's death gradually leads the grieving mother to investigate a conspiracy that involves a legendary local witch, Nazi dabbling with the occult, and secret government experiments, with the story even referencing the fabled Philadelphia Experiment",Daryl Goldberg,90 mins   More at IMDb TMDB  Report this page,"Horror, Science Fiction, Thriller","Adrienne Barbeau, Nicholas Brendon, Siri Baruc",Unholy,2007,https://letterboxd.com/film/unholy/
Unhuman,2022,"After their school bus crashes, a group of high school students is thrown into a terrifying fight for survival as they try to take down a group of unhuman savages… before they kill each other first.",Marcus Dunstan,87 mins   More at IMDb TMDB  Report this page,"Comedy, Horror","Brianne Tju, Ali Gallo, Benjamin Wadsworth",Unhuman,2022,https://letterboxd.com/film/unhuman-2022/
Uninvited,1988,"A sinister corporation loses control of a house cat infected with a genetically-engineered virus. The death-toll rises during the mutant feline's rampage, and eventually, it finds its way on board a ship of a criminal king-pin.",Greydon Clark,90 mins   More at IMDb TMDB  Report this page,"Science Fiction, Horror","Toni Hudson, Rob Estes, Alex Cord",Uninvited,1988,https://letterboxd.com/film/uninvited/
The Unnamable II,1992,"A creature of demonic nature, too hideous to have a name, once again terrorizes the college kids that summoned it.",Jean-Paul Ouellette,104 mins   More at IMDb TMDB  Report this page,Horror,"Mark Kinsey Stephenson, Charles Klausmeyer, Maria Ford",The Unnamable II,1992,https://letterboxd.com/film/the-unnamable-ii/
Unseen Evil,2001,"A group of hikers led by a college professor are searching the woods for an ancient Indian burial mound. When they discover a likely site, three members of the group reveal themselves to be grave looters, and tie up the others so they can keep the valuable artefacts for themselves. In the course of ransacking the mound, one of them stumbles across a cursed crown that unleashes the mound's guardian: an invisible monster that begins attacking everyone it finds. Will anyone make it back to civilization alive?",Jay Woelfel,93 mins   More at IMDb TMDB  Report this page,Horror,"Richard Hatch, Tim Thomerson, Cindi Braun",Unseen Evil,2001,https://letterboxd.com/film/unseen-evil/
Unseen Evil 2,2004,"After a series of brutal, unexplained murders in a remote forest, a rogue military unit is recruited to hunt for whoever - or whatever - has rendered the attacks. In order to carry out the investigation, they need the help of the only survivor, Kate. But first they have to get her released from the mental institution she's been confined to since the horrific attack.",Jeff Leroy,81 mins   More at IMDb TMDB  Report this page,"Horror, Science Fiction","Lorenzo Lamas, Priscilla Barnes, Corbin Timbrook",Unseen Evil 2,2004,https://letterboxd.com/film/unseen-evil-2/
Unspeakable,2000,"Impotent and unhappy middle-aged James Fhelleps goes murderously around the bend after an automobile accident claims the life of his beloved daughter Heather and turns his nagging wife Alice into a pathetic grotesquely disfigured cripple. James embarks on a savage killing spree, brutally butchering such low-life scum as hookers and drug dealers so he can reach Heather from the other side.",Chad Ferrin,81 mins   More at IMDb TMDB  Report this page,Horror,"Roger Garcia, Tamara Noll, Leigh Silver",Unspeakable,2000,https://letterboxd.com/film/unspeakable-2000/
Urban Legends: Bloody Mary,2005,"On a prom-night dare, a trio of high school friends chant an incantation, unleashing an evil spirit from the past with deadly consequences.",Mary Lambert,93 mins   More at IMDb TMDB  Report this page,"Horror, Mystery","Kate Mara, Robert Vito, Tina Lifford",Urban Legends: Bloody Mary,2005,https://letterboxd.com/film/urban-legends-bloody-mary/
V/H/S/94,2021,"After the discovery of a mysterious VHS tape, a brutish police SWAT team launches a high-intensity raid on a remote warehouse, only to discover a sinister cult compound whose collection of pre-recorded material uncovers a nightmarish conspiracy.",Jennifer Reeder,103 mins   More at IMDb TMDB  Report this page,"Thriller, Horror","Anna Hopkins, Anthony Christian Potenza, Brian Paul",V/H/S/94,2021,https://letterboxd.com/film/v-h-s-94/
Vacancy 2: The First Cut,2008,"Three young people check into the Meadow View Inn for a night's rest, fully unaware of the inn's sick-minded employees and their nefarious intentions.",Eric Bross,86 mins   More at IMDb TMDB  Report this page,"Crime, Thriller, Horror","Agnes Bruckner, Joe Reegan, Gwendoline Yeo",Vacancy 2: The First Cut,2008,https://letterboxd.com/film/vacancy-2-the-first-cut/
Vampegeddon,2010,"Chased out of the old world, the dark vampire lord Giovanni flees to the American southwest where he sets up a new brood. Longshank, Brittan's premier vampire slayer follows him here, and in a final confrontation in the Arizona desert both are killed. A hundred years later Melissa, a gorgeous, goth, lesbian college student, is obsessed with becoming a vampire and escaping her terrible home life. Along with her four friends, Ted, Liz, Mona, and Kent, she regularly conducts ceremonies where she tries to commune with dark forces. When she buys an old, evil book at a creepy garage sale she finally has the key she has been searching for. Following her dreams of Giovanni and a map in the book the five friends hike out to ""Massacre Lane"" and finally summon up some real vampires.",Jeffrey Alan Miller,75 mins   More at IMDb TMDB  Report this page,Horror,"Jacqueline Smith, Katherine Von Forelle, Josh Bingenheimer",Vampegeddon,2010,https://letterboxd.com/film/vampegeddon/
Vampire Assassin,2005,"Martial artist Ron Hall stars in this dark vampire thriller reminiscent of BLADE. Ambitious cop Derek (Hall) is dogged by a phobia that is unfortunate in his line of work. Having witnessed his father's murder as a young child, he is deathly afraid of blood, but when he takes the law into his own hands to catch underworld counterfeiter Gustoff Slovak, he is forced to face his fear. The operation blows up in his face, resulting in a massacre that leaves Derek the only one of his team to survive. Derek reaches the shocking conclusion that Slovak is actually a vampire, and joins forces with the last in a long line of vampire hunters, Master Kao, who agrees to train Derek in his ancient art. However, in order to combat Slovak--whose past intersects with Derek's own in disturbing ways--Derek must become that which he hates the most: a vampire.",Ron Hall,90 mins   More at IMDb TMDB  Report this page,"Action, Horror","Ron Hall, Mel Novak, Gerald Okamura",Vampire Assassin,2005,https://letterboxd.com/film/vampire-assassin/
Vampire Blues,1999,A pretty American teenager from New Jersey goes on vacation in the south of Spain where she is unknowingly stalked by the vampire.,Jesús Franco,91 mins   More at IMDb TMDB  Report this page,Horror,"Analía Ivars, Lina Romay, Rachel Sheppard",Vampire Blues,1999,https://letterboxd.com/film/vampire-blues/
Vampire Boys,2011,"Jasin and his vampire brood's time is running out. In order for them to survive, Jasin needs to find a mortal to turn into a vampire to spend eternity with. Los Angeles provides plenty of young candidates. The brood has their eyes set on Tara, a young, gorgeous blond college student. Tara is open to the idea of becoming a vampire, but someone else enters the picture to disrupt the brood's plans. Caleb, a fresh face college student new to Los Angeles, keeps dreaming of a mysterious stranger. At school, Caleb meets the stranger, Jasin, and they have an instant connection. The problem is that time is short, and Jasin needs to convince Caleb that eternity as a vampire can be a very sweet life.",Charlie Vaughn,70 mins   More at IMDb TMDB  Report this page,Horror,"Jason Lockhart, Christian Ferrer, Dylan Vox",Vampire Boys,2011,https://letterboxd.com/film/vampire-boys/
Vampire Boys 2: The New Brood,2013,"The vampires are back in town but this time there’s a new brood. Chisel-jawed Jon Euler steams up the screen as brood leader Jasin in this hot sequel to the wildly popular original. This time his vengeful ex-lover Demetrius (ripped dreamboat Rob Hoflund) is out to get Jasin and brings along his coven to boot. Jasin and Caleb’s eternal love is put to the test when Jasin’s jilted lover Demetrius returns to get this revenge. Demetrius plots to destroy Jasin by creating an army of vampires — unwilling victims recruited from the local boxing gym. Tara, reeling from her own rejection by Jasin, is eventually compelled by Demetrius to join him in his quest.",Steven Vasquez,75 mins   More at IMDb TMDB  Report this page,Horror,"David Alanson Bradberry, Addison Graham, Rob Hoflund",Vampire Boys 2: The New Brood,2013,https://letterboxd.com/film/vampire-boys-2-the-new-brood/
Vampire Call Girls,1998,"Billy Sims is out on the town and he's lonely. This is the perfect night to call up an escort service. Unfortunately he picks the wrong service. These call girls are not only out for money, they're out for blood and a whole lot of it!",Everette Hartsoe,73 mins   More at IMDb TMDB  Report this page,Horror,"Glori-Anne Gilbert, Lilith Stabs, Jasi Cotton Lanier",Vampire Call Girls,1998,https://letterboxd.com/film/vampire-call-girls/
Vampire Chicks with Chainsaws,2006,"All the myths about vampires are just that. Crosses, holy water, garlic -- they do absolutely nothing! The only thing that can kill a vampire has been injected into Quinn, a rough and rugged hillbilly with a chip on his shoulder. Now he is wanted by both vampires and those who want to destroy them. Quinn's only hope of survival is Karel, a renegade vampire warrior who does the unthinkable -- she falls in love with him.",Carlos Don Diego,82 mins   More at IMDb TMDB  Report this page,Horror,"Adam Abram, Olesya Rulin, Duane Andersen",Vampire Chicks with Chainsaws,2006,https://letterboxd.com/film/vampire-chicks-with-chainsaws/
Vampire Dad,2020,"In the early 1960s, a family man-turned-vampire struggles with his beastly nature while his devoted wife tries to keep anyone from finding out, including their teenage daughter.",Frankie Ingrassia,80 mins   More at IMDb TMDB  Report this page,"Comedy, Fantasy","Jackson Hurst, Grace Caroline Currey, Emily O'Brien",Vampire Dad,2020,https://letterboxd.com/film/vampire-dad/
Vampire Journals,1997,A 19th century vampire stalks a more powerful vampire lord in his quest to gain revenge over the death of his mistress. In his search for the vampire lord in Eastern Europe he kills many of his servants and fellow vampires while cursing another to vampirism as well.,Ted Nicolaou,92 mins   More at IMDb TMDB  Report this page,"Thriller, Horror, Fantasy","Jonathon Morris, David Gunn, Kirsten Cerre",Vampire Journals,1997,https://letterboxd.com/film/vampire-journals/
Vampire Obsession,2002,Wendy is a prostitute who lives with her girlfriend - who wants her all to herself. Wendy meets Alexis and becomes her sex slave and soon finds out that Alexis not only seduces girls but drinks their blood too.,John Bacchus,75 mins   More at IMDb TMDB  Report this page,Horror,"Anushka Garin, Jade Duboir, Darian Caine",Vampire Obsession,2002,https://letterboxd.com/film/vampire-obsession/
Vampire Resurrection,2001,"Buried deep beneath the earth for a hundred years Jonathan had to sacrifice his own soul and become a vampire in order to find his true love. Meanwhile, a beautiful young woman, Victoria, wakes from recurring dreams of a time when she was in love. It is clear that Victoria is Jonathan's true love and when they finally meet, they realize that their souls are forever intertwined. Victoria finds herself caught between her immortal love and her mortal ties. Jonathan has made the ultimate sacrifice for her - his own mortality. Will she now do the same for him?",Denice Duff,77 mins   More at IMDb TMDB  Report this page,Horror,"Denice Duff, James Horan, Jillian McWhirter",Vampire Resurrection,2001,https://letterboxd.com/film/vampire-resurrection-2001/
Vampire Sisters,2004,"These sexy sirens bring a whole new meaning to ""Ladies of the Night"" as they lure victim after victim to their VampSisters.com website. Utilizing the web to entice victims to their lair, they seductively work their beauty and their bodies to fulfill an unholy desire to feed on human blood! Once the kinky fun begins, the sisters bare their fangs and the feeding frenzy begins!",Joe Ripple,80 mins   More at IMDb TMDB  Report this page,Horror,"Darla Albornoz, Syn DeVil, Jeannie Michelle Jameson",Vampire Sisters,2004,https://letterboxd.com/film/vampire-sisters-2004/
Vampire Virus,2020,"A young woman contracts a deadly virus after an unusual sexual encounter, and soon develops a taste for human blood.",Charlie Steeds,90 mins   More at IMDb TMDB  Report this page,"Horror, Thriller","Natalie Martins, Derek Nelson, Jéssica Alonso",Vampire Virus,2020,https://letterboxd.com/film/vampire-virus/
Vampire Vixens,2003,"Vampire Vixens - the lip-smacking, long-awaited sequel to the erotic cult hit, The Vampire's Seduction. The fanged and fabulously succulent daughter of Count Dracula has returned once again from beyond the grave. Dracoola (Mia Copia) is her name, and seducing gorgeous women is her game. Dracoola desires only the choicest lesbians, and to that end, she requires the service of the nerdy Eugene Renfield to deliver the hot'n'writhing goods to her lair.",John Bacchus,78 mins   More at IMDb TMDB  Report this page,"Comedy, Fantasy, Horror","Erin Brown, Darian Caine, Tina Krause",Vampire Vixens,2003,https://letterboxd.com/film/vampire-vixens/
Vampire Vixens from Venus,1995,"Hideous in their original form, four alien drug smugglers transform into beautiful women on Earth. The drug is derived from draining the “life essence” from men. Hot on their trail are both the local police and intergalactic DEA. Packed with eye-popping state-of-the-art special effects and stereo sound, VAMPIRE VIXENS FROM VENUS is a sexy, funny, sci-fi thriller.",Ted A. Bohus,90 mins   More at IMDb TMDB  Report this page,"Comedy, Horror, Science Fiction","Michelle Bauer, Leon Head, Theresa Lynn",Vampire Vixens from Venus,1995,https://letterboxd.com/film/vampire-vixens-from-venus/
Vampirella,1996,"Dark, mysterious and sensual, Vampirella (Talisa Soto) is a princess from the Planet Drakulon. Like all vampires, she needs blood to live, but she will not kill to get it - a synthetic substitute keeps her alive. After journeying across space and time seeking vengeance for her father's brutal murder, she now finds herself on Earth, in Las Vegas, where her enemy Vlad (Roger Daltry) has disguised himself as a rock star. In order to stop Vlad's doomsday plan for world domination, Vampirella must make a dangerous alliance with a group of hi-tech vampire hunters. It's a race to stop the apocalypse of humanity and our fate is in the hands of the fiery, dangerous and beautiful Vampirella.",Jim Wynorski,86 mins   More at IMDb TMDB  Report this page,"Science Fiction, Horror, Action","Talisa Soto, Roger Daltrey, Richard Joseph Paul",Vampirella,1996,https://letterboxd.com/film/vampirella/
The Vampires of Bloody Island,2010,"In her crumbling castle on a remote English island, the vampire countess Morticia D'Ath concocts her sinister plan. With her zombie henchman Grunt, and alchemist Dr. N. Sane, she aims to make all Vampirekind immune to the fatal effects of sunlight! Caught up in her evil plan are two bickering office workers and an enigmatic demon hunter, who must desperately fight to rid the world of Morticia's terrifyingly evil vampire army. Filled to its rotting rafters with creepy comical characters and plenty of exploding vampires, this cult English comedy is a laugh-packed send-up of every vampire film you've ever loved and a must-have movie for your DVD collection!",Allin Kempthorne,108 mins   More at IMDb TMDB  Report this page,"Comedy, Horror","Allin Kempthorne, Pamela Kempthorne, Fritz Aardvark Bragpuss",The Vampires of Bloody Island,2010,https://letterboxd.com/film/the-vampires-of-bloody-island/
Vampires on Bikini Beach,1988,"Two teenagers find a book called ""The Book of the Dead,"" and soon they discover that a vampire cult, which needs the book to raise the dead so they can take over the world, is after them.",Mark Headley,80 mins   More at IMDb TMDB  Report this page,Horror,"Jennifer Badham, Todd Kaufman, Stephen Mathews",Vampires on Bikini Beach,1988,https://letterboxd.com/film/vampires-on-bikini-beach/
Vampires: Los Muertos,2002,"Tough-as-nails vampire hunter Derek Bliss is on the hunt for ""suckers"" in the heart of Mexico when he receives a new assignment from a mysterious client. Thrown together with a group of slayers, including sexy Zooey, who may or may not be one of the undead. Derek and company are up against a growing number of fast-moving, bloodthirsty vampires and their elusive and powerful leader.",Tommy Lee Wallace,93 mins   More at IMDb TMDB  Report this page,"Horror, Thriller, Action","Jon Bon Jovi, Cristián de la Fuente, Diego Luna",Vampires: Los Muertos,2002,https://letterboxd.com/film/vampires-los-muertos/
Vampires: Out For Blood,2004,"In the dark, throbbing world of underground raves, people are vanishing without a trace and Detective Hank Holten is the only one who knows the terrible truth. Vampires.",Richard Brandes,95 mins   More at IMDb TMDB  Report this page,"Action, Fantasy, Thriller, Horror","Kevin Dillon, Vanessa Angel, Jodi Lyn O'Keefe",Vampires: Out For Blood,2004,https://letterboxd.com/film/vampires-out-for-blood/
Vampiyaz,2004,"A hip-hop, ex-con returns to his former neighborhood and must team up with a group of vampire hunter-killers to rid the area of vampires whom have taken over the area.",John Bacchus,83 mins   More at IMDb TMDB  Report this page,"Horror, Crime","Richard Carroll Jr., Malik Burke, Lila Blake Palmer",Vampiyaz,2004,https://letterboxd.com/film/vampiyaz/
The Vault,2001,"Housed inside a vault in the basement of an abandoned school lurks an evil that has been locked away for over a hundred years. When a teacher and 5 students visit the school to archive any memorabilia before it's torn down, they mistakenly free the horrific spirit, turning the school into a deadly prison. Now they must face the evil and banish it to the vault once again before it kills them and escapes to destroy the world...",James Black,72 mins   More at IMDb TMDB  Report this page,"Action, Thriller, Horror","Leopoldo Mandeville, James Black, Michael Cory Davis",The Vault,2001,https://letterboxd.com/film/the-vault-2001/
The Veil,2016,"30 years ago, when members of a religious cult known as Heaven's Veil take their own lives. The truth behind what really happened remains buried deep in the memory of the sole survivor, a five-year-old girl. Now as an adult she returns to the compound with a documentary crew. They soon discover something that is far more terrifying than anything they could have imagined.",Phil Joanou,93 mins   More at IMDb TMDB  Report this page,Horror,"Jessica Alba, Thomas Jane, Lily Rabe",The Veil,2016,https://letterboxd.com/film/the-veil-2016/
The VelociPastor,2017,"After losing his parents, a priest travels to China, where he inherits a mysterious ability to turn into a dinosaur. At first horrified by this new power, a prostitute convinces him to fight crime. And ninjas.",Brendan Steere,75 mins   More at IMDb TMDB  Report this page,"Comedy, Action, Horror","Gregory James Cohan, Alyssa Kempinski, Claire Hsu",The VelociPastor,2017,https://letterboxd.com/film/the-velocipastor/
Velvet Buzzsaw,2019,"Big money artists and mega-collectors pay a high price when art collides with commerce. After a series of paintings by an unknown artist are discovered, a supernatural force enacts revenge on those who have allowed their greed to get in the way of art.",Dan Gilroy,113 mins   More at IMDb TMDB  Report this page,"Thriller, Mystery, Horror","Rene Russo, Jake Gyllenhaal, Zawe Ashton",Velvet Buzzsaw,2019,https://letterboxd.com/film/velvet-buzzsaw/
Vengeance of the Dead,2001,"Visiting his Grandpa in the small town of Harvest, Eric is haunted in his dreams by Julia, a ghost who falls in love with him, appearing first as a little girl and later as an adult. In the dreams, Julia reveals that she was burned alive and her mother murdered by hooded men. He is soon unable to distinguish these dreams from reality, and finds himself desecrating the grave of one of the killers, and burning alive those that are still alive, all while sleepwalking.",Don Adams,72 mins   More at IMDb TMDB  Report this page,Horror,"Michael Galvin, Mark Vollmers, Susan Karsnick",Vengeance of the Dead,2001,https://letterboxd.com/film/vengeance-of-the-dead/
Vicious,2003,"A normal camping trip becomes a fight for survival for four friends when they encounter a mysterious stranger named Kane (horror legend, Tom Savini). Kane, a government operative is charged with the task of containing a rogue military experiment loose in the wild. Kane’s primary objective is to capture unsuspecting campers and feed them to the ravenous beast. In the end the survivors are faced with a fight to the death with a vicious monster and the man who controls it.",Matt Green,90 mins   More at IMDb TMDB  Report this page,"Horror, Action","Tom Savini, Brian Bremer, Melanie Parker",Vicious,2003,https://letterboxd.com/film/vicious/
The Video Dead,1987,"On a quiet, tree-lined street, an old television set receives a single channel that repeats the same horror film over and over, freeing zombies from the grave to kill.",Robert Scott,90 mins   More at IMDb TMDB  Report this page,"Horror, Fantasy, Comedy","Roxanna Augesen, Rocky Duvall, Michael St. Michaels",The Video Dead,1987,https://letterboxd.com/film/the-video-dead/
Video Violence,1987,"A couple open a video store in a new town, and come to find out that the locals only rent horror films and the ""occasional triple X'er"", and make their own snuff videos.",Gary P. Cohen,98 mins   More at IMDb TMDB  Report this page,Horror,"Gary Schwartz, Chick Kaplan, Robin Leeds",Video Violence,1987,https://letterboxd.com/film/video-violence/
Video Violence Part 2,1988,"The killers are back and now hosting their own TV show broadcast secretly from their basement. They examine the fine art of murder, letting other aspiring psychos send in videos of their handiwork for the world to enjoy.",Gary P. Cohen,75 mins   More at IMDb TMDB  Report this page,"Comedy, Horror","David Christopher, Mavis Harris, Neil Cerbone",Video Violence Part 2,1988,https://letterboxd.com/film/video-violence-part-2/
Vile,2011,"A group of people awaken to find themselves prisoners in a mysterious house with no means of escape. They are each outfitted with electronic devices attached to the base of their skulls. The chemicals that the brain produces when in pain are collected by the devices, and when it collects a predetermined amount, the doors will be opened. In order to escape, they must hurt themselves and each other.",Taylor Sheridan,88 mins   More at IMDb TMDB  Report this page,"Horror, Thriller","Eric Jay Beck, April Matson, Akeem Smith",Vile,2011,https://letterboxd.com/film/vile/
Violent New Breed,1997,A detective investigating a rash of mysterious drug-related deaths finds a society of Satanists bent on bringing about the End Times.,Todd Sheets,114 mins   More at IMDb TMDB  Report this page,Horror,"Rudy Ray Moore, Mark Glover, Nick Stodden",Violent New Breed,1997,https://letterboxd.com/film/violent-new-breed/
Violent Shit,1989,"A demented, wicked, deformed, cannibalistic killer named K. The Butcher Shitter, escapes from the police and slaughters people in many gory, bloody ways.",Andreas Schnaas,75 mins   More at IMDb TMDB  Report this page,Horror,"Andreas Schnaas, Wolfgang Hinz",Violent Shit,1989,https://letterboxd.com/film/violent-shit/
Violent Shit III: Infantry of Doom,1999,"Karl Jr. continues his killing spree on a remote island with the help of his father and their army of metal masked mercenaries known as the Infantry of Doom. A band of castaways are turned loose in the wilderness and hunted down, where they must fight to survive. They have moon's phase time to make across the island safely.",Andreas Schnaas,79 mins   More at IMDb TMDB  Report this page,"Action, Horror","Joe Neumann, Uwe Grüntjes, Winni Holl",Violent Shit III: Infantry of Doom,1999,https://letterboxd.com/film/violent-shit-iii-infantry-of-doom/
Violent Shit II: Mother Hold My Hand,1992,"Drilled by his deranged mother, Karl the Butcher Jr. takes revenge for the gruesome death of his father. Anyone who sets foot on the forest has to die. Hold on to your limbs as Karl Jr. slaughter his victims to some amazing tunes of terror. Decapitation is just the beginning...",Andreas Schnaas,73 mins   More at IMDb TMDB  Report this page,Horror,"Andreas Schnaas, Anke Prothmann, Alexander Jurkat",Violent Shit II: Mother Hold My Hand,1992,https://letterboxd.com/film/violent-shit-ii-mother-hold-my-hand/
Violent Shit: The Movie,2015,Rome is shattered by a series of gruesome murders that paint the Eternal City deep red. The suspicion grows that these atrocious crimes are connected with the return of one of the most heinous serial killers of our time - Karl the Butcher.,Luigi Pastore,82 mins   More at IMDb TMDB  Report this page,Horror,"Giovanni Lombardo Radice, Antonio Zequila, Simone Destrero",Violent Shit: The Movie,2015,https://letterboxd.com/film/violent-shit-the-movie/
Viral,2016,"Following the outbreak of a virus that wipes out the majority of the human population, a young woman documents her family's new life in quarantine and tries to protect her infected sister.",Henry Joost,86 mins   More at IMDb TMDB  Report this page,"Science Fiction, Drama, Horror","Sofia Black-D'Elia, Lio Tipton, Travis Tope",Viral,2016,https://letterboxd.com/film/viral-2016/
Virus: 32,2022,A virus is unleashed and a chilling massacre runs through the streets of Montevideo.,Gustavo Hernández,90 mins   More at IMDb TMDB  Report this page,Horror,"Daniel Hendler, Paula Silva, Franco Rilla",Virus: 32,2022,https://letterboxd.com/film/virus-32/
The Visitor,2022,"After a series of tragedies including the death of his father-in-law, Robert and his wife Maia leave their home in London to move back to her childhood home. But when Robert discovers an old portrait in the attic of a man who is his spitting image, he goes down a rabbit hole to discover the identity of this mysterious doppelganger known only as the visitor. It isn’t long until he realizes – where the visitor goes, death follows.",Justin P. Lange,86 mins   More at IMDb TMDB  Report this page,"Horror, Mystery, Thriller","Finn Jones, Jessica McNamee, Donna Biscoe",The Visitor,2022,https://letterboxd.com/film/the-visitor-2022-3/
The Voices,2020,"Angry and upset after a sudden breakup with her fiancé, Grace Crawford seeks sanctuary at the remote home of her sister, Catherine. It becomes clear that Catherine is suffering from paranoid schizophrenia, much like their late mother, who had taken her own life. While coming to terms with this heavy realization, Grace also uncovers another terrible little secret that has her struggling to maintain her own sanity and ultimately scurrying to save herself and her family from further harm.",Bradley Fowler,96 mins   More at IMDb TMDB  Report this page,"Thriller, Horror","Amanda Markowitz, Victoria Matlock, Brendan Sexton III",The Voices,2020,https://letterboxd.com/film/the-voices-2020/
Voodoo Academy,2000,"Young Christopher has just enrolled at the prestigious Carmichael Bible College, managed by the somewhat unusual Mrs. Bouvier. After some unexplained disappearances, Christopher does some exploring and discovers that Mrs. Bouvier and the Reverend Carmichael have some very unwholesome intentions for the young men of their school. Will Christopher graduate with his body and soul intact?",David DeCoteau,92 mins   More at IMDb TMDB  Report this page,"Fantasy, Horror, Thriller","Riley Smith, Huntley Ritter, Kevin Calisher",Voodoo Academy,2000,https://letterboxd.com/film/voodoo-academy/
Voodoo Soup,1994,"A Super Goofy, silly, spoof on everything Vampires, made years before the Jimi Hendrix Album.",Greg Lewolt,116 mins   More at IMDb TMDB  Report this page,,"Phebe Mansur, Pete Mahar, J. Scott Bovitz",Voodoo Soup,1994,https://letterboxd.com/film/voodoo-soup/
Warlock III: The End of Innocence,1999,"A college student unexpectedly finds that she has inherited a derelict house. Accompanied by a group of friends, she goes there to clear it of heirlooms before the structure is demolished. Almost immediately, she and her friends are targeted by a powerful warlock who is very interested in her bloodline.",Eric Freiser,94 mins   More at IMDb TMDB  Report this page,"Fantasy, Horror","Bruce Payne, Ashley Laurence, Paul Francis",Warlock III: The End of Innocence,1999,https://letterboxd.com/film/warlock-iii-the-end-of-innocence/
Wasting Away,2007,"Brain freeze has never been so bad once you’ve tasted Ale Cream, as four friends inadvertently eat some radioactive ice-cream, turning them into zombies. Only problem is they don’t see themselves as the undead, but as super soldiers.",Matthew Kohnen,91 mins   More at IMDb TMDB  Report this page,"Horror, Comedy","Matthew Davis, Colby French, Julianna Robinson",Wasting Away,2007,https://letterboxd.com/film/wasting-away-2007/
Watchers III,1994,"A top-secret experiment spawns two highly intelligent life-forms: Einstein, a golden retriever with an IQ of 175; and The Outsider, a deformed monstrosity that exists to kill... and avenge its creators. When the Outsider escapes into the jungles of South America, the government sends in some ex-military convicts to catch the beast. But what starts out as a high-speed chase ends up in bloody carnage. Only Einstein knows the Outsider's motives, and only the canine can outsmart the creature. Now, it's a battle of beasts as man's best friend confronts man's worst nightmare.",Jeremy Stanford,84 mins   More at IMDb TMDB  Report this page,"Science Fiction, Horror","Wings Hauser, Gregory Scott Cummins, Daryl Keith Roach",Watchers III,1994,https://letterboxd.com/film/watchers-iii/
Watchers II,1990,A genetically re-engineered dog develops a psychic link with a monster created in a lab experiment which goes awry.,Thierry Notz,101 mins   More at IMDb TMDB  Report this page,"Science Fiction, Horror","Marc Singer, Tracy Scoggins, Mary Woronov",Watchers II,1990,https://letterboxd.com/film/watchers-ii/
Waxwork II: Lost in Time,1992,The survivors of the first Waxwork must use a portal through time to defeat the evil that has followed them and turned their lives upside down.,Anthony Hickox,104 mins   More at IMDb TMDB  Report this page,"Comedy, Horror, Fantasy","Zach Galligan, Monika Schnarre, Martin Kemp",Waxwork II: Lost in Time,1992,https://letterboxd.com/film/waxwork-ii-lost-in-time/
We Summon the Darkness,2019,Three best friends attending a heavy-metal show cross paths with sadistic killers after they travel to a secluded country home for an after party.,Marc Meyers,91 mins   More at IMDb TMDB  Report this page,"Thriller, Horror","Alexandra Daddario, Keean Johnson, Logan Miller",We Summon the Darkness,2019,https://letterboxd.com/film/we-summon-the-darkness/
Wedding Slashers,2006,"Jenna is a young woman that has lost every man she loved since she was very young. Now she has encountered Alex and they decide to move in together and get married. She has told him that she lost her parents but in the church, she glances at her parents and she decides to call off the wedding. She asks to her friends to leave the church and she discloses the story of her family to Alex. Meanwhile all their friends are murdered by killers and Jenna tells that they are members of her family. Why are they killing her friends?",Carlos Scott,80 mins   More at IMDb TMDB  Report this page,"Comedy, Horror","Richard Lynch, Maria Ford, Kurly Tlapoyawa",Wedding Slashers,2006,https://letterboxd.com/film/wedding-slashers/
Weedjies! Halloweed Night,2019,"When a midnight scavenger hunt for a rare bud of weed brings a group of party-hungry stoners to a haunted hotel, they open a portal and unleash a group of ghastly hysterical creatures that has only one mission: party ‘till you die.",Danny Draven,76 mins   More at IMDb TMDB  Report this page,"Comedy, Horror","Victoria Strange, Jonathan Charles, Brett Hargrave",Weedjies! Halloweed Night,2019,https://letterboxd.com/film/weedjies-halloweed-night/
Welcome to the Circle,2020,"A random bear attack during a family camping trip leaves Greg (father) and Samantha (daughter) trapped by demon worshiping cult known as The Circle. Unbeknownst to all is that there's an infiltrator in the cults ranks. She is communication with a former member on the outside named Grady. Grady's plan is to lead a small group of rescuers into the heart of The Circle. But will they get there in time to save Greg, Samantha, and others from the demon known as Percy Stephens?",David H. Fowler,99 mins   More at IMDb TMDB  Report this page,Horror,"Taylor Dianne Robinson, Matthew MacCaull, Matt Bellefleur",Welcome to the Circle,2020,https://letterboxd.com/film/welcome-to-the-circle/
Welcome to the Jungle,2007,"Two young couples head into the New Guinea wilderness in an effort to find Michael Rockefeller, the heir to the Rockefeller fortune who disappeared in 1961.",Jonathan Hensleigh,83 mins   More at IMDb TMDB  Report this page,Horror,"Sandi Gardiner, Veronica Sywak, Callard Harris",Welcome to the Jungle,2007,https://letterboxd.com/film/welcome-to-the-jungle/
Werewolf,1997,"After an archaeological team in Arizona unearths a werewolf skeleton and one of them develops symptoms of lycanthropy before dying, the dig's foreman, Yuri, tries to infect other townspeople as an experiment. When a science writer named Paul takes up residence in the town to cover the dig and develops a romantic interest in a female team member, Yuri makes Paul his next target.",Tony Zarindast,99 mins   More at IMDb TMDB  Report this page,Horror,"Jorge Rivero, Richard Lynch, Federico Cavalli",Werewolf,1997,https://letterboxd.com/film/werewolf/
Werewolf by Night,2022,"On a dark and somber night, a secret cabal of monster hunters emerge from the shadows and gather at the foreboding Bloodstone Temple following the death of their leader. In a strange and macabre memorial to the leader’s life, the attendees are thrust into a mysterious and deadly competition for a powerful relic—a hunt that will ultimately bring them face to face with a dangerous monster.",Michael Giacchino,55 mins   More at IMDb TMDB  Report this page,"Horror, Action, Fantasy","Gael García Bernal, Laura Donnelly, Harriet Sansom Harris",Werewolf by Night,2022,https://letterboxd.com/film/werewolf-by-night-in-color/
Werewolf in a Women's Prison,2006,"A woman wakes up in a corrupt prison after being attacked by a werewolf while camping with her boyfriend. She learns that her boyfriend was torn apart, and she is the only suspect.",Jeff Leroy,86 mins   More at IMDb TMDB  Report this page,Horror,"Victoria De Mare, Eva Derrek, Vinnie Bilancio",Werewolf in a Women's Prison,2006,https://letterboxd.com/film/werewolf-in-a-womens-prison/
A Werewolf in Slovenia,2014,"When the moon is full in Slovenia, a creature comes out to feast on his prey. This fear of a werewolf stalking at night has citizens taking up arms.",Philip Gardiner,60 mins   More at IMDb TMDB  Report this page,"Documentary, Horror","Martin Calcroft, Stephen Foster-Hunt, Jack Burrows",A Werewolf in Slovenia,2014,https://letterboxd.com/film/a-werewolf-in-slovenia/
Werewolf: The Beast Among Us,2012,"Set in a 19th century village, a young man studying under a local doctor joins a team of hunters on the trail of a wolf-like creature.",Louis Morneau,93 mins   More at IMDb TMDB  Report this page,"Thriller, Horror, Drama","Ed Quinn, Guy Wilson, Stephen Rea",Werewolf: The Beast Among Us,2012,https://letterboxd.com/film/werewolf-the-beast-among-us/
Werewolf: The Devil's Hound,2007,"An escaped werewolf - who’s determined to start a family of her own - sinks her claws into Kevin, leaving him with an uncontrollable desire to kill. Can his family save him before his lycan nature takes over for good?",Gregory C. Parker,89 mins   More at IMDb TMDB  Report this page,"Thriller, Horror","Michael Wrann, Michael Dionne, Tamara Malawitz",Werewolf: The Devil's Hound,2007,https://letterboxd.com/film/werewolf-the-devils-hound/
When a Killer Calls,2006,A babysitter begins receiving threatening phone calls from a man who has just killed an entire family.,Peter Mervis,91 mins   More at IMDb TMDB  Report this page,"Mystery, Crime, Horror","Rebekah Kochan, Robert Buckley, Mark Irvingsen",When a Killer Calls,2006,https://letterboxd.com/film/when-a-killer-calls/
When the Lights Went Out,2012,"Yorkshire, 1974, the Maynard family moves into their dream house. It's a dream that quickly descends into a panic stricken nightmare as the family discovers a horrifying truth, a truth that will make the history books. The house is already occupied by the most violent poltergeist ever documented, a poltergeist that will tear you from your bed as you sleep and drag you helplessly into the darkness.",Pat Holden,86 mins   More at IMDb TMDB  Report this page,"Thriller, Horror, Drama","Steven Waddington, Kate Ashfield, Jo Hartley",When the Lights Went Out,2012,https://letterboxd.com/film/when-the-lights-went-out/
Where the Dead Go to Die,2012,A troubled group of children living on the same block are haunted by a talking dog named Labby who brings them on surreal hell-rides between different dimensions and time periods.,Jimmy ScreamerClauz,95 mins   More at IMDb TMDB  Report this page,"Animation, Fantasy, Horror","Ruby LaRocca, Victor Bonacore, Joey Smack",Where the Dead Go to Die,2012,https://letterboxd.com/film/where-the-dead-go-to-die/
Where the Scary Things Are,2022,"The horror begins as Ayla and her high-school friends discover a hideous, semi-human mutant. They keep it prisoner while shooting repulsive viral videos, but the gang’s hunger for “likes” drives them to film the beast performing murderous acts. When one boy sees that Ayla is using the monster’s gruesome violence to settle her own vendettas, he threatens to tell the authorities, but is he too late to save his friends?",B. Harrison Smith,97 mins   More at IMDb TMDB  Report this page,Horror,"Paul Cottman, Michael Cervantes, Peter Cote",Where the Scary Things Are,2022,https://letterboxd.com/film/where-the-scary-things-are/
The Whisperer in Darkness,2011,Folklore professor Albert Wilmarth investigates legends of strange creatures in the most remote hills of Vermont. His enquiry reveals a terrifying glimpse of the truth that lurks behind the legends.,Sean Branney,104 mins   More at IMDb TMDB  Report this page,"Thriller, Mystery, Science Fiction, Horror","Matt Foyer, Autumn Wendel, Stephen Blackehart",The Whisperer in Darkness,2011,https://letterboxd.com/film/the-whisperer-in-darkness/
White Noise 2: The Light,2007,"A man's family brought back from the verge of death, he then discovers he can identify people who are about to die.",Patrick Lussier,99 mins   More at IMDb TMDB  Report this page,"Thriller, Fantasy, Horror","Nathan Fillion, Katee Sackhoff, Craig Fairbrass",White Noise 2: The Light,2007,https://letterboxd.com/film/white-noise-2-the-light/
The Blood Lands,2014,"Young urban couple Ed and Sarah are set to begin a new life when they move from London into an isolated borders Scottish farmhouse. After falling in love with the 19th century Castle Farm and seeing its potential as a fixer-upper they are anxious to get started on the renovations. In bed on their first night Sarah thinks she can hear noises in the darkness but Ed is disbelieving saying it’s her imagination playing tricks. Persisting in her fear they are not alone in the house, she forces Ed to investigate. When he doesn’t return after a scarily long period, she goes downstairs to investigate only to be confronted by a welcoming committee of masked intruders. As she desperately searches for Ed, a terrifying game of cat and mouse ensues with the mysterious assailants. But what do they want and what horrors do they have planned for the two newcomers?",Simeon Halligan,83 mins   More at IMDb TMDB  Report this page,"Mystery, Thriller, Horror","Pollyanna McIntosh, Lee Williams, Joanne Mitchell",The Blood Lands,2014,https://letterboxd.com/film/the-blood-lands/
Who Invited Them,2022,Adam and Margo's housewarming party goes well enough except there's this one mysterious couple lingering after the other guests have left.,Duncan Birmingham,80 mins   More at IMDb TMDB  Report this page,"Horror, Comedy, Thriller","Ryan Hansen, Melissa Tang, Timothy Granaderos",Who Invited Them,2022,https://letterboxd.com/film/who-invited-them/
Why?,2021,Writer Blake Sinclair finds herself in a fight for her life against a bloodthirsty maniac who has been leaving multiple victims in his wake as he returns to the mountain town of Northdale.,Corbin Timbrook,78 mins   More at IMDb TMDB  Report this page,Horror,"Allison McAtee, Chris Browning, Michael Krause",Why?,2021,https://letterboxd.com/film/why-2021/
Wicked Games,1994,"Detective Gary discovers that his wife is having an affair. Despondent, he drinks and discusses his problem with friend Dan, a police detective. When someone in a copper mask begins slaughtering people connected to Gary's life, Dan begins suspecting Gary, whose cousin Mike had a similar slip of the gears. Dan discusses the case with eminent psychiatrist Dr. Siedow, who has a few sexually slipped gears of his own. Together they try to stop the fiend before more people are killed.",Tim Ritter,80 mins   More at IMDb TMDB  Report this page,Horror,"Patricia Paul, Joel D. Wynkoop, Kevin Scott Crawford",Wicked Games,1994,https://letterboxd.com/film/wicked-games-1994/
Wicked World,1991,"Grant Ekland is a dirty cop, with a checkered past that endlessly haunts him. The love of his life was murdered by a serial killer named Harold who slaughtered a countless number of humans in the city of Toronto, Canada, before he was finally locked up and sent to a mental institution. Now many years later, Harold is set to be released back into society, and Ekland hopes for a final showdown with his arch enemy. Nightmares clash into a brand new reality, as Ekland faces a host of problems and obstacles that he himself must overcome, if he ever hopes to face the murderous serial killing madman, and set his own inner demons free",Barry J. Gillis,103 mins   More at IMDb TMDB  Report this page,"Horror, Fantasy","Eddie Platt, Barry J. Gillis, Maria Delgado",Wicked World,1991,https://letterboxd.com/film/wicked-world/
The Wicked,2013,"A Group of teenagers test the legend of an immortal witch and get more than they bargained for. It's almost Halloween and six young people, spooked but not undaunted by the folklore surrounding an old haunted house, make their way to the abode of the legendary Wicked, perhaps hoping to provoke the malevolent witch, but clearly not prepared for what they've certainly unleashed.",Peter Winther,105 mins   More at IMDb TMDB  Report this page,"Horror, Fantasy, Thriller","Devon Werkheiser, Nicole Forester, Justin Deeley",The Wicked,2013,https://letterboxd.com/film/the-wicked/
The Wickeds,2005,"Seven teenagers travel to an old, decrepit house, the site of a horror movie set and rumored to be haunted. But when two grave robbers arrive seeking refuge from an army of the living dead, it becomes the ultimate fight for survival.",John Poague,86 mins   More at IMDb TMDB  Report this page,Horror,"Ron Jeremy, Justin Alvarez, Anna Bridgforth",The Wickeds,2005,https://letterboxd.com/film/the-wickeds/
Wilderness,2006,"Juvenile delinquents are sent to a small British island after a fellow prisoner's death, where they must fight for survival.",M.J. Bassett,94 mins   More at IMDb TMDB  Report this page,"Horror, Action","Toby Kebbell, Lenora Crichlow, Sean Pertwee",Wilderness,2006,https://letterboxd.com/film/wilderness-2006/
The Willies,1990,"Two brothers camping with their cousin try to frighten each other by telling stories. They start with urban legends, but then there are two main narrations: one involves strange happenings at an elementary school; the other, a teenage boy with a peculiar interest.",Brian Peck,92 mins   More at IMDb TMDB  Report this page,"Comedy, Horror","Sean Astin, Jason Horst, Joshua John Miller",The Willies,1990,https://letterboxd.com/film/the-willies/
The Wind,1986,"Mystery writer Sian Anderson leaves her boyfriend John for three weeks of intense writing in the isolated Greek town of Monemvassia. Upon her arrival in the ancient, deserted, walled-in fortress, she is met by Elias Appleby, the round eccentric landlord who guides her through mysterious underground passageways to the house where she will work. He warns her to stay inside at night because of the killer winds that arrive after dark.",Nico Mastorakis,92 mins   More at IMDb TMDB  Report this page,"Horror, Thriller","Meg Foster, Wings Hauser, David McCallum",The Wind,1986,https://letterboxd.com/film/the-wind-1986-1/
The Windmill Massacre,2016,"Jennifer, an Australian girl on the run from her past, turns up in Amsterdam and, in a desperate attempt to blend in, joins a coach-load of tourists on a tour of Holland's old windmills. When the bus breaks down in the middle of nowhere, she and the other tourists are forced to seek shelter in a disused shed beside a sinister windmill where a devil-worshiping miller once ground the bones of locals instead of grain. As members of the group start to disappear, Jennifer learns that they all have something in common – a shared secret that seems to mark them all for doom.",Nick Jongerius,85 mins   More at IMDb TMDB  Report this page,"Drama, Horror","Patrick Baladi, Ben Batt, Charlotte Beaumont",The Windmill Massacre,2016,https://letterboxd.com/film/the-windmill-massacre/
Winterbeast,1992,"Set during the fall (NOT winter), a small New England town is brutally ravaged by possessed totem poles.",Christopher Thies,76 mins   More at IMDb TMDB  Report this page,"Horror, Comedy","Tim R. Morgan, Mike Magri, Charles Majka",Winterbeast,1992,https://letterboxd.com/film/winterbeast/
Wishmaster 2: Evil Never Dies,1999,"During a failed art heist, the Djinn is once again liberated. This time, to complete the 1001 wishes that he needs before the final 3, he lets himself go to prison, where he starts his evil reign twisting the hopes of the prisoners. Meanwhile, the woman who set him free accidentally, Morgana, tries to find a way to stop him, aided by a young priest.",Jack Sholder,96 mins   More at IMDb TMDB  Report this page,"Horror, Fantasy","Andrew Divoff, Holly Fields, Paul Johansson",Wishmaster 2: Evil Never Dies,1999,https://letterboxd.com/film/wishmaster-2-evil-never-dies/
Wishmaster 3: Beyond the Gates of Hell,2001,"The evil Djinn is back at it again, this time wreaking havoc on the students of Illinois' Baxter University. His victim is a beautiful, innocent and studious teenage girl named Diana Collins who accidentally opened up the Djinn's tomb and released him.",Chris Angel,89 mins   More at IMDb TMDB  Report this page,"Fantasy, Horror, Thriller","Jason Connery, A. J. Cook, Tobias Mehler",Wishmaster 3: Beyond the Gates of Hell,2001,https://letterboxd.com/film/wishmaster-3-beyond-the-gates-of-hell/
Wishmaster 4: The Prophecy Fulfilled,2002,"The unspeakable evil of the soul-devouring djinn rises again in this fourth electrifying installment of the unstoppable Wishmaster horror legacy! But now, as a host of new victims see their most nightmarish wishes come true, the world faces the ultimate demonic terror: an onslaught of multiple djinns hell-bent on destroying everything in their path!",Chris Angel,92 mins   More at IMDb TMDB  Report this page,"Horror, Fantasy","Tara Spencer-Nairn, Michael Trucco, Jason Thompson",Wishmaster 4: The Prophecy Fulfilled,2002,https://letterboxd.com/film/wishmaster-4-the-prophecy-fulfilled/
Witch Hunt,2021,"In a modern America where witches are real and witchcraft is illegal, a sheltered teenager must face her own demons and prejudices as she helps two young witches avoid law enforcement and cross the southern border to asylum in Mexico.",Elle Callahan,92 mins   More at IMDb TMDB  Report this page,"Fantasy, Horror","Gideon Adlon, Abigail Cowen, Elizabeth Mitchell",Witch Hunt,2021,https://letterboxd.com/film/witch-hunt-2021/
The Witch in the Window,2018,"When Simon brings his twelve year-old son, Finn, to rural Vermont to help flip an old farmhouse, they encounter the malicious spirit of Lydia, a previous owner. And now with every repair they make – she's getting stronger.",Andy Mitton,76 mins   More at IMDb TMDB  Report this page,"Drama, Horror","Arija Bareikis, Greg Naughton, Charlie Tacker",The Witch in the Window,2018,https://letterboxd.com/film/the-witch-in-the-window/
Witchboard III: The Possession,1995,"Brian, an out-of-work stockbroker, is introduced by his landlord Mr. Redman to a new source of insider information: the Ouija! The Ouija makes him rich, but when Mr. Redman kills himself and Brian suffers a freak accident, Brian's wife starts noticing changes in her husband...",Peter Svatek,93 mins   More at IMDb TMDB  Report this page,"Drama, Horror","David Nerman, Elizabeth Lambert, Cedric Smith",Witchboard III: The Possession,1995,https://letterboxd.com/film/witchboard-iii-the-possession/
Witchcraft 13: Blood of the Chosen,2008,"Will Spanner, the reluctant heir to a dark legacy, is again thrown into battle against the forces of evil when a series of gruesome murders begins to take place. The victims are all brutally murdered in a ritualistic fashion - the heart is taken from each corpses. The victims also have something else in common with Will, something that the minions of darkness will stop at nothing to possess.",Mel House,89 mins   More at IMDb TMDB  Report this page,"Horror, Thriller","Tim Wrobel, Zoe Hunter, Jennifer Lafleur",Witchcraft 13: Blood of the Chosen,2008,https://letterboxd.com/film/witchcraft-13-blood-of-the-chosen/
Witchcraft 15: Blood Rose,2017,"Rose, a legacy witch, becomes a member of a local coven. Seductress Sharon uses her own powers to enter Roses' body and mind. She uses Rose unwillingly to steal people's souls. Her ultimate goal: resurrect Satan himself. Will Rose stop her sexy, evil rampage before it is too late?",David Palmieri,81 mins   More at IMDb TMDB  Report this page,Horror,"Molly Dougherty, Noël VanBrocklin, Bernadette Pérez",Witchcraft 15: Blood Rose,2017,https://letterboxd.com/film/witchcraft-15-blood-rose/
Witchcraft 16: Hollywood Coven,2017,"A film crew shoots a gory movie with realistic special effects. The gore looks real, because it is. The film director, a evil warlock, need a blood sacrifice to complete his pact with Satan. Who better than the film's scream queen? Who will survive the final cut.",David Palmieri,82 mins   More at IMDb TMDB  Report this page,Horror,"Molly Dougherty, Noël VanBrocklin, Bernadette Pérez",Witchcraft 16: Hollywood Coven,2017,https://letterboxd.com/film/witchcraft-16-hollywood-coven/
Witchcraft 666: The Devil's Mistress,1994,A serial killer targets young women wearing gold crosses; Detectives Lutz and Garner enlist Will Spanner to help with the occult angles of the case.,Julie Davis,91 mins   More at IMDb TMDB  Report this page,Horror,"Jerry Spicer, Debra Beatty, Shannon McLeod",Witchcraft 666: The Devil's Mistress,1994,https://letterboxd.com/film/witchcraft-666-the-devils-mistress/
Witchcraft 8: Salem's Ghost,1996,A young happy couple move into a “dream home” only to find it is a gateway for occult powers.,Joseph John Barmettler,90 mins   More at IMDb TMDB  Report this page,Horror,"Lee Grober, Kim Kopf, Tom Overmyer",Witchcraft 8: Salem's Ghost,1996,https://letterboxd.com/film/witchcraft-8-salems-ghost/
Witchcraft II: The Temptress,1990,"Witch from the first Witchcraft movie stalks the now teenage child. She attempts to kill his friends in order to slowly corrupt him to Satan. However the boy is able to defeat the evil Satanic witch, and not enter into Evil with her",Mark Woods,88 mins   More at IMDb TMDB  Report this page,Horror,"Delia Sheppard, Charles Solomon Jr., David Homb",Witchcraft II: The Temptress,1990,https://letterboxd.com/film/witchcraft-ii-the-temptress/
Witchcraft III: The Kiss of Death,1991,"A warlock refuses to use his powers for evil, but comes across another warlock who isn't bothered by such trivial matters. In fact, the evil warlock falls for the good warlock's girlfriend, and decides to get rid of his competition so he can turn the girlfriend into one of his many sex slaves. The good warlock, not quite sure how to handle the situation, turns to an African witch doctor for help.",Rachel Feldman,85 mins   More at IMDb TMDB  Report this page,Horror,"Charles Solomon Jr., Lisa Toothman, Domonic Luciana",Witchcraft III: The Kiss of Death,1991,https://letterboxd.com/film/witchcraft-iii-the-kiss-of-death/
Witchcraft IV: The Virgin Heart,1992,Rock musicians are selling their souls to the devil for fame and fortune. An attorney with magical powers attempts to stop it.,James Merendino,92 mins   More at IMDb TMDB  Report this page,Horror,"Charles Solomon Jr., Julie Strain, Clive Pearson",Witchcraft IV: The Virgin Heart,1992,https://letterboxd.com/film/witchcraft-iv-the-virgin-heart/
Witchcraft IX: Bitter Flesh,1997,"Will Spanner, parted from his body, finds a hooker who can hear him; meanwhile Detectives Lutz and Garner investigate a string of murders seemingly tied to ancient Egypt.",Michael Paul Girard,92 mins   More at IMDb TMDB  Report this page,"Horror, Thriller","Landon Hall, David Byrnes, Stephanie Beaton",Witchcraft IX: Bitter Flesh,1997,https://letterboxd.com/film/witchcraft-ix-bitter-flesh/
Witchcraft V: Dance with the Devil,1993,"An evil warlock takes over a rock club. He uses beautiful, large-breasted and frequently nude women to try to collect enough souls so that he may be able to bring Satan to Earth.",Talun Hsu,99 mins   More at IMDb TMDB  Report this page,Horror,"Marklen Kennedy, Carolyn Taye-Loren, Nicole Sassaman",Witchcraft V: Dance with the Devil,1993,https://letterboxd.com/film/witchcraft-v-dance-with-the-devil/
Witchcraft VII: Judgement Hour,1995,Will Spanner is at it again battling sex starved beautiful demon vampires in the seventh installment of this series. Will enlists the help of cops Lutz and Garner to bring down the evil vampire Martin and his beautiful erotic demonic slaves,Michael Paul Girard,90 mins   More at IMDb TMDB  Report this page,Horror,"David Byrnes, April Breneman, Alisa Christensen",Witchcraft VII: Judgement Hour,1995,https://letterboxd.com/film/witchcraft-vii-judgement-hour/
Witchcraft X: Mistress of the Craft,1999,"In England, bisexual British vampires free Californian Satanist Hyde from police custody; LAPD Detective Lutz and Interpol's Bureau 17 try to catch them.",Elisar Cabrera,90 mins   More at IMDb TMDB  Report this page,Horror,"Wendy Cooper, Eileen Daly, Kerry Knowlton",Witchcraft X: Mistress of the Craft,1999,https://letterboxd.com/film/witchcraft-x-mistress-of-the-craft/
Witchcraft XI: Sisters in Blood,2000,"Three drama students revive three witches, who want to open a gate to hell; Will Spanner and Kelly get involved, while Detectives Lutz and Garner investigate.",Ron Ford,90 mins   More at IMDb TMDB  Report this page,Horror,"Miranda Odell, Lauren Ian Richards, Kathleen St. Lawrence",Witchcraft XI: Sisters in Blood,2000,https://letterboxd.com/film/witchcraft-xi-sisters-in-blood/
Witchcraft XII: In the Lair of the Serpent,2004,"One night in a dark nightclub, Jeff meets the beautiful and mysterious Tisa; Jeff is never seen alive again. Jeff's sister Cindy seeks the help of family friend Will Sparrow! As Will examines Jeff's death, he stumbles into a web of evil as old as time itself. He learns that Tisa is part of an evil coven of beautiful women that worship a long forgotten snake god, Malleus. The women of the cult must seduce men and lure them to their deaths to fulfill an ancient prophecy and unleash the ultimate evil upon the earth! Will is put in a life and death situation by going undercover, so that he alone may unlock the horrible secret before it is too late.",Brad Sykes,88 mins   More at IMDb TMDB  Report this page,Horror,"Chip James, Janet Tracy Keijser, Garrett Clancy",Witchcraft XII: In the Lair of the Serpent,2004,https://letterboxd.com/film/witchcraft-xii-in-the-lair-of-the-serpent/
Witchcraft XIV: Angel of Death,2017,A young woman discovers that she is a witch when people close to her begin to die under mysterious circumstances. She comes under the protection of a white magic coven/yoga studio. But the real danger may be right in front of her.,David Palmieri,79 mins   More at IMDb TMDB  Report this page,"Mystery, Horror","Molly Dougherty, Noël VanBrocklin, Bernadette Pérez",Witchcraft XIV: Angel of Death,2017,https://letterboxd.com/film/witchcraft-xiv-angel-of-death/
Witches of Amityville,2020,"Jessica accepts an invitation to study at the private and exclusive Amityville Academy. After her induction, she realizes that it's a coven of evil witches trying to summon and unleash the demon Botis in order to spread terror throughout the world.",Becca Hirani,91 mins   More at IMDb TMDB  Report this page,Horror,"Kira Reed Lorsch, Donna Spangler, Sarah T. Cohen",Witches of Amityville,2020,https://letterboxd.com/film/witches-of-amityville/
Witches of Breastwick 2,2005,"The supernatural shenanigans of the busty spell-casters from ""Witches of Breastwick"" continue in this sexy sequel that finds an ancient curse affecting an average husband because of the long-ago actions of an ancestor.",Jim Wynorski,79 mins   More at IMDb TMDB  Report this page,Horror,"Tylene Buck, Frankie Cullen, Taimie Hannum",Witches of Breastwick 2,2005,https://letterboxd.com/film/witches-of-breastwick-2/
The Witches of Breastwick,2005,"A man and wife are sucked into a whirlpool (in the wife's case, hot tub) of supernatural sex by a trio of randy, well-endowed witches.",Jim Wynorski,78 mins   More at IMDb TMDB  Report this page,"Fantasy, Romance","Joe Souza, Monique Parent, John Henry Richardson",The Witches of Breastwick,2005,https://letterboxd.com/film/the-witches-of-breastwick/
The Witches of Sappho Salon,2003,"The movie begins thirty years in the past, where we see a young virgin being sacrificed at the hands of a witch named Tanith (played by Brigitte Eyes). We discover that the witches who run this salon (another female played by Elina Bellbrook and a male witch) must make this sacrifice every thirty years, but they must find a virgin who was born on a certain date at a certain time The movie jumps ahead 30 years, putting us in modern times – in which, as I'm sure you're aware, a virgin is very hard to find But one day stunning blonde Janet Fontaine (played by Elizabeth Grace) comes waltzing into the salon, and the witches finally have their prime candidate. Fortunately for Janet, she has a boyfriend (and a frustrated one, given the fact that Janet's a virgin!) who is looking out for her better interests. The question is: will he be able to unravel the mysteries of the salon before the witches seduce Janet into becoming their next victim?",Tony Marsiglia,77 mins   More at IMDb TMDB  Report this page,Horror,"Elizabeth Grace, Brigitte Eves, Elina Bellbrook",The Witches of Sappho Salon,2003,https://letterboxd.com/film/the-witches-of-sappho-salon/
Witches of the Caribbean,2005,"A persistent nightmare about a 16th century sorceress burned to death on a beach sends 17-year-old Angela looking for enlightenment at a fortnight retreat on a beautiful Caribbean isle. All the teens at the gathering are part of Angela's inexplicable dream, and when professed witch Bethany begins luring others into her coven, Angela slowly discovers the truth in this bloody horror tale with an exotic twist.",David DeCoteau,75 mins   More at IMDb TMDB  Report this page,Horror,"Joanna Cassidy, Michael King, Owen Steuart",Witches of the Caribbean,2005,https://letterboxd.com/film/witches-of-the-caribbean/
Witchouse,1999,"On Mayday 1998 in the town of Dunwich, Massachusetts, Elizabeth gathers together a group of specially selected friends for a rather odd party. It turns out that she is the descendent of a malevolent witch named Lilith who was burned at the stake precisely three hundred years ago. Now Elizabeth hopes to resurrect her dreadful ancestor and has a specific (and murderous) need for the guests she has chosen",David DeCoteau,72 mins   More at IMDb TMDB  Report this page,Horror,"Ariauna Albright, Matt Raftery, Monica Serene Garnich",Witchouse,1999,https://letterboxd.com/film/witchouse/
Witchouse II: Blood Coven,1999,"When an old house in a small town is razed to make way for a shopping mall, the crew unearths four unmarked graves. A professor from a nearby university is asked to find out who the bodies are, but when she and her students arrive in town and begin to ask questions, they discover that no one wants to talk to them or help them in any way.",J.R. Bookwalter,77 mins   More at IMDb TMDB  Report this page,Horror,"Ariauna Albright, Andrew Prine, Elizabeth Hobgood",Witchouse II: Blood Coven,1999,https://letterboxd.com/film/witchouse-ii-blood-coven/
Witchouse III: Demon Fire,2001,"A young woman leaves her abusive boyfriend to go and stay with her two best friends, documentary makers Stevie & Rose. After an evening of sipping wine in the hot-tub, the three women decide to dabble in a bit of black magic as part of Stevie's latest project, an in-depth expose on contemporary witchcraft.",J.R. Bookwalter,77 mins   More at IMDb TMDB  Report this page,Horror,"Debbie Rochon, Tanya Dempsey, Tina Krause",Witchouse III: Demon Fire,2001,https://letterboxd.com/film/witchouse-iii-demon-fire/
Within the Woods,2005,"A new reality show invites five brave souls to spend the night at Camp Blood, where over a dozen people were murdered by the infamous ""Clown"" years ago. Whoever remains at the end of twenty-four hours will split a million dollars. To drive away the contestants, the producers have rigged several ""scares"" as well as hiring a stuntman dressed as The Clown. But as night falls, screams of terror fill the desolate woods as a real blood thirsty killer begins cutting down the competition, one by one. Is the legendary Clown back, or is one of the group willing to kill for the prize?",Brad Sykes,85 mins   More at IMDb TMDB  Report this page,Horror,"Athena Demos, Alex Gordon, Janelle Herrera",Within the Woods,2005,https://letterboxd.com/film/within-the-woods-2005/
The Wizard of Gore,2007,"In the darkly phantasmagorical world of the carnival magician and sideshow hypnotist, the gruesome ""illusions"" of Montag the Magnificent are unique in that they seem to become retroactive reality long after the the tricks are done. Is it coincidence, or circumstantial evidence of the world's most diabolically ingenious murders? When an underground journalist begins to investigate the strange deaths, the truth proves to be far more bizarre and disturbing than anything he or his readers might have imagined.",Jeremy Kasten,94 mins   More at IMDb TMDB  Report this page,"Horror, Mystery","Kip Pardue, Bijou Phillips, Crispin Glover",The Wizard of Gore,2007,https://letterboxd.com/film/the-wizard-of-gore-2007/
WNUF Halloween Special,2013,"A local TV personality leads a team of supernatural investigators, including an exorcist, into the darkest corners of a supposedly haunted house.",Chris LaMartina,83 mins   More at IMDb TMDB  Report this page,"Comedy, Horror","Paul Fahrenkopf, Patricia Mizen, Aaron Henkin",WNUF Halloween Special,2013,https://letterboxd.com/film/wnuf-halloween-special/
Wolf Creek 2,2013,"Lured by the promise of an Australian holiday, backpackers Rutger, Katarina and Paul visit the notorious Wolf Creek Crater. Their dream Outback adventure soon becomes a horrific reality when they encounter the site's most infamous local, the last man any traveller to the region ever wants to meet—Mick Taylor. As the backpackers flee, Mick pursues them on an epic white knuckled rampage across hostile wasteland.",Greg McLean,106 mins   More at IMDb TMDB  Report this page,"Thriller, Horror","John Jarratt, Ryan Corr, Ben Gerrard",Wolf Creek 2,2013,https://letterboxd.com/film/wolf-creek-2/
Wolfhound,2002,Colum Kennedy went with his family to an Irish village to visit the places of origin of their ancestors. Once he arrived in the village realizes that the community is populated by beastly shape-shifting beings able to transform into animals. Colum begins to feel an intense passion for a woman who can transform into a wolf and must make a choice: return to his family and bring her home or to give in to temptation.,Donovan Kelly,80 mins   More at IMDb TMDB  Report this page,"Horror, Thriller","Allen Scotti, Jennifer Courtney, Julie Lynn Cialini",Wolfhound,2002,https://letterboxd.com/film/wolfhound/
Wolves at the Door,2016,"Four friends gather at an elegant home during the Summer of Love, 1969. Unbeknownst to them, deadly visitors are waiting outside. What begins as a simple farewell party turns to a night of primal terror as the intruders stalk and torment the four, who struggle for their lives against what appears to be a senseless attack.",John R. Leonetti,73 mins   More at IMDb TMDB  Report this page,"Horror, Thriller","Katie Cassidy, Elizabeth Henstridge, Adam Campbell",Wolves at the Door,2016,https://letterboxd.com/film/wolves-at-the-door/
Woodchipper Massacre,1988,"Jon, Tom, and Denise accidently kill their senile old Aunt while she's looking after them while their father is away on business. Not sure what to do, they decide to dispose of the body in the rented woodchipper in the backyard. But more trouble comes a-knocking when their cousin Kim, their Aunt's son, shows up unexpectedly.",Jon McBride,81 mins   More at IMDb TMDB  Report this page,"Horror, Comedy","Jon McBride, Denice Edeal, Tom Casiello",Woodchipper Massacre,1988,https://letterboxd.com/film/woodchipper-massacre/
Woods of Evil,2005,"Three thugs decide to kidnap two rich girls to get rich. After kidnapping the girls, they flee to the woods to avoid detection and until the ransom is paid. The girls try to warn the men that there is something in the woods, but they don't listen. The force in the woods comes alive and one by one, they each fight for their lives.",Conrad Glover,85 mins   More at IMDb TMDB  Report this page,Horror,"Jaime Velez, Conrad Glover, Christopher Adeler",Woods of Evil,2005,https://letterboxd.com/film/woods-of-evil/
The Woods,2006,"In 1965 New England, a troubled girl encounters mysterious happenings in the woods surrounding an isolated girls school that she was sent to by her estranged parents.",Lucky McKee,91 mins   More at IMDb TMDB  Report this page,"Mystery, Horror, Thriller","Agnes Bruckner, Emma Campbell, Bruce Campbell",The Woods,2006,https://letterboxd.com/film/the-woods/
Wounds,2019,Disturbing and mysterious things begin to happen to a bartender in New Orleans after he picks up a phone left behind at his bar.,Babak Anvari,95 mins   More at IMDb TMDB  Report this page,"Thriller, Horror, Mystery","Armie Hammer, Dakota Johnson, Zazie Beetz",Wounds,2019,https://letterboxd.com/film/wounds/
WrestleMassacre,2018,"Randy is an awkward groundskeeper who is obsessed with professional wrestling. Longing for a sense of belonging with grandiose dreams of becoming a wrestling superstar, Randy is only met with abject humiliation and alienation. A brutal shaming at a local wrestling school pushes Randy over the edge and lights the spark for his blood lust. Donned in wrestling gear and armed with homicidal rage, Randy sets out on a blood soaked rampage to punish those who wronged him. With each ghastly kill, Randy takes a trophy from his tormentors to add to a wrestling title belt crafted from human flesh. The only hope of putting an end to his reign of carnage lies with Becky, an understanding client who is one of the only few to ever show him kindness.",Brad Twigg,100 mins   More at IMDb TMDB  Report this page,Horror,"Richie Acevedo, Anthony White, Julio Bana Fernandez",WrestleMassacre,2018,https://letterboxd.com/film/wrestlemassacre/
"Wrong Place, Wrong Time",2021,An elite team of thieves takes refuge with a family after a heist goes horribly wrong. They soon find themselves in a fight for their lives when one of their hosts turns into a mysterious creature.,Tristan Price,84 mins   More at IMDb TMDB  Report this page,"Thriller, Action, Horror","Bianca Stein, Alex Ryan Brown, Chase Garland","Wrong Place, Wrong Time",2021,https://letterboxd.com/film/wrong-place-wrong-time/
Wrong Turn 2: Dead End,2007,Retired military commander Colonel Dale Murphy hosts the simulated post-apocalyptic reality show where participants are challenged to survive a remote West Virginia wasteland. But the show turns into a nightmarish showdown when each realizes they are being hunted by an inbred family of cannibals determined to make them all dinner!,Joe Lynch,96 mins   More at IMDb TMDB  Report this page,"Horror, Thriller","Erica Leerhsen, Henry Rollins, Texas Battle",Wrong Turn 2: Dead End,2007,https://letterboxd.com/film/wrong-turn-2-dead-end/
Wrong Turn 3: Left for Dead,2009,"A group of people find themselves trapped in the backwoods of West Virginia, fighting for their lives against a group of vicious and horribly disfigured inbred cannibals.",Declan O'Brien,91 mins   More at IMDb TMDB  Report this page,"Horror, Thriller","Tom Frederic, Janet Montgomery, Louise Cliffe",Wrong Turn 3: Left for Dead,2009,https://letterboxd.com/film/wrong-turn-3-left-for-dead/
Wrong Turn 4: Bloody Beginnings,2011,"A group of friends take refuge in a deserted sanatorium after they are left stranded in a snowstorm. Later, the place becomes a death trap when man-eating cannibals surround them.",Declan O'Brien,93 mins   More at IMDb TMDB  Report this page,"Horror, Thriller","Jennifer Pudavick, Tenika Davis, Terra Vnesa",Wrong Turn 4: Bloody Beginnings,2011,https://letterboxd.com/film/wrong-turn-4-bloody-beginnings/
Wrong Turn 5: Bloodlines,2012,"A small West Virginia town is hosting the legendary Mountain Man Festival on Halloween, where throngs of costumed party goers gather for a wild night of music and mischief. But an inbred family of hillbilly cannibals kill the fun when they trick and treat themselves to a group of visiting college students.",Declan O'Brien,91 mins   More at IMDb TMDB  Report this page,"Thriller, Horror","Camilla Arfwedson, Doug Bradley, Borisa Tyutyundzhieva",Wrong Turn 5: Bloodlines,2012,https://letterboxd.com/film/wrong-turn-5-bloodlines/
Wrong Turn 6: Last Resort,2014,"A sudden and mysterious inheritance brings Danny and his friends to Hobb Springs, a forgotten resort deep in the West Virginia hills. Hobb Springs is being looked after under the watchful care of Jackson and Sally, a socially awkward couple who introduce Danny to the long lost family he's never known. A clan by the name of Hillicker. But soon Danny learns his relatives have a different way of living, that for generations, the Hillickers have observed ancient traditions rooted in cannibalism and other taboo rituals.",Valeri Milev,91 mins   More at IMDb TMDB  Report this page,Horror,"Anthony Ilott, Aqueela Zoll, Sadie Katz",Wrong Turn 6: Last Resort,2014,https://letterboxd.com/film/wrong-turn-6-last-resort/
Xtro 3: Watch the Skies,1995,"Marines on a deserted island are ordered to defuse bombs, but then an alien creature terrorizes them.",Harry Bromley Davenport,97 mins   More at IMDb TMDB  Report this page,"Horror, Action, Science Fiction","Sal Landi, Andrew Divoff, Lisa London",Xtro 3: Watch the Skies,1995,https://letterboxd.com/film/xtro-3-watch-the-skies/
The Yellow Wallpaper,2022,"A dark and disturbing adaptation of Charlotte Perkins Gilman’s controversial gothic feminist horror story about patriarchy and hysteria. Jane, a writer and young mother, is prescribed a rest treatment by her physician husband John, who takes her to a remote country estate for the summer. She becomes obsessed with the peculiar yellow wallpaper in the bedroom he has chosen for her. In her isolation, she secretly writes about a woman trapped in the wallpaper—that she must free.",K Pontuti,100 mins   More at IMDb TMDB  Report this page,Horror,"Alexandra Loreth, Joe Mullins, Jeanne O'Connor",The Yellow Wallpaper,2022,https://letterboxd.com/film/the-yellow-wallpaper-2022-1/
You Might Be the Killer,2018,"Counselors are being killed off at summer camp, and Sam is stuck in the middle of it. Instead of contacting the cops, he calls his friend and slasher-film expert Chuck to discuss his options.",Brett Simmons,92 mins   More at IMDb TMDB  Report this page,"Mystery, Horror, Comedy","Fran Kranz, Alyson Hannigan, Brittany S. Hall",You Might Be the Killer,2018,https://letterboxd.com/film/you-might-be-the-killer/
You Should Have Left,2020,"In an effort to repair their relationship, a couple books a vacation in the countryside for themselves and their daughter. What starts as a perfect retreat begins to fall apart as one loses their grip on reality, and a sinister force tries to tear them apart.",David Koepp,93 mins   More at IMDb TMDB  Report this page,"Thriller, Horror","Kevin Bacon, Amanda Seyfried, Avery Tiiu Essex",You Should Have Left,2020,https://letterboxd.com/film/you-should-have-left/
Yummy,2019,"A young couple travels to a shabby Eastern European hospital for plastic surgery. The young woman wants a breast reduction. Her mother comes along for yet another face-lift. Wandering through an abandoned ward the boyfriend stumbles upon a young woman, gagged and strapped to an operating table; she is the result of an experimental rejuvenation treatment. He frees her, but does not realize he just caused the outbreak of a virus that will change doctors, patients and his mother-in-law into bloodthirsty zombies.",Lars Damoiseaux,90 mins   More at IMDb TMDB  Report this page,"Comedy, Horror","Maaike Neuville, Bart Hollanders, Benjamin Ramon",Yummy,2019,https://letterboxd.com/film/yummy/
Zombie Apocalypse,2011,"Months after a zombie plague has wiped out 90 percent of the American population, a small group of survivors fight their way cross-country to a rumored refuge on the island of Catalina.",Nick Lyon,90 mins   More at IMDb TMDB  Report this page,"Horror, TV Movie, Action, Science Fiction","Ving Rhames, Taryn Manning, Johnny Pacar",Zombie Apocalypse,2011,https://letterboxd.com/film/zombie-apocalypse-2011/
The Zombie Army,1991,"When the Army takes over a former asylum, they discover that some inmates are still living in solitary confinement there, and become murderous zombies.",Betty Stapleford,82 mins   More at IMDb TMDB  Report this page,Horror,"Eileen Saddow, John Kalinowski, Patrick J. Houtman",The Zombie Army,1991,https://letterboxd.com/film/the-zombie-army/
Zombie Campout,2002,"Four friends on a weekend camping trip having the time of their lives, when radioactive meteorites crash into a nearby cemetery all hell breaks loose. Who will make it out alive?",Joshua D. Smith,91 mins   More at IMDb TMDB  Report this page,"Horror, Comedy","Misty Orman, Tiffany Black, John M. Davis",Zombie Campout,2002,https://letterboxd.com/film/zombie-campout/
The Zombie Chronicles,2002,"Tara Woodley is a reporter looking to do a story on the famous ghosts of an old desert town. she can't seem to find the place until she picks up a strange hitchhiker, who tells her he knows the way. they proceed on a journey involving a variety of characters, including an Army Sergeant whose vicious cruelty kills on a young recruit and three hapless campers who stumble into an old cursed cemetery!",Brad Sykes,71 mins   More at IMDb TMDB  Report this page,Horror,"Joseph Haggerty, Beverly Lynne, Janet Tracy Keijser",The Zombie Chronicles,2002,https://letterboxd.com/film/the-zombie-chronicles/
Zombie Pirates,2014,"A dangerous young woman offers up human sacrifices to a ghost ship of the dead in return for an ancient treasure. When she comes up one sacrifice short, her zombie masters exact their bloody revenge in this gory tribute to Spain's popular Blind Dead Euro Horror series.",Steve Sessions,80 mins   More at IMDb TMDB  Report this page,Horror,"Sarah French, J.C. Pennylegion, Eric Spudic",Zombie Pirates,2014,https://letterboxd.com/film/zombie-pirates/
Zombie Wars,2007,"Fifty years after a world-wide zombie epidemic had begun, a small group of rebel soldiers learn that intelligent zombies have begun breeding humans for food. The soldiers plan an all-out war to rid the Earth of the flesh-eating monsters for good, as the rest of the surviving world's population struggles to survive against the zombie hordes.",David A. Prior,80 mins   More at IMDb TMDB  Report this page,Horror,"Adam Mayfield, Alissa Koenig, Jim Hazelton",Zombie Wars,2007,https://letterboxd.com/film/zombie-wars/
Zombiegeddon,2003,"These zombies are a human-like race created by Satan. When the ""zombie-looking freaks"" begin taking over the world, dirty cops Jeff and Cage find themselves in the unenviable position of having to stop them before it's too late. Jeff soon learns that he alone has the power to defeat them if he's up to the task. As the body count piles up and internal affairs officers investigate Jeff and Cage for their prior wrongdoings, time is running out..",Chris Watson,81 mins   More at IMDb TMDB  Report this page,Horror,"Brinke Stevens, Tom Savini, Robert Z'Dar",Zombiegeddon,2003,https://letterboxd.com/film/zombiegeddon/
Zombies Anonymous: Last Rites of the Dead,2006,"In an imagined reality where zombies coexist with ordinary mortal folk, the undead are considered second-class citizens. Angela finds this out the hard way when she's shot by her boyfriend and must learn to adjust to her new zombie lifestyle. She tempers her hunger for human flesh with Zombies Anonymous meetings and tries to pass for living in the mortal world.",Marc Fratto,118 mins   More at IMDb TMDB  Report this page,"Comedy, Horror","Gina Ramsden, Joshua Nelson, Christa McNamee",Zombies Anonymous: Last Rites of the Dead,2006,https://letterboxd.com/film/zombies-anonymous-last-rites-of-the-dead/
Zombies! Zombies! Zombies!,2008,"A drug experiment gone wrong produces a league of blood-thirsty zombies. It is up to a small band of exotic dancers trapped in a gentleman's club to fight back. Together they must rely on their wits and skills to survive the night, and pray that they don't become victims of the flesh-eating zombies!",Jason Murphy,82 mins   More at IMDb TMDB  Report this page,"Horror, Comedy","Jessica Monet Barton, Hollie Winnard, Lyanna Tumaneng",Zombies! Zombies! Zombies!,2008,https://letterboxd.com/film/zombies-zombies-zombies/
Zombiez,2005,A woman finds herself on the run from the living dead. Her friends are being slaughtered and she can find no help. Will she survive or will she too fall victim to the Zombiez?,John Bacchus,81 mins   More at IMDb TMDB  Report this page,Horror,"Jenicia Garcia, Jackeem Sellers, Randy Clarke",Zombiez,2005,https://letterboxd.com/film/zombiez/
Zoombies,2016,"When a strange virus quickly spreads through a safari park and turns all the zoo animals undead, those left in the park must stop the creatures before they escape and zombify the whole city.",Glenn Miller,90 mins   More at IMDb TMDB  Report this page,"Action, Horror, Science Fiction","Ione Butler, Andrew Asper, Aaron Groben",Zoombies,2016,https://letterboxd.com/film/zoombies/
