Título,Año,Sinopsis,Director(es),Duración,Géneros,Reparto principal,Nombre original,Año original,Enlace
The Last Exorcism,2010,"After years of performing “exorcisms” and taking believers’ money, Reverend Marcus travels to rural Louisiana with a film crew so he can dispel what he believes is the myth of demonic possession. The dynamic reverend is certain that this will be another routine “exorcism” on a disturbed religious fanatic but instead comes upon the blood-soaked farm of the Sweetzer family and a true evil he would have never thought imaginable.",Daniel Stamm,87 mins   More at IMDb TMDB  Report this page,"Thriller, Mystery, Horror","Patrick Fabian, Ashley Bell, Iris Bahr",The Last Exorcism,2010,https://letterboxd.com/film/the-last-exorcism/
The Blair Witch Project,1999,"In October of 1994 three student filmmakers disappeared in the woods near Burkittsville, Maryland, while shooting a documentary. A year later their footage was found.",Daniel Myrick,81 mins   More at IMDb TMDB  Report this page,"Mystery, Horror","Rei Hance, Joshua Leonard, Michael C. Williams",The Blair Witch Project,1999,https://letterboxd.com/film/the-blair-witch-project/
Paranormal Activity,2007,"After a young, middle-class couple moves into what seems like a typical suburban house, they become increasingly disturbed by a presence that may or may not be demonic but is certainly the most active in the middle of the night.",Oren Peli,86 mins   More at IMDb TMDB  Report this page,"Horror, Mystery","Katie Featherston, Micah Sloat, Mark Fredrichs",Paranormal Activity,2007,https://letterboxd.com/film/paranormal-activity/
Unfriended,2014,"While video chatting one night, six high school friends receive a Skype message from a classmate who killed herself exactly one year ago. At first they think it's a prank, but when the girl starts revealing the friends' darkest secrets, they realize they are dealing with something out of this world, something that wants them dead.",Levan Gabriadze,83 mins   More at IMDb TMDB  Report this page,"Horror, Mystery","Shelley Hennig, Heather Sossaman, Renee Olstead",Unfriended,2014,https://letterboxd.com/film/unfriended/
Night Shot,2018,"A haunting in real time. A beautiful young woman is subjected to a grueling night of terror - all accomplished in one take, as she investigates paranormal reports at an abandoned facility.",Hugo König,92 mins   More at IMDb TMDB  Report this page,"Horror, Drama","Nathalie Couturier, Hugo König",Night Shot,2018,https://letterboxd.com/film/night-shot/
Hell House LLC,2015,"Five years after an unexplained malfunction causes the death of 15 tour-goers and staff on the opening night of a Halloween haunted house tour, a documentary crew travels back to the scene of the tragedy to find out what really happened.",Stephen Cognetti,93 mins   More at IMDb TMDB  Report this page,"Mystery, Horror, Thriller","Danny Bellini, Ryan Jennifer Jones, Gore Abrams",Hell House LLC,2015,https://letterboxd.com/film/hell-house-llc/
[REC],2007,A television reporter and cameraman follow emergency workers into a dark apartment building and are quickly locked inside with something terrifying.,Jaume Balagueró,78 mins   More at IMDb TMDB  Report this page,"Mystery, Horror","Manuela Velasco, Ferrán Terraza, Martha Carbonell",[REC],2007,https://letterboxd.com/film/rec/
Paranormal Activity 3,2011,"In 1988, young sisters Katie and Kristi befriend an invisible entity who resides in their home.",Ariel Schulman,83 mins   More at IMDb TMDB  Report this page,"Horror, Mystery","Katie Featherston, Sprague Grayden, Lauren Bittner",Paranormal Activity 3,2011,https://letterboxd.com/film/paranormal-activity-3/
Noroi: The Curse,2005,"A documentary filmmaker explores seemingly unrelated paranormal incidents connected by the legend of an ancient demon called the ""kagutaba.""",Koji Shiraishi,115 mins   More at IMDb TMDB  Report this page,"Thriller, Mystery, Horror","Jin Muraki, Tomono Kuga, Marika Matsumoto",Noroi: The Curse,2005,https://letterboxd.com/film/noroi-the-curse/
The Medium,2021,"A shaman's family learn that their goddess is supposedly controlling one of them. However, their lives take a frightening turn when they realise the goddess has nothing to do with the possession.",Banjong Pisanthanakun,131 mins   More at IMDb TMDB  Report this page,"Thriller, Horror","Narilya Gulmongkolpech, Sawanee Utoomma, Sirani Yankittikan",The Medium,2021,https://letterboxd.com/film/the-medium-2021/
Deadstream,2022,"A disgraced internet personality attempts to win back his followers by livestreaming one night alone in a haunted house. But when he accidentally pisses off a vengeful spirit, his big comeback event becomes a real-time fight for his life.",Vanessa Winter,88 mins   More at IMDb TMDB  Report this page,"Comedy, Horror","Joseph Winter, Melanie Stone, Jason K. Wixom",Deadstream,2022,https://letterboxd.com/film/deadstream/
The Taking of Deborah Logan,2014,"What starts as a poignant medical documentary about Deborah Logan's descent into Alzheimer's disease and her daughter's struggles as caregiver degenerates into a maddening portrayal of dementia at its most frightening, as hair-raising events begin to plague the family and crew and an unspeakable malevolence threatens to tear the very fabric of sanity from them all.",Adam Robitel,90 mins   More at IMDb TMDB  Report this page,"Horror, Mystery","Jill Larson, Anne Ramsay, Brett Gentile",The Taking of Deborah Logan,2014,https://letterboxd.com/film/the-taking-of-deborah-logan/
Afflicted,2013,Two friends' tour of Europe takes a dark turn when one of them contracts a mysterious illness. They race to find out what it is and how to cure it before the sickness consumes him completely.,Clif Prowse,85 mins   More at IMDb TMDB  Report this page,"Horror, Thriller","Baya Rehaz, Derek Lee, Clif Prowse",Afflicted,2013,https://letterboxd.com/film/afflicted/
The Fear Footage,2018,"On April 19th, 2016, Deputy Leo Cole vanished. The next morning, his body camera was found.",Ricky Umberger,71 mins   More at IMDb TMDB  Report this page,Horror,Ricky Umberger,The Fear Footage,2018,https://letterboxd.com/film/the-fear-footage/
V/H/S/2,2013,"Inside a darkened house looms a column of TVs littered with VHS tapes, a pagan shrine to forgotten analog gods. The screens crackle and pop endlessly with monochrome vistas of static white noise permeating the brain and fogging concentration. But you must fight the urge to relax: this is no mere movie night. Those obsolete spools contain more than just magnetic tape. They are imprinted with the very soul of evil.",Adam Wingard,96 mins   More at IMDb TMDB  Report this page,"Horror, Thriller","Lawrence Michael Levine, Kelsy Abbott, L.C. Holt",V/H/S/2,2013,https://letterboxd.com/film/v-h-s-2/
Creep,2014,"Looking for work, Aaron comes across a cryptic online ad: “$1,000 for the day. Filming service. Discretion is appreciated.” Low on cash and full of naiveté, he decides to go for it. He drives to a cabin in a remote mountain town where he meets Josef, his cinematic subject for the day. Josef is sincere and the project seems heartfelt, so Aaron begins to film. But as the day goes on, it becomes clear that Josef is not who he says, and his intentions are not at all pure.",Patrick Brice,82 mins   More at IMDb TMDB  Report this page,"Horror, Thriller","Mark Duplass, Patrick Brice, Katie Aselton",Creep,2014,https://letterboxd.com/film/creep-2014/
Occult,2009,Koji Shiraishi interviews the survivors of an indiscriminate attack at a sightseeing resort and starts investigating the strange events that have been happening to them.,Koji Shiraishi,110 mins   More at IMDb TMDB  Report this page,"Thriller, Mystery, Science Fiction, Horror","Shohei Uno, Koji Shiraishi, Akira Takatsuki",Occult,2009,https://letterboxd.com/film/occult/
Delivery: The Beast Within,2013,"Delivery tells the story of Kyle and Rachel Massy, a young couple who agree to document their first pregnancy for a family-oriented reality show. The production spirals out-of-control after the cameras capture a series of unexplained events, leading Rachel to believe that a malevolent spirit has possessed their unborn child.",Brian Netto,87 mins   More at IMDb TMDB  Report this page,"Horror, Thriller","Laurel Vail, Danny Barclay, Elizabeth Sandy",Delivery: The Beast Within,2013,https://letterboxd.com/film/delivery-the-beast-within/
Incantation,2022,Inspired by the true story of a family who believed they were possessed by spirits. This film follows a woman who must protect her child from a curse.,Kevin Ko,111 mins   More at IMDb TMDB  Report this page,Horror,"Ina Tsai, Ven Kao, Sin-Ting Huang",Incantation,2022,https://letterboxd.com/film/incantation-2022/
Psychic Vision: Jaganrei,1988,"Kyoko Sawai, a TV reporter, is making a report about an idol singer named Emi Kato. Emi and her staff are preparing the promotion of her next tune ""Love Craft"". And as spiritual accidents happen around her, Kyoko finds out that the woman who composed the tune died seven years before.",Teruyoshi Ishii,49 mins   More at IMDb TMDB  Report this page,"Horror, Thriller, Fantasy, Mystery","Kazue Ishiyama, Naoto Takenaka, Masaki Umehara",Psychic Vision: Jaganrei,1988,https://letterboxd.com/film/psychic-vision-jaganrei/
Host,2020,"Six friends hire a medium to hold a séance via Zoom during lockdown — but they get far more than they bargained for as things quickly go wrong. When an evil spirit starts invading their homes, they begin to realise they might not survive the night.",Rob Savage,56 mins   More at IMDb TMDB  Report this page,Horror,"Haley Bishop, Jemma Moore, Emma Louise Webb",Host,2020,https://letterboxd.com/film/host-2020/
The Lost Footage of Leah Sullivan,2018,An unedited memory card from a camera shows Leah Sullivan's school project about a cold case murder that doesn't seem to be so cold after all.,Burt Grinstead,84 mins   More at IMDb TMDB  Report this page,"Mystery, Crime, Horror, Thriller","Anna Stromberg, Burt Grinstead, Maureen Keiller",The Lost Footage of Leah Sullivan,2018,https://letterboxd.com/film/the-lost-footage-of-leah-sullivan/
Home Movie,2008,"Reverend David Poe and his psychiatrist wife trade hectic New York life for an idyllic rural farmhouse; the perfect place for 10 year old twins Jack & Emily to run, play and imagine. Documenting this lifestyle change, David decides to film every holiday and special family event. To the Poe's horror their home movies reveal an increasing malice and evil within their children.",Christopher Denham,77 mins   More at IMDb TMDB  Report this page,"Thriller, Horror, Drama","Adrian Pasdar, Cady McClain, Amber Joy Williams",Home Movie,2008,https://letterboxd.com/film/home-movie-2008/
The Dark Tapes,2016,"A genre-defying mixture of horror, sci-fi, myth, mystery and thrills told as four interlocking tales in one intelligent anthology. Ghosts, spirits, creatures, demons and more from the paranormal world collide with rational curiosity.",Vincent J. Guastini,98 mins   More at IMDb TMDB  Report this page,"Thriller, Science Fiction, Horror","Cortney Palm, David Hull, Emilia Ares",The Dark Tapes,2016,https://letterboxd.com/film/the-dark-tapes/
Creep 2,2017,"After finding an ad online for “video work,” Sara, a video artist whose primary focus is creating intimacy with lonely men, thinks she may have found the subject of her dreams. She drives to a remote house in the forest and meets a man claiming to be a serial killer. Unable to resist the chance to create a truly shocking piece of art, she agrees to spend the day with him. However, as the day goes on, she discovers she may have dug herself into a hole from which she can’t escape.",Patrick Brice,80 mins   More at IMDb TMDB  Report this page,"Thriller, Horror","Mark Duplass, Desiree Akhavan, Karan Soni",Creep 2,2017,https://letterboxd.com/film/creep-2/
"As Above, So Below",2014,"When a team of explorers ventures into the uncharted maze of bones that lies beneath the streets of Paris, they embark on a journey into madness and terror.",John Erick Dowdle,93 mins   More at IMDb TMDB  Report this page,"Horror, Thriller","Perdita Weeks, Ben Feldman, Edwin Hodge","As Above, So Below",2014,https://letterboxd.com/film/as-above-so-below-2014/
My House Walk-Through,2016,This is not horror video. This video was created simply by filming inside my house.,PiroPito,12 mins   More at IMDb TMDB  Report this page,Horror,,My House Walk-Through,2016,https://letterboxd.com/film/my-house-walk-through/
Megan Is Missing,2011,"Fourteen-year–old Megan and her best friend Amy spend a lot of time on the internet, posting videos of themselves and chatting with guys online. One night Megan chats with a guy named Josh who convinces her to meet him for a date. The next day, Megan is missing—forever. Based on actual cases of child abduction.",Michael Goi,86 mins   More at IMDb TMDB  Report this page,"Horror, Drama, Thriller","Amber Perkins, Rachel Quinn, Dean Waite",Megan Is Missing,2011,https://letterboxd.com/film/megan-is-missing/
Horror in the High Desert 3: Firewatch,2024,"As a wildfire bears down on the opposite side of the state, Oscar Mendoza, armed with a secret, takes advantage of the distraction and journeys to Northeastern Nevada in search of missing outdoorsman Gary Hinge's last known whereabouts.",Dutch Marich,88 mins   More at IMDb TMDB  Report this page,"Mystery, Horror","Suziey Block, Marco Antonio Parra, Eric Mencis",Horror in the High Desert 3: Firewatch,2024,https://letterboxd.com/film/horror-in-the-high-desert-3-firewatch/
Lake Mungo,2008,"After 16-year-old Alice Palmer drowns at a local dam, her family experiences a series of strange, inexplicable events centered in and around their home. Unsettled, the Palmers seek the help of a psychic and parapsychologist, who discovers that Alice led a secret, double life. At Lake Mungo, Alice's secret past emerges.",Joel Anderson,87 mins   More at IMDb TMDB  Report this page,"Thriller, Horror","Rosie Traynor, David Pledger, Martin Sharpe",Lake Mungo,2008,https://letterboxd.com/film/lake-mungo/
Phoenix Forgotten,2017,"Twenty years after three teenagers disappeared in the wake of mysterious lights appearing above Phoenix, Arizona, unseen footage from that night has been discovered, chronicling the final hours of their fateful expedition.",Justin Barber,87 mins   More at IMDb TMDB  Report this page,"Science Fiction, Mystery, Horror","Florence Hartigan, Luke Spencer Roberts, Chelsea Lopez",Phoenix Forgotten,2017,https://letterboxd.com/film/phoenix-forgotten/
Hell House LLC Origins: The Carmichael Manor,2023,"A group of cold case investigators stay at the Carmichael Manor, site of the grisly and unsolved murders of the Carmichael family back in the eighties. After four nights, the group was never heard from again. What is discovered on their footage is even more disturbing than anything found on the Hell House tapes.",Stephen Cognetti,98 mins   More at IMDb TMDB  Report this page,"Mystery, Horror","Bridget Rose Perrotta, Destiny Leilani Brown, James Liddell",Hell House LLC Origins: The Carmichael Manor,2023,https://letterboxd.com/film/hell-house-llc-origins-the-carmichael-manor/
Be My Cat: A Film for Anne,2015,An aspiring filmmaker goes to shocking extremes to convince Hollywood actress Anne Hathaway to star in his film. First entry in Adrian Țofei's spiritual trilogy which includes We Put the World to Sleep and Pure.,Adrian Țofei,87 mins   More at IMDb TMDB  Report this page,"Horror, Crime, Thriller","Adrian Țofei, Sonia Teodoriu, Florentina Hariton",Be My Cat: A Film for Anne,2015,https://letterboxd.com/film/be-my-cat-a-film-for-anne/
The Borderlands,2013,"Vatican investigators are sent to the British West Country to investigate paranormal activity, and they find the events are more disturbing than they first imagined.",Elliot Goldner,89 mins   More at IMDb TMDB  Report this page,Horror,"Gordon Kennedy, Aidan McArdle, Robin Hill",The Borderlands,2013,https://letterboxd.com/film/the-borderlands/
The Box Paradox,2025,A man tries to uncover the source of a noise coming from an empty wooden chest in his home.,Ville Rajala,4 mins   More at TMDB  Report this page,Horror,Ville Rajala,The Box Paradox,2025,https://letterboxd.com/film/the-box-paradox/
The Triangle,2016,"Three filmmakers receive an unsettling postcard from an estranged friend living in a secluded commune. The filmmakers take their cameras into the wilderness of Montana to document the mysterious inner workings of the group. On their disconcerting road to self-sufficiency, witnessing something more shocking than they ever imagined.",David Blair,94 mins   More at IMDb TMDB  Report this page,"Horror, Mystery","Andrew Rizzo, Lee Rizzo, Brick Patrick",The Triangle,2016,https://letterboxd.com/film/the-triangle-2016/
Rorschach,2015,Two skeptic researchers investigate a mother's claim that an unknown presence may be trying to communicate with her 7-year-old daughter.,C.A. Smith,75 mins   More at IMDb TMDB  Report this page,"Mystery, Horror","Ashlynn Allen, Ricky Lee Barnes, Ross Compton",Rorschach,2015,https://letterboxd.com/film/rorschach-2015/
The Hunted,2013,"Chasing their dream of landing their own hunting show, Jake and Stevie head to the dense, secluded mountains of West Virginia. Equipped with only their bow and camera, they have just three days to kill a monster buck big enough to grab the attention of the network...and they've found him. But the sun has set, and they realize they're not alone.",Josh Stewart,88 mins   More at IMDb TMDB  Report this page,Thriller,"Josh Stewart, Skipp Sudduth, Katherine Von Till",The Hunted,2013,https://letterboxd.com/film/the-hunted-2013/
The McPherson Tape,1989,"On October 8th, 1983, the Van Heese family gathered together to celebrate the 5th birthday of Michelle, the littlest member of their household. Everything was captured on VHS by Michael McPherson and his new camcorder — including the alien invasion.",Dean Alioto,63 mins   More at IMDb TMDB  Report this page,"Science Fiction, Horror, Thriller","Tommy Giavocchini, Patrick Kelley, Shirly McCalla",The McPherson Tape,1989,https://letterboxd.com/film/the-mcpherson-tape/
The Bay,2012,"Two million fish washed ashore. One thousand blackbirds dropped from the sky. On July 4, 2009 a deadly menace swept through the quaint seaside town of Claridge, Maryland, but the harrowing story of what happened that Independence Day has never been told—until now. The authorities believed they had buried the truth about the tragedy that claimed over 700 human lives. Now, three years later, a reporter has emerged with footage revealing the cover-up and an unimaginable killer: a mysterious parasitic outbreak. Told from the perspective of those who were there and saw what happened, The Bay unfolds over 24 hours through people's iPhones, Androids, 911 calls, webcams, and whatever else could be used to document the nightmare in Claridge. What follows is a nerve-shredding tale of a small town plunged into absolute terror.",Barry Levinson,84 mins   More at IMDb TMDB  Report this page,"Science Fiction, Thriller, Horror","Kristen Connolly, Will Rogers, Michael Beasley",The Bay,2012,https://letterboxd.com/film/the-bay/
V/H/S,2012,"When a group of misfits is hired by an unknown third party to burglarize a desolate house and acquire one rare VHS tape, they discover more found footage than they had bargained for.",David Bruckner,116 mins   More at IMDb TMDB  Report this page,"Thriller, Horror","Calvin Lee Reeder, Lane Hughes, Kentucker Audley",V/H/S,2012,https://letterboxd.com/film/v-h-s/
Cloverfield,2008,"Five young New Yorkers throw their friend a going-away party the night that a monster the size of a skyscraper descends upon the city. Told from the point of view of their video camera, the film is a document of their attempt to survive the most surreal, horrifying event of their lives.",Matt Reeves,84 mins   More at IMDb TMDB  Report this page,"Action, Thriller, Horror, Science Fiction","Lizzy Caplan, Jessica Lucas, T.J. Miller",Cloverfield,2008,https://letterboxd.com/film/cloverfield/
Paranormal Activity 2,2010,"Just as Daniel and Kristi welcome a newborn baby into their home, a demonic presence begins terrorizing them, tearing apart their perfect world and turning it into an inescapable nightmare.",Tod Williams,91 mins   More at IMDb TMDB  Report this page,"Horror, Mystery","Sprague Grayden, Brian Boland, Molly Ephraim",Paranormal Activity 2,2010,https://letterboxd.com/film/paranormal-activity-2/
Deadware,2021,"In 1999, two friends use a webcam for the first time and stumble across a mysterious browser game that may be haunted.",Isaac Rodriguez,68 mins   More at IMDb TMDB  Report this page,Horror,"Sarah Froelich, Ali Alkhafaji, Christine Brown",Deadware,2021,https://letterboxd.com/film/deadware/
The Poughkeepsie Tapes,2007,"When hundreds of videotapes showing torture, murder and dismemberment are found in an abandoned house, they reveal a serial killer's decade-long reign of terror and become the most disturbing collection of evidence homicide detectives have ever seen.",John Erick Dowdle,81 mins   More at IMDb TMDB  Report this page,"Thriller, Mystery, Crime, Horror","Stacy Chbosky, Ben Messmer, Lou George",The Poughkeepsie Tapes,2007,https://letterboxd.com/film/the-poughkeepsie-tapes/
Hikiko's Tragedy,2013,"Horror Channel, a live stream channel on the Web, suddenly becomes unavailable in the middle of the investigation of Hikiko, a woman who drags you to death. Right before the show becomes unavailable, a creepy woman is seen standing behind a reporter.",Hisatake Kikkawa,93 mins   More at IMDb TMDB  Report this page,Horror,"Maria Yoshikawa, Hiroaki Kawatsure, Syunpei Kawagoishi",Hikiko's Tragedy,2013,https://letterboxd.com/film/hikikos-tragedy/
The Tunnel,2011,"In 2007, in the midst of the drought and water shortages, the NSW State government has unveiled plans to tap into and recycle millions of litres of water trapped in a network of abandoned train tunnels just beneath the heart of Sydney. However the government suddenly goes cold on the plan and it is not made public why. There is talk of homeless people who use the tunnel as shelter going missing, even though the government states that there are no homeless people in there. This, and the silence from the officials and ministers, leads a journalist, Natasha to begin an investigation into a government cover-up. She and her crew Pete (Producer), Steve (Cameraman) and Tangles (Sound Technichian) decide to investigate the story in the tunnel.",Carlo Ledesma,90 mins   More at IMDb TMDB  Report this page,"Thriller, Horror, Mystery","Bel Deliá, Luke Arnold, Andy Rodoreda",The Tunnel,2011,https://letterboxd.com/film/the-tunnel-2011/
Beckoning the Butcher,2013,Beckoning the Butcher explores the night Chris Shaw and his four friends summoned a spirit into their holiday house - then disappeared forever.,Dale Trott,80 mins   More at IMDb TMDB  Report this page,"Horror, Drama, Thriller","Damien E. Lipp, Stephanie Mauro, Sophie Wright",Beckoning the Butcher,2013,https://letterboxd.com/film/beckoning-the-butcher/
Antrum,2018,"Rumored to have been lost, Antrum appears as a cursed film from the 1970s. Viewers are warned to proceed with caution. It’s said to be a story about a young boy and girl who enter the forest in an attempt to save the soul of their recently deceased pet. They journey to “The Antrum,” the very spot the devil landed after being cast out of heaven. There, the children begin to dig a hole to hell.",David Amito,95 mins   More at IMDb TMDB  Report this page,Horror,"Nicole Tompkins, Rowan Smyth, Dan Istrate",Antrum,2018,https://letterboxd.com/film/antrum/
Afraid,2018,A couple goes on a weekend getaway to a cabin in the woods. What starts as a romantic weekend turns into a nightmare when they discover they are being watched by the cabin's voyeuristic owner.,Jason Goldberg,125 mins   More at IMDb TMDB  Report this page,"Thriller, Horror","Alanna Masterson, George Byrne",Afraid,2018,https://letterboxd.com/film/afraid/
The Den,2013,A young woman studying the habits of webcam chat users from the apparent safety of her apartment witnesses a brutal murder online and is quickly immersed in a nightmare in which she and her loved ones are targeted for the same grisly fate as the first victim.,Zachary Donohue,77 mins   More at IMDb TMDB  Report this page,"Horror, Mystery, Thriller","Melanie Papalia, Matt Riedy, David Schlachtenhaufen",The Den,2013,https://letterboxd.com/film/the-den/
Desolation,2016,"When 3 film school students participate in an underground treasure hunt called ""13 candles"" taking place in an abandoned hospital from the 1800th century, they soon find themselves trapped in hell's maze.",Martin Sonntag,27 mins   More at IMDb TMDB  Report this page,Horror,"Martin Sonntag, Sune Rolf Jensen, Heine Sørensen",Desolation,2016,https://letterboxd.com/film/desolation-2016/
Webcast,2018,"Stranded in the suburbs, student filmmaker Chloe begins to make a documentary about her family's troubled past. Whilst filming, she and best friend Ed, witness an hysterical girl appearing to escape from a neighbour's house, only to be quickly dragged back inside again. Is she a recovering drug addict like the neighbours say? Or is she really in danger from those who claim to be caring for her?",Paul McGhie,95 mins   More at IMDb TMDB  Report this page,"Horror, Thriller","Samantha Redford, Joe Tremain, Nicola Wright",Webcast,2018,https://letterboxd.com/film/webcast/
Raw: The Curse of Grete Müller,2013,"Three filmmakers spend the night in a haunted forest to shoot a documentary about the legend of Grete Müller, a woman convicted of witchcraft and burnt at the stake over 300 years ago.",Marcel Walz,75 mins   More at IMDb TMDB  Report this page,Horror,"Natascha Zinck, Leoni Lee, Witalij Kühne",Raw: The Curse of Grete Müller,2013,https://letterboxd.com/film/raw-the-curse-of-grete-muller/
Infrared,2022,Family tensions between a brother and sister with psychic powers threaten to tear apart the filming of an episode of a paranormal reality TV show. But simmering emotions may be the least of the crew's problems...,Randy Nundlall Jr.,88 mins   More at IMDb TMDB  Report this page,Horror,"Greg Sestero, Jesse Janzen, Leah Finity",Infrared,2022,https://letterboxd.com/film/infrared/
End Roll,2012,"The young Laura documents her life in the apartment she shares with her friend Marta. One day, while poking her nose into Marta's privacy, she discovers a disturbing secret.",Giacomo Gabrielli,72 mins   More at IMDb TMDB  Report this page,"Mystery, Horror, Thriller","Giada Caruso, Susy Suarez",End Roll,2012,https://letterboxd.com/film/end-roll/
Godforsaken,2020,"Indie doc crew travels to a small town to document a bizarre and seemingly unnatural case, ending in extreme tragedy.",Ali Akbar Akbar Kamal,80 mins   More at IMDb TMDB  Report this page,Horror,"Chad Tailor, Mélie B. Rondeau, Katie Fleming",Godforsaken,2020,https://letterboxd.com/film/film:679720/
Invisible 2: Chasing The Ghost Sound,2011,"Geum Ja has been living alone since her husband and sister passed away. Lately, she keeps hearing her late sister's voice around the house. To find out her sister's message, she enlists the help of a television program that investigates supernatural happenings. Once the TV crew is there, however, the ghostly sounds disappear, and conflicts develop between Geum Ja and the crew. Just when the crew is about to pack up and leave, they record a woman's voice.",Jun-suk Yoo,39 mins   More at IMDb TMDB  Report this page,"Thriller, Horror, Drama",Jeong Eui-soon,Invisible 2: Chasing The Ghost Sound,2011,https://letterboxd.com/film/invisible-2-chasing-the-ghost-sound/
Curse of Aurore,2020,"A “Dark Web” thumb drive reveals footage of three American filmmakers in rural Quebec researching a historic child murder case. After witnessing several disturbing paranormal occurrences, they attempt to communicate with the spirit of the child.",Mehran Torgoley,90 mins   More at IMDb TMDB  Report this page,"Horror, Mystery","Llana Barron, Lex Wilson, Jordan Kaplan",Curse of Aurore,2020,https://letterboxd.com/film/curse-of-aurore/
Evil Things,2009,"On January 9, 2009, five college students left New York City for a weekend in the country. 48 hours later, all five students have simply vanished without a trace. There were no leads and no evidence - until now.",Dominic Perez,86 mins   More at IMDb TMDB  Report this page,"Horror, Thriller","Gail Cadden, Laurel Casillo, Morgan Hooper",Evil Things,2009,https://letterboxd.com/film/evil-things/
[REC]²,2009,"The action continues from [REC], with the medical officer and a SWAT team outfitted with video cameras are sent into the sealed off apartment to control the situation.",Paco Plaza,84 mins   More at IMDb TMDB  Report this page,"Thriller, Horror","Manuela Velasco, Jonathan D. Mellor, Óscar Zafra",[REC]²,2009,https://letterboxd.com/film/rec-2/
Savageland,2015,"When a small town near the Arizona-Mexico border is wiped out overnight, suspicion falls on the lone survivor. But a roll of photos the survivor took that night tells a different story.",Simon Herbert,80 mins   More at IMDb TMDB  Report this page,"Crime, Horror, Thriller","Noe Montes, J.C. Carlos, Lawrence Moss",Savageland,2015,https://letterboxd.com/film/savageland/
Milk & Serial,2024,A surprise birthday prank takes a turn for the worse when a popular social media duo must face the reality of the terrifying aftermath.,Curry Barker,62 mins   More at IMDb TMDB  Report this page,"Horror, Thriller","Curry Barker, Cooper Tomlinson, Tristan Welsh",Milk & Serial,2024,https://letterboxd.com/film/milk-serial/
#MissingCouple,2024,"@austinandjanna were a real #vanlife couple on an adventure to renovate an abandoned farm in middle-of-nowhere Mississippi. Cameras blazing, they chronicled their project on social media. But the farm was full of disturbing surprises, especially at night. Someone or something was stalking the couple. Please DM @foundpersonsreport with info about their disappearance.",Jacques Edeline,93 mins   More at IMDb TMDB  Report this page,"Crime, Thriller, Horror","Janna Jenkins, Austin Jenkins, Ginny Randall",#MissingCouple,2024,https://letterboxd.com/film/missingcouple/
Butterfly Kisses,2018,"A filmmaker discovers a box of video tapes depicting two students' disturbing film project featuring a local horror legend, The Peeping Tom. As he sets out to prove this story is real and release it as a work of his own, he loses himself and the film crew following him into his project.",Erik Kristopher Myers,91 mins   More at IMDb TMDB  Report this page,"Mystery, Horror, Drama","Seth Adam Kallick, Rachel Armiger, Reed Delisle",Butterfly Kisses,2018,https://letterboxd.com/film/butterfly-kisses-2018/
The Glenarma Tapes,2023,In Spring 2020 when five students and two faculty members from the Mid Ulster College of Art go missing in a forest on the north coast of Ireland. What happened on the day they disappeared has remained a mystery - until now.,Tony Devlin,96 mins   More at IMDb TMDB  Report this page,Horror,"Warren McCook, Emily Lamey, Rían Early",The Glenarma Tapes,2023,https://letterboxd.com/film/the-glenarma-tapes/
The Fear Footage 2: Curse of the Tape,2020,"On April 19th, 2019, Deputy Leo Cole's body camera footage from the night he disappeared was leaked. On that footage, he watched a mysterious V/H/S tape titled ""The Fear Footage"". On September 22nd, 2019, a camera was found in Darkbluff, Maryland with footage of two missing men who were searching for that same V/H/S tape. This is that footage..",Ricky Umberger,74 mins   More at IMDb TMDB  Report this page,Horror,"Ricky Umberger, James Herbert",The Fear Footage 2: Curse of the Tape,2020,https://letterboxd.com/film/the-fear-footage-2-curse-of-the-tape/
Sanatorium,2013,"On a bitterly cold December night, a paranormal investigations team has set their sights on the bloody Hillcrest Sanatorium to answer the age old question: Is there life after death? With rumours of hauntings and local children gone missing, they may just get their answer the hard way when members of the team mysteriously disappear, leaving behind unnerving evidence.",Brant Sersen,90 mins   More at IMDb TMDB  Report this page,"Thriller, Mystery, Horror","Kate Riley, Don Fanelli, DJ Hazard",Sanatorium,2013,https://letterboxd.com/film/sanatorium/
Crone Wood,2016,"A found footage horror film about a man and a woman camping in Wicklow, Ireland.",Mark Sheridan,86 mins   More at IMDb TMDB  Report this page,Horror,"Stephen Doring, Saoirse Doyle, Rowan Finken",Crone Wood,2016,https://letterboxd.com/film/crone-wood/
The Visit,2015,"A brother and sister are sent to their grandparents' remote Pennsylvania farm for a week, where they discover that the elderly couple is involved in something deeply disturbing.",M. Night Shyamalan,94 mins   More at IMDb TMDB  Report this page,"Horror, Thriller, Mystery","Olivia DeJonge, Ed Oxenbould, Deanna Dunagan",The Visit,2015,https://letterboxd.com/film/the-visit-2015/
Ghosts of Hiroshima,2022,"77 years after the bombing of Hiroshima, a malevolent force lingers at the site of nuclear calamity. Those who encounter this vengeful spirit are forever consumed by its wrath.",Brandon Walker,79 mins   More at IMDb TMDB  Report this page,Horror,"Akihiro Kitamura, Robert Palmer Watkins, Tony Gibbons",Ghosts of Hiroshima,2022,https://letterboxd.com/film/ghosts-of-hiroshima/
Blair Witch,2016,Students on a camping trip discover something sinister is lurking beyond the trees.,Adam Wingard,89 mins   More at IMDb TMDB  Report this page,"Thriller, Horror","James Allen McCune, Callie Hernandez, Brandon Scott",Blair Witch,2016,https://letterboxd.com/film/blair-witch/
Frazier Park Recut,2017,"“FRAZIER PARK RECUT” follows first-time filmmakers (Tyler and Sam) as they document the behind-the-scenes trials and tribulations of producing an independent found-footage horror film. After writing a script, collecting production gear, and securing a “cabin in the woods” location, Tyler and Sam hit gold when they cast the perfect actor, Tom Morris, to play the psychopathic antagonist of their film. With everything falling into place, the trio travels to the small, isolated town of Frazier Park, California to make their dream a reality.",Sam Hanover,71 mins   More at IMDb TMDB  Report this page,"Comedy, Thriller, Horror","Tyler Schnabel, Sam Hanover, David Lee Hess",Frazier Park Recut,2017,https://letterboxd.com/film/frazier-park-recut/
Alien Abduction: Incident in Lake County,1998,"After a mysterious blackout, a son goes out to investigate and captures footage of actual aliens. When the aliens follow he and his brothers back to their home all hell breaks lose.",Dean Alioto,93 mins   More at IMDb TMDB  Report this page,"Horror, TV Movie, Science Fiction","Benz Antoine, Kristian Ayre, Gillian Barber",Alien Abduction: Incident in Lake County,1998,https://letterboxd.com/film/alien-abduction-incident-in-lake-county/
The Hunt,2011,A college student returns to his home town to find something in the woods is killing livestock and people. He joins the hunting party armed only with a camera as they march into the woods to face the unknown.,John William Holt,14 mins   More at IMDb TMDB  Report this page,"Science Fiction, Horror, Thriller","Christopher Bower, Barbie Clark, Andrew Wiggins",The Hunt,2011,https://letterboxd.com/film/the-hunt-2011-1/
Grave Encounters,2011,A crew from a paranormal reality television show lock themselves in a haunted psychiatric hospital. They search for evidence of paranormal activity as they shoot what ends up becoming their final episode.,Stuart Ortiz,93 mins   More at IMDb TMDB  Report this page,"Horror, Thriller","Sean Rogerson, Ashleigh Gryzko, Merwin Mondesir",Grave Encounters,2011,https://letterboxd.com/film/grave-encounters/
Area 51,2015,"Three young conspiracy theorists attempt to uncover the mysteries of Area 51, the government's secret location rumored to have hosted encounters with alien beings. What they find at this hidden facility exposes unimaginable secrets.",Oren Peli,91 mins   More at IMDb TMDB  Report this page,"Science Fiction, Horror, Mystery","Frank Novak, Reid Warner, Darrin Bragg",Area 51,2015,https://letterboxd.com/film/area-51/
The Devil's Well,2018,"Karla Marks mysteriously vanishes while conducting a paranormal investigation with her husband. A year after her disappearance, a group of paranormal investigators attempt to uncover the truth about her disappearance.",Kurtis Spieler,88 mins   More at IMDb TMDB  Report this page,Horror,"Bryan Manley Davis, Chris Viemeister, Kristen Seavey",The Devil's Well,2018,https://letterboxd.com/film/the-devils-well/
The Faith Community,2017,"Trying to form a bond with God, three students find themselves in the belly of a twisted sect.",Faith R Johnson,88 mins   More at IMDb TMDB  Report this page,Horror,"Janessa Floyd, Julia Feinberg, Aidan Hart",The Faith Community,2017,https://letterboxd.com/film/the-faith-community/
Alone With Her,2006,"The harrowing story of a disturbed young man's attempts to win the affections of an unsuspecting young woman. When Doug first sees Amy, he instantly falls for her and begins to watch her every move, going so far as to set up spy cameras in her apartment. However, as his fascination grows into obsession he's no longer satisfied with just watching.",Eric Nicholas,78 mins   More at IMDb TMDB  Report this page,"Drama, Thriller, Crime","Colin Hanks, Ana Claudia Talancón, Jordana Spiro",Alone With Her,2006,https://letterboxd.com/film/alone-with-her/
Horror in the High Desert,2021,"In July 2017, an experienced outdoor enthusiast vanished in Northern Nevada while on an outdoor excursion. After an extensive search, he was never located. On the three-year anniversary of his disappearance, friends and loved ones recall the events leading up to his vanishing, and for the first time, speak about the horrifying conclusion of his fate.",Dutch Marich,80 mins   More at IMDb TMDB  Report this page,Horror,"Suziey Block, Tonya Williams Ogden, Eric Mencis",Horror in the High Desert,2021,https://letterboxd.com/film/horror-in-the-high-desert/
Ura Horror,2008,A found footage anthology horror film by Kôji Shiraishi.,Koji Shiraishi,75 mins   More at IMDb TMDB  Report this page,"Horror, Mystery, Science Fiction","Mihiro Tangicuhi, Hitomi Miwa, Naporeonzu",Ura Horror,2008,https://letterboxd.com/film/ura-horror/
Mr. Jones,2013,"Scott (Jon Foster) is a filmmaker in need of inspiration. He and his girlfriend Penny (Sarah Jones) move into a desolate house hoping to make a breakthrough. Then they discover their neighbor, the elusive Mr. Jones. Famous for his haunting sculptures, Mr. Jones has remained a mystery to the world. Scott and Penny, convinced that they have found the perfect film subject, sneak into his workshop and realize that their curiosity may have chilling consequences. Who is Mr. Jones?",Karl Mueller,90 mins   More at IMDb TMDB  Report this page,"Horror, Drama, Thriller","Jon Foster, Rachel O'Meara, Mark Steger",Mr. Jones,2013,https://letterboxd.com/film/mr-jones-2013/
Ghoul,2015,"GHOUL is a supernatural horror film involving the real life story of the Soviet Union's most violent serial killer, Andrei Chikatilo. Three Americans travel to the Ukraine to film a documentary about the cannibalism epidemic that swept through the country during the famine of 1932. After being lured deep into the Ukraine forest for an interview with one of the last known survivors, they quickly find themselves trapped in a supernatural hunting ground.",Petr Jákl,86 mins   More at IMDb TMDB  Report this page,"Thriller, Horror","Jennifer Armour, Jeremy Isabella, Paul S. Tracey",Ghoul,2015,https://letterboxd.com/film/ghoul-2015/
What We Do in the Shadows,2014,Vampire housemates try to cope with the complexities of modern life and show a newly turned hipster some of the perks of being undead.,Taika Waititi,86 mins   More at IMDb TMDB  Report this page,"Horror, Comedy","Jemaine Clement, Taika Waititi, Jonny Brugh",What We Do in the Shadows,2014,https://letterboxd.com/film/what-we-do-in-the-shadows/
Apollo 18,2011,"Officially, Apollo 17 was the last manned mission to the moon. But a year later in 1973, three American astronauts were sent on a secret mission to the moon funded by the US Department of Defense. What you are about to see is the actual footage which the astronauts captured on that mission. While NASA denies its authenticity, others say it's the real reason we've never gone back to the moon.",Gonzalo López-Gallego,86 mins   More at IMDb TMDB  Report this page,"Horror, Thriller, Science Fiction","Ryan Robbins, Warren Christie, Lloyd Owen",Apollo 18,2011,https://letterboxd.com/film/apollo-18/
The Phoenix Tapes '97,2016,"In 1997, four campers went missing during the Phoenix Lights incident and their bodies were never found. The Phoenix Tapes 97 is comprised of their final footage. This film is dedicated to the lives lost during the events displayed. To their families and friends and to the authorities who continue to search for answers. ​ The tapes were found by Dustin Miller's father two years after Dustin was mysteriously shot and killed at a traffic stop in Texas. Peter Miller believes his son was acting as a whistleblower and had smuggled the tapes from his classified government agency in an effort to expose the truth as to what really happened to the four missing campers seen in the tapes. ​ After searching every newspaper and media publication around Phoenix during that time period, we only found one initial announcement that four campers were reported missing, as well as a formal police report folder with local PD but the folder had no files inside.",Turner Clay,67 mins   More at IMDb TMDB  Report this page,"Science Fiction, Horror, Thriller","Turner Clay, Peter Miller",The Phoenix Tapes '97,2016,https://letterboxd.com/film/the-phoenix-tapes-97/
Where's Carolyn?,2013,"Two people go into the forest in order to investigate a famous local urban legend, this is the footage that was later found.",,30 mins   More at IMDb TMDB  Report this page,Horror,,Where's Carolyn?,2013,https://letterboxd.com/film/wheres-carolyn/
The Sidney Barber Tapes,2023,An urban explorer goes missing in 2008.,Tyler Regan,12 mins   More at TMDB  Report this page,Horror,,The Sidney Barber Tapes,2023,https://letterboxd.com/film/the-sidney-barber-tapes/
Spree,2020,"Desperate for an online following, a rideshare driver has figured out a deadly plan to go viral and he will stop at nothing to get his five minutes of fame.",Eugene Kotlyarenko,93 mins   More at IMDb TMDB  Report this page,"Horror, Thriller, Comedy, Crime","Joe Keery, Sasheer Zamata, David Arquette",Spree,2020,https://letterboxd.com/film/spree-2020/
Dagr,2024,Fame seeking YouTubers find themselves in a paranormal nightmare when the advert team they are attempting to steal from awakens a druid demon from the past.,Matthew Butler-Hart,77 mins   More at IMDb TMDB  Report this page,"Horror, Comedy","Riz Moritz, Ellie Duckles, Emma King",Dagr,2024,https://letterboxd.com/film/dagr/
Erasmus,2016,Montse just wanted to make a documentary about partying at the Barcelona night clubs. But what begins as a fun evening out turns into hours of unending terror as Montse's video cameras capture a mysterious fiend killing off her friends one by one.,Pablo Javier Cosco,71 mins   More at IMDb TMDB  Report this page,"Crime, Thriller, Horror","Sergi Galiano, Isabel Cherif, Simone Cetroni",Erasmus,2016,https://letterboxd.com/film/erasmus/
Ratter,2015,"Emma is a young and beautiful graduate student just starting a new life in New York City. Like most people her age, she is always connected - her phone and laptop are constant companions, documenting her most intimate moments. What she doesn't realize is that she's sharing her life with an uninvited and dangerous guest. A hacker is following Emma’s every move. When the voyeuristic thrill of watching her digitally isn't enough, the situation escalates to a dangerous and terrifying level.",Branden Kramer,80 mins   More at IMDb TMDB  Report this page,"Horror, Thriller, Drama","Ashley Benson, Matt McGorry, Michael William Freeman",Ratter,2015,https://letterboxd.com/film/ratter/
Death of a Vlogger,2019,"An ambitious vlogger experiences the dark side of the internet when his latest video, which features an alleged haunting, goes viral.",Graham Hughes,88 mins   More at IMDb TMDB  Report this page,"Drama, Horror, Mystery","Graham Hughes, Annabel Logan, Paddy Kondracki",Death of a Vlogger,2019,https://letterboxd.com/film/death-of-a-vlogger/
Evidence,2011,"Ryan is making a documentary on his friend, Brett, about camping for the first time. However, once they begin camping, they discover that there is a mysterious figure that is hunting them.",Howie Askins,78 mins   More at IMDb TMDB  Report this page,Horror,"Ryan McCoy, Brett Rosenberg, Abigail Richie",Evidence,2011,https://letterboxd.com/film/evidence/
The Devil's Doorway,2018,"In the autumn of 1960, Father Thomas Riley and Father John Thornton were sent by the Vatican to investigate a miraculous event in an Irish home for 'fallen women', only to uncover something much more horrific.",Aislinn Clarke,76 mins   More at IMDb TMDB  Report this page,"Drama, Horror","Lalor Roddy, Ciaran Flynn, Helena Bereen",The Devil's Doorway,2018,https://letterboxd.com/film/the-devils-doorway/
Exhibit A,2007,"Exhibit A tells the timely story of a normal family disintegrating under financial pressure. All is not as it seems as the King family go about their day-to-day lives oblivious of the horror to come. Dad Andy (Bradley Cole) is nursing a secret that ultimately leads to terrible consequences for them all. We witness these chilling events unfold through daughter Judith's video camera, which subsequently becomes Exhibit A.",Dom Rotheroe,85 mins   More at IMDb TMDB  Report this page,"Drama, Horror, Thriller","Bradley Cole, Oliver Lee, Brittany Ashworth",Exhibit A,2007,https://letterboxd.com/film/exhibit-a/
Life of Belle,2024,"This is the true story of how on July 18th, 2018 an 8 year old Annabelle Starnes went missing. What was found in the home would shock this small town of South Carolina.",Shawn Robinson,72 mins   More at IMDb TMDB  Report this page,"Horror, Thriller","Syrenne Robinson, Zachary Robinson, Sarah Mae Robinson",Life of Belle,2024,https://letterboxd.com/film/life-of-belle/
Altar,2017,"The terrifying story of a group of former college classmates who get lost driving to a college reunion camp out in the Sierra Nevada mountains. After stopping for the night, they stumble onto something much darker. They must battle to escape the evil they unleashed to not only save their own lives but their souls as well.",Matthew Sconce,83 mins   More at IMDb TMDB  Report this page,Horror,"Stefanie Estes, Deep Rai, Brittany Falardeau",Altar,2017,https://letterboxd.com/film/altar-2017/
The Atticus Institute,2015,"In the early 1970s, Dr. Henry West creates an institute to find people with supernatural abilities. When Judith Winstead comes to the facility, she exhibits amazing abilities that the military wants to turn into a weapon.",Chris Sparling,92 mins   More at IMDb TMDB  Report this page,Horror,"William Mapother, Rya Kihlstedt, Sharon Maughan",The Atticus Institute,2015,https://letterboxd.com/film/the-atticus-institute/
Demon of the Flats,2012,"Found footage film mockumentary filmed in the American Flats of Gold Hill, Nevada, on the dates of December 15th, 2012 through December 16th, 2012. Three teenagers had seen a viral video online that takes place in the mysterious American Flats. Deciding to see the video online is real or not, they set out to try and find the demon of the flats. The camera and equipment of three teenagers on the footage were found badly damaged and in places all over the American Flats. This film presents what they captured.",Chris DuFresne,57 mins   More at TMDB  Report this page,Horror,"Kiegan Mcintier, Chris DuFresne, Brynden Whitten",Demon of the Flats,2012,https://letterboxd.com/film/demon-of-the-flats/
Willow Creek,2013,"Looking to make a splash online with his research videos into the existence of Bigfoot, Jim and his girlfriend Kelly take a camping trip to the small town of Willow Creek, California, and the surrounding mountains where the infamous footage of the supposed sasquatch was filmed.",Bobcat Goldthwait,80 mins   More at IMDb TMDB  Report this page,"Mystery, Horror, Thriller","Alexie Gilmore, Bryce Johnson, Peter Jason",Willow Creek,2013,https://letterboxd.com/film/willow-creek/
The Museum Project,2016,"A group of students decide to base their media assignment on a local railway museum myth. However, when they trespass the premises after hours, they soon learn that some myths are more than stories.",Paul Evans Thomas,45 mins   More at IMDb TMDB  Report this page,"Thriller, Horror, Mystery","Alison Wills, Paul Evans Thomas, Ned Holland",The Museum Project,2016,https://letterboxd.com/film/the-museum-project/
Dark Amazon,2014,"A film crew tracks a group of researchers and their breakthrough disease research. While battling through the rain-forest, things turn deadly leaving them fighting to survive.",Darcyana Moreno Izel,83 mins   More at IMDb TMDB  Report this page,"Adventure, Thriller, Horror","Mina Olivera, Don Jeanes, Robert Fleet",Dark Amazon,2014,https://letterboxd.com/film/dark-amazon/
The Phoenix Incident,2015,"A number of 'missing person' cases are reported in Phoenix, Arizona when an unexplained light appears in the sky one night in 1997.",Keith Arem,81 mins   More at IMDb TMDB  Report this page,"Science Fiction, Horror, Thriller","Yuri Lowenthal, Travis Willingham, Troy Baker",The Phoenix Incident,2015,https://letterboxd.com/film/the-phoenix-incident/
Daylight,2013,"A horror/thriller about a team of Child Protective Services workers who investigate a series of bizarre child abuse cases in the small town of Daylight, IN. As the mystery unfolds, they discover the cases may actually be linked by demonic possession.",Kaidan Tremain,97 mins   More at IMDb TMDB  Report this page,"Thriller, Mystery, Horror","Jennifer Bacon, David McCracken, Josh Riedford",Daylight,2013,https://letterboxd.com/film/daylight-2013/
The Devil´s Shadow,2020,"In the midst of quarantine in 2020, a girl starts to experience supernatural events that will take her to the limit.",Max Coronel,54 mins   More at IMDb TMDB  Report this page,Horror,"Clara Kovacic, Germán Baudino, Gon Spina",The Devil´s Shadow,2020,https://letterboxd.com/film/the-devils-shadow/
15-05-08,2020,"On May 15th, 2008 four young adults witnessed a break in at a neighbor's house. Next they grabbed their video cameras and started to record it.",Nikki Chatwin,17 mins   More at IMDb TMDB  Report this page,Horror,"Fern Chatwin, Kasey Jones, Scarlett Isabelle Sibson",15-05-08,2020,https://letterboxd.com/film/15-05-08/
Hell House LLC II: The Abaddon Hotel,2018,"Eight years after the opening night tragedy of HELL HOUSE LLC, many unanswered questions remain. Thanks to an anonymous tip, an investigative journalist is convinced that key evidence is hidden inside the abandoned Abaddon Hotel. She assembles a team to break into the hotel in hopes of discovering the truth. But the source of the tip and the secrets of the Abaddon Hotel are more horrifying than any of them could have imagined.",Stephen Cognetti,89 mins   More at IMDb TMDB  Report this page,"Horror, Mystery","Vas Eli, Jillian Geurts, Joy Shatz",Hell House LLC II: The Abaddon Hotel,2018,https://letterboxd.com/film/hell-house-llc-ii-the-abaddon-hotel/
Case 347,2020,"CASE 347 follows psychologist and UFO skeptic, Dr. Mia Jansen (Maya Stojan), and a team of documentary filmmakers who believe that alien abduction claims are forms of ""mass hysteria"". This is their footage:",Chris Wax,85 mins   More at IMDb TMDB  Report this page,Horror,"Maya Stojan, Jason Kropik, Chris Wax",Case 347,2020,https://letterboxd.com/film/case-347/
Project Eerie,2023,"On Halloween, 2020, Jesse and Jacob Warner disappeared while live streaming on social media. This is that live stream.",Ricky Umberger,76 mins   More at IMDb TMDB  Report this page,Horror,"Ricky Umberger, Austin Greene, Justin Snyder",Project Eerie,2023,https://letterboxd.com/film/project-eerie/
The Possession of Michael King,2014,"The film tells the story of documentary filmmaker Michael King (Shane Johnson), who doesn’t believe in God or the Devil. Following the sudden death of his wife, Michael decides to make his next film about the search for the existence of the supernatural, making himself the center of the experiment – allowing demonologists, necromancers, and various practitioners of the occult to try the deepest and darkest spells and rituals they can find on him – in the hopes that when they fail, he’ll once and for all have proof that religion, spiritualism, and the paranormal are nothing more than myth. But something does happen. An evil and horrifying force has taken over Michael King. And it will not let him go.",David Jung,83 mins   More at IMDb TMDB  Report this page,Horror,"Shane Johnson, Ella Anderson, Cara Pifko",The Possession of Michael King,2014,https://letterboxd.com/film/the-possession-of-michael-king/
Howard’s Mill,2021,An abandoned piece of farmland in rural Tennessee may hold the key to multiple missing person cases spanning over forty years.,Shannon Houchins,96 mins   More at IMDb TMDB  Report this page,"Horror, Crime, Mystery","Reegus Flenory, Josefina Boneo, Jeremy Childs",Howard’s Mill,2021,https://letterboxd.com/film/howards-mill/
Finding Randy,2020,"When an old friend's return home is disrupted by his sudden disappearance, what starts as a welcome home film becomes an unsettling search.",Greg McNichol,85 mins   More at IMDb TMDB  Report this page,"Horror, Thriller, Mystery","Paul Schragen, Luke Schragen, Beth Anne",Finding Randy,2020,https://letterboxd.com/film/finding-randy/
The Untitled Meriharju Project,2019,In July of 2019 Jarno Mahlberg attended to Kino Euphoria Helsinki International Kino Kabaret. The following experience is assembled from his iPhone videos found after the first session.,Jarno Mahlberg,5 mins   More at IMDb TMDB  Report this page,Horror,Jarno Mahlberg,The Untitled Meriharju Project,2019,https://letterboxd.com/film/the-untitled-meriharju-project/
The Unfolding,2016,"It is 2016 and a fearful world seems to be on the brink of a nuclear catastrophe. A researcher in psychical events and his girlfriend travel to deepest Dartmoor to investigate a centuries-old building. What they unlock and discover is way more than they could have ever bargained for. An exciting first feature from newcomer Eugene McGing, who expertly takes familiar tropes and gives them a fresh spin in this genuinely terrifying haunted house tale.",Eugene McGing,90 mins   More at IMDb TMDB  Report this page,"Horror, Mystery, Thriller","Lachlan Nieboer, Lisa Kerr, Nick Julian",The Unfolding,2016,https://letterboxd.com/film/the-unfolding/
The Paranormal Diaries: Clophill,2013,"In March 1963, a black mass was held at a ruined church in Clophill, Bedfordshire by a coven of dark witches. Tombs were looted, animals sacrificed and human bones arranged during a macabre ceremony. Further defilements continued at Clophill in the following years, with cattle in nearby fields found mutilated, evidence of necromancy discovered and perpetual sightings of paranormal activity witnessed at the isolated ruin. 50 years on from the original incident, the Clophill legend remains etched on the psyches of the local populace. In 2010, a documentary team was assembled to investigate the legend of the Clophill witches and to try and uncover the truth behind the paranormal events. What followed during that long weekend at Clophill was a terrifying journey into the unknown.",Michael G. Bartlett,88 mins   More at IMDb TMDB  Report this page,Horror,"Michael G. Bartlett, Kevin Gates, Craig Stovin",The Paranormal Diaries: Clophill,2013,https://letterboxd.com/film/the-paranormal-diaries-clophill/
Horror in the High Desert 2: Minerva,2023,In 2018 a string of tragedies unfold in the high desert of North Eastern Nevada. A woman was found dead and another would vanish along the same stretch of remote highway. Could these events be linked to the infamous 2017 disappearance of outdoorsman Gary Hinge?,Dutch Marich,76 mins   More at IMDb TMDB  Report this page,"Horror, Mystery","Suziey Block, Brooke Bradshaw, C.R. Brough",Horror in the High Desert 2: Minerva,2023,https://letterboxd.com/film/horror-in-the-high-desert-2-minerva/
Doc. 33,2011,"In 1998, four Italian filmmakers disappear in the Austrian Alps while shooting a documentary. Only now their footage has been made public.",Giacomo Gabrielli,63 mins   More at IMDb TMDB  Report this page,Horror,,Doc. 33,2011,https://letterboxd.com/film/doc-33/
The Houses October Built,2014,"Beneath the fake blood and cheap masks of countless haunted house attractions across the country, there are whispers of truly terrifying alternatives. Looking to find an authentic, blood-curdling good fright for Halloween, five friends set off on a road trip in an RV to track down these underground Haunts. Just when their search seems to reach a dead end, strange and disturbing things start happening and it becomes clear that the Haunt has come to them…",Bobby Roe,91 mins   More at IMDb TMDB  Report this page,"Thriller, Horror","Brandy Schaefer, Zack Andrews, Bobby Roe",The Houses October Built,2014,https://letterboxd.com/film/the-houses-october-built/
Apocalyptic,2014,A local news crew become horribly involved with a doomsday cult.,Glenn Triggs,84 mins   More at IMDb TMDB  Report this page,"Drama, Horror","Jane Elizabeth Barry, David Macrae, Geoff Pinfield",Apocalyptic,2014,https://letterboxd.com/film/apocalyptic/
Gonjiam: Haunted Asylum,2018,"The crew of a horror web series travels to an abandoned asylum for a live broadcast, but they encounter much more than expected as they move deeper inside the nightmarish old building.",Jung Bum-shik,95 mins   More at IMDb TMDB  Report this page,"Horror, Mystery","Wi Ha-jun, Park Ji-hyun, Oh Ah-yeon",Gonjiam: Haunted Asylum,2018,https://letterboxd.com/film/gonjiam-haunted-asylum/
Scary Stories: Dark Web,2020,Six friends find themselves dealing with an unknown force after stumbling too deep into the dark web.,Bryan Renaud,60 mins   More at IMDb TMDB  Report this page,Horror,"Savanna Rae, Bryan Renaud, Sarah Patin",Scary Stories: Dark Web,2020,https://letterboxd.com/film/scary-stories-dark-web/
The Investigation: A Haunting in Sherwood,2019,Private Investigator Gareth Morris went missing in 2018 whilst investigating noises coming from a house in Sherwood. He hacked into the home's security system and recorded everything.,Richard Mansfield,70 mins   More at IMDb TMDB  Report this page,Horror,"Matthew James Finkel, Gavin Gordon, Michael Muyunda",The Investigation: A Haunting in Sherwood,2019,https://letterboxd.com/film/the-investigation-a-haunting-in-sherwood/
#ChadGetsTheAxe,2022,"Four social media influencers livestream their trip to Devil's Manor, former home to a Satanic Cult. Things don't go well. And as the violence ramps up... so do the views.",Travis Bible,83 mins   More at IMDb TMDB  Report this page,"Horror, Comedy","Spencer H. Levin, Michael Bonini, Taneisha Figueroa",#ChadGetsTheAxe,2022,https://letterboxd.com/film/chadgetstheaxe/
Sleepy Oaks,2015,"The footage you are about to see was found on a camcorder in Sleepy Oaks cemetery, Stoke-on-Trent. It is believed to have belonged to paranormal investigators Adrian Hale and Lukas Clements, whom both went missing a week before the camcorder was discovered. They were investigating the paranormal incidences that are rumoured to occur there; looking at the footage, it is safe to say, they found it!",Nathan Pond,13 mins   More at TMDB  Report this page,Horror,"Nathan Pond, Oliver Batchelor, Frankie Rogers",Sleepy Oaks,2015,https://letterboxd.com/film/sleepy-oaks/
V/H/S/99,2022,"A thirsty teenager's home video leads to a series of horrifying revelations, harkening back to the final punk rock analog days of VHS, while taking one giant leap forward into the hellish new millennium.",Joseph Winter,109 mins   More at IMDb TMDB  Report this page,"Horror, Thriller","Jesse LaTourette, Keanush Tafreshi, Dashiell Derrickson",V/H/S/99,2022,https://letterboxd.com/film/v-h-s-99/
Raised by Wolves,2014,"When a group of friends come across an abandoned house in the barren desert, what follows is a terrifying tale of evil possession causing the friends to slowly turn against each other.",Mitchell Altieri,76 mins   More at IMDb TMDB  Report this page,Horror,"Evan Crooks, Monty Geer, Leore Hayon",Raised by Wolves,2014,https://letterboxd.com/film/raised-by-wolves/
The Collingswood Story,2002,"When Rebecca went away to college, her boyfriend John thought video chatting would help them stay in touch. But idle curiosity leads to a dark secret when Rebecca and John video chat with Vera Madeline, an online psychic, who initiates a deadly reign of terror over their lives. The Collingswood Story is an innovative and acclaimed micro budget horror film by writer/director Mike Costanza. It’s the first found footage film to be viewed through webcams, which helped pave the way for future hits such as Host, Paranormal Activity, and Unfriended. Its macabre tale of murder, ritual, and mystery is told through an immersive interface where each character uses a cam for their own voyeuristic purposes - to communicate, to investigate, and to victimize - ultimately becoming witness to a shocking and disturbing finish!",Michael Costanza,82 mins   More at IMDb TMDB  Report this page,"Horror, Thriller, Mystery","Stephanie Dees, Johnny Burton, Diane Behrens",The Collingswood Story,2002,https://letterboxd.com/film/the-collingswood-story/
Skyman,2019,The story of Carl Merryweather who believes he experienced an alien encounter at 10-years-old and is now trying to reconnect with the UFO as the same location.,Daniel Myrick,92 mins   More at IMDb TMDB  Report this page,"Horror, Science Fiction","Michael Selle, Nicolette Sweeney, Faleolo Alailima",Skyman,2019,https://letterboxd.com/film/skyman/
The Monster Project,2017,"When aspiring horror filmmakers post an online casting call looking for ""real life"" monsters to interview for their upcoming documentary called, The Monster Project, they find three individuals claiming to be a skin-walker, a vampire, and a demon. Meeting these monsters at a remote mansion in the woods on the night of a total lunar eclipse, the filmmakers invite the three subjects to share their haunting, personal experiences. Working on the crew is a recovering drug addict who suffers withdrawal and paranoia. As a person of faith, he fears his friends underestimate the dark powers they are summoning. When the interviews turn deadly, he must battle the demons, inside and out, to escape the house and defeat the rise of evil incarnate.",Victor Mathieu,98 mins   More at IMDb TMDB  Report this page,"Action, Horror","Yvonne Zima, Justin Bruening, Toby Hemingway",The Monster Project,2017,https://letterboxd.com/film/the-monster-project/
To Jennifer,2013,"Convinced that his longtime girlfriend is cheating on him, heartbroken Joey recruits his cousin Steven to shoot a video that will prove her guilt. Before the video is completed, however, Joey and Steven uncover something so sinister is shakes them to the very core.",James Cullen Bressack,76 mins   More at IMDb TMDB  Report this page,"Thriller, Horror","Chuck Pappas, Jessica Cameron, Jody Barton",To Jennifer,2013,https://letterboxd.com/film/to-jennifer/
Last Radio Call,2022,"On June 30th, 2018, Officer David Serling went missing inside an undisclosed abandoned hospital. Using his recovered body cam footage, his wife attempts to piece together what happened to him on that horrible night.",Isaac Rodriguez,76 mins   More at IMDb TMDB  Report this page,"Mystery, Horror","Sarah Froelich, Jason Scarbrough, Keekee Suki",Last Radio Call,2022,https://letterboxd.com/film/last-radio-call/
7 Nights Of Darkness,2011,In 2010 six reality television show contestants spent seven nights in an abandoned and haunted asylum. The show never aired but an editor for the network was able to piece together some footage. The prize for staying all seven nights was a share of one million dollars that was to be split amongst any contestants that didn't leave. No prize money was ever awarded.,Allen Kellogg,90 mins   More at IMDb TMDB  Report this page,Horror,"Thomas Cassell, Jennifer Mae Hoffman, Jessica A. Fleming",7 Nights Of Darkness,2011,https://letterboxd.com/film/7-nights-of-darkness/
The Circle,2020,"Josh’s beloved Grandpa Joe has passed on... and they never even got to say goodbye. So, Josh’s wife, Lori plans to do a séance as part of his upcoming surprise birthday party. Despite a stern warning not to hold such a ritual during a birthday celebration, Lori invites Ina, a spiritual medium, to attend the party and conduct the séance. When family and friends gather in the circle to make contact, long held secrets are revealed as Grandpa Joe leads Josh to the discovery of a Masonic ring hidden in the basement. After a series of supernatural disturbances, the circle congregates one last time to attempt to exorcise the malevolent presence and lay it to rest... but can the door, once opened between our reality and the spiritual realm, ever be closed again?",Michael Lansu,88 mins   More at TMDB  Report this page,Horror,"Michael Morris, Caitlin Costello, Rebecca Shea",The Circle,2020,https://letterboxd.com/film/the-circle-2020/
Don’t Peek,2025,A professional YouTubing couple - whose career is starting to fray their marriage - grapples with how to leverage the discovery that the previous owner of their new home was not only a serial killer who taped his crimes but also believed his victims were haunting him.,Kyle Tague,100 mins   More at IMDb TMDB  Report this page,Horror,"Kelly Daly, Jonathan Faircloth Kirk, Robbie Allen",Don’t Peek,2025,https://letterboxd.com/film/dont-peek-2025/
A Town Full of Ghosts,2022,"A couple moves into a forgotten ghost town with big plans to restore it, but soon discovers the town has an evil secret.",Isaac Rodriguez,65 mins   More at IMDb TMDB  Report this page,"Thriller, Horror, Mystery","Andrew C. Fisher, Mandy Lee Rubio, Sarah Froelich",A Town Full of Ghosts,2022,https://letterboxd.com/film/a-town-full-of-ghosts/
Alien Valley,2012,The story of a reality T.V. crew of paranormal researchers who journey to Colorado's San Luis Valley in order to investigate the unexplained phenomena of cattle mutilations. Over the course of their three day investigation they find much more than they ever could have bargained for.,David Benjamin Franco,75 mins   More at IMDb TMDB  Report this page,"Science Fiction, Horror, Mystery","Nathan Blackburn, John Campbell, Nikki Cornejo",Alien Valley,2012,https://letterboxd.com/film/alien-valley/
DVD,2016,"A man and his girlfriend record their reactions to movies as part of their Youtube channel, this DVD however will be somewhat different.",Steven Daemers,41 mins   More at TMDB  Report this page,Horror,"Steven Daemers, Harley Dauwe, Kevin De Gols",DVD,2016,https://letterboxd.com/film/dvd-2016/
Ataraxia,2025,"After a devastating freak storm, mutant bodies and other aberrations emerge from the floodwaters. This is the footage compiled from the disaster site...",Joe Meredith,22 mins   More at TMDB  Report this page,"Horror, Science Fiction",,Ataraxia,2025,https://letterboxd.com/film/ataraxia-2025/
Senritsu Kaiki File Kowasugi! File 03: Legend of a Human-Eating Kappa,2013,A new posted video was delivered to Ichikawa. A couple fishing in a pond captured a strange creature that emerged from the surface of the water.,Koji Shiraishi,73 mins   More at IMDb TMDB  Report this page,Horror,"Shigeo Ôsako, Chika Kuboyama, Koji Shiraishi",Senritsu Kaiki File Kowasugi! File 03: Legend of a Human-Eating Kappa,2013,https://letterboxd.com/film/senritsu-kaiki-file-kowasugi-file-03-legend-of-a-human-eating-kappa/
Investigation of Indian Cabin Rd,2015,When a group of friends go to investigate the infamous Indian Cabin Rd they record their horrific findings.,Austin Barbetto,40 mins   More at IMDb TMDB  Report this page,Horror,"Austin Barbetto, Mark Boucher, Nick Ivins",Investigation of Indian Cabin Rd,2015,https://letterboxd.com/film/investigation-of-indian-cabin-rd/
388 Arletta Avenue,2011,A young couple find themselves in an unnerving situation with a mysterious stalker.,Randall Cole,87 mins   More at IMDb TMDB  Report this page,"Thriller, Horror","Nick Stahl, Mia Kirshner, Devon Sawa",388 Arletta Avenue,2011,https://letterboxd.com/film/388-arletta-avenue/
Chad Gets The AxE,2019,"A self-absorbed social media personality investigates a murder house on his live stream, and gets what he deserves... Or does he?",Travis Bible,11 mins   More at IMDb TMDB  Report this page,"Comedy, Horror",Spencer H. Levin,Chad Gets The AxE,2019,https://letterboxd.com/film/chad-gets-the-axe/
CHEST,2022,"While filming a documentary series about Appalachian folklore and mythology, a crew of amateur filmmakers uncover the legend of a mysterious box hidden away deep in a wilderness area known as ""Jeffrey's Hell"" in the Appalachian mountains of East Tennessee. As the mystery unfolds they soon discover that some secrets are best locked away and forgotten. Based on actual events.",Aaron Irons,95 mins   More at IMDb TMDB  Report this page,"Crime, Horror","Ted Welch, Jessejames Locorriere, Dean Shortland",CHEST,2022,https://letterboxd.com/film/chest/
Exhibit #8,2022,"When Bosnian-born Aisha and cameraman Elias team up to shoot a documentary on the mysterious disappearance of Aisha's brother, they cross paths with another film crew, who are creating an even more sinister narrative.",Ruben Broekhuis,76 mins   More at IMDb TMDB  Report this page,"Horror, Thriller","Nastaran Razawi Khorasani, Claudio Magaña Torres, Mike Reus",Exhibit #8,2022,https://letterboxd.com/film/exhibit-8/
Embedded,2013,A seasoned news correspondent and cameraman embed themselves with a posse that set off into the rugged wilderness of the Rocky Mountains to find a missing child who may become the next victim of what is believed to be a rogue grizzly...,Michael Bafaro,89 mins   More at IMDb TMDB  Report this page,"Thriller, Horror","Don Knodel, Jeb Beach, Jennifer Koenig",Embedded,2013,https://letterboxd.com/film/embedded-2013/
Senritsu Kaiki File Super Kowa Too! Dark Mystery: Snake Woman,2015,"Kudo receives a video shot by a job-hopper named Sakurai. The video shows a beautiful woman who visits the side of a river in the countryside. Sakurai has fallen in love with her and visits her home, but it's there he witnesses a terrifying scene.",Koji Shiraishi,92 mins   More at IMDb TMDB  Report this page,Horror,"Shigeo Ôsako, Chika Kuboyama, Koji Shiraishi",Senritsu Kaiki File Super Kowa Too! Dark Mystery: Snake Woman,2015,https://letterboxd.com/film/senritsu-kaiki-file-super-kowa-too-dark-mystery-snake-woman/
Cold Ground,2017,"1976: Two young journalists leave for the French-Swiss border to investigate a strange case of cattle mutilations and record testimonies for a TV channel. Yet, once they get there, the scientific team they were supposed to meet has gone missing. Escorted by a first-aider, a British biologist and an American forensic investigator, Melissa and David will go looking for the missing team deep into the mountains.",Fabien Delage,86 mins   More at IMDb TMDB  Report this page,"Science Fiction, Horror, Mystery","Doug Rand, Philip Schurer, Gala Besson",Cold Ground,2017,https://letterboxd.com/film/cold-ground-2017/
Beast,2023,A gripping found footage short film that delves into the nightmarish journey of a man who becomes trapped within a labyrinth of tunnels.,Jorge Jaramillo,14 mins   More at TMDB  Report this page,"Horror, Animation",,Beast,2023,https://letterboxd.com/film/beast-2023/
11:23 - 09:59 (About Fear),2014,"Shortly before graduating, six drama students set off into the Swiss Alps. The aim of their excursion is to test the extent of and overcome their fears using a series of dares. They plan to stay overnight in an underground alpine bunker. As the group initially jokes about the similarity of their situation with THE BLAIR WITCH PROJECT, the game soon turns into an unpredictable trial of courage for them all. This no-budget-horror-experiment from director Stefan Jäger takes us into the uncomfortable underworld of the Swiss réduit, a huge defence complex, the construction of which began before the First World War.",Luca Ribler,75 mins   More at IMDb TMDB  Report this page,Horror,,11:23 - 09:59 (About Fear),2014,https://letterboxd.com/film/11-23-09-59-about-fear/
The Retreat,2020,Two vloggers were invited to a cabin in the woods for the evening for a standard press review but the night didn't go as smoothly as they both envisioned.,Sean Evans,35 mins   More at IMDb TMDB  Report this page,Horror,"Calum Beckett, Sean Evans, Pagan Hollis",The Retreat,2020,https://letterboxd.com/film/the-retreat-2020-1/
The Creep Tapes,2024,"A secluded serial killer lures videographers into his world with the promise of a paid job documenting his life. Unfortunately, as the tape rolls, the killer's questionable intentions surface with his increasingly odd behavior and the victims will learn they may have made a deadly mistake.",Patrick Brice,156 mins   More at IMDb TMDB  Report this page,"Mystery, Horror",Mark Duplass,The Creep Tapes,2024,https://letterboxd.com/film/the-creep-tapes/
Senritsu Kaiki File Kowasugi! File 01: Operation Capture the Slit-Mouthed Woman,2012,"1st Entry in a mockumentary series from Koji Shiraishi. Depicts a TV crew as they cover the urban legend of ""Kuchisake-Onna"" or ""Slit-Mouthed Woman"".",Koji Shiraishi,70 mins   More at IMDb TMDB  Report this page,"Horror, Thriller","Shigeo Ôsako, Chika Kuboyama, Koji Shiraishi",Senritsu Kaiki File Kowasugi! File 01: Operation Capture the Slit-Mouthed Woman,2012,https://letterboxd.com/film/senritsu-kaiki-file-kowasugi-file-01-operation-capture-the-slit-mouthed-woman/
The Wicksboro Incident,2003,"In 1953 the entire population of Wicksboro, Texas vanishes. Forty five years later a witness comes out of hiding to tell the story.",Richard Lowry,71 mins   More at IMDb TMDB  Report this page,"Thriller, Horror, Science Fiction","Bobby Harwell, Dan Brinkle, Kyle Nudo",The Wicksboro Incident,2003,https://letterboxd.com/film/the-wicksboro-incident/
Senritsu Kaiki File Kowasugi! File 04: The Truth! Hanako-san in the Toilet,2013,A video recently posted by two teens shows something popping out of a closed toilet at an abandoned school.,Koji Shiraishi,74 mins   More at IMDb TMDB  Report this page,Horror,"Shigeo Ôsako, Chika Kuboyama, Koji Shiraishi",Senritsu Kaiki File Kowasugi! File 04: The Truth! Hanako-san in the Toilet,2013,https://letterboxd.com/film/senritsu-kaiki-file-kowasugi-file-04-the-truth-hanako-san-in-the-toilet/
The 3rd Eye Murders,2020,"In 1975, the ""3rd Eye"" was one of the most heinous cult families on the FBI's most wanted list. Newly released footage will show you why.",Todd Spence,3 mins   More at TMDB  Report this page,Horror,,The 3rd Eye Murders,2020,https://letterboxd.com/film/the-3rd-eye-murders/
Searching,2018,"After David Kim's 16-year-old daughter goes missing, a local investigation is opened and a detective is assigned to the case. But 37 hours later and without a single lead, David decides to search the one place no one has looked yet, where all secrets are kept today: his daughter's laptop.",Aneesh Chaganty,102 mins   More at IMDb TMDB  Report this page,"Drama, Thriller, Mystery","John Cho, Michelle La, Debra Messing",Searching,2018,https://letterboxd.com/film/searching-2018/
Exists,2014,A group of friends venture into the remote Texas woods for a party weekend and find themselves stalked by Bigfoot.,Eduardo Sánchez,81 mins   More at IMDb TMDB  Report this page,Horror,"Denise Williamson, Samuel Davis, Roger Edwards",Exists,2014,https://letterboxd.com/film/exists/
The Mirror,2014,"There is a long-held belief that mirrors act as gateways to another dimension. ·Some also believe the looking glass plays host to a world filled with evil spirits. Such superstition has been the basis for ancient folklore legends about haunting and possession. And one tale about a supposedly haunted mirror was picked up by the media in 2012. Both the Daily Mail and Huffington Post reported on how the owners of a recently purchased antique mirror left them dogged by bad luck, financial misery, strange sightings and death-defying illness. Now writer/director Edward Boase brings that horrifying story to the screen starring Jemma Dallender (I SPIT ON YOUR GRAVE 2), Joshua Dickinson and Nate Fallows (‘Whitechapel’) as flatmates who buy the same eerie antique on ebay and set up round the clock cameras in the hopes of capturing evidence of bumps in the night. You have been warned!",Edward Boase,88 mins   More at IMDb TMDB  Report this page,Horror,"Jemma Dallender, Joshua Dickinson, Nate Fallows",The Mirror,2014,https://letterboxd.com/film/the-mirror-2014/
The Sacrament,2013,"Two journalists set out to document their friend's journey to reunite with his estranged sister. They track her to an undisclosed location where they are welcomed into the remote world of ""Eden Parish,"" a self-sustained rural utopia composed of nearly two hundred members and overseen by a mysterious leader known only as ""Father."" It quickly becomes evident to the newcomers that this paradise may not be as it seems. Eden Parish harbors a twisted secret. What started as just another documentary shoot soon becomes a fight for survival.",Ti West,99 mins   More at IMDb TMDB  Report this page,"Horror, Thriller","Joe Swanberg, AJ Bowen, Kentucker Audley",The Sacrament,2013,https://letterboxd.com/film/the-sacrament/
V/H/S: Viral,2014,"As the streets of Los Angeles overflow with camera-wielding gawkers seeking to capture images of a bizarre police pursuit, the same people who sought to exploit the suffering of others for amusement on the Internet become the stars of a gruesome viral video from which no one gets out alive.",Nacho Vigalondo,81 mins   More at IMDb TMDB  Report this page,"Thriller, Horror","Patrick Lawrie, Emilia Ares, Celia K. Milius",V/H/S: Viral,2014,https://letterboxd.com/film/v-h-s-viral/
The Vatican Tapes,2015,"In a highly secured vault deep within the walls of Vatican City, the Catholic Church holds thousands of old films and video footage documenting exorcisms/supposed exorcisms and other unexplained religious phenomena they feel the world is not ready to see. This is the first tape - Case 83-G - stolen from these archives and exposed to the public by an anonymous source.",Mark Neveldine,91 mins   More at IMDb TMDB  Report this page,"Horror, Thriller","Olivia Taylor Dudley, Michael Peña, Peter Andersson",The Vatican Tapes,2015,https://letterboxd.com/film/the-vatican-tapes/
Paranormal Activity: The Marked Ones,2014,"Seventeen-year-old Jesse has been hearing terrifying sounds coming from his neighbor’s apartment, but when he turns on his camera and sets out to uncover their source, he encounters an ancient evil that won’t rest until it’s claimed his very soul.",Christopher Landon,84 mins   More at IMDb TMDB  Report this page,"Horror, Thriller","Andrew Jacobs, Jorge Diaz, Gabrielle Walsh",Paranormal Activity: The Marked Ones,2014,https://letterboxd.com/film/paranormal-activity-the-marked-ones/
Found Footage 3D,2016,"A group of filmmakers sets out to make the first 3D found footage horror movie, but find themselves IN the first 3D found footage horror movie when the evil entity from their film escapes into their behind-the-scenes footage.",Steven DeGennaro,101 mins   More at IMDb TMDB  Report this page,Horror,"Carter Roy, Alena von Stroheim, Chris O'Brien",Found Footage 3D,2016,https://letterboxd.com/film/found-footage-3d/
Chasing the Devil,2014,The mysterious suicide of a man's sister prompts him to enlist paranormal investigators to look into her death.,Mark Haber,84 mins   More at IMDb TMDB  Report this page,Horror,"Challen Cates, Chris Devlin, Vivan Dugré",Chasing the Devil,2014,https://letterboxd.com/film/chasing-the-devil/
Heidi,2014,"After discovering a mysterious doll in an attic, two high school friends are increasingly plagued by a series of disturbing and unexplained events.",Daniel Ray,93 mins   More at IMDb TMDB  Report this page,Horror,"Samuel Brian, Joei Fulco, Joey Bell",Heidi,2014,https://letterboxd.com/film/heidi-2014/
Chichibu Demon,2011,The staff of a film production company encounter the unknown while investigating the folklore and dark tales of Chichibu.,,67 mins   More at IMDb TMDB  Report this page,"Horror, Mystery",,Chichibu Demon,2011,https://letterboxd.com/film/chichibu-demon/
VooDoo,2017,"When Dani, an innocent southern girl, vacations to Los Angeles to evade her increasingly complicated life, she learns that escaping her past isn't as easy as she hoped.",Tom Costabile,84 mins   More at IMDb TMDB  Report this page,Horror,"Samantha Stewart, Ruth Reynolds, Dominic Matteucci",VooDoo,2017,https://letterboxd.com/film/voodoo-2017/
Stay,2021,"In the city that never sleeps, Olivia is taking the modeling world by storm. A cover girl in the making, Olivia is booking big clients and bringing her YouTube audience along for the ride. With newly earned cash, she moves into a fashionable loft apartment. Its glossy facade, however, conceals a sinister secret born years before. Suddenly overwrought, her tenuous grip on reality begins to slip away. Beautiful, yet increasingly unstable, Olivia makes a shocking choice that leads to a battle for her soul.",Brandon Walker,83 mins   More at IMDb TMDB  Report this page,Horror,"Ashley Park, Dre Davis, Jesse LeNoir",Stay,2021,https://letterboxd.com/film/stay-2021/
The House with 100 Eyes,2012,"Ed and Susan might seem to be a normal, suburban American couple, but they’ve got a horrifying secret: They create and sell snuff films in their inescapable deathtrap of a home. When Ed decides to create the world’s first ‘triple feature’ – three victims, all killed in one night – the cameras hidden throughout the house capture the evening’s terrible events. As their victims suffer their gruesome fates, Ed and Susan’s relationship begins to unravel, causing their carefully laid plans to spiral into bloody chaos that will change their lives forever.",Jim Roof,75 mins   More at IMDb TMDB  Report this page,Horror,"Jim Roof, Shannon Malone, Larissa Lynch",The House with 100 Eyes,2012,https://letterboxd.com/film/the-house-with-100-eyes/
Digging Up the Marrow,2014,A documentary filmmaker turns his lens on an enigmatic conspiracy theorist who claims he's found the entrance to a vast underground city populated entirely by monsters.,Adam Green,98 mins   More at IMDb TMDB  Report this page,Horror,"Ray Wise, Adam Green, Kane Hodder",Digging Up the Marrow,2014,https://letterboxd.com/film/digging-up-the-marrow/
Inner Demons,2014,"INNER DEMONS follows an 'Intervention'-style reality show crew that films an episode about a sixteen-year old girl, a former A-student, who is fighting addiction but may in fact be suffering from something even more destructive: demonic possession. The movie is an inquiry into the truth about her - with symptoms that straddle the disturbing and scary intersection between insanity, addiction and true possession.",Seth Grossman,85 mins   More at IMDb TMDB  Report this page,"Horror, Mystery, Thriller","Morgan McClellan, Lara Vosburgh, Colleen McGrann",Inner Demons,2014,https://letterboxd.com/film/inner-demons/
The Last Broadcast,1998,"In December 1995, a four-man team from the public-access program, ""Fact or Fiction"", braved the New Jersey's desolate Pine Barrens determined to deliver a live broadcast of the legendary Jersey Devil. Only one came out alive. It took the jury ninety minutes to sentence the lone survivor to life in prison. One year later, a filmmaker decides to mount his own investigation...",Stefan Avalos,87 mins   More at IMDb TMDB  Report this page,"Mystery, Horror","David Beard, Jim Seward, Stefan Avalos",The Last Broadcast,1998,https://letterboxd.com/film/the-last-broadcast/
Cult,2013,"Three female idols appear on a television show to investigate an exorcism. An exorcist with psychic powers named Unsui claims that the show’s subjects, the Kaneda family, are cursed by a demon that’s too powerful for him to banish on his own, so he calls in a fellow exorcist to help. Soon, a reckless ghost hunter enters the fray as the three idols witness a series of terrifying events.",Koji Shiraishi,84 mins   More at IMDb TMDB  Report this page,"Fantasy, Horror","Yû Abiru, Mayuko Iwasa, Mari Iriki",Cult,2013,https://letterboxd.com/film/cult-2013/
The Andy Baker Tape,2021,In October of 2020 food blogger Jeff Blake and his half-brother Andy Baker hit the road on a food tour that had the potential to change their lives. They were never seen again. This is their footage…,Bret Lada,70 mins   More at IMDb TMDB  Report this page,"Comedy, Thriller, Horror","Bret Lada, Dustin Fontaine, Caitlin Borek",The Andy Baker Tape,2021,https://letterboxd.com/film/the-andy-baker-tape/
Witching Hour,2014,"Aino tells Salla a ghost story. Salla wants to know, if the story is true.",Nalle Mielonen,14 mins   More at TMDB  Report this page,Horror,"Salla Lehtikangas, Aino Suni, Niina Virtanen",Witching Hour,2014,https://letterboxd.com/film/witching-hour-2014/
V/H/S/Beyond,2024,"The infinite playground of forbidden worlds and dangerous lifeforms offered by the sci-fi horror genre will lead to the biggest, maddest, bloodiest V/H/S ever.",Jordan Downey,114 mins   More at IMDb TMDB  Report this page,"Horror, Science Fiction, Thriller","Brian Baker, Trevor Dow, Gerry Eng",V/H/S/Beyond,2024,https://letterboxd.com/film/v-h-s-beyond/
Strayed,2014,"In September 2012, four film students mysteriously disappeared while making a documentary at an abandoned building in downtown Mexico City. This is the footage recovered from the shooting.",Diego Cohen,95 mins   More at IMDb TMDB  Report this page,Horror,"Eduardo Montes, Adrián Romero, Daniela Steinhauer",Strayed,2014,https://letterboxd.com/film/strayed-2014/
#SCREAMERS,2016,"When an internet company decides to investigate a series of 'Screamer' videos, they are confronted with havoc and hell they could never expect.",Dean Matthew Ronalds,85 mins   More at IMDb TMDB  Report this page,Horror,"Abbi Snee, Theodora Miranne, Tom Malloy",#SCREAMERS,2016,https://letterboxd.com/film/screamers-2016/
The Blackwell Ghost,2017,A filmmaker tries to prove that ghosts are real but soon regrets his intentions after he finds himself being terrorized in a haunted house by a ghost with a dark past. An authentic documentary that shows actual ghost footage that was captured on camera.,Turner Clay,59 mins   More at IMDb TMDB  Report this page,Horror,"Turner Clay, Terri Czapleski",The Blackwell Ghost,2017,https://letterboxd.com/film/the-blackwell-ghost/
Mister Creep,2022,Four college students stumble upon a secret television broadcast of a deceased serial killer and search for its location.,Isaac Rodriguez,66 mins   More at IMDb TMDB  Report this page,Horror,"Ali Alkhafaji, Judy McMillan, Marvin Ritchie",Mister Creep,2022,https://letterboxd.com/film/mister-creep/
Dave Live,2020,An episode of a fictitious vlogger’s show and his encounter with the deadly consequences of a terrible eBay purchase.,Ian Start,7 mins   More at TMDB  Report this page,Horror,,Dave Live,2020,https://letterboxd.com/film/dave-live/
Followers,2017,"A couple who document their whole life on social media decide to go on a camping trip and share their every move with their followers. What they don't know is that someone is going to prove how easy it is to stalk someone in the digital age. Arriving at the camp site, their followers are close by and are ready to go to extreme and deadly lengths to prove their point.",Ryan Justice,82 mins   More at IMDb TMDB  Report this page,Thriller,"Amanda Delaney, Justin Maina, Sean Michael Gloria",Followers,2017,https://letterboxd.com/film/followers-2017/
Reportage November,2022,"A mysterious death of a mother and the disappearance of her child leads a group of freelance journalists to the outback of Sweden. The group of four, led by the famous journalist Linn Söderqvist, will make a reportage about the happening, and try to find something the police missed. Equipped with cameras and supplies to survive in the forest for days, they wander out in the woods to find the truth.",Carl Sundström,86 mins   More at IMDb TMDB  Report this page,"Mystery, Horror","Signe Elvin-Nowak, Johannes Yachouh, Cristian Åsvik",Reportage November,2022,https://letterboxd.com/film/reportage-november/
V/H/S/85,2023,"Unveiled through a made-for-TV documentary, five chilling tales of found footage horror emerge to take viewers on a gore-filled journey through the grim underbelly of the forgotten 1980s.",Natasha Kermani,111 mins   More at IMDb TMDB  Report this page,"Horror, Thriller","Alex Galick, Anna Sundberg, Chelsey Grant",V/H/S/85,2023,https://letterboxd.com/film/v-h-s-85/
Lexi,2022,"“Laughing Lexi” has gone missing. As the tale unfolds, the story of what really happened becomes stranger than fiction.",Victoria Vertuga,80 mins   More at IMDb TMDB  Report this page,"Thriller, Horror, Mystery","Victoria Vertuga, Thomas Hobson, Maya Zapata",Lexi,2022,https://letterboxd.com/film/lexi-2022/
Mockingbird,2014,A couple are given a camera and a set of instructions which they must follow or else someone will die.,Bryan Bertino,81 mins   More at IMDb TMDB  Report this page,"Horror, Thriller","Alyvia Alyn Lind, Emily Alyn Lind, Audrey Marie Anderson",Mockingbird,2014,https://letterboxd.com/film/mockingbird-2014/
Lured,2019,"A young man, Jason, decides to go to a remote village in Asia to meet Kate, whom he has been chatting with online for a while. But he becomes increasingly disturbed as he starts to find out Kate's secrets.",Dawei Lee,84 mins   More at IMDb TMDB  Report this page,Horror,"Corey Woods, Jeff Gonek",Lured,2019,https://letterboxd.com/film/lured-2019/
The Nothing,2020,"Clayton Thompson, a recent college graduate, believes that the best art in the world is created in the darkest hours of those artists' lives. Fueled by this thought, he decides to self document the process of writing his first story. He films a series of interviews with his best friend and girlfriend ultimately leading to the explanation of his plan - To get dropped off in the unmarked North Georgia Mountains with camera equipment and minimal supplies. Left with no way to communicate with the outside world his sanity is tested as a seeming looming presence is near.",Clayton Thompson,79 mins   More at IMDb TMDB  Report this page,Horror,"Clayton Thompson, Katie Adkins, Hunter Bagwell",The Nothing,2020,https://letterboxd.com/film/the-nothing-2020/
Apartment 143,2011,"A team of parapsychologists sets out to investigate a series of anomalous phenomena taking place in a newly occupied apartment. Telephone calls with no caller, mysterious shadows, extraordinary light emissions, flying objects, and exploding light bulbs are some of the events they will face while recording their every step with state-of-the-art technology. Using infrared filming, digital photography, psychophonic recordings, movement detectors, and magnetic field alteration meters, the group’s attempts to contact the “other side” will grow increasingly dangerous as they near a point of no return.",Carles Torrens,80 mins   More at IMDb TMDB  Report this page,"Thriller, Horror","Kai Lennox, Rick Gonzalez, Fiona Glascott",Apartment 143,2011,https://letterboxd.com/film/apartment-143/
A Night in the Woods,2011,"Brody, his girlfriend Kerry and their friend Leo go hiking in Dartmoor. That night jealousies, sexual tensions and strained relationships come to a head turning what should have been a peaceful camping adventure into a trip to terror. As collective paranoia reaches fever pitch it becomes clear that there is a much darker force at work in the ancient eerie surroundings. Who or what is after them? And can any one of them survive a night in the woods?",Richard Parry,82 mins   More at IMDb TMDB  Report this page,"Horror, Mystery","Scoot McNairy, Anna Skellern, Andrew Hawley",A Night in the Woods,2011,https://letterboxd.com/film/a-night-in-the-woods/
Underground,2023,"After a wild bachelorette party, a group of young women find themselves trapped in an underground bunker complex. A disturbing finding turns their night into an absolute nightmare. Will they be able to escape from this vast concrete maze?",Lars Janssen,102 mins   More at IMDb TMDB  Report this page,"Horror, Thriller","James Swanton, Cameron Ashplant, Bodo Friesecke",Underground,2023,https://letterboxd.com/film/underground-2023/
Europa Report,2013,A crew of international astronauts are sent on a private mission to Jupiter's fourth moon.,Sebastián Cordero,90 mins   More at IMDb TMDB  Report this page,"Science Fiction, Thriller","Anamaria Marinca, Michael Nyqvist, Sharlto Copley",Europa Report,2013,https://letterboxd.com/film/europa-report/
Leaving D.C.,2013,"After 20 years of living in Washington, D.C., Mark Klein seeks much-needed solace by moving to the remote wilds of West Virginia. To ease his loneliness, he sends regular video updates to members of his OCD-support group back in the city. But Mark gradually realizes that despite his new, isolated setting, he may not be alone. From the endless woods surrounding his home, something else is watching.",Josh Criss,77 mins   More at IMDb TMDB  Report this page,"Drama, Mystery, Horror","Karin Crighton, Josh Criss, Jeff Manney",Leaving D.C.,2013,https://letterboxd.com/film/leaving-dc/
The House on Mansfield Street,2018,Nick Greene is a documentary filmmaker recording his move from London to a smaller city. As he films his life he starts to notice paranormal activity in his new house and a possible demonic presence. The House on Mansfield Street is a chilling found footage to keep you awake at night.,Richard Mansfield,74 mins   More at IMDb TMDB  Report this page,Horror,"Matthew Hunt, Kathryn Redwood, Daniel Mansfield",The House on Mansfield Street,2018,https://letterboxd.com/film/the-house-on-mansfield-street/
Shadow of the Missing,2018,"A group of young filmmakers are attending a Film Festival in Wales. They come across an abandoned church, and hear music coming from inside. After some goading and teasing, the entire group decides to return to the church in order to solve the mystery. Complications arise, however, when one by one members of the group start to disappear. Only the footage remains to tell their tale.",Jamie Lee Smith,96 mins   More at IMDb TMDB  Report this page,Horror,"Rhodri Thomas, David Campion, Doc Benson",Shadow of the Missing,2018,https://letterboxd.com/film/shadow-of-the-missing/
Pale Red Dot,2024,"It's 1991. A strange triangular-shaped object made of metal and human flesh misteriously appears at the campus of an university. However, after an incident involving the ""Scarlet Obelisk"" as it was called, chaos begins.",Kalel Pessôa,20 mins   More at IMDb TMDB  Report this page,"Horror, Mystery","Milene Rose, Lucas Koury, Stephanie Nascimento",Pale Red Dot,2024,https://letterboxd.com/film/pale-red-dot/
Live,2018,Linda Johnson's life is unraveling on Facebook LIVE. The wrong person takes notice.,Michael Greene,90 mins   More at IMDb TMDB  Report this page,"Thriller, Horror","Kellie Greene, Asante Jones, David Joseph Keller",Live,2018,https://letterboxd.com/film/live-2018/
13 Sherwood Avenue,2023,In January 2023 a man was found dead in his home. The events were captured on his home's AI Smart security system. In the days up to his death his smart devices seemed to be making contact with a the spirit of someone who died there.,Richard Mansfield,70 mins   More at IMDb TMDB  Report this page,Horror,"Jonathan Cleaver, Kelly Goudie Price, Caroline Nash",13 Sherwood Avenue,2023,https://letterboxd.com/film/13-sherwood-avenue/
Senritsu Kaiki File Kowasugi! Preface: True Story of the Ghost of Yotsuya,2014,"From the team's previous work, director Kudo is now convinced of the existence of parallel universes. But now, a new video posted convinces the group to learn the truth about a mysterious woman with a swollen face.",Koji Shiraishi,71 mins   More at IMDb TMDB  Report this page,Horror,"Shigeo Ôsako, Chika Kuboyama, Koji Shiraishi",Senritsu Kaiki File Kowasugi! Preface: True Story of the Ghost of Yotsuya,2014,https://letterboxd.com/film/senritsu-kaiki-file-kowasugi-preface-true-story-of-the-ghost-of-yotsuya/
Into the Black Abyss: Deathstream,2022,Deathstream follows Zach a 28 year old online gamer who makes a living streaming his game play videos online. One night during a live stream a group of masked individuals break into his home.,Daniel Mark Young,82 mins   More at IMDb TMDB  Report this page,Horror,"Matt Squance, Derek Nelson, Bibi Lucille",Into the Black Abyss: Deathstream,2022,https://letterboxd.com/film/into-the-black-abyss-deathstream/
The Owl Witch,2024,"After losing her son at birth, a mother uncovers an ancient curse on her family. To find him, she must face the dark forces that haunt her bloodline.",Isaac Rodriguez,69 mins   More at IMDb TMDB  Report this page,Horror,"Alexandria Payne, Marivel Tragarz, Gavino Tragarz",The Owl Witch,2024,https://letterboxd.com/film/the-owl-witch/
Damien,2021,"Whilst making a documentary on their friend, the crew uncover a dark secret which leads to friction, betrayal and puts their lives in danger. Can you ever truly know a ginger?",Bobby Marno,88 mins   More at IMDb TMDB  Report this page,"Comedy, Horror","Andrew McClay, Bobby Marno, Damien Seed",Damien,2021,https://letterboxd.com/film/damien-2021/
Perfect Horror,2016,"An ambitious film director, Mr. Gang, brings his crew to an abandoned factory, which is reputed to be one of the most haunted places in northern China, to shoot a horror film. Mr. Gang ignores all common sense and tells his crew that they are staying for the night, despite the warnings against doing so. What happens to them that night is more terrible than anything Mr. Gang was conceiving for his perfect horror film.",Dawei Lee,65 mins   More at IMDb TMDB  Report this page,"Thriller, Horror","Wang Lei, Zhang De Sheng",Perfect Horror,2016,https://letterboxd.com/film/perfect-horror/
Morciel,2018,Two friends break into an abandoned house in pursuit of investigating a local legend.,Paul Davis Griffin,72 mins   More at TMDB  Report this page,Horror,"Kevin Joel Anderson, Jibran Ismail, Kamran Ismail",Morciel,2018,https://letterboxd.com/film/morciel/
The Case of Anna Mancini,2016,This documentary-style horror tale tells the story of a journalist and his videographer who set out to investigate the mysterious disappearance of a young girl.,Diego Carli,73 mins   More at TMDB  Report this page,Horror,"Angelica Meneghello, Paolo Rozzi, Emiliano Verzè",The Case of Anna Mancini,2016,https://letterboxd.com/film/the-case-of-anna-mancini/
The Fear Footage 3AM,2021,"Dennis Rosen disappeared on September 19th, 2020, while filming an episode for his urban exploration channel ‘Dennis the Explorer.’ He was exploring Darkbluff, Maryland — a town that authorities discovered abandoned during their search for Dennis. They also discovered a camera. This footage was on that camera.",Ricky Umberger,70 mins   More at IMDb TMDB  Report this page,Horror,"Ricky Umberger, Dennis Frazier, Alex Ahmer",The Fear Footage 3AM,2021,https://letterboxd.com/film/the-fear-footage-3am/
The Curve,2004,A group of young people are searching for a location to shoot their next movie. They see a girl on the road and give her a ride. The girl has something mysterious about her.,David Rebordão,6 mins   More at IMDb TMDB  Report this page,"Thriller, Horror",,The Curve,2004,https://letterboxd.com/film/the-curve/
Stillness Spreads,2025,"There is a snuff film being passed around within a cult hiding a terrifying secret. Illusions, magic, and treachery fills the dreams of the elusive characters and their unreliable narrator.",Marci de la Mort,64 mins   More at TMDB  Report this page,Horror,"Perrin Seelye, Chuck Steak, Austin Fiske",Stillness Spreads,2025,https://letterboxd.com/film/stillness-spreads/
Unknown Project,2013,"Three documentary makers, are heading home from Burning Man in their RV and decide to pull off into the desert to camp for the night. Things get creepy. With their 5 RV cams running 24/7, we see everything that happens...even things they don't see.",Steve Altman,80 mins   More at IMDb TMDB  Report this page,"Science Fiction, Horror","Ethan A. Brosowsky, Brian Groh, Angelique Little",Unknown Project,2013,https://letterboxd.com/film/things-unknown/
Senritsu Kaiki File Kowasugi! File 02: Shivering Ghost,2012,"Three journalists specializing in the supernatural will follow in the footsteps of a ghost, woken by 4 friends exploring an abandoned school.",Koji Shiraishi,72 mins   More at IMDb TMDB  Report this page,Horror,"Shigeo Ôsako, Chika Kuboyama, Koji Shiraishi",Senritsu Kaiki File Kowasugi! File 02: Shivering Ghost,2012,https://letterboxd.com/film/senritsu-kaiki-file-kowasugi-file-02-shivering-ghost/
UrbEx,2025,Two cameras determined to be of the famed urban explorer Blight leave details of an incredible disappearance in a long-abandoned chemical factory that took the lives of dozens of employees a decade earlier.,William J Howard III,45 mins   More at IMDb TMDB  Report this page,Horror,"William J Howard III, Cooper M Howard, Lucas Jake",UrbEx,2025,https://letterboxd.com/film/urbex-2025/
Aliens: Zone of Silence,2017,"After her brother mysteriously vanishes from the Mexican desert, a young woman sets out to uncover the otherworldly truth about his disappearance.",Andy Fowler,79 mins   More at IMDb TMDB  Report this page,"Science Fiction, Mystery, Horror","Sarah Hester, Peter Gesswein, Jed Maheu",Aliens: Zone of Silence,2017,https://letterboxd.com/film/aliens-zone-of-silence/
Where Is Amy Pressman,2010,"In 2007, a teen girl from a posh L.A. suburb must deal with the grizzly murder of her family while trapped in the company of their killers.",Matthew McArdle,85 mins   More at IMDb TMDB  Report this page,"Documentary, Thriller, Crime","Suziey Block, Tony Cronin, Marco Artaza",Where Is Amy Pressman,2010,https://letterboxd.com/film/where-is-amy-pressman/
Its Name Was Mormo,2024,"The tangled tale of a young family's struggles with a malevolent force that affects each family member differently. Rendered through police evidence, Mark, Marcela and Mia are tormented by a primal Greek mythological demon called Mormo.",Mark Andrew Bowers,93 mins   More at IMDb TMDB  Report this page,"Adventure, Horror, Mystery","Mark Andrew Bowers, Mia Bowers, Marcela Cardenas",Its Name Was Mormo,2024,https://letterboxd.com/film/its-name-was-mormo/
Monophobia,2017,"A group of influencers find more than what they were looking for when exploring an abandoned factory. Now caught up in something far beyond their control with no way out, their sanity slips along with their numbers. Split up and subjected to their own personal horrors they must confront their fears if they want to escape The Loop.",Nicholas Carrodo,22 mins   More at IMDb TMDB  Report this page,Horror,"Nicholas Carrodo, Aaron Dolgos, Alec Smith",Monophobia,2017,https://letterboxd.com/film/monophobia-2017/
Autohead,2016,"A documentary crew starts to make a documentary about an Auto Rickshaw driver in Mumbai. As they dig deeper into his life they discover angst, sexual frustration and paranoia that leads to a terrible end.",Rohit Mittal,97 mins   More at IMDb TMDB  Report this page,"Drama, Crime","Deepak Sampat, Rohit Mittal, Ronjini Chakroborty",Autohead,2016,https://letterboxd.com/film/autohead/
Infection,2005,"A meteor carrying an unknown infection, lands outside a Small Californian community, bringing terror and death. Just after midnight, a local rancher named Larry Jenkins discovers the meteor and calls the police. Inspector Bardo is sent to the scene to investigate. The small Lawton police department is short-handed, as it is the night of the high school prom. Arriving at a desolate forest road miles out of town, Bardo discovers that Jenkins has been infected by the alien organism. The officer is savagely attacked and infected. Both men head towards Lawton, terrorizing and contaminating everyone they encounter. Meanwhile, Cheryl and Timmy have left the prom and are parked atop Lover's Lane. Bardo comes upon the lovebirds and attacks them, infecting Timmy. Now Cheryl must run for her life through the pitch-black forest, escaping her pursuers and trying to reach the authorities before the infection spreads to L.A.",Albert Pyun,81 mins   More at IMDb TMDB  Report this page,Horror,"Jenny Dare Paulin, Morgan Weisser, Alan Abelew",Infection,2005,https://letterboxd.com/film/infection-2005/
Wekufe: The Origin of Evil,2016,"A student travels with her boyfriend to Chiloé, remote Patagonia island in southern Chile, to investigate the link that exists between the high number of sexual related crimes and the myths 'n' legends that surround this mysterious place.",Javier Attridge,80 mins   More at IMDb TMDB  Report this page,"Thriller, Horror, Mystery","Matias Aldea, Paula Figueroa, Juan Pablo Burmeister",Wekufe: The Origin of Evil,2016,https://letterboxd.com/film/wekufe-the-origin-of-evil/
The Devil Inside,2012,"In Italy, a woman becomes involved in a series of unauthorized exorcisms during her mission to discover what happened to her mother, who allegedly murdered three people during her own exorcism.",William Brent Bell,83 mins   More at IMDb TMDB  Report this page,"Thriller, Horror","Fernanda Andrade, Simon Quarterman, Evan Helmuth",The Devil Inside,2012,https://letterboxd.com/film/the-devil-inside/
The Secluded House,2012,"Four teens document their night on camera as they visit an old, abandoned house that, in recent years, has caused people to go missing as well as played host to other strange occurrences. They soon realise that the secluded house is more than what it seems.",Corey Grant,34 mins   More at IMDb TMDB  Report this page,Horror,"Paul Evans Thomas, Dion Cavallaro, Cain Harrip",The Secluded House,2012,https://letterboxd.com/film/the-secluded-house/
Evil Tapes,2022,"Horror found footage anthology film that will send chills down your spine. From possessed clowns to people who belong in the insane asylums, this film is sure to keep you up at night and make you think twice before hitting the record button.",Alexander Henderson,74 mins   More at IMDb TMDB  Report this page,Horror,"Jess Adams, Abigail Hunt, Robert R. Bell",Evil Tapes,2022,https://letterboxd.com/film/evil-tapes/
Diary of a Demon,2014,"Many students attending Westfield State University go missing over the course of a number of months, this is the police discovered footage of what transpired.",Johnny Gordon,120 mins   More at IMDb TMDB  Report this page,Horror,"Hannah Clifford, Dan Garrity, Erica Goddard",Diary of a Demon,2014,https://letterboxd.com/film/diary-of-a-demon/
Another Found Footage Film,2021,Two high school journalists break into the basement of their school to investigate a rumor. What they find is something worse than could have ever imagined.,Drake Dalgleish,12 mins   More at IMDb TMDB  Report this page,Horror,"Ethan Feider, Drake Dalgleish, Zach Grisham",Another Found Footage Film,2021,https://letterboxd.com/film/another-found-footage-film/
Bad Ben,2016,"Tom Riley thought he was getting the deal of a lifetime when he bought a house below market value at a Sheriff's sale. He invested every penny he had with the plan of flipping the home for a profit. Once he owned it, however, he noticed strange happenings, all of which were captured on 21 Surveillance Cameras located throughout the home inside and out. At first, he thought people were breaking in, but he soon realized he was dealing with something Paranormal.",Nigel Bach,86 mins   More at IMDb TMDB  Report this page,"Thriller, TV Movie, Horror, Comedy",Nigel Bach,Bad Ben,2016,https://letterboxd.com/film/bad-ben/
The Feed,2010,"The wildly popular TV reality series, Ghost Chasers, is hitting its 4th year on the air; to commemorate this milestone, the members of the Ghost Chasers team have decided to broadcast their anniversary show out to the world live.",Steve Gibson,73 mins   More at IMDb TMDB  Report this page,Horror,Lloyd Kaufman,The Feed,2010,https://letterboxd.com/film/the-feed/
21 Days,2014,"Three filmmakers embark on a paranormal challenge by barricading themselves in a house so haunted, no one has been able to live in for more than 21 days.",Kathleen Behun,89 mins   More at IMDb TMDB  Report this page,"Thriller, Horror","Max Hambleton, Whitney Rose Pynn, Mickey River",21 Days,2014,https://letterboxd.com/film/21-days-2014/
Hollow,2011,"An old monastery in a small, remote village in Suffolk, England has been haunted by a local legend for centuries. Left in ruin and shrouded by the mystery of a dark spirit that wills young couples to suicide, the place has been avoided for years, marked only by a twisted, ancient tree with an ominous hollow said to be the home of great evil. When four friends on holiday explore the local folklore, they realize that belief in a myth can quickly materialize into reality, bringing horror to life for the town.",Michael Axelgaard,91 mins   More at IMDb TMDB  Report this page,"Horror, Thriller","Emily Plumtree, Sam Stockman, Jessica Ellerby",Hollow,2011,https://letterboxd.com/film/hollow-2011/
Hangman,2015,"Returning from vacation, the Miller family find their home has been broken into. After cleaning up the mess they continue with their lives, shaking off the feeling of being violated. But little do they know the nightmare has just begun.",Adam Mason,85 mins   More at IMDb TMDB  Report this page,"Horror, Thriller","Jeremy Sisto, Kate Ashfield, Ty Simpkins",Hangman,2015,https://letterboxd.com/film/hangman-2015/
Hollows Grove,2014,"A young filmmaker documents his ghost-hunting, reality show friends as their routine investigation of an abandoned orphanage turns into a nightmare from which they can't escape.",Craig Efros,81 mins   More at IMDb TMDB  Report this page,Horror,"Lance Henriksen, Mykelti Williamson, Matthew Carey",Hollows Grove,2014,https://letterboxd.com/film/hollows-grove/
The Kaos Brief,2016,Hacked footage reveals mysterious events surrounding the abduction of four teenagers.,JP Mandarino,80 mins   More at IMDb TMDB  Report this page,"Science Fiction, Horror","Drew Lipson, Charlie Morgan Patton, Marco DelVecchio",The Kaos Brief,2016,https://letterboxd.com/film/the-kaos-brief/
Invoked,2015,"Five friends head out for a holiday to a remote island off the coast of Ireland and visit an abandoned hostel. As the night draws in and they fool around with a séance, the friends come to realise they are not alone...",Humberto Rosa,85 mins   More at IMDb TMDB  Report this page,"Mystery, Thriller, Horror","Ciara Rose Burke, Lynn Larkin, Craig Grainger",Invoked,2015,https://letterboxd.com/film/invoked/
Unfriended: Dark Web,2018,"​When a 20-something finds a cache of hidden files on his new laptop, he and his friends are unwittingly thrust into the depths of the dark web. They soon discover someone has been watching their every move and will go to unimaginable lengths to protect the dark web.",Stephen Susco,92 mins   More at IMDb TMDB  Report this page,"Horror, Mystery","Colin Woodell, Betty Gabriel, Rebecca Rittenhouse",Unfriended: Dark Web,2018,https://letterboxd.com/film/unfriended-dark-web/
The Psychics,2018,A documentary film maker has to fight against evil forces when she starts to investigate a criminal mystery as a part of her movie project.,Tomas Sem Løkke-Sørensen,75 mins   More at IMDb TMDB  Report this page,"Thriller, Drama, Horror","Kirsti Løvås, Frank Thomas Holen Andersen, Oddrun Valestrand",The Psychics,2018,https://letterboxd.com/film/the-psychics/
The Coldness,2024,"Nick Polito a retired Jersey City homicide detective with a haunted past comes to Los Angeles in search of answers to a recent gruesome death that is shockingly similar to a case that has been an obsession for him since 1999. Determined to find out what actually happened, Nick connects with his former partner and encounters a cast of characters that lead him steadily down a disturbing path into lethal occult darkness.",Gustavo Sampaio,75 mins   More at IMDb TMDB  Report this page,"Horror, Thriller","Paul Parducci, Ana Zimhart, Patrick Thomas",The Coldness,2024,https://letterboxd.com/film/the-coldness/
The Land of Blue Lakes,2021,"Five friends go camping on kayaks to the lakes where once old Latvian pagans lived, and decide to film all this trip for their social media, unaware of the ancient evil that's awaiting them there.",Arturs Latkovskis,71 mins   More at IMDb TMDB  Report this page,Horror,"Arturs Latkovskis, Veronika Rumjanceva, Alina Sedova",The Land of Blue Lakes,2021,https://letterboxd.com/film/the-land-of-blue-lakes/
Lilith's Hell,2015,"A pair of filmmakers work with Ruggero Deodato, to pull off a horror film based on realism. The producers' family house, where the film is to be shot turns out to have it's own secrets. Secret chambers and ritualistic ceremonies invoking the spirit of Lillith. She who was cursed by God for not obeying Adam in the Garden of Eden.",Vincenzo Petrarolo,88 mins   More at IMDb TMDB  Report this page,Horror,"Ruggero Deodato, Vincenzo Petrarolo, Federico Palmieri",Lilith's Hell,2015,https://letterboxd.com/film/liliths-hell/
Devil's Night,2017,A celebrity-obsessed teen seeking fame and fortune via viral videos finds a Satanic documentary that leads him to a world of pure evil.,Todd Bishop,81 mins   More at IMDb TMDB  Report this page,Horror,"Adam Forrest, Elizabeth Peterson, Alex Ho",Devil's Night,2017,https://letterboxd.com/film/devils-night-2017/
Incident at Montauk,2019,"After witnessing a UFO, Jed Logan soon discovers his sighting may be linked to a secret government project which leads him down a dangerous path to uncover the truth.",Owen Mulligan,60 mins   More at IMDb TMDB  Report this page,"Mystery, Science Fiction, Horror","Michael Ian Sugrue, Owen Mulligan, J.T. Holden",Incident at Montauk,2019,https://letterboxd.com/film/incident-at-montauk/
The St. Francisville Experiment,2000,"Four non-actors, with no script, lock themselves in a haunted Louisiana plantation home overnight to film what takes places. The Lalaurie plantation, site of grisly murders, comes alive before their camera lens and they experience a night more terrifying and incredible than they imagined.",Ted Nicolaou,79 mins   More at IMDb TMDB  Report this page,"Horror, Thriller","Madison Charap, Troy Taylor, Ryan Larson",The St. Francisville Experiment,2000,https://letterboxd.com/film/the-st-francisville-experiment/
Happenings,2024,"Two filmmakers explore a haunted forest, they experience more than they bargained for.",Andrew Draper,7 mins   More at TMDB  Report this page,"Horror, Thriller","Joseph Carra Schulz, Fisk Fox, Andrew Draper",Happenings,2024,https://letterboxd.com/film/happenings/
Streamer,2023,"During a live stream in a haunted building, a streamer goes missing, sparking the curiosity of fellow streamers. They decide to take a look for themselves, believing that the missing streamer may have fabricated his video. But as they explore, broadcasting their journey live along the way, they begin to realize that there's more to the building than it seems: it was previously the site of abductions and murders of innocent people.",Jang Hyung-mo,89 mins   More at IMDb TMDB  Report this page,"Crime, Horror, Mystery","Kim Jun-hyung, Kim Mo-beom, Kwon Min-hyuk",Streamer,2023,https://letterboxd.com/film/streamer-2023/
Bosq_Sintra_18,2023,"Recovered footage unveils a paranormal event. Uncover the enigmatic truth of a 2018 forest tragedy, immersed in the abyss of the unknown.",Ruggiero Cilli,62 mins   More at IMDb TMDB  Report this page,Horror,"Bruno Pires, Paulo Henrique Jacinto, Carlota Vidigueira",Bosq_Sintra_18,2023,https://letterboxd.com/film/bosq_sintra_18/
Always Watching: A Marble Hornets Story,2015,"A small town news team discovers a box of videotapes wherein a faceless figure, dressed in a dark suit, haunts and torments a family...slowly driving them insane. Soon after, they realize that the 'Operator' has begun to stalk them as well.",James Moran,91 mins   More at IMDb TMDB  Report this page,Horror,"Christopher Rodriguez Marquette, Alexandra Breckenridge, Jake McDorman",Always Watching: A Marble Hornets Story,2015,https://letterboxd.com/film/always-watching-a-marble-hornets-story/
The Devil's Toy Box,2017,Cynthia O'Neil enters a haunted asylum known as the Madison Seminary in search of her father who went missing in the asylum while shooting a reality television show.,Allen Kellogg,92 mins   More at IMDb TMDB  Report this page,Horror,"Allen Kellogg, Meredith Kochan, Spencer Jay Kim",The Devil's Toy Box,2017,https://letterboxd.com/film/the-devils-toy-box/
Paranormal Activity 4,2012,"It has been five years since the disappearance of Katie and Hunter, and a suburban family witness strange events in their neighborhood when a woman and a mysterious child move in.",Henry Joost,87 mins   More at IMDb TMDB  Report this page,Horror,"Katie Featherston, Kathryn Newton, Matt Shively",Paranormal Activity 4,2012,https://letterboxd.com/film/paranormal-activity-4/
Living Among Us,2018,"Vampires have just made themselves public! Now a group of documentarians have been granted access to spend some time with them and learn how they live and coexist with humans. But as reality sets in, the crew realize they are in for far more than they bargained for.",Brian A. Metcalf,87 mins   More at IMDb TMDB  Report this page,"Science Fiction, Horror, Thriller, Comedy, Fantasy","Thomas Ian Nicholas, John Heard, Andrew Keegan",Living Among Us,2018,https://letterboxd.com/film/living-among-us/
The Conspiracy,2012,A documentary about conspiracy theories takes a horrific turn after the filmmakers uncover an ancient and dangerous secret society.,Christopher MacBride,85 mins   More at IMDb TMDB  Report this page,"Horror, Thriller","Aaron Poole, James Gilbert, Ian Anderson",The Conspiracy,2012,https://letterboxd.com/film/the-conspiracy/
Tree Explorers,2016,Two friends were reported missing after filming a school project at Horicon Ledge Park. A total of four hours of film was recovered from their video cameras.,Maxwell Wendorff,9 mins   More at IMDb TMDB  Report this page,,"Maxwell Wendorff, Isaiah Bednar",Tree Explorers,2016,https://letterboxd.com/film/tree-explorers/
Devil's Due,2014,An unexpected pregnancy takes a terrifying turn for newlyweds Zach and Samantha McCall.,Tyler Gillett,89 mins   More at IMDb TMDB  Report this page,Horror,"Zach Gilford, Allison Miller, Sam Anderson",Devil's Due,2014,https://letterboxd.com/film/devils-due/
In a Stranger's House,2018,"Every year, hundreds of people go missing after using online classified ads. No case is as bizarre and unexplainable as this. In November of 2017, a broken video camera and smart phone were recovered from a recycling centre. The camera houses a memory card that contained disturbing and unexplainable material. This is that material. The following is not for viewers of a sensitive disposition.",Richard Waters,71 mins   More at IMDb TMDB  Report this page,"Thriller, Horror","Richard Waters, Theresa Bradley, Emily Kelly",In a Stranger's House,2018,https://letterboxd.com/film/in-a-strangers-house/
Paranormal Activity: Tokyo Night,2010,"Koichi takes care of his sister, who has recently returned from a trip abroad in the United States as she is not well. While caring for her, he records evidence of ghosts in their home.",Toshikazu Nagae,91 mins   More at IMDb TMDB  Report this page,"Horror, Thriller","Aoi Nakamura, Noriko Aoyama, Kosuke Kujirai",Paranormal Activity: Tokyo Night,2010,https://letterboxd.com/film/paranormal-activity-tokyo-night/
Bodom,2014,"For the 50th anniversary of the Lake Bodom murders, two media students obsessed with the case launch a journalistic investigation. The footage they have left behind only raises new questions.",József Gallai,65 mins   More at IMDb TMDB  Report this page,"Horror, Thriller, Mystery","Vivien Turzó, Bence Kovács, Kata Tábori",Bodom,2014,https://letterboxd.com/film/bodom-2014/
Day Of Disappearance,2021,"In September of 2019, a young man named David Hall started a YouTube vlog. Three months later, December 1st, marked the last video on the account… and was the last time David was seen. This film is a compilation of his channel’s uploads. They are being released in this way, in an effort to bring awareness and to hopefully find David. The original, dated, uncut footage is still available on David’s YouTube channel. You can find this and more about David here: www.finddavidhall.com",Ian Grant,114 mins   More at IMDb TMDB  Report this page,Horror,,Day Of Disappearance,2021,https://letterboxd.com/film/day-of-disappearance/
Lilin's Brood,2016,"A ""New Media"" news coverage team (W.H.I.S.T.L.E.) is stranded near a beleaguered brothel in the middle of nowhere; recovered footage will reveal what happens when they encounter a group of women with a terrifying secret.",P.W. Simon,79 mins   More at IMDb TMDB  Report this page,"Thriller, Horror","Martin Sensmeier, Maxine Goynes, Melinda Miamor",Lilin's Brood,2016,https://letterboxd.com/film/lilins-brood/
Strawberry Estates,2001,A small expedition explores a haunted insane asylum.,Ron Bonk,100 mins   More at IMDb TMDB  Report this page,Horror,"Debbie Rochon, Thomas Minlon, Tina Krause",Strawberry Estates,2001,https://letterboxd.com/film/strawberry-estates/
Trolled,2022,What happens when online bullying and harassment have gone too far? Who do you call to set things straight? Who can help you salvage your reputation or get you payback? The TROLL can help. This dark web show features 4 new students and the Troll is here to teach them there are repercussions to their keyboard antics.,John F. Uranday,80 mins   More at IMDb TMDB  Report this page,"Horror, Thriller","Bobby Cloud, Leslie Pine, Lucie Campbell",Trolled,2022,https://letterboxd.com/film/trolled-2022/
A Menina do Sótão,2021,"After the New Year's party, Cami (Juliana Seabra) chats with her friend Malu (Talita Soares) via WhatsApp. Realizing that Malu is sending strange messages through the application, Cami asks for photos and videos to prove that her friend is fine, but when analyzing the images sent by her friend, Cami is desperate to see a scary hair, leaving the attic of her best friend's house.",Daniel Pires,10 mins   More at TMDB  Report this page,Horror,"Juliana Seabra, Talita Soares",A Menina do Sótão,2021,https://letterboxd.com/film/a-menina-do-sotao/
The Borneo Incident,2013,Five young fun loving travelers are documenting their travels from New York to Malaysia on the journey of a lifetime exploring many of the wonderful sights and sounds of Malaysia. The purpose of the trip is to discover their friends familial roots from the Iban tribe in Borneo and have the adventure of a lifetime. Only to discover the tribe has crossed the border into the unfamiliar territory of Indonesian tribes.,Michael Helfman,84 mins   More at IMDb TMDB  Report this page,"Thriller, Adventure","Robert Gilliland, Henry Golding, Michael Helfman",The Borneo Incident,2013,https://letterboxd.com/film/the-borneo-incident/
Chateau,2024,"While on a French vacation funded by odd jobs, an aspiring influencer covertly films a vlog in a reportedly haunted chateau she's been hired to clean.",Luke Genton,83 mins   More at IMDb TMDB  Report this page,"Thriller, Horror","Cathy Marks, Colton Tran, Rachel Alig",Chateau,2024,https://letterboxd.com/film/chateau-2024/
Hide-and-Never Seek,2016,"BJ Yagwang and PD Park broadcast a live stream themed around horror on AfreecaTV. They look for more provocative and fearful material for their program. One day, they receive a video which contains a female high school student disappearing. In the video, right before she disappears, the female school student was calling a ghost and playing hide-and-(go-)seek alone. While broadcasting live on AfreecaTV, BJ Yagwang goes to the abandoned building where the female school student went missing.",Lee Doo-Hwan,90 mins   More at IMDb TMDB  Report this page,Horror,"Ryu Deok-hwan, Jo Bok-rae, Lee Soo-bin",Hide-and-Never Seek,2016,https://letterboxd.com/film/hide-and-never-seek/
Devil's Trail,2017,"Two reality TV stars are experts at survival, but when they decide to embark upon the legendary home of the Jersey Devil can they survive? Reality TV just got real.",Henrique Couto,73 mins   More at IMDb TMDB  Report this page,Horror,"Henrique Couto, Erin R. Ryan, Joni Durian",Devil's Trail,2017,https://letterboxd.com/film/devils-trail/
Followed,2018,"Social media influencer, 'DropTheMike', seeks thrills and stardom in the most horrific places. When he’s offered the possibility of a lucrative sponsorship, he takes his online channel to one of the most haunted hotels in America. What begins as a fun challenge accompanied by friends descends into a personal hell, begging the timely question: how far would you go to pursue internet fame?",Antoine Le,96 mins   More at IMDb TMDB  Report this page,"Mystery, Thriller, Horror","Matthew Solomon, Tim Drier, Kelsey Griswold",Followed,2018,https://letterboxd.com/film/film:451070/
1st Summoning,2019,"Four student filmmakers set out to explore an abandoned building famous for its connection with the occult, but as their journey becomes littered with strange behavior and unexplained phenomena, it becomes clear the horror they are attempting to document may already be lurking among them.",Raymond Wood,97 mins   More at IMDb TMDB  Report this page,Horror,"Hayley Lovitt, Jason MacDonald, Buddy Campbell",1st Summoning,2019,https://letterboxd.com/film/1st-summoning/
Advent,2024,"A girl comes across a cursed advent calendar, and plays a game against the devil in the run up to Christmas.",Airell Anthony Hayles,77 mins   More at IMDb TMDB  Report this page,"Drama, Thriller, Horror","Rasina Alexander, Nicholas Vince, Mark Arnold",Advent,2024,https://letterboxd.com/film/advent-2024/
Ring,,A video doorbell spies on a new couple across the hall as their relationship takes a dark turn.,,More at IMDb TMDB  Report this page,,,Ring,,https://letterboxd.com/film/ring-1/
Camping Fun,2020,"Four friends set out to a remote getaway in Texas, unaware that it is being occupied by a sinister cult.",David Eimer,13 mins   More at IMDb TMDB  Report this page,"Thriller, Crime, Horror","Thomas Burke, Bonnie Sturdivant, Hailey Marmolejo",Camping Fun,2020,https://letterboxd.com/film/camping-fun/
Ghost Webcam,2023,A young man under house arrest and his friends are haunted by an unknown force after logging onto a website that broadcasts images from a haunted room.,Sebastian Dove,60 mins   More at IMDb TMDB  Report this page,Horror,"Cassandra Due, Emonjay Brown, Kahlo De Jesus Buffington",Ghost Webcam,2023,https://letterboxd.com/film/ghost-webcam/
Catch The Witch,2008,Several Russian students try to catch the Blair Witch in the woods of the Leningrad region.,Andrey Shalopa,66 mins   More at IMDb TMDB  Report this page,"Comedy, Horror","Andrey Shalopa, Kim Druzhinin, Sergey Patrakov",Catch The Witch,2008,https://letterboxd.com/film/catch-the-witch/
Lost Cam - Found Footage,2017,,Chris Dira,5 mins   More at TMDB  Report this page,Horror,"Mike Adamczak, Fabian Streuer",Lost Cam - Found Footage,2017,https://letterboxd.com/film/lost-cam-found-footage/
Don't Hang Up,2025,"Summer travels to Tulsa, Oklahoma, for the wedding of a college friend. Her boyfriend Chris couldn’t make it, but she keeps in contact with him via FaceTime. After the wedding, Summer and her two friends Vicky and Eva head back to the AirBnB they’ve rented for the weekend, unaware that their presence in the house has unleashed the ghosts of a family who were killed there during the Tulsa race massacre in 1921. Now, they’re looking for justice...",Alex Herron,90 mins   More at IMDb TMDB  Report this page,"Thriller, Horror","Claire McPartland, Brett Curtis, Siri Black Ndiaye",Don't Hang Up,2025,https://letterboxd.com/film/dont-hang-up-2025/
Grave Encounters 2,2012,"Tortured by the ghosts of the demonized insane asylum that killed the crew of GRAVE ENCOUNTERS, film students fight to escape death as their own paranormal investigation goes terribly wrong in this horrifying sequel.",John Poliquin,95 mins   More at IMDb TMDB  Report this page,Horror,"Richard Harmon, Stephanie Bennett, Sean Rogerson",Grave Encounters 2,2012,https://letterboxd.com/film/grave-encounters-2/
Badger Lane,2016,Following a group of journalists filming a documentary in an abandoned brickwork factory in England.,Shay Collins,11 mins   More at IMDb TMDB  Report this page,"Horror, TV Movie","Emma Mackey, Sam Andrews, Nicholas Egunjobi",Badger Lane,2016,https://letterboxd.com/film/badger-lane/
The Backrooms (Found Footage),2022,A short horror film about liminal spaces.,Kane Parsons,9 mins   More at TMDB  Report this page,"Science Fiction, Mystery, Horror",,The Backrooms (Found Footage),2022,https://letterboxd.com/film/the-backrooms-found-footage/
Tape #23,2023,"A young man in search of a place to live, finds a beautiful apartment that he will have to share with someone who is not the person he was waiting for.",Jeffson Estrada,14 mins   More at TMDB  Report this page,"Mystery, Horror","Luis Roberto Ruiz Rodriguez, Jeffson Estrada, Alejandro Marin",Tape #23,2023,https://letterboxd.com/film/tape-23/
The Blaylock House,2012,"For 23 years, Arthur Blaylock refused to allow any additional paranormal investigations at the residence. Once the State of California acquired the Blaylock residence under eminent domain, Dr. Johnson discovered the change in title status and pursued his requests for an investigation with Cal-Trans authorities. After being repeatedly denied access, Johnson's team was finally given permission to enter the house under the supervision of C. Emil Grant, an assistant deputy attorney from the Public Affairs Department. The date set was a scant 72 hours prior to the scheduled destruction of the house..",Cliff Osmond,88 mins   More at IMDb TMDB  Report this page,Horror,"Jeffery Bell, Kalinda Gray, Ryan Hanna King",The Blaylock House,2012,https://letterboxd.com/film/the-blaylock-house/
The Tribe Murders,2020,"After the initial COVID shut down, a group of advertisement executives reconvene on a Zoom video conference call and inadvertently invoke a demon. But as they're killed off one by one by the vengeful entity, we discover that perhaps it was no accident at all.",Dylan Mulick,9 mins   More at IMDb TMDB  Report this page,Horror,"Adam Bucci, Susie Castillo, J. Elijah Cho",The Tribe Murders,2020,https://letterboxd.com/film/the-tribe-murders/
Boots on the Ground,2017,"The story of five British soldiers trying to stay alive on the last night of the Afghan War, facing not just the Taliban, but also supernatural forces more terrifying than anything they've encountered before.",Louis Melville,86 mins   More at IMDb TMDB  Report this page,Horror,"Ryan McParland, Tom Ainsley, Ian Virgo",Boots on the Ground,2017,https://letterboxd.com/film/boots-on-the-ground/
The Dyatlov Pass Incident,2013,"In February of 1959, nine Russian hikers ventured into a remote area of the Ural Mountains. Two weeks later, all of them were found dead. What happened is a mystery that has baffled investigators and researchers for decades. It has become known as the Dyatlov Pass Incident. When five ambitious American college students are issued a grant to return to the site of the original events, they gear up with the belief that they can uncover and document the truth of what happened to the supposedly experienced hikers. But what they find is more shocking than anything they could have imagined. Retracing the steps of the Russians' ill-fated journey, the students are plagued by strange and increasingly terrifying phenomena that suggest that in spite of the desolate surroundings, they are not alone. The forces at work in the Dyatlov Pass Incident have been waiting for them.",Renny Harlin,100 mins   More at IMDb TMDB  Report this page,"Mystery, Thriller","Holly Goss, Matt Stokoe, Luke Albright",The Dyatlov Pass Incident,2013,https://letterboxd.com/film/the-dyatlov-pass-incident/
Turtle Island,2013,A documentary filmmaker takes his three friends out into the woods of Vermont searching for Bigfoot.,David Wexler,80 mins   More at IMDb TMDB  Report this page,Horror,"Rik Burns, Elizabeth Alderfer, Devin Kelley",Turtle Island,2013,https://letterboxd.com/film/turtle-island/
Keep Watching,2017,"A family imprisoned by intruders is forced to play a terrifying game of ""Kill, Or Be Killed"". As the night unfolds, the game's mysterious rules become clear, and the family realizes their nightmare is being streamed live to riveted viewers all over the world, who are compelled to KEEP WATCHING... not knowing if what they're seeing is real, or staged.",Sean Carter,90 mins   More at IMDb TMDB  Report this page,"Drama, Horror, Thriller","Bella Thorne, Chandler Riggs, Natalie Martinez",Keep Watching,2017,https://letterboxd.com/film/keep-watching/
Atrocious,2010,"Quintanilla family was found dead in their country side house. Police reported the existence of 37 hours of recorded evidence. The family traveled to their old farm house, where they investigated about the Legend of the Girl in the Garraf woods. They used to record whatever they did. Atrocious shows the last five days of this family, and the strange situations that they lived in those moments and which remain unexplained.",Fernando Barreda Luna,75 mins   More at IMDb TMDB  Report this page,"Thriller, Horror","Rafael Amaya, Jose Masegosa, Chus Pereiro",Atrocious,2010,https://letterboxd.com/film/atrocious/
The Mothman Tapes,2022,"With his career failing, a vain YouTuber believes he can get famous making paranormal videos. But when a mysterious creature starts eating his crew, he must let go of his pride before it consumes them all.",Philip Mearns,72 mins   More at IMDb TMDB  Report this page,Horror,"Ryan Hill, Chris Roughley, Ben Shockley",The Mothman Tapes,2022,https://letterboxd.com/film/the-mothman-tapes/
UFO: It Is Here,2016,Five film students are producing a documentary about the local zoo when suddenly the animals go berserk: The reason is a light ball flying by in the sky and crashing at the horizon. Convinced that they've just witnessed a meteor landing the students follow the trajectory to document the event with their camera. In a forest area they discover a burned crater. Since it's too dark to film they decide to spend the night in their van. The next morning one of them is missing. The remaining students find first a trail of blood and then the torn up pieces of what used to be their friend. Soon they realize that something is hunting them - something that's not from this world.,Daniele Grieco,83 mins   More at IMDb TMDB  Report this page,"Science Fiction, Horror","Laura Berlin, Leonard Hohm, Fabio Cimpeanu",UFO: It Is Here,2016,https://letterboxd.com/film/ufo-it-is-here/
E-Demon,2016,"The e-DEMON recording is a wakeup call to understand the truth of what’s happening to our world ever since the e-DEMON was released from its prison. Witness that first night of demonic possession as it turns a group of friends against each other. As growing numbers of people get possessed, knowing who to trust is the key to survival.",Jeremy Wechter,85 mins   More at IMDb TMDB  Report this page,"Thriller, Horror, Drama","Julia Kelly, John Anthony Williams, Chris Daftsios",E-Demon,2016,https://letterboxd.com/film/e-demon/
The Entity,2015,"THE RING goes ‘found footage’ Peruvian in a terrific example of the continually igniting South American new horror wave. A group of media students embark on a documentary project covering ‘Reaction Videos’ - filming people watching intense shock footage online to monitor their psychological effect. And they find one example so terrifying the viewers have all died in mysterious circumstances. But what exactly is on this gruesome Internet footage? Their search leads to an obscure corner of cyberspace known as the Dark Web, a Quechua curse dating from the Spanish Inquisition and a demonic power they cannot escape from.",Eduardo Schuldt,80 mins   More at IMDb TMDB  Report this page,Horror,"Rodrigo Falla, Daniella Mendoza, Carlos Casella",The Entity,2015,https://letterboxd.com/film/the-entity-2015/
Real Cases of Shadow People: The Sarah McCormick Story,2019,"Three students went missing in October 2018. Sarah McCormick, Kyle Miller, Joseph Moore. Authorities have now come forward with the information that video surveillance was found inside of the abandoned Yost home that shows the crews last few moments documenting the Shadow People before their mysterious disappearance.",Jospeh D. Thomas,107 mins   More at IMDb TMDB  Report this page,"Thriller, Mystery, Horror, Documentary","Kierney Nelson, Lisa Arcaro, Mara Darrow",Real Cases of Shadow People: The Sarah McCormick Story,2019,https://letterboxd.com/film/real-cases-of-shadow-people-the-sarah-mccormick-story/
Behind The Sightings,2021,"Behind the Sightings follows Todd and Jessica Smith, two filmmakers from Raleigh in North Carolina, who set out to produce a documentary exploring the highly publicized, creepy clown sighting epidemic, which was investigated by local law enforcement. As the young married couple venture into Peachtree Way, Nash County, in search of clowns, what they found was far from funny.",Tony Cadwell,81 mins   More at IMDb TMDB  Report this page,"Thriller, Horror","Jan Hartsell, Todd Smith, Jessica Smith",Behind The Sightings,2021,https://letterboxd.com/film/behind-the-sightings/
Invoking Yell,2023,Set in 1990s story of three twenty something women who venture into the woods to shoot a demo tape for their black metal band.,Patricio Valladares,84 mins   More at IMDb TMDB  Report this page,"Horror, Crime, Mystery","Macarena Carrere, María Jesús Marcone, Andrea Ozuljevich",Invoking Yell,2023,https://letterboxd.com/film/invoking-yell/
XIII,2019,"A short suspenseful horror film of the found footage genre, following two students through a media project turned sour after a mysterious book leads them to an unknown part of the country.",Archie Meyer,46 mins   More at IMDb TMDB  Report this page,Horror,"Archie Meyer, Nathan Cox",XIII,2019,https://letterboxd.com/film/xiii-2019/
The Bodington Tape,2023,"On the 5th of June, 2011, two students residing in Bodington Hall set out to capture its rumoured paranormal activity on tape. They never returned. This found footage is all that was recovered.",Isaac Williams,6 mins   More at TMDB  Report this page,Horror,,The Bodington Tape,2023,https://letterboxd.com/film/the-bodington-tape/
Hay alguien en la puerta,2020,"Isolated during the lockdown, an influencer shares evidence of a paranormal presence in the hallways of his apartment building.",Santiago Fabrizio,15 mins   More at TMDB  Report this page,Horror,"Emiliano Pandelo, Santiago Stieben, Daniela Horovitz",Hay alguien en la puerta,2020,https://letterboxd.com/film/hay-alguien-en-la-puerta/
Children of Sorrow,2012,"Simon Leach is a very, very sick man. Thriving on despair, pain, and panic, he unites a group of broken and desperate people in the middle of the desert. He showers them with the love and affection they’re so desperate for, but Simon has a much greater plan for his followers.",Jourdan McClure,88 mins   More at IMDb TMDB  Report this page,"Thriller, Horror","Bill Oberst Jr., Hannah Levien, Whitney Nielsen",Children of Sorrow,2012,https://letterboxd.com/film/children-of-sorrow/
Prankz,2017,A soccer player and his girlfriend spent 2017 uploading prank videos to the internet. This film features the final six videos created by the couple.,Warren Dudley,71 mins   More at IMDb TMDB  Report this page,Horror,"Betsy Blue-English, Elliott Windsor, Ray d James",Prankz,2017,https://letterboxd.com/film/prankz/
Blackwood Evil,2000,Four paranormal investigators record their final hours as they succumb to demonic attacks.,Richard Catt,85 mins   More at IMDb TMDB  Report this page,Horror,"Joanie Bannister, Peggy Catt, Michael Paul",Blackwood Evil,2000,https://letterboxd.com/film/blackwood-evil/
Classroom 6,2015,"A local reporter and her assembled TV crew go into a school haunted by a horrific past. The team spends the night locked inside the building, capturing any and everything they find.",Jonas Odenheimer,76 mins   More at IMDb TMDB  Report this page,Horror,"Valentina Kolaric, Mike McLaughlin, Maurice Mejia",Classroom 6,2015,https://letterboxd.com/film/classroom-6/
Incident,2010,"A documentary maker, a team of researchers in dead languages ​​and rites, a priest and a cameraman enter a factory that has been abandoned since 2001, when an employee murdered 16 work colleagues and subsequently, in the face of police persecution, killed himself. The police concealed evidence and closed the case as mass murder, but several testimonies, forensic photographs and other studies showed that the killer had practiced Enochian magic.",Mariano Cattaneo,71 mins   More at IMDb TMDB  Report this page,Horror,"Andrés Borghi, Daniel de la Vega, Diego Sampayo",Incident,2010,https://letterboxd.com/film/incident-2010/
Asylum: the Lost Footage,2013,A group of amateur ghost hunters go missing as they journey into the bowels of an abandon Insane Asylum in a search for evidence of the 'Lady in White' said to haunt the grounds. The only evidence of their quest of no return are video cards discovered by workman as they demolish what's left of the vacant structures. Some of the footage was salvageable and reveals the missing ghost hunters fate as they traverse into the unknowns of the Asylum,Dan T. Hall,65 mins   More at IMDb TMDB  Report this page,Horror,"Tony Bartele, Ran Burns, Chris Cones",Asylum: the Lost Footage,2013,https://letterboxd.com/film/asylum-the-lost-footage/
The Presence,2014,"Hoping to film paranormal activity, three friends break into an abandoned castle, where an evil presence soon hounds them into terror and madness.",Daniele Grieco,82 mins   More at IMDb TMDB  Report this page,Horror,"Liv Lisa Fries, Matthias Dietrich, Henning Nöhren",The Presence,2014,https://letterboxd.com/film/the-presence-2014/
Capture Kill Release,2016,"A couple plots to murder a random stranger just for the thrill of it, but things turn ugly when one of them decides not to go through with it.",Nick McAnulty,96 mins   More at IMDb TMDB  Report this page,"Horror, Drama, Thriller","Jennifer Fraser, Farhang Ghajar, Jon Gates",Capture Kill Release,2016,https://letterboxd.com/film/capture-kill-release/
The House on Mansfield Street II: Evil Next Door,2024,"In the sequel to ""The House on Mansfield Street,"" the unsettling mysteries persist in the quiet neighborhood. James Waring goes missing after moving in with his friend Anthony on Mansfield Street, where they are disturbed by the sounds of violent fights from the supposedly vacant house next door. To unravel the enigma, they befriend Laura, a seemingly helpful neighbor with a claim of expertise in banishing supernatural disturbances through witchcraft. However, as they seek her assistance, they inadvertently unlock an ancient evil that threatens their very existence.",Richard Mansfield,80 mins   More at IMDb TMDB  Report this page,Horror,"David John Field, Jonathan Cleaver, Chloe McKiernan",The House on Mansfield Street II: Evil Next Door,2024,https://letterboxd.com/film/the-house-on-mansfield-street-ii-evil-next-door/
Pretty Dead,2013,"After killing and cannibalizing several men and being found unfit for trial, Regina Stevens desperately tried to convince her psychiatric caregivers that she wasn't mentally ill, but was in fact slowly becoming a real life zombie.",Benjamin Wilkins,77 mins   More at IMDb TMDB  Report this page,"Drama, Horror","Carly Oates, Ryan Shogren, Quantae Love",Pretty Dead,2013,https://letterboxd.com/film/pretty-dead/
Paranormal Activity: The Ghost Dimension,2015,"Using a special camera that can see spirits, a family must protect their daughter from an evil entity with a sinister plan.",Gregory Plotkin,87 mins   More at IMDb TMDB  Report this page,"Thriller, Horror","Chris J. Murray, Brit Shaw, Ivy George",Paranormal Activity: The Ghost Dimension,2015,https://letterboxd.com/film/paranormal-activity-the-ghost-dimension/
Pestilenz,2019,After a mysterious outbreak of the plague in a remote German village a crew of filmmakers tries to uncover the truth.,Thomas Grieser,70 mins   More at IMDb TMDB  Report this page,"Horror, Mystery","Thomas Goersch, Shawn C. Phillips, Sascha Goldbach",Pestilenz,2019,https://letterboxd.com/film/pestilenz/
Ouija Hosts,2021,Duncan and Sarah are presenters of a well-known paranormal TV show titled “Ghost Hosts” which this week comes live from an abandoned haunted building as part of a Halloween special. They introduce their new host Jenny to the show and her first day is about to become a nightmare as the stories surrounding the horrifying dead owners of the mansion are about to become reality.,Steven M. Smith,88 mins   More at IMDb TMDB  Report this page,Horror,"Louisa Warren, Chelsea Greenwood, Jake Taviner",Ouija Hosts,2021,https://letterboxd.com/film/ouija-hosts/
Basement - The Horror of the Cellar,2011,"In 2008, Tim Ritter bought a camera to document the strange noises that kept him awake night after night. He found no logical explanation for the nocturnal sounds from the basement. When he realized that his landlady was hiding something from him, he started his own investigation into the dark past of the house. As the afflictions worsened, Tim made a momentous decision. He took his camera and spent a night in the basement ...",Thomas Grieser,69 mins   More at IMDb TMDB  Report this page,Horror,"Thomas Grieser, Ursula Grieser, Wolfgang Grieser",Basement - The Horror of the Cellar,2011,https://letterboxd.com/film/basement-the-horror-of-the-cellar/
The Death of April,2022,"Meagan Mullen, freshly moved in her new home, keeps in touch with her friends and family through a video blog. As her entries (and her life) become more complex and emotional, strange things begin to happen in her room and the camera captures all of it.",Ruben Rodriguez,90 mins   More at IMDb TMDB  Report this page,"Mystery, Horror","Amy Rutledge, Stephanie Domini, RayMartell Moore",The Death of April,2022,https://letterboxd.com/film/the-death-of-april/
Skew,2011,"When Simon, Rich, and Eva head out on an eagerly anticipated road trip, they bring along a video camera to record their journey. What starts out as a carefree adventure slowly becomes a descent into the ominous as unexplained events threaten to disrupt the balance between the three close friends. Each one of them must struggle with personal demons and paranoia as friendships are tested and gruesome realities are revealed...and recorded.",Sevé Schelenz,83 mins   More at IMDb TMDB  Report this page,"Horror, Thriller, Mystery","Rob Scattergood, Amber Lewis, Richard Olak",Skew,2011,https://letterboxd.com/film/skew/
A Rough Cut,2016,"A film maker travels to explore an abandoned secluded youth home ""Pohjola Manor"" located in Northern Finland surrounded by ghost stories.",Elmo Rautio,51 mins   More at IMDb TMDB  Report this page,"Horror, Thriller, Mystery","Elmo Rautio, Saara-Emilia Rautio, Elli-Noora Rautio",A Rough Cut,2016,https://letterboxd.com/film/a-rough-cut/
Found Footage,2011,"Live footage found by police of a serial killer who documented, first hand, his undertakings.",Samuel Bartlett,64 mins   More at IMDb TMDB  Report this page,Horror,"Matt Doran, Geraldine Hakewill",Found Footage,2011,https://letterboxd.com/film/found-footage-2011/
Wol-ha: Very Bad Moon Rising,2017,"In the Korean Classic Horror Movie, A Public Cemetery of Wolha 1967, the tombstone of the kisaeng (Korean geisha) Wol-ha, who dies under a false accusation, is found! Set in the 1930s when Korea was under Japanese rule, a story was told about a girl, Wolhyang. She goes from a student to a kisaeng (Korean geisha) to a wife of a bourgeois man and is finally killed under a false accusation. This is a well-known story in Korea from the Korean classic horror movie, A Public Cemetery of Wolha. The movie, Wol-ha 2017, starts with a setting, where the tombstone of Wol-ha is found by an international collector and the whole process of finding the tomb of Kisaeng Wolhyang is recorded by video. The footages are fully of the mysterious and the grotesque...!",Oh In-chun,80 mins   More at IMDb TMDB  Report this page,"Horror, Mystery","Yoon Jin-young, Kim Jun-seob, Hilota Masami",Wol-ha: Very Bad Moon Rising,2017,https://letterboxd.com/film/wol-ha-very-bad-moon-rising/
Char Man,2019,"Two friends visit fire-ravaged Ojai, California, intent on making a fake documentary about the infamous Ojai Vampire. However, things take a bizarre and frightening turn when they learn about a different local legend: The Char Man.",Kipp Tribble,85 mins   More at IMDb TMDB  Report this page,"Thriller, Horror","Jeff Kober, Nick Greco, Kurt Ela",Char Man,2019,https://letterboxd.com/film/char-man/
Legend of the Lake,2018,A found footage film about three men who seeks an answer to the mysterious creature in a Deep Arctic lake in the North of Sweden.,Daniel Lehmussaari,4 mins   More at IMDb TMDB  Report this page,Horror,"Noah Otte, Karl Söderberg, Roger Aitomäki",Legend of the Lake,2018,https://letterboxd.com/film/legend-of-the-lake/
The Secret of Evil,2014,"Lima, Peru. An investigation into the mysterious disappearance of a young man in the supposedly haunted Matusita House reveals its darkest secrets to those who dare to open its doors.",Dorian Fernández-Moris,78 mins   More at IMDb TMDB  Report this page,"Thriller, Mystery, Horror","Bruno Espejo, Lupita Mora, Eduardo Ramos",The Secret of Evil,2014,https://letterboxd.com/film/the-secret-of-evil/
Haunted Hospital: Heilstatten,2018,"Group of Youtubers enter an abandoned surgery ward for 24-hour challenge, hoping to go viral. They will soon learn that they're not welcome.",Michael David Pate,89 mins   More at IMDb TMDB  Report this page,Horror,"Sonja Gerhardt, Tim Oliver Schultz, Lisa-Marie Koroll",Haunted Hospital: Heilstatten,2018,https://letterboxd.com/film/haunted-hospital-heilstatten/
She Walks the Woods,2019,"Over 1600 people have vanished in our National Forests. Now, a team of adventurers is about to find out why.",John Crockett,81 mins   More at IMDb TMDB  Report this page,Horror,"Taylor C Morgan, Danny Bohnen, Jessie Nerud",She Walks the Woods,2019,https://letterboxd.com/film/she-walks-the-woods/
Beholder,2024,"Something's made it's home in Thom's camera. It wants a show, and Thom's the star. Evoking intrusive thoughts and violent impulses, this creature projects its madness direct-to-tape.",Evan Churchill,14 mins   More at IMDb TMDB  Report this page,Horror,"Thomas Pardo, Evan Churchill",Beholder,2024,https://letterboxd.com/film/beholder-2024/
The Investigation: The Mansfield Ghost,2022,Lilly is a makeup and FX influencer hoping to expand her audience by live-streaming from a notoriously haunted house. She gets more than she bargained for when her investigation awakes the enity that resides there putting her and her viewers in real trouble.,Richard Mansfield,75 mins   More at IMDb TMDB  Report this page,Horror,"Kelly Goudie Price, Itasha James, Daniel Mansfield",The Investigation: The Mansfield Ghost,2022,https://letterboxd.com/film/the-investigation-the-mansfield-ghost/
Winemaker,2024,A filmmaker documenting various methods of winemaking believes he has found the perfect subject when he meets a man who uses anything but conventional ways of crafting the perfect blend.,Emil Ström,59 mins   More at IMDb TMDB  Report this page,"Thriller, Horror","Barrie Herrold, Emil Ström, Connor Johnston",Winemaker,2024,https://letterboxd.com/film/winemaker/
Shedim,2022,"Chris Sam and his family lead a quiet suburban life in Danbury, Connecticut. Chris works for a septic company and his wife Lisa teaches special ed. They're raising their three children-Maddy, Chris Jr. and Jake-in Chris's childhood home. Outgoing and bright, the Sam kids are the center of their parent's world: Maddy, the oldest, is thriving in her college classes, while Chris Jr. and Jake are both gifted athletes. They are a tight-knit family, well-liked by friends and neighbors, and living the suburban dream. That is until suddenly the family disappears, cutting off all communication with the rest of the world and leaving no clue as to where they've gone or when they're coming back. Concerned, if not a little intrigued by the Sam's abrupt disappearance, Jairus- once close friends with the Sam family-rounds up his film crew to set out and find them.",Jairus Cobb,86 mins   More at IMDb TMDB  Report this page,Horror,Jairus Cobb,Shedim,2022,https://letterboxd.com/film/shedim-2022/
Beyond the North Woods,2022,A Logan Paul style YouTuber is guided through a small town's woods to make a video about recent unsolved disappearances. The group questions their sanity as the weather drastically changes and a mind-bending threat stalks them.,Lance Todd,67 mins   More at IMDb TMDB  Report this page,Horror,"Matt Rasmussen, Henriette Soderlind, Lance Todd",Beyond the North Woods,2022,https://letterboxd.com/film/beyond-the-north-woods/
After Chernobyl,2021,"A group of American tourists travels across Eastern Europe. By accident, they get to Chernobyl, where they face some local evil. These are the ghosts of killed citizens who tried to flee the city through military cordons. But it turns out that not all inhabitants of the Exclusion Zone are dead. The group have to reveal the mystery of an unusual girl from the dead city and try to get out from this place alive.",Igor Kinko,84 mins   More at IMDb TMDB  Report this page,"Horror, Thriller, Mystery","Michael Golodini, Catherine Badalyan, Michael Gol",After Chernobyl,2021,https://letterboxd.com/film/after-chernobyl/
The Mitchin Murders,2024,"The year is 1994, and two journalists embark on a visit to a small town in Mitchin, Iowa, to solve a string of mysterious murders that started four years prior.",Jamie B-Debbage,78 mins   More at IMDb TMDB  Report this page,Horror,"Georgina McGuigan, Kate Winter, Alistair Findlay",The Mitchin Murders,2024,https://letterboxd.com/film/the-mitchin-murders/
The Screaming Silent,2020,"Desperate to make the film that will crown him the next Tarantino, debut filmmaker Kurt Michael travels 8000 miles to the outback of Tasmania.",David Davidson,104 mins   More at IMDb TMDB  Report this page,"Drama, Horror","Andrew Lindqvist, Ross Magnant, Bella McDiarmid",The Screaming Silent,2020,https://letterboxd.com/film/the-screaming-silent/
Resurrected,2023,"In a dystopian future, the Vatican knows how to resurrect people. A priest discovers a conspiracy behind the resurrections and their possible link to a series of murders.",Egor Baranov,90 mins   More at IMDb TMDB  Report this page,"Science Fiction, Horror, Thriller","Dave Davis, Karli Hall, Erika Chase",Resurrected,2023,https://letterboxd.com/film/resurrected-2023/
Report 51,2013,"After a strange sighting, four friends decide to move in the near woodlands to investigate. Soon their week-end becomes a nightmare and a race for survival.",Alessio Liguori,100 mins   More at IMDb TMDB  Report this page,"Horror, Action, Science Fiction, Thriller","Michela Bruni, Luca Guastini, Viola Graziosi",Report 51,2013,https://letterboxd.com/film/report-51/
The Ceremony Is About to Begin,2024,"Madness, mayhem, and mummification rites ensue when a documentary filmmaker visits the rural commune of the Osiris Collective, an ancient Egyptian inspired cult, to investigate the disappearance of his ex-girlfriend.",Sean Nichols Lynch,70 mins   More at IMDb TMDB  Report this page,Horror,"Chad Westbrook Hinds, John Laird, Raul Delarosa",The Ceremony Is About to Begin,2024,https://letterboxd.com/film/the-ceremony-is-about-to-begin/
The Devil Within,2016,"In November 2012 Rachel Kusza and her team of film makers travelled to Transylvania to document the Baciu forest. A forest with a dark history of strange occurrences, ghost sightings and countless cases of missing people. The film crew were never heard from again. After searching for the film crew for two years Howard Redman, Rachels teacher, found the crews camera buried in the snow....",Mark Evans,79 mins   More at IMDb TMDB  Report this page,"Horror, Thriller","Maria Simona Arsu, Patrick Sebastian Negrean, Marius Dan Munteanu",The Devil Within,2016,https://letterboxd.com/film/the-devil-within-2016/
Spiral Drive,2020,"Two estranged friends attempt to shoot a feature film on a cross-country road trip. Along the way, they are abducted by a mysterious creature in the Appalachian mountains. The two must work together, despite their fractured friendship, to traverse the forest labyrinth and escape from the clutches of the creature.",Erik Fitzpatrick,63 mins   More at IMDb TMDB  Report this page,"Horror, Comedy","Erik Fitzpatrick, Ben Rutz, Charley Hoover",Spiral Drive,2020,https://letterboxd.com/film/spiral-drive/
Blank Page,2021,"A writer begins a new project, but something continues to prevent him from finishing it.",Aidan Manley,78 mins   More at IMDb TMDB  Report this page,"Horror, Crime",Aidan Manley,Blank Page,2021,https://letterboxd.com/film/blank-page-2021/
Frogman,2023,"An amateur filmmaker, struggling to turn his passion into a career, returns with friends to Loveland, Ohio, the location of his first, notorious sighting of the Frogman, determined to obtain irrefutable proof that the cryptid legend exists.",Anthony Cousins,81 mins   More at IMDb TMDB  Report this page,"Fantasy, Horror","Nathan Tymoshuk, Chelsey Grant, Benny Barrett",Frogman,2023,https://letterboxd.com/film/frogman-2023/
The Gallows,2015,"20 years after a horrific accident during a small town school play, students at the school resurrect the failed show in a misguided attempt to honor the anniversary of the tragedy - but soon discover that some things are better left alone.",Travis Cluff,81 mins   More at IMDb TMDB  Report this page,"Thriller, Horror","Cassidy Gifford, Ryan Shoos, Pfeifer Brown",The Gallows,2015,https://letterboxd.com/film/the-gallows/
Meadowoods,2010,"In a sleepy and uneventful small town, three college students, bored and desperate to make their mark, plot a savage and merciless murder. Electing to keep a video journal to memorialize their bizarre pact, they plot in secret, devising a homemade death chamber that will allow them to see, hear, feel, and linger over their intended victim's torment and final moments of life. Then, chosen at random, a fellow student becomes this victim when she is to receive perhaps the most brutal and horrifying of all fates. The default leader of this macabre trio directs the physical and psychological terror, even as contention and hostility within the group threatens to jeopardize their twisted plan, culminating in a violent and chilling conclusion.",Scott Phillips,88 mins   More at IMDb TMDB  Report this page,"Thriller, Horror","Michael Downey, Peet Montzingo, Michelle Roe",Meadowoods,2010,https://letterboxd.com/film/meadowoods/
Alien Abduction,2014,A vacationing family encounters an alien threat in this pulse-pounding thriller based on the real-life Brown Mountain Lights phenomenon in North Carolina.,Matty Beckerman,85 mins   More at IMDb TMDB  Report this page,"Horror, Thriller, Science Fiction","Katherine Sigismund, Corey Eid, Riley Polanski",Alien Abduction,2014,https://letterboxd.com/film/alien-abduction-2014/
VIY: The Lost Tapes,2023,The film was edited from the footage taken by three American travel influencers who went missing during their tour in Serbia. They were heading to a small town near Belgrade to record what ended up being their final material.,Alex Waters,60 mins   More at IMDb TMDB  Report this page,Horror,"Roger Dvorak, Lynne Rose, Kate Louise Ridley",VIY: The Lost Tapes,2023,https://letterboxd.com/film/viy-the-lost-tapes/
Absence,2013,"Doctors are baffled when an expectant mother wakes to find her nearly-to-term pregnancy apparently disappear overnight. Police investigate the situation as a missing child, and only her husband and brother trust her version of events.",Jimmy Loweree,81 mins   More at IMDb TMDB  Report this page,"Thriller, Horror","Lee Burns, Michael Angelo Covino, Eric Matheny",Absence,2013,https://letterboxd.com/film/absence/
Conspiracy Theory,2016,A television crew heads to Nevada to search for alien life.,Jake Myers,79 mins   More at IMDb TMDB  Report this page,"Horror, Thriller, Science Fiction","Ben Kobold, Jennifer Mills, Jamie Bragg",Conspiracy Theory,2016,https://letterboxd.com/film/conspiracy-theory-2016/
The Gracefield Incident,2017,"On August 16, 2013, the Supreme Court mandated the CIA to declassify files that had been kept secret for the past 75 years. Visual records of documented paranormal events were released to the public. The following incident took place in Gracefield, Quebec.",Mathieu Ratthe,95 mins   More at IMDb TMDB  Report this page,"Action, Mystery, Science Fiction, Horror","Alexandre Nachi, Mathieu Ratthe, Victor Andres Trelles Turgeon",The Gracefield Incident,2017,https://letterboxd.com/film/the-gracefield-incident/
The Haunting of Grady Farm,2020,"Emily Wolf is the host of a travel show documenting supposed haunted locations around the country. The destination of her next episode happens to be in rural Florida, where her and her cinematographer's old college friends live. Wanting to mix work and pleasure, they decide to have a reunion camping trip on the allegedly haunted land. But, there is no fun to be had when the group learns that the Sluagh are more than folklore.",Matt Dickstein,68 mins   More at IMDb TMDB  Report this page,Horror,"Josh Server, Alexandrea Owens, Tony DeMil",The Haunting of Grady Farm,2020,https://letterboxd.com/film/the-haunting-of-grady-farm/
Dark Mountain,2013,"In March of 2011, three filmmakers disappeared in the Superstition Mountains of Arizona while documenting their search for the Lost Dutchman mine. Their bodies were never found... but their camera was.",Tara Anaïse,82 mins   More at IMDb TMDB  Report this page,"Horror, Thriller, Science Fiction","Sage Howard, Andrew Simpson, Shelby Stehlin",Dark Mountain,2013,https://letterboxd.com/film/dark-mountain-2013/
10/21/23,2024,A GROUP OF YOUNG PARANORMAL INVESTIGATORS HAVE TO DO A PARANORMAL RESEARCH OF THE OLD ELMER ESTATE THEN LATER THEY HAD GONE MISSING,Kamil Mirza,3 mins   More at TMDB  Report this page,"Documentary, Mystery, Horror","Anwar Mirza, Antonio Dennis",10/21/23,2024,https://letterboxd.com/film/10-21-23/
Luciferous,2015,"In a high-rise apartment young parents Alex and Mahsa live with their seven-year-old daughter Mina. Everything about the family is completely normal, uncomfortably real: Their home, their jobs, her school, the way they hold and love each other. The line between fact and fiction is blurred because THEY ARE A REAL family. Until completely normal turns into what they fear the most. Alex's injury opens the door to a malevolent force that attacks and dismantles the family one person at a time: A violent aggressor determined to prove that possession is real, unconscionably disturbing and very different from how it's depicted in the movies.",Mahsa Ghorbankarimi,90 mins   More at IMDb TMDB  Report this page,"Drama, Thriller, Horror","Mahsa Ghorbankarimi, Mina Gorelick, Alexander Gorelick",Luciferous,2015,https://letterboxd.com/film/luciferous/
Warda,2014,"Walid, a video blogger, returns to his Egyptian countryside home to document and investigate strange happenings that have been disturbing his family since the death of his father.",Hadi El Bagoury,73 mins   More at IMDb TMDB  Report this page,Horror,"Farouq Hashem, Samira Maqroun, Nada ElAlfi",Warda,2014,https://letterboxd.com/film/warda/
Crowsnest,2012,"In late summer of 2011, five young friends on a road trip went missing after being attacked by nomadic cannibals in a huge RV. Video was recorded by the victims & recovered by police as evidence in their still-unsolved murders.",Brenton Spencer,84 mins   More at IMDb TMDB  Report this page,,"Mittita Barber, Aslam Husain, Victor Zinck, Jr.",Crowsnest,2012,https://letterboxd.com/film/crowsnest/
The Black Water Vampire,2014,"A documentary film crew investigate a series of brutal killings known as the Black Water murders. As they dwelve deeper into the story, they stumble upon a horrifying secret. One they may not survive.",Evan Tramel,82 mins   More at IMDb TMDB  Report this page,"Mystery, Horror, Thriller","Danielle Lozeau, Andrea Monier, Anthony Fanelli",The Black Water Vampire,2014,https://letterboxd.com/film/the-black-water-vampire/
Campus.mp4,2024,,Miguel de Oliveira,7 mins   More at TMDB  Report this page,"Horror, Documentary","Julia Marrocos, Hanna Guimarães, Anna Luiza Nascimento",Campus.mp4,2024,https://letterboxd.com/film/campusmp4/
Cage Dive,2017,"Three friends from California are filming an audition tape for an extreme reality game show. They document their journey to Australia where they will be doing their most dangerous activity: Shark Cage Diving. A catastrophic turn of events leaves them in baited water full of Great White Sharks, turning their recording into a blood chilling diary of survival...And death.",Gerald Rascionato,80 mins   More at IMDb TMDB  Report this page,"Horror, Thriller, Drama","Joel Hogan, Josh Potthoff, Megan Peta Hill",Cage Dive,2017,https://letterboxd.com/film/cage-dive/
Skinwalker Ranch,2013,"In 2010 “Skinwalker Ranch” gained media attention after experiencing a wide range of unexplained phenomena. Reports ranged from UFO sightings to livestock mutilation, but maybe most notable was the disappearance of ranch owner Hoyt Miller’s eight-year-old son Cody on November 11, 2010. Close to a year later, Modern Defense Enterprises has sent a team of experts to document and investigate the mysterious occurrences, which only escalate upon their arrival. Tensions rise as the team must decide how far they will go to unlock the mysteries of “Skinwalker Ranch.” The group debates whether the answers are worth risking their lives for, or if they should just call off the investigation and leave the ranch—that is, if leaving is actually an option…",Devin McGinn,86 mins   More at IMDb TMDB  Report this page,"Thriller, Horror, Science Fiction","Steve Berg, Kyle Davis, Erin Cahill",Skinwalker Ranch,2013,https://letterboxd.com/film/skinwalker-ranch/
File 253,2015,"In 2013 a psychiatric clinic which served for more than 50 years caring for patients in Mexico City was demolished. A few months before its demolition, four young men came to investigate the clinic, determined to discover the truth about rumors of strange and paranormal events, recording everything with which they encounter. Today, the whereabouts of these four young men are unknown, remaining only fragments of their recordings.",Abe Rosenberg Fishbein,79 mins   More at IMDb TMDB  Report this page,Horror,"Anna Cetti, Mario Escalante, Michel Chauvet",File 253,2015,https://letterboxd.com/film/file-253/
The Garlock Incident,2012,"On December 16th, 2011, eight people on their way to Las Vegas stopped in the ghost town of Garlock, California. This footage documents what happened.",Evan Cholfin,78 mins   More at IMDb TMDB  Report this page,"Thriller, Horror, Mystery","Ana Lily Amirpour, Adam Chambers, Sean Durrie",The Garlock Incident,2012,https://letterboxd.com/film/the-garlock-incident/
Hell House LLC III: Lake of Fire,2019,"Set one year after the events of Hell House LLC II, the hotel is on the verge of being torn down when it is purchased by billionaire Russell Wynn as the new home for his popular interactive show, Insomnia. He invites journalist Venessa Sheppard and her crew to record everything happening inside the hotel leading up to the performance - but they soon encounter a more nefarious plot, one that threatens to unleash a veritable hell on earth.",Stephen Cognetti,85 mins   More at IMDb TMDB  Report this page,"Horror, Mystery","Gabriel Chytry, Elizabeth Vermilyea, Sam Kazzi",Hell House LLC III: Lake of Fire,2019,https://letterboxd.com/film/hell-house-llc-iii-lake-of-fire/
Clownz R Us,2020,"Two kids are invited to stay at their relatives new house for the 4th of July weekend while their parents are out of town on a business trip. On the first night though, they experience some peculiar things and are visited by unwelcomed guests.",Seth M. Philyaw,46 mins   More at IMDb TMDB  Report this page,"Horror, Thriller","Asher Philyaw, Evan M. Philyaw, Hayden Philyaw",Clownz R Us,2020,https://letterboxd.com/film/clownz-r-us/
Paranormal Investigation,2018,A ghost hunter investigates an evil spirit dwelling within a young man who reportedly became possessed after playing with a Ouija board.,Franck Phelizon,92 mins   More at IMDb TMDB  Report this page,"Horror, Thriller","Jean-Baptiste Heuet, Andrei Indreies, Jose Atuncar",Paranormal Investigation,2018,https://letterboxd.com/film/paranormal-investigation/
Hangar 10,2014,"33 years after the infamous Rendlesham Forest UFO incident, three metal detector enthusiasts hunting for Saxon gold in the same region, capture incredible footage of UFO's whilst filming their expedition. As night falls and with their navigation equipment failing, they find themselves facing a terrifying encounter with an unforgiving alien presence.",Daniel Simpson,87 mins   More at IMDb TMDB  Report this page,"Thriller, Science Fiction, Horror","Danny Shayler, Abbie Salt, Robert Curtis",Hangar 10,2014,https://letterboxd.com/film/hangar-10/
Cause of My Death,2016,"Two girlfriends are trapped in a haunted apartment building, one slowly loses her mind, and both have no chance of escape.",Mark Mos,80 mins   More at IMDb TMDB  Report this page,"Thriller, Horror","Erin Johnson, Elise Mayfield, Bartosz Kasza",Cause of My Death,2016,https://letterboxd.com/film/cause-of-my-death/
Closed Circuit Extreme,2012,A young couple break into the house of a suspected serial killer and plant hidden cameras but are trapped when they try to retrieve the footage.,Giorgio Amato,98 mins   More at IMDb TMDB  Report this page,"Horror, Thriller","Stefano Fregni, Francesca Cuttica, Guglielmo Favilla",Closed Circuit Extreme,2012,https://letterboxd.com/film/closed-circuit-extreme/
I'm Haunted,2022,A young woman documenting paranormal occurrences in her apartment realizes she's dealing with something much more terrifying than a troublesome ghost.,Brandon Rhiness,75 mins   More at IMDb TMDB  Report this page,"Thriller, Horror","Elizabeth Chamberlain, Emily Anne Salkeld, Gay Andrews",I'm Haunted,2022,https://letterboxd.com/film/im-haunted/
The Jungle,2013,A big cat conservationist and his filmmaker brother travel into the Indonesian jungle to find and document the rare and endangered Javan leopard. As they travel deeper and deeper into the jungle they come to the realisation that they are being stalked by a deadly predator.,Andrew Traucki,84 mins   More at IMDb TMDB  Report this page,"Horror, Thriller","Rupert Reid, Agoes Widjaya Soedjarwo, Igusti Budianthika",The Jungle,2013,https://letterboxd.com/film/the-jungle/
The Rohl Farms Haunting,2013,"Two childhood friends, 21 years old, who are trying to create a documentary in Wisconsin, struggle to keep their friendship intact after a string of seemingly paranormal events lead to the staggering conclusion that a group of three strangers are behind the activity. Their quest to discover and convict the culprits via evidence captured on camera becomes the new focus on the documentary, resulting in a cinematic endeavor that could prove to be their last. With real locations, real people, and real relationships, this is the realest found footage film you will ever experience.",Cordero Roman,84 mins   More at IMDb TMDB  Report this page,"Horror, Drama, Mystery","Luke Rohl, Cordero Roman, Lanny Fitterer",The Rohl Farms Haunting,2013,https://letterboxd.com/film/the-rohl-farms-haunting-2013/
The Whispering Man,2019,"After inheriting an ominous painting, a family soon becomes disturbed by a demonic presence known as The Whispering Man.",József Gallai,74 mins   More at IMDb TMDB  Report this page,"Thriller, Horror, Mystery","Dávid Fecske, András Korcsmáros, Ágota Dunai",The Whispering Man,2019,https://letterboxd.com/film/the-whispering-man/
The Rejected,2018,"Recovered footage and self-filmed documentary that journals a UFO sighting and possible abduction. This found footage film will test even those with the most open-minded beliefs. Is ""The Rejected"" actual proof of aliens on Earth or is this an elaborate hoax? We let you decide.",Michael Crum,63 mins   More at IMDb TMDB  Report this page,Horror,"Richard S. Blake, Jake Bowman",The Rejected,2018,https://letterboxd.com/film/the-rejected-2018/
Live Different,2024,"A married couple's relationship is pushed to its limits as a mysterious force shifts reality around them. Live Different is more than just jump scares and ghostly encounters. It's an intimate glimpse into the unraveling of a couple's marriage, while a reality-bending force distorts everything around them. Compiled from home security camera footage, the film combines raw drama and cosmic horror.",Matthew Mercier,48 mins   More at IMDb TMDB  Report this page,"Drama, Horror","Payson Caudil, Erica Colson, Bryant Parson",Live Different,2024,https://letterboxd.com/film/live-different/
The House and The White String,2020,"A man buys a house from a police auction, unaware of the houses horrific secrets of murder and madness only to be driven mad himself.",,45 mins   More at IMDb TMDB  Report this page,Horror,Chris Chambers,The House and The White String,2020,https://letterboxd.com/film/the-house-and-the-white-string/
Our Trip to Berribrook,2022,"In the summer of 2018, three kid-friendly American vloggers headed into an Australian national park in search of a mysterious, bigfoot-like creature. They were never seen again. Their footage was thought lost. Until now.",Frank Maljevac,90 mins   More at TMDB  Report this page,"Comedy, Horror","Julian Hamman, Alice Mahony, Rhys Peters",Our Trip to Berribrook,2022,https://letterboxd.com/film/our-trip-to-berribrook/
Seekers,2016,"Accompanied by a cameraman, four friends go into the deep forests of Poland to shoot a documentary about their hobby: Geocaching, a modern form of treasure hunting.",Michael Effenberger,90 mins   More at IMDb TMDB  Report this page,Horror,"Robin Czerny, Christine Winter, Joel Sansi",Seekers,2016,https://letterboxd.com/film/seekers/
Gifts from Strangers,2014,"A social media Vblogger and his close friends find themselves the victims of an unending series of pranks after opening a mysterious package sent from an online friend, pranks that soon take a more sinister and deadly turn.",,45 mins   More at IMDb TMDB  Report this page,Horror,,Gifts from Strangers,2014,https://letterboxd.com/film/gifts-from-strangers/
The Awnik,2023,"A young filmmaker goes into the woods to document his film project. However, he gets lost and he soon realizes that there is something watching him.",Jarrod Lee,87 mins   More at TMDB  Report this page,Horror,Jarrod Lee,The Awnik,2023,https://letterboxd.com/film/the-awnik/
The Outwaters,2022,"Deep in the Mojave desert, under a scorching blood-red sun, four travelers have set up camp to make art. One fateful night, the group is thrust into a feverish tornado of flayed flesh and mind-boggling monstrosities, the likes of which mere humans simply cannot fathom.",Robbie Banfitch,110 mins   More at IMDb TMDB  Report this page,"Science Fiction, Horror, Thriller","Robbie Banfitch, Angela Basolis, Scott Schamell",The Outwaters,2022,https://letterboxd.com/film/the-outwaters/
Intervention,2021,An amnesiac suspects that the friends trying to help her recalls her memories are hiding the truth about her near fatal accident.,Samesh Ramjattan,105 mins   More at IMDb TMDB  Report this page,"Horror, Thriller","Amber Doig-Thorne, Bibi Lucille, Laura McQuiggin",Intervention,2021,https://letterboxd.com/film/intervention-2021/
Vazhiye,2022,"When two Youtube bloggers decide to make a documentary film about a mystery land, they are confronted with havoc and hell they could never expect.",Nirmal Baby Varghese,More at IMDb TMDB  Report this page,"Mystery, Thriller, Horror","Jeffin Joseph, Aswathi Anil Kumar, Aswin Sreenivasan",Vazhiye,2022,https://letterboxd.com/film/vazhiye/
Noche Blanca,2024,"Four young people break into what appears to be a completely empty house, but what they couldn't imagine was the hell that awaited them that very night...",Carlos Mera,4 mins   More at TMDB  Report this page,Horror,"Marcos Luna, Cristian Roales, Daniel García",Noche Blanca,2024,https://letterboxd.com/film/noche-blanca/
Tahoe Joe,2022,"In 2022, filmmaker Dillon Brown set out with Green Beret and wilderness survival expert, Michael Rock, to document an attempt to find a missing person. What they found instead was a horror thought to be a myth.",Dillon Brown,88 mins   More at IMDb TMDB  Report this page,Horror,"Dillon Brown, Michael Rock, Hunter Nino",Tahoe Joe,2022,https://letterboxd.com/film/tahoe-joe/
Name the Demon,2024,The only hope a team of exorcists have to save a possessed women is to discover the name of the demon that has possessed her.,Carmelo Chimera,76 mins   More at IMDb TMDB  Report this page,Horror,"Joe Castro, Danny Bohnen, Jessie Nerud",Name the Demon,2024,https://letterboxd.com/film/name-the-demon/
Split Scream,2023,A group of rowdy friends equipment with a bunch of film gear go to a supposedly haunted house to document potential paranormal findings.,Joel Dik,44 mins   More at IMDb TMDB  Report this page,Horror,"Joel Dik, Daniel Lotz, Stephen Vilim",Split Scream,2023,https://letterboxd.com/film/split-scream/
Huggin Molly,2024,"Benny goes on the search for his missing twin sister and ends up in Abbeville, a small town with dark secrets and a witch named Huggin Molly...",Connor Flynn,54 mins   More at TMDB  Report this page,"Adventure, Fantasy, Horror","Shaun Weiss, Lorelei Linklater, Connor Flynn",Huggin Molly,2024,https://letterboxd.com/film/huggin-molly/
Sx_Tape,2013,"From the director of CANDYMAN and the producers of PARANORMAL ACTIVITY comes a found-footage nightmare of lust, possession, and destruction. Jill's an artist. Ian's a filmmaker. And their love life is off the chain. There's no experience too wild, no dare too dangerous—not even when Jill lets Ian strap her to a gurney in the abandoned hospital they're scoping out for their next art show. But he shouldn't have left her alone. Not even as a joke. Now, Jill's hookup with horror has awakened something in that place. Something with a lust for more than flesh.",Bernard Rose,85 mins   More at IMDb TMDB  Report this page,Horror,"Caitlyn Folley, Ian Duncan, Diana García",Sx_Tape,2013,https://letterboxd.com/film/sx_tape/
The Wicked Witch,2015,Is about The four students from Bali that wants to make a research about the wicked witch in Bali called Leak. Starting from the information that provided by Jero Mangku (traditional priest in Bali) about the existence of Leak and that turning back into a terror when they are looking for the leak turned out to hunt them.,Anak Agung Ngurah Bagus Kesumah Yudha,17 mins   More at TMDB  Report this page,Horror,"Ni Putu Putu Wirasari, Yunie Astika, Anantha P. Yogantara",The Wicked Witch,2015,https://letterboxd.com/film/the-wicked-witch/
Infliction,2014,"""Infliction"" is the actual assembled footage taken from the cameras belonging to two brothers, who documented a murder spree in North Carolina.",Jack Thomas Smith,100 mins   More at IMDb TMDB  Report this page,"Horror, Drama","Jason Mac, Elliott Armstrong, Ana Shaw",Infliction,2014,https://letterboxd.com/film/infliction/
Red Woods,2021,"A group of urbex enthusiasts travel to the backwoods of Appalachia to capture footage of abandoned houses, when they unwittingly become the subjects of a much darker video - made by a different kind of ""enthusiast"".",Nicholas Danko,95 mins   More at IMDb TMDB  Report this page,"Adventure, Horror, Mystery","Michael Barnett, Brian E Stead, Jacquelynn Ware",Red Woods,2021,https://letterboxd.com/film/red-woods/
The Devil's Familiar,2020,"Found footage Horror film about two student filmmakers making a documentary about the Ribbersford woods murders that happened in 2006. Sally Edwards was sent down for the murder, but a mist of controversy surrounds the case, with conspiracy theories about a Mythical creature living in the Woods... Elliott and Jake try to find out what really happened back in 2006. A video camera containing a mini dv tape was handed into the Henwick Police station on August 2nd 2019. This is actual Footage.",Kieran Edwards,56 mins   More at IMDb TMDB  Report this page,Horror,"Uriel Davies, Ross Mooney, David Clarke",The Devil's Familiar,2020,https://letterboxd.com/film/the-devils-familiar/
Back from Hell,2012,"When six pals escape the chaos of the city for a brief getaway, the manor home they rent in the countryside may not be so idyllic after all… The party mood soon sours as strange phenomenon begins. The group initially attempts to rationalize the occurrences, but they soon escalate into horrifying paranormal events and, ultimately, the apparent possession of Giorgio. Desperate, the terrorized group pleads with the local priest to exorcise the unholy force. But its demonic powers may be more than he can handle… and a bigger menace than any of them could have imagined.",Leonardo Araneo,95 mins   More at IMDb TMDB  Report this page,"Horror, Thriller","Aran Bertetto, Giovanni Guidelli, Jennifer Mischiati",Back from Hell,2012,https://letterboxd.com/film/back-from-hell/
Unknown Visitor,2019,"After moving into a new house, a young woman experiences a terrifying series of encounters with something evil. The whole nightmare is captured on her door camera.",Isaac Rodriguez,52 mins   More at IMDb TMDB  Report this page,Horror,"Brittany Dunk, Jason Scarborough, June Griffin Garcia",Unknown Visitor,2019,https://letterboxd.com/film/unknown-visitor/
The House in Sherwood,2020,"Angela Bennett is conducting an investigation into the paranormal events that happened at a haunted house in Sherwood. What Angela doesn't know is that she is being followed by Karen, who is making a film of her own.",Richard Mansfield,71 mins   More at IMDb TMDB  Report this page,"Thriller, Horror","Eleanor Aldous, Daniel Mansfield, Kathryn Redwood",The House in Sherwood,2020,https://letterboxd.com/film/the-house-in-sherwood/
Raw 3: The Revelation of Grete Müller,2015,Linda is searching for her sister Ivana. Together with her boyfriend Tom she returns to the forest where the nightmare for her sister and many more people started.,Marcel Walz,72 mins   More at IMDb TMDB  Report this page,"Thriller, Mystery, Horror","Nina Fischer, Christian Stock, David Buk",Raw 3: The Revelation of Grete Müller,2015,https://letterboxd.com/film/raw-3-the-revelation-of-grete-muller/
Hulk Blood Tapes,2015,"Five friends on a road trip to see their favorite band are detoured along the way, and when they become lost, they find they're willing to do anything to survive the night.",Jared Cohn,79 mins   More at IMDb TMDB  Report this page,Horror,"Jared Cohn, Charles Parker Newton, Ben Bowra",Hulk Blood Tapes,2015,https://letterboxd.com/film/hulk-blood-tapes/
There's Something in The Pilliga,2014,"The Pilliga Yowie, - or 'Jingra' - has haunted the Australian outback for centuries, stalking a remote part of New South Wales, where men seldom dare tread, content to keep to itself... until now. Blokish truck driver Jay and his cameraman buddy Dylan journey into the PIlliga National Park with Liz and Tammy, two good time girls they meet in a pub. Things take a sinister turn when a local legend comes out to play - complete with big teeth, sharp claws and a craving for human flesh!",Dane Millerd,83 mins   More at IMDb TMDB  Report this page,Horror,"Brendan Byrne, Rebecca Callander, Leoni Leaver",There's Something in The Pilliga,2014,https://letterboxd.com/film/theres-something-in-the-pilliga/
Insane,2016,A couple's joy of moving into a beautiful hillside mansion is soon replaced by terror as a manifestation of evil begins to overtake their lives.,Massimiliano Cerchi,90 mins   More at IMDb TMDB  Report this page,Horror,"Greg Maness, Terry G. Reed, Vincent Rivera",Insane,2016,https://letterboxd.com/film/insane-2016-1/
Something Walks in the Woods,2023,"A viral video shows a mysterious figure walking along the edge of the woods each day, and filmmaker Bill Howard sets out to spend a night there to find out exactly what it is.",William J Howard III,81 mins   More at IMDb TMDB  Report this page,"Thriller, Horror, Documentary","William J Howard III, Laura Rodriguez, Paul Hurley",Something Walks in the Woods,2023,https://letterboxd.com/film/something-walks-in-the-woods/
Slender,2016,Two filmmakers searching for the perfect documentary subject stumble across a story that even they don't want to believe.,Joel Petrie,90 mins   More at IMDb TMDB  Report this page,"Horror, Thriller","Joel Petrie, Dan Schovaers, Mili Parks",Slender,2016,https://letterboxd.com/film/slender/
Vlog Worthy,2017,"Des is a Vlogger, desperate to increase the number of views on her Vlog and generate sales of her homemade jewelry. When she begins a new friendship with a publicist named Melissa, she starts to see the increase in traffic she's been hoping for. But when Melissa's plans to increase the views even more start taking dark turns, Des must decide how far she is willing to go to be Vlog Worthy.",Benjamin Shea,72 mins   More at IMDb TMDB  Report this page,Horror,"Kassandra Escandell, Katalina Otter, Veronica Reed",Vlog Worthy,2017,https://letterboxd.com/film/vlog-worthy/
Eyes in the Dark,2010,Secret video files just discovered on an FBI server prove that the government has been hiding unexplained disappearances and a dangerous presence in the Pacific Northwest wilderness.,Bjorn Anderson,78 mins   More at IMDb TMDB  Report this page,Horror,"Wayne Bastrup, Melissa Goad, John Soren",Eyes in the Dark,2010,https://letterboxd.com/film/eyes-in-the-dark/
Raw File,2025,"Following up on a questionable suicide, an investigator and her cameraman venture into an apartment complex looking for answers but instead find something terrifying roaming the corridors with them.",,98 mins   More at IMDb TMDB  Report this page,"Horror, Thriller","Monica Oprisan, Christopher Sutcliffe",Raw File,2025,https://letterboxd.com/film/raw-file/
Dead End,2011,"After a deadly plague rapidly wipes out humanity and transforms the dead into walking dead, a small band of survivors document their fight for survival through the lens of a camera, capturing what could be their last few days alive.",Rich Davis,96 mins   More at IMDb TMDB  Report this page,Horror,"Mark Ashwell, Paul Bloomfield, Jonathan Dahl",Dead End,2011,https://letterboxd.com/film/dead-end-2011/
Outlast,2023,"A group of paranormal enthusiasts set out to investigate a haunted Castle on Halloween night. Excited to capture evidence of the afterlife, they quickly realize that the castle is even more active than anticipated. As the night wears on and the paranormal activity intensifies, the group must use all their knowledge and skill to outlast the supernatural forces and uncover the castle's dark history in order to escape with their lives.",Richi Booth,81 mins   More at IMDb TMDB  Report this page,"Horror, TV Movie","Aurora Lyon, Emma Booth, Callan Patrick",Outlast,2023,https://letterboxd.com/film/outlast/
Brew House,2020,"When five urban explorers enter an abandoned brewery to film the latest episode of their web series, they disturb the final resting place of a group of artists that once called it home.",,68 mins   More at IMDb TMDB  Report this page,,,Brew House,2020,https://letterboxd.com/film/brew-house/
Greystone Park,2012,"In October 2009, the filmmakers went into an abandoned psychiatric hospital to explore the 'haunted' institution, famous for its radical treatment of patients with mental illness. Electroshock, insulin therapy, and lobotomies were commonplace. Once inside, the filmmakers quickly discovered that they were not alone.",Sean Stone,82 mins   More at IMDb TMDB  Report this page,"Thriller, Horror","Oliver Stone, Alexander Wraith, Pete Antico",Greystone Park,2012,https://letterboxd.com/film/greystone-park/
Bagma,2025,Ramon Regal is investigating the Fred Kramer story and how it ties into the legend of Bagma. Ramon who is hosting the Wandering Mythbusters show decides to explore Fred Kramer's house to uncover any secrets that will explain the mysterious occurrences around town.,,61 mins   More at IMDb TMDB  Report this page,Horror,Rogelio R.,Bagma,2025,https://letterboxd.com/film/bagma/
Jenny’s House,2012,"Three young ghost-hunters enter a home where the recent murder of a young girl took place. But as the night goes on, things become more terrifying as they realize there may be no escape from Jenny's House.",Michel Pierce,36 mins   More at TMDB  Report this page,Horror,,Jenny’s House,2012,https://letterboxd.com/film/jennys-house/
Witches' Well,2024,"While travelling in Edinburgh to research her book on Scottish Witch trials, a best-selling Horror writer is hounded by both a stalker and a potentially paranormal threat, challenging her skepticism of the otherworldly in this suspenseful Found Footage horror film",Amanda K. Morales,60 mins   More at IMDb TMDB  Report this page,"Horror, Mystery",Amanda K. Morales,Witches' Well,2024,https://letterboxd.com/film/witches-well/
VHS Violence: Bootlegged,2022,"In this found footage feast, four videos are discovered, each more violent than the last, as we bear witness to the depravity that unravels onscreen.",Dustin Ferguson,62 mins   More at IMDb TMDB  Report this page,Horror,"Destiny Soria, Landon Munoz, Landyn Banx",VHS Violence: Bootlegged,2022,https://letterboxd.com/film/vhs-violence-bootlegged/
The Expedition,2008,A Documentary crew entered an asylum to shoot a documentary on the place on Halloween night 2004. Several mysterious things occurred throughout the night leading up to a missing crew member the following morning.,Nigel Hartwell,107 mins   More at IMDb TMDB  Report this page,"Thriller, Horror","Nigel Hartwell, Anthony Cortese, Lana Hartwell",The Expedition,2008,https://letterboxd.com/film/the-expedition/
Death Island: Paranormal Retribution,2017,"A team of supernatural researchers set out to shoot a documentary about hikers who vanished on a remote and desolate island in the Great Lakes; an island whose only inhabitants are 3,500 Native American graves. Despite repeated warnings from locals, they provoke the spirits of the dead and find themselves stranded and trapped in a vortex of Paranormal retribution.",,80 mins   More at IMDb TMDB  Report this page,"Thriller, Horror",,Death Island: Paranormal Retribution,2017,https://letterboxd.com/film/death-island-paranormal-retribution/
Invited,2024,"When a reluctant mother attends her daughter's Zoom elopement, she and the rest of the family in attendance quickly realize the groom is part of a Russian cult with deadly intentions.",Navin Ramaswaran,71 mins   More at IMDb TMDB  Report this page,Horror,"Michael Lake, Martina Schabron, Andrew Bee",Invited,2024,https://letterboxd.com/film/invited/
Where We Lie,2022,"When a group of student filmmakers arrive on location everything seems normal until the director, Icarus is trapped within the hallway. Rooms then begin to shift and transform changing the location into a maze of dead ends.",Jordan-Kane Lewis,10 mins   More at IMDb TMDB  Report this page,Horror,"Steven Wardle, Ian Hodson, Jordan Memmott",Where We Lie,2022,https://letterboxd.com/film/where-we-lie/
Forests of Mystery,2009,College students Dewey Lansing and Jeff Collins are on a quest to discover the truth behind what's really going on in the deep woods of the Tillamook Forest - because something strange definitely is.,,60 mins   More at IMDb TMDB  Report this page,,"Jim Becker, Michael Biesanz, Matt Ediger",Forests of Mystery,2009,https://letterboxd.com/film/forests-of-mystery/
BlackHills.mov,2023,"An unfolding sequence of terror captured by a videographer, lost in the cursed woods of Maryland.",Mahdi Tavinifard,88 mins   More at IMDb TMDB  Report this page,Horror,Mahdi Tavinifard,BlackHills.mov,2023,https://letterboxd.com/film/blackhillsmov/
PUTREFIXION: A Video of Nina Temich,2022,"PUTREFIXION: A Video of Nina Temich is the first feature to be entirely filmed on a 360 camera. Director David Torres utilizes the disorienting nature of a 360 lens to transform Mexico City, accentuate the ritual of dance, and open a new chapter of in-world-camera narratives. As Nina, model and dancer Dalia Xiuhcoatl controls the space and movement of the camera, giving this portrait of a young woman's brush with the supernatural a mesmerizing feminine energy.",David Torres,89 mins   More at IMDb TMDB  Report this page,"Horror, Thriller","Dalia Xiuhcoatl, Romanni Villicaña, Dan Zapata",PUTREFIXION: A Video of Nina Temich,2022,https://letterboxd.com/film/putrefixion-a-video-of-nina-temich/
The Woodmen,2023,"The Woodmen follows three individuals who find themselves in a fight for their lives as they attempt to escape from a clan of feral humans that call the Great Smoky Mountains home. Together, they battle the cunning and elusive adversary that wants nothing more than to protect their land with deadly and savage force.",Joshua Brucker,74 mins   More at IMDb TMDB  Report this page,Horror,"Bryden Elliott DiGennaro, Chiko Mendez, Connor Flynn",The Woodmen,2023,https://letterboxd.com/film/the-woodmen/
Amanuda Bhayam,2021,This film shows the research project of a parapsychology student named Abdul who visits a haunted forest with his friend Subramani.,S.S. Jishnu Dev,100 mins   More at IMDb TMDB  Report this page,"Horror, Mystery","R.G. Harikrishnan, J.S. Sree Vishnu, Akhilsom",Amanuda Bhayam,2021,https://letterboxd.com/film/amanuda-bhayam/
The Devil's Door,2022,"A film crew follows a “coyote” or human trafficker to a tunnel for a pick-up of two illegal immigrants. When the tunnel is opened, an evil escapes leaving a trail of blood and death in its path. The crew fights escape from a nightmare. The Devil’s Door where evil crossed the border.",Chris Defranco,52 mins   More at IMDb TMDB  Report this page,Horror,"Tori Ellis, Marian Valentino, Mark Bracich",The Devil's Door,2022,https://letterboxd.com/film/the-devils-door/
Courting a Killer,2013,Two graduate students and lover's from USF studying Criminal Behavioral Sciences attempt to secure an interview with an active serial killer.,Carlos Nunez,87 mins   More at IMDb TMDB  Report this page,"Thriller, Mystery, Horror","Rico Aragon, Brigitte Kali Canales",Courting a Killer,2013,https://letterboxd.com/film/courting-a-killer/
Alien Overlords,2018,A man learns about alien agendas from a dying agent and feels compelled to warn the world about the impending danger.,Richard Lowry,76 mins   More at IMDb TMDB  Report this page,"Action, Science Fiction, Horror, Drama","Victor Dante, Paul Lauden, Michael Byrne",Alien Overlords,2018,https://letterboxd.com/film/alien-overlords/
Death App,2018,Guilherme gathers his friends for a group video call. He has a proposal to make money on the internet. But the deal went down the drain when they realized the demon is using technology to act.,Renata Abreu,12 mins   More at IMDb TMDB  Report this page,Horror,"Henrique Coutinho, Rebeca Gonçalves, Arthur Guimarães",Death App,2018,https://letterboxd.com/film/death-app-2018/
The Karadedeler Incident,2011,"In a remote village, some strange creatures are patrolling around. After 5 pm, no one dares to go out. A young journalist comes to the village and stays for 10 days but nothing happens. He gives the camera to a 14-year-old boy in the village and then he leaves. The plan was that if the boy sees something strange, he would record it for the journalist and send the tapes back to him. After a while the boy and 6 other people are found murdered, and the camera was still recording...",Erdogan Bagbakan,86 mins   More at IMDb TMDB  Report this page,"Horror, Thriller","Murat Han, Berk Balcı, İpek Ayaz Kortunç",The Karadedeler Incident,2011,https://letterboxd.com/film/the-karadedeler-incident/
Hexed,2020,"A year after the death of their friend, a coven of witches point fingers at each other as they try to narrow down who's out to get them... or what.",Michael Davis,37 mins   More at IMDb TMDB  Report this page,"Horror, Thriller","Jessica McEvoy, Meganne Kocher, Tarae McQueen",Hexed,2020,https://letterboxd.com/film/hexed-2020/
The Barbados Project,2022,"When a video showing a mysterious giant creature appears on social media in Barbados, a trio of video journalists decide to investigate.",Thomas Burke,60 mins   More at IMDb TMDB  Report this page,"Science Fiction, Drama","Cherah Belgrave, Ishmall John, Brandon Blackman",The Barbados Project,2022,https://letterboxd.com/film/the-barbados-project/
Lights Over Montgomery County,2023,"A faux-documentary host investigates weird lights, A.I. robots, aliens, and strange happenings in Montgomery County, Texas.",Dustin Tamplen,68 mins   More at IMDb TMDB  Report this page,"Science Fiction, Horror","Dustin Tamplen, Dillon Brown, Michael Rock",Lights Over Montgomery County,2023,https://letterboxd.com/film/lights-over-montgomery-county/
Dybbuk Box: True Story of Chris Chambers,2019,The encounters recorded by Chris Chambers have been studied by industry professionals and proven to be accurate recorded paranormal accounts. Currently documented as one of the most supernatural recorded events to date.,Joseph Mazzaferro,60 mins   More at IMDb TMDB  Report this page,Horror,"Joseph Mazzaferro, Melissa Daddio",Dybbuk Box: True Story of Chris Chambers,2019,https://letterboxd.com/film/dybbuk-box-true-story-of-chris-chambers/
A Cold Grave,2024,"A girl vanishes, prompting her brother to brave a dark forest where he unveils the secrets that lurk beneath, and a chilling mystery awaits.",Brendan Rudnicki,75 mins   More at IMDb TMDB  Report this page,"Horror, Mystery, Thriller","Dylan DeVane, Kellan Rudnicki, Stuart Maxheimer",A Cold Grave,2024,https://letterboxd.com/film/a-cold-grave/
Hungerford,2014,The lives of a group of teenagers are turned upside down when their town is taken over by sinister forces.,Drew Casson,79 mins   More at IMDb TMDB  Report this page,"Action, Horror, Science Fiction","Georgia Bradley, Sam Carter, Drew Casson",Hungerford,2014,https://letterboxd.com/film/hungerford/
Watch Us Kill,2024,A disgraced journalist follows the bloody breadcrumbs of a two sadistic snuff filmmakers.,Joston Theney,More at IMDb TMDB  Report this page,Horror,"Tania Fox, Constance Brenneman, Rick Williamson",Watch Us Kill,2024,https://letterboxd.com/film/watch-us-kill/
Alien Origin,2012,"A movie created from ""found footage"" of a lost military expedition that exposes the origins of life on earth.",Mark Atkins,90 mins   More at IMDb TMDB  Report this page,"Science Fiction, Thriller, Fantasy","Trey McCurley, Chelsea Vincent, Daniela Flynn",Alien Origin,2012,https://letterboxd.com/film/alien-origin/
Episode 50,2011,"Teaming up for the first time for a special episode of a supernatural reality TV show, two rival crews get more then they bargained for when they make physical contact with a ferocious spirit of terrifying power. They must band together before it destroys them all. After 49 killer episodes…this is the true story of what happened on episode 50.",Joe Smalley,78 mins   More at IMDb TMDB  Report this page,"Thriller, Mystery, Horror","Josh Folan, Natalie Wetta, Keithen Hergott",Episode 50,2011,https://letterboxd.com/film/episode-50/
The Night Visitor,2015,"When a suburban couple hires a new age spiritualist to help with their troubled marriage, her advice to video their lives 24/7 to help reunite the family, turns out to reveal their son is having conversations with an unseen entity, calling itself the Night Visitor.",Jennifer Blanc,91 mins   More at IMDb TMDB  Report this page,Horror,"Brianne Davis, Gary Cairns, Tara Buck",The Night Visitor,2015,https://letterboxd.com/film/the-night-visitor-2015/
8-25-78,2025,"A home video simply labeled with a date of August 25, 1978 showcases a gruesome event.",Brandon Young,7 mins   More at TMDB  Report this page,"Horror, Thriller",,8-25-78,2025,https://letterboxd.com/film/8-25-78/
The Houses October Built 2,2017,"Recovering from the trauma of being kidnapped last Halloween by the Blue Skeleton - a group who take ""extreme haunt"" to another level - five friends decide they must face their fears in order to move on. Heading back out on the road to visit more haunted house attractions, signs of the Blue Skeleton start appearing again and a new terror begins.",Bobby Roe,99 mins   More at IMDb TMDB  Report this page,Horror,"Brandy Schaefer, Zack Andrews, Mikey Roe",The Houses October Built 2,2017,https://letterboxd.com/film/the-houses-october-built-2/
The Encounter,2015,"When Collin Bastrow is found in the forest, alone and afraid, he has a shocking story to tell. As he struggles to recount the events of the previous night his memories return in a series of horrific flashes of what became of his friends and fiancée. What started as a simple camping trip in the mountains of Northern Arizona quickly descended into an amazing and terrifying story that is truly out of this world. As the sole survivor of this deadly close encounter Collin must try and explain the unexplainable",Robert Conway,85 mins   More at IMDb TMDB  Report this page,"Horror, Science Fiction","Clint James, Owen Conway, Megan Drust",The Encounter,2015,https://letterboxd.com/film/the-encounter-2015/
RWD,2015,"Two men went searching for ghosts, but they found themselves instead...",Matt Stuertz,80 mins   More at IMDb TMDB  Report this page,"Science Fiction, Horror","Adam Hartley, Matt Stuertz",RWD,2015,https://letterboxd.com/film/rwd/
Catskill Park,2018,Four friends leave NYC for Catskill Park and hear something unearthly during their camping trip.,Vlad Yudin,93 mins   More at IMDb TMDB  Report this page,"Science Fiction, Horror","Lauren Francesca, Wen Yann Shih, Katelyn Pearce",Catskill Park,2018,https://letterboxd.com/film/catskill-park/
Media Studies,2017,Three students embark on their end of year Media Studies project unaware of the horrific and unspeakable fate that awaits them. What starts as a seemingly simple mystery soon turns into a claustrophobic and hellish nightmare.,Warren Dudley,71 mins   More at IMDb TMDB  Report this page,"Thriller, Horror","Lydia Orange, Parry Glasspool, TJ Herbert",Media Studies,2017,https://letterboxd.com/film/media-studies/
Dominium,2013,"Kike, Alexis, and Arturo want to film a documentary about urban legends. When they unexpectedly interrupt a strange ceremony at an ancient cemetery, they are forced to join with Michelle and Renato, a nurse who loves to install cameras at places where paranormal activities occur. Together they will unfold a horror that should have never been revealed.",Eladio Feliciano,77 mins   More at IMDb TMDB  Report this page,"Horror, Mystery","Emannuel Freire, Yomar Dávila, Nicole Ramos",Dominium,2013,https://letterboxd.com/film/dominium/
#Captured,2017,A zealous vigilante looking to clean the Internet of sin targets a group of teens that broadcast misadventures on their chatroom.,Joe Homokay,81 mins   More at IMDb TMDB  Report this page,"Thriller, Horror","Lizze Gordon, Cody Renee Cameron, Eve Marlowe",#Captured,2017,https://letterboxd.com/film/captured-2017/
The Spirit Chaser,2018,"Best friends Mike and Dylan must spend 24 hours and document their event in Malpaso Forest for a hefty amount of $10,000. Mike is a gambler who lost $5,000 in a bet but was given the opportunity for debt forgiveness and double his reward. Mike convinces Dylan to spend 24 hours in the Malposa Forest. What they find will be something they will soon not forget.",Federico Alotto,88 mins   More at IMDb TMDB  Report this page,Horror,"Stewart Arnold, Dylan Ayers, Alessia Pratolongo",The Spirit Chaser,2018,https://letterboxd.com/film/the-spirit-chaser/
The Plan,2017,"Five college friends have a reunion in a castle in Piemonte, Italy. The local legend says the queen of the castle, Johanna of Anjou, was blamed for the local drought and famine. Before she was hung by the villagers, she placed a curse in her journal then killed herself. The group is intrigued by the legend, and one night when drunk, they enter the forbidden room where Joanna died. There, they find her journal. The spirit of Joanna returns, and her thirst for revenge is horrific.",Paolo Dematteis,83 mins   More at IMDb TMDB  Report this page,Horror,"Biancamaria Botta, Giulio Maria Cavallini, Michela Hickox",The Plan,2017,https://letterboxd.com/film/the-plan-2017-1/
The Purging Hour,2015,"With the hopes of a new life for his family, Bruce Diaz left the harsh city for the serene and majestic mountains of California. The Diaz family's first day in their new house would go down as one of the most violent 24 hours any family could ever imagine. With no serviceable evidence being retrieved and no witnesses to speak, the case was eventually dismissed. Several years later, the family's personal home movie footage was released by anonymous source. ""Home Video"" tells the family's story, through their eyes.",Emmanuel Giorgio Sandoval,92 mins   More at IMDb TMDB  Report this page,Horror,"Paul Cross, Sophia Louisa, Sherry Driggs",The Purging Hour,2015,https://letterboxd.com/film/the-purging-hour/
The Mitchell Tapes,2017,"This found footage horror film is the aftermath of a paranormal investigation gone wrong. The concept of their new reality TV series ""The Ghost Kids"", was to get together a group of teenagers who were more sensitive to paranormal, and then have them investigate the most haunted locations in the country. For the pilot episode they go to Clay County West Virginia, where legend tells that local man Sam Mitchell abducted and killed a suspected 30 children in his house, before being found out and lynched by the townspeople. Gathered around a campfire, ""The Ghost Kids"" hear the story of Sam Mitchell from their producers for the first time, and are then locked into the house overnight. With paranormal equipment and cameras running, ""The Ghost Kids"" are ready to find out if the spirit of Sam Mitchell still resides there.",,84 mins   More at IMDb TMDB  Report this page,,"Joe Estevez, Chuck Lamb, Scott Sheely",The Mitchell Tapes,2017,https://letterboxd.com/film/the-mitchell-tapes/
Bigfoot County,2012,"Siskiyou County, California has the most reported Bigfoot sightings in the world. In August of 2009, a documentary filmmaker went to investigate these alleged sightings.",Stephon Stewart,82 mins   More at IMDb TMDB  Report this page,"Thriller, Horror","Stephon Stewart, Davee Youngblood, Shy Pilgreen",Bigfoot County,2012,https://letterboxd.com/film/bigfoot-county/
Witnesses,2019,Four college classmates are hunted by a ruthless drug cartel hitman when they inadvertently record a murder while shooting their student film.,Christopher Burgart,97 mins   More at IMDb TMDB  Report this page,Horror,"Jesse Howland, Conner Floyd, Rachel Clark-Spear",Witnesses,2019,https://letterboxd.com/film/witnesses-2019/
Documenting the Witch Path,2019,"Documenting the Witch Path is a documentary film that is testing the limits of three young documentary filmmakers. They find out about a place called the Witch Path that leads out to the lake known as the Witch Lake. It's where they drowned innocent women in the 17th century because they were accused of witchery. All because the people blindly listened to the priests. Nowadays, the path and the lake is closed off by the township. No one wants to answer why, but these filmmakers will find out the horrifying truth about it.",Carl Sundström,65 mins   More at IMDb TMDB  Report this page,Horror,"Nathaniel P. Erlandsson, Robin Eriksson Franzén, Carl Sundström",Documenting the Witch Path,2019,https://letterboxd.com/film/documenting-the-witch-path/
The Inside,2012,A group of girls are terrorized by violent vagrants before succumbing to a horrific supernatural evil.,Eoin Macken,92 mins   More at IMDb TMDB  Report this page,"Horror, Drama, Thriller","Kellie Blaise, Siobhán Cullen, Natalia Kostrzewa",The Inside,2012,https://letterboxd.com/film/the-inside/
#FollowMe,2019,"Three British women from London, consisting of a YouTuber and her two friends, go missing from a motel in California while travelling from Los Angeles to San Francisco after posting on social media using the the hashtag #followme.",Sam Hardy,90 mins   More at IMDb TMDB  Report this page,"Horror, Thriller","Kara Kingsward-Hughes, Scarlett Davies, Maria Louis",#FollowMe,2019,https://letterboxd.com/film/followme-2019/
The Darkest Dawn,2016,"Evacuated from their home, two teenage sisters unite with fellow survivors and escape London by river to embark on an odyssey across the badlands of Britain.",Drew Casson,76 mins   More at IMDb TMDB  Report this page,"Action, Science Fiction","Bethan Mary Leadley, Cherry Wallis, Stuart Ashen",The Darkest Dawn,2016,https://letterboxd.com/film/the-darkest-dawn/
616: Paranormal Incident,2013,When Special Agent Watts and his Investigation Unit are called to the derelict Woodburrow Prison he thinks it's business as usual. But there's nothing usual about Woodburrow. A mysterious woman is found attempting to flee the scene and things begin to spiral out of control as an evil force picks the team off one by one. Soon Agent Watts is left alone to face what might be the world's most powerful evil... The Devil.,David Chirchirillo,83 mins   More at IMDb TMDB  Report this page,Horror,"Thomas Downey, Jennefer Folsom, Rib Hillis",616: Paranormal Incident,2013,https://letterboxd.com/film/616-paranormal-incident/
Mr. Happy,2012,6-year-old and 10-year-old brothers decide to explore a dead serial killer's former homestead causing strange things to start happening over the next few days.,Mark Spears,58 mins   More at IMDb TMDB  Report this page,Horror,"Chase Spears, Lucas Spears, Mark Spears",Mr. Happy,2012,https://letterboxd.com/film/mr-happy-2012/
The Lost Vlog of Ruby Real,2020,Three social media influencers venture out into the woods to debunk a trending myth only to find themselves lost and delirious in an abnormal forest.,Matt Kincses,60 mins   More at IMDb TMDB  Report this page,"Thriller, Science Fiction, Horror","Zachary MacDonald, Taylor Pfeifer, Jennifer Tong",The Lost Vlog of Ruby Real,2020,https://letterboxd.com/film/the-lost-vlog-of-ruby-real/
The Break-In,2016,"Jeff Anderson and Melissa Joseph are engaged, have a baby on the way, and live in a townhouse next to their best friends, Steve and Lisa. They have been living the perfect life, until a string of robberies take place in their neighborhood. Each night Jeff and Melissa notice strange occurrences happening to and around their home, and they fear that they'll be next on the list.",Justin Doescher,72 mins   More at IMDb TMDB  Report this page,Horror,"Justin Doescher, Maggie Binkley, Juan Pablo Veizaga",The Break-In,2016,https://letterboxd.com/film/the-break-in-2016/
Lair of the Beast,2016,"Four friends hike into the Pinewood forest to find evidence of the Chupacabra, a creature believed to be responsible for the disappearance of a group of experienced hikers a year earlier.",Matt McWilliams,90 mins   More at IMDb TMDB  Report this page,Horror,"Sarah Nicklin, Michael Reed, Alex Hayek",Lair of the Beast,2016,https://letterboxd.com/film/lair-of-the-beast/
Into the Forest,2019,Into the Forest follows three paranormal Youtubers on what should have been a simple documentary in the woods but quickly becomes a journey into heart-stopping horror.,Brendan Rudnicki,67 mins   More at IMDb TMDB  Report this page,Horror,"Bo Yokely, Kimberly Hough, Aaron Sherry",Into the Forest,2019,https://letterboxd.com/film/film:539225/
Tape 407,2012,Survivors of an airplane crash find themselves within the borders of a government testing area and pursued by predators.,Dale Fabrigar,90 mins   More at IMDb TMDB  Report this page,"Science Fiction, Horror","Abigail Schrader, Samantha Lester, James Lyons",Tape 407,2012,https://letterboxd.com/film/tape-407/
The Pigman Murders,2013,"7 friends head to the wilderness of Connemara, Co. Galway for a weekend break to celebrate the first year anniversary of a close friend. First night in they come across a beaten and bloodied male looking for help as he warns them that three masked men attacked him and took his girlfriend, some of the group head into the wooded area in search as others return to their cars which have disappeared. With no houses for miles and no transport they must walk themselves back but are not alone! All caught on camera ""Somebody's There"" is a intense rollercoaster that will bring documentary style to another level.",Stephen Patrick Kenny,72 mins   More at IMDb TMDB  Report this page,Horror,"Tom Ward, Kenneth O'Sullivan, Camille Yourell",The Pigman Murders,2013,https://letterboxd.com/film/the-pigman-murders/
Beyond The Green,2024,"When 2 friends embark on a camping trip to memorialise their deceased friend, they discover there may be more to their friends death than they had first anticipated.",Zach Pike,24 mins   More at TMDB  Report this page,Horror,"Joe Burren, Jacob Perry, Samuel Coulson-Lowes",Beyond The Green,2024,https://letterboxd.com/film/beyond-the-green/
Nosferatu.com,2016,Strange disappearances have occurred somewhere in France and a bunch of paranormal fans decide to break into an old building to find out what has happened.,Julien Dève,70 mins   More at IMDb TMDB  Report this page,"Crime, Horror, Mystery","Anthony Lefebvre, Loïc Menage, Adrien Leboulanger",Nosferatu.com,2016,https://letterboxd.com/film/nosferatucom/
Stalked,2015,Young adults' hopes of becoming independent are questioned when strange things begin happening in their neighborhood. As the occurrences become more frequent and aggressive they find themselves at the mercy of a murderous stalker.,Taylor Bridges,75 mins   More at IMDb TMDB  Report this page,"Thriller, Horror","Taylor Bridges, Israel Luna, Zabrina Zee Martinson",Stalked,2015,https://letterboxd.com/film/stalked-2015/
4K Killer,2019,"4K Killer Movie. This feature-length movie is a collection of footage that has been shot, edited, and released by the 4K Killer of South Valley. Please be sure to watch the trailer in 4K.",,More at IMDb TMDB  Report this page,,,4K Killer,2019,https://letterboxd.com/film/4k-killer/
Audition: Found Footage Film,2021,"A ""Director"" held and filmed auditions in 2009 for young women to star in his Reality Film. The disturbing footage was recently found, over a decade later. The killer has never been caught. See terror for real.",Erick Huff,83 mins   More at IMDb TMDB  Report this page,"Horror, Thriller",,Audition: Found Footage Film,2021,https://letterboxd.com/film/audition-found-footage-film/
Restricted Area - Baron Palace,2016,team decides to make a film about the famous Baron Palace but after several attempts eventually led to catastrophic failure to extraction the permits to shooting inside the palace the team decide to break into palace & shooting inside without permits which put them in serious problems are endless,mohamed fikry,85 mins   More at IMDb TMDB  Report this page,"Horror, Thriller","yasmine omar, sara nakhla, tarek obead",Restricted Area - Baron Palace,2016,https://letterboxd.com/film/restricted-area-baron-palace/
Wood Witch: The Awakening,2020,"Two couples on a camping trip stumble onto a local urban legend, inadvertently awakening a sleeping demon.",Courtney G. Jones,76 mins   More at IMDb TMDB  Report this page,,"Julianna Azcarate, Sydney Mitchell, Bradley H. Tatum",Wood Witch: The Awakening,2020,https://letterboxd.com/film/wood-witch-the-awakening/
Alone in the Ghost House,2015,"A minor celebrity and her husband head out on the road to investigate the most haunted house in America for their very own reality show, but upon arriving at the Devil's Commune things become worse than they could have ever imagined. They wanted fame, they found HELL.",Henrique Couto,82 mins   More at IMDb TMDB  Report this page,Horror,"Joni Durian, Erin R. Ryan, Henrique Couto",Alone in the Ghost House,2015,https://letterboxd.com/film/alone-in-the-ghost-house/
There is something different with my grandmother,2023,"As a result of a domestic accident, my grandmother started being monitored at home. Day and night cameras record her movements, interfering with her privacy. After some time observing, I began to notice something different with her.",Pedro Balderama,6 mins   More at TMDB  Report this page,"Horror, Documentary",,There is something different with my grandmother,2023,https://letterboxd.com/film/there-is-something-different-with-my-grandmother/
Game Camera,2013,Four friends head out on a weekend hunting trip and encounter something evil in the woods.,Ron Ford,60 mins   More at IMDb TMDB  Report this page,Horror,"Brad Picard, Ron Ford, Steve Kane",Game Camera,2013,https://letterboxd.com/film/game-camera/
Awake In The Woods,2015,"The Woods in Marion N.Y. have a past. Hunters report unusual activity, hikers describe chilling experiences , parents warn their children to avoid the woods, and the lucky few who survive the woods alone have all gone insane. When a young girl does not heed her parents warning, she goes missing in the woods. Three friends decide to document their search for the truth. What they witness can't be explained. In the end only one is left wandering Awake In The Woods!",Nicholas Boise,73 mins   More at IMDb TMDB  Report this page,"Horror, Thriller","Theresa Galeani, Keith Collins, Nicholas Boise",Awake In The Woods,2015,https://letterboxd.com/film/awake-in-the-woods/
The Before Time,2014,"When two rival crews head into the desert to shoot a reality show based on a buried Navajo treasure, they discover that truth is not only stranger than fiction, it's more dangerous. Something wants them from digging deeper and from escaping the desert alive.",Miguel Müller,80 mins   More at IMDb TMDB  Report this page,"Horror, Thriller, Mystery","Ted Jonas, Jules Hartley, Phillip Andre Botello",The Before Time,2014,https://letterboxd.com/film/the-before-time/
The Homicides(Found Footage),,"A boy ""James Woodgreen"" seeking adventure decides to create a documentary about ""skin walkers"". As he sets out for the weekend trip to a national park he starts to regret his choice and soon finds out it was the worst choice of his life.",Callum Pilkington,39 mins   More at IMDb TMDB  Report this page,Horror,Callum Pilkington,The Homicides(Found Footage),,https://letterboxd.com/film/the-homicidesfound-footage/
The Last Five Days,2020,Two college students find evidence connecting a story they are investigating for film class to a series of deaths. Things begin to spiral out of control when an unknown force watching them becomes more violent and bloodthirsty.,Clay Moffatt,71 mins   More at IMDb TMDB  Report this page,"Adventure, Horror, Thriller","Joe Pacini, Clay Moffatt, Adam Berardi",The Last Five Days,2020,https://letterboxd.com/film/the-last-five-days/
Spirits,2014,"Four high school students embark on a terrifying journey through ShadowView Manor 2 years after a horrifying séance gone wrong. Intern Raven, decides to reconnect with her elementary school friends Kota, William, and Jessica by bringing them to her new workplace, ShadowView Manor for a bit of paranormal investigating. Hearing more forbidden secrets from the night janitor sends them into a dark descending spiral of terror.",Todd Sheets,90 mins   More at IMDb TMDB  Report this page,Horror,"William Christopher Epperson, Jessica Hopkins, Dakota Lassen",Spirits,2014,https://letterboxd.com/film/spirits-2014/
Reel Evil,2012,"Struggling filmmakers - Kennedy, Cory and James - finally catch the break they were looking for when they are hired to shoot a 'behind-the-scenes' documentary for a major studio production. But their dream job quickly turns into a nightmare when they explore the legendary, haunted location and find something far worse than anything Hollywood could create. Terror becomes reality for the filmmakers as they uncover the malevolent secrets of the hospital, and the sinister doctor who once ran it. Trapped inside the hospital with no apparent way out, our crew is tormented by the evil, unspeakable fear",Danny Draven,78 mins   More at IMDb TMDB  Report this page,Horror,"Jessica Morris, Jeff Adler, Kaiwi Lyman",Reel Evil,2012,https://letterboxd.com/film/reel-evil/
8ight After,2020,"After discovering a secret box in the wall of her house, a demonic presence begins terrorizing a YouTuber, at 8 after 1:00am every night.",Vincent Rocca,98 mins   More at IMDb TMDB  Report this page,Horror,"Deanna Rocca, Vincent Rocca",8ight After,2020,https://letterboxd.com/film/8ight-after/
The La Llorona Curse,2018,"A paranormal television show crew investigates a home where alleged paranormal sightings of La Llorona (The Crying Woman) have occurred. Soon, the group finds themselves in a life or death fight as one of the world's oldest urban legends comes to life before their eyes.",Damir Catic,78 mins   More at IMDb TMDB  Report this page,Horror,"Nichole Ceballos, Parker Riggs, Gabrielle Santamauro",The La Llorona Curse,2018,https://letterboxd.com/film/the-la-llorona-curse/
Confined,2021,A couple quarantined across the country from one another during a pandemic are unsure if the strange events happening around them are side effects of a virus - or something altogether more sinister.,Brandon Baker,90 mins   More at IMDb TMDB  Report this page,Horror,"Kipp Tribble, Scott Hamm Duenas, Susannah Devereux",Confined,2021,https://letterboxd.com/film/confined-2021/
Spirit in the Woods,2014,Fate of five local college students who went missing in the infamous Spiritual Woods is finally unraveled as previously unreleased footage is made public.,Anthony Daniel,78 mins   More at IMDb TMDB  Report this page,"Mystery, Horror","Ashley Fast, Heidi Lewandowski, Kinsley Funari",Spirit in the Woods,2014,https://letterboxd.com/film/spirit-in-the-woods/
080817.mp4,2017,Two teenagers ventured into the Cambridgeshire woods in order to create a video for their social media site. This is the last recorded footage of them.,Jonah Cairns,45 mins   More at TMDB  Report this page,Horror,"Jonah Cairns, Collis Heleine",080817.mp4,2017,https://letterboxd.com/film/080817mp4/
Wolfwood,2020,"Haunted by her childhood trauma, Ferrall hid memories of that terrifying Wolfwood night and her father's death even from herself. Now she has discovered a pattern of evil stalking Wolfwood, and to face her guilt she will now take her revenge.",Harry Boast,73 mins   More at IMDb TMDB  Report this page,"Horror, Science Fiction","Rhian Williams, James Bryant, Mandy Rose",Wolfwood,2020,https://letterboxd.com/film/wolfwood/
Seven,2016,"Six individuals arrive on set to take part in an upcoming film production. But once they arrive on set, the rest of the cast and crew are nowhere to be found. Puzzled and confused, these six individuals quickly learn things aren't what they seem. A simple call time turns into a fight for survival as they become trapped on location by an unknown force that wants nothing more than to reveal their 7 deadly sins.",Mitchell Slan,43 mins   More at IMDb TMDB  Report this page,"Horror, Comedy","Glennellen Anderson, Taylor-Grace Davis, Mitchell Slan",Seven,2016,https://letterboxd.com/film/seven-2016/
Dead Residence,2019,"A young couple buys a house with intention of ""flipping it"". Mysterious activities start happening to them while they are repairing the home.",Sean Donohue,68 mins   More at IMDb TMDB  Report this page,Horror,"Arius West, Kylie Remlinger, Martin Grobisen",Dead Residence,2019,https://letterboxd.com/film/dead-residence/
Shallow Creek Cult,2013,"Two brothers drive to Shallow Creek, Louisiana to spread their grandfather's ashes over the Shallow Creek campsite pond. What they didn't bargain for was a cannibalistic cult, terrorizing the population of Shallow Creek, that is now out for their blood.",King Jeff,71 mins   More at IMDb TMDB  Report this page,"Horror, Action, Thriller","Gorio, King Jeff",Shallow Creek Cult,2013,https://letterboxd.com/film/shallow-creek-cult/
The Bucks County Massacre,2010,"On Saturday, May 17th, 2008, police responded to a residence in a remote area of Bucks County, Pennsylvania for the report of a missing person. Upon their arrival, a routine investigation was performed and it was determined that the situation did not require police intervention. When the police returned the next morning to do a courtesy follow up, the house was immediately found to be the scene of a crime.",Jason Sherman,84 mins   More at IMDb TMDB  Report this page,"Horror, Action, Thriller","Nikki Bell, Zackary Kresser, Brittany Geiger",The Bucks County Massacre,2010,https://letterboxd.com/film/the-bucks-county-massacre/
The Flock,2022,"While on a journey to find a mysterious cult, three young people encounter a plot to raise a demonic entity. Hot on their trail is a team of mercenaries with a similarly mysterious background, hellbent on taking down anyone involved.",Dillon Brown,84 mins   More at IMDb TMDB  Report this page,"Horror, Crime","Michael Rock, Natalie Hurt, Cody Wyatt",The Flock,2022,https://letterboxd.com/film/the-flock-2022/
Rootwood,2018,"Rootwood follows two students who host ‘The Spooky Hour’, a podcast about paranormal phenomena and urban legends. When they are hired by a Hollywood film producer to shoot a horror documentary about the curse of The Wooden Devil, they smell their chance to become famous. Together, with their friend, they enter Rootwood Forest and investigate the area to find out the truth about The Wooden Devil and his victims.",Marcel Walz,83 mins   More at IMDb TMDB  Report this page,"Thriller, Mystery, Horror","Tyler Gallant, Elissa Dowling, Sarah French",Rootwood,2018,https://letterboxd.com/film/rootwood/
Mystery Box: The Amber Green Story,2023,"Intrigued by videos of mystery box openings, Amber orders one for herself from the dark web. Inside lurks an insidious force waiting to be unleashed.",Joseph Mazzaferro,47 mins   More at TMDB  Report this page,Thriller,"Natalie Brienen, Logan VanDyke",Mystery Box: The Amber Green Story,2023,https://letterboxd.com/film/mystery-box-the-amber-green-story/
The Proposal,2012,"Mike has set up a video camera to capture the big moment, when he proposes to his girlfriend Abi. But it isn't too long until they realize they are not alone in the house.",James Phillips,44 mins   More at IMDb TMDB  Report this page,"Horror, Thriller","Jeff Brittain, Dani Crane, Lachlan Mannix",The Proposal,2012,https://letterboxd.com/film/the-proposal-2012/
The Incel Tapes,2022,"After a failed suicide attempt, a self-proclaimed ""incel"" must get laid before his 26th birthday - or he's going to kill.",Ethan Freel,90 mins   More at IMDb TMDB  Report this page,"Comedy, Horror","Alec Beckstead, Efim Kolobov, Ethan Freel",The Incel Tapes,2022,https://letterboxd.com/film/the-incel-tapes/
Ghost,2023,"When a deadly religious cult begins weaponizing demonic entities, it's up to a band of church funded mercenaries to take them down before they unleash Hell on Earth. When word of a Fallen Angel reaches the team, the stakes are raised and the fate of humanity rests on the shoulders of one man: Ghost.",Dillon Brown,85 mins   More at TMDB  Report this page,"Action, Horror","Vernon Wells, Michael Rock, Toma Smith",Ghost,2023,https://letterboxd.com/film/ghost-2023/
8213: Gacy House,2010,"A group of paranormal investigators enter the abandoned home of paedophile and serial killer John Gacy, hoping to find evidence of paranormal activity. Upon entering the house they set-up cameras throughout the abandoned house while going room to room with hand-held cameras, performing séance's and asking for John Gacy to come forward. As the evening progresses it seems the investigators are not prepared for the horror still within the house.",Anthony Fankhauser,85 mins   More at IMDb TMDB  Report this page,"Mystery, Horror, Crime","Rachel Riley, James Arthur Lewis, Matthew Temple",8213: Gacy House,2010,https://letterboxd.com/film/8213-gacy-house/
The Legend of Six Fingers,2014,"Following a rash of slaughtered and missing persons, two would-be documentary filmmakers set off into the woods in search of a bloodthirsty legendary creature.",Sam Qualiana,75 mins   More at IMDb TMDB  Report this page,Horror,"Andrew Elias, Sam Qualiana, Lynn Lowry",The Legend of Six Fingers,2014,https://letterboxd.com/film/the-legend-of-six-fingers/
Horror in the Forest,2023,"The curse of Rudwick Forest awaits three fearless paranormal investigators, delving into the long history of its unexplained missing persons cases, said to be the work of a vengeful witch.",Brendan Rudnicki,80 mins   More at IMDb TMDB  Report this page,Horror,"Sabrina Cardassi, Dylan DeVane, Brent Downs",Horror in the Forest,2023,https://letterboxd.com/film/horror-in-the-forest/
Five: Find Your Limit,2016,"A ""found footage"" film about five contestants plus film crew who enter an abandoned mental hospital for the night.",Kevin Wloczyk,74 mins   More at IMDb TMDB  Report this page,"Mystery, Horror","Anders Hasselroth, Thomas Hoffmann, Marco Klammer",Five: Find Your Limit,2016,https://letterboxd.com/film/five-find-your-limit/
Online Dating,2015,"Thanks to technology, Ariane and Vinicius can be connected, even dating from a distance. After Ariane moves into a new apartment and forgets the connected WebCam, Vinicius has every reason to accuse his girlfriend of betrayal. Or is Ariane innocent?",Rafael Zanesco,3 mins   More at IMDb TMDB  Report this page,Horror,"Luciana Ultramari, Felipe Rico, Rafael Zanesco",Online Dating,2015,https://letterboxd.com/film/online-dating/
Something Crashed in the Woods,2019,A man buys a piece of land to build his dream cabin on. He vlogs the experience going awry.,Jeff Profitt,74 mins   More at IMDb TMDB  Report this page,"Horror, Science Fiction",Jeff Profitt,Something Crashed in the Woods,2019,https://letterboxd.com/film/something-crashed-in-the-woods/
Woods Witch,2023,"When two up and coming internet bloggers take on a road trip to film footage from a forest that is known for disappearance and death, they find themselves in a fight against the supernatural for more than ratings. The events to follow considerably deteriorate, spiraling the adventure seekers head on into magic, mayhem, and murder.",Lauren Francesca,96 mins   More at IMDb TMDB  Report this page,"Comedy, Horror","Shawn C. Phillips, Lauren Francesca, Sally Kirkland",Woods Witch,2023,https://letterboxd.com/film/woods-witch/
Athens County Massacre,2008,"Based on the actual murder investigation that shocked a nation When hikers go missing, it's a problem. When the police who are sent to investigate the wayward hikers go missing too, there's a real problem. The ultimate horror unfolds as investigators find the actual footage taken at the scene of the crime, showing in detail what the innocent victims had to endure. Packed with interviews, unseen evidence and banned footage, the Athens County Massacre reveals for the first time, the deep government conspiracy to cover up alien experimentation on human beings.",Jason Schierloh,78 mins   More at IMDb TMDB  Report this page,Horror,"Sherrie Allyn, Andrew Barton, Ebony Briscoe",Athens County Massacre,2008,https://letterboxd.com/film/athens-county-massacre/
Room 441,2020,"Two friends disappear while filming a ghost hunt at the notoriously haunted Congress Plaza Hotel, leaving nothing but the unsettling footage they captured behind...",Tyler King,84 mins   More at IMDb TMDB  Report this page,Horror,"Tyler King, Corey Bailey",Room 441,2020,https://letterboxd.com/film/room-441/
Monster,2020,"A pair of college roommates find a mysterious camera and strange things begin to happen around them. As things start to worsen a scientist claiming to know the truth shows up. However, what he knows is only the tip of the iceberg.",Clay Moffatt,70 mins   More at IMDb TMDB  Report this page,Horror,"Matt Conklin, Wesley Courtnay, MacKenzie Clark",Monster,2020,https://letterboxd.com/film/monster-2020-1/
A Rough Cut 2,2017,One year after Pohjola Manor incident the Masked Man is back again.,Elmo Rautio,61 mins   More at IMDb TMDB  Report this page,"Horror, Mystery, Thriller","Elmo Rautio, Saara-Emilia Rautio, Elli-Noora Rautio",A Rough Cut 2,2017,https://letterboxd.com/film/a-rough-cut-2/
Card Zero,2023,"Before disappearing in the Mojave Desert, Robbie Zagorac captured love, life and heartbreak in a video diary.",Robbie Banfitch,34 mins   More at IMDb TMDB  Report this page,"Comedy, Drama, Western, Romance","Robbie Banfitch, Scott Schamell, Michelle May",Card Zero,2023,https://letterboxd.com/film/card-zero/
File VL-624,2023,Restored footage from Robbie Zagorac’s camera. Property of Mojave County Police Department.,Robbie Banfitch,21 mins   More at IMDb TMDB  Report this page,"Horror, Mystery, Science Fiction","Robbie Banfitch, Michelle May, Angela Basolis",File VL-624,2023,https://letterboxd.com/film/file-vl-624/
Bigfoot at Millcreek,2017,Three film students from California travel to Utah to seek out the phenomenal forest creature known as Bigfoot.,Devin K. Hansen,81 mins   More at IMDb TMDB  Report this page,Horror,"Devin K. Hansen, Lorin Chun, Mark Blockovich",Bigfoot at Millcreek,2017,https://letterboxd.com/film/bigfoot-at-millcreek/
Near,2023,Hollis suffers from an affliction; anyone who gets too close to him dies.,Chris Good Goodwin,90 mins   More at IMDb TMDB  Report this page,Horror,"Connor Scambler, Lydia Cain, Angelo Basso",Near,2023,https://letterboxd.com/film/near/
The Devil's Stomping Ground,2022,"On May 1, 2021 15 college film student's set off to the real place in rural NC known as ""The Devil's Stomping Ground"" to shoot their senior short project. Their footage was found the next day.",Jonathan Landau,87 mins   More at IMDb TMDB  Report this page,Horror,"Marley Aliah, Jordan Ray Allen, Tanner Batts",The Devil's Stomping Ground,2022,https://letterboxd.com/film/the-devils-stomping-ground/
The Wendigo,2022,"After a social media star disappears in the woods of North Carolina, his friends are set to figure out what happened to him. Ignoring the legend of the cursed land was only their first mistake.",Jake Robinson,68 mins   More at IMDb TMDB  Report this page,Horror,"Matthias Margraves, Hunter Redfern, Tyler Gene",The Wendigo,2022,https://letterboxd.com/film/the-wendigo-2022/
Red Zone,2010,"A film crew led by Jack Peters go to Quebec, Canada to find proof of alien existence to instead discover a secret extraterrestrial war.",Javier Barbera,82 mins   More at TMDB  Report this page,"Adventure, Science Fiction","Jason Morciglio, Sebastian Perez Morciglio, Javier Barbera",Red Zone,2010,https://letterboxd.com/film/red-zone-2010/
The Lakeside Killer,2012,"Recovered footage from the scene of a triple homicide in Tempe, Arizona on the morning of September 24, 2012.",Bret Thomas,32 mins   More at IMDb TMDB  Report this page,"Crime, Horror","Johnny Rey Diaz, Jarod Anderson, Laura Munoz Bottini",The Lakeside Killer,2012,https://letterboxd.com/film/the-lakeside-killer/
The Fort Ord Trials,2017,"Three film students and a camera man set out to film a documentary in abandoned military barracks located in Fort Ord. While there, they run into an evil spirit.",Ivan Ramirez,8 mins   More at TMDB  Report this page,Horror,"Joe Gonzales, Viviana Porras, Daniel Saucedo",The Fort Ord Trials,2017,https://letterboxd.com/film/the-fort-ord-trials/
Dead Rock,2024,"Four women on a bachelorette trip camping in a remote stretch of the Mojave desert encounter terrifying locals amongst the rocky terrain, hell bent on making them their next meal.",Myles Clohessy,71 mins   More at IMDb TMDB  Report this page,,"Baylee Toney, Echo Porisky, Hallie Swain",Dead Rock,2024,https://letterboxd.com/film/dead-rock/
The Rake,2011,In the summer of 2010 three high school graduates went on a trip into the forests of Washington. After their departure they were never heard from again. One year later mine excavators recovered a camera that held possible answers to their disappearance. This is the uncut footage found on the camera.,Kenneth Collins,50 mins   More at IMDb TMDB  Report this page,Horror,"Kenneth Collins, Logan Podpora, Thomas Collins",The Rake,2011,https://letterboxd.com/film/the-rake-2011/
1972 Yellow House,2013,During a recent remodel of The Yellow House crews discovered the remains of a little girl and a super 8 movie camera with the footage still inside. The footage has been released to the media by Summerland police with the hope that someone can solve this mystery. Police investigators confirm the film was shot by the missing couple. It is believed they were murdered by occult members. This is their footage.,Curtis Stone,52 mins   More at IMDb TMDB  Report this page,Horror,"CJ Ward, Mark McIntire, Paula Lopez",1972 Yellow House,2013,https://letterboxd.com/film/1972-yellow-house/
Factory of Paranormal,2017,"Carrie, an avid believer of the paranormal, decides she wants to go on her own paranormal investigation. She convinces her friend Vanessa to go along for the adventure.",Jeff Profitt,72 mins   More at IMDb TMDB  Report this page,Horror,"Jeff Profitt, Lauren Reinas, Lindsay Mason",Factory of Paranormal,2017,https://letterboxd.com/film/factory-of-paranormal/
The Gocuyyeh Tapes,2024,"The old Arab-Gattu Legend of the Gocuyyeh is one of global bounds. Carrie and her friend Vanessa attempt to document the Gocuyyeh sighting in Layton, Utah.",Evan Kascinde,70 mins   More at TMDB  Report this page,Horror,"Derek Nolan, Maria Dennis, Lexi Villi",The Gocuyyeh Tapes,2024,https://letterboxd.com/film/the-gocuyyeh-tapes/
Death Web,2024,"A fearless young livestreamer and Alan expert in the occult embark on a journey that transcends the boundaries of the living and the dead. A journey into the unknown where every click, every stream, takes them closer to the abyss.",Sebastian Dove,64 mins   More at IMDb TMDB  Report this page,Horror,"Jenna N. Wilson, Alexander Dillon, Elle Black",Death Web,2024,https://letterboxd.com/film/death-web/
The Who Incident,2023,"When a loving couple record the days leading up to a 20th-anniversary celebration, fear combines with a primitive fight for survival, as their wedding vows rise to a deadly new level.",Ron Chevarie,77 mins   More at IMDb TMDB  Report this page,"Horror, Science Fiction","Ron Chevarie, Jan Chevarie",The Who Incident,2023,https://letterboxd.com/film/the-who-incident/
Ouija: Blood Ritual,2020,"The footage of three filmmakers shooting a web series has been recovered. Intending to debunk famous Internet urban legends and rituals, they perform a blood ritual that summons an ancient primordial entity in the process. As the spirit’s unstoppable evil seeps into their daily lives the trio are left with a single choice: Submit to its will… or die!",Dustin Mills,77 mins   More at IMDb TMDB  Report this page,"Thriller, Horror","Kayla Elizabeth, Dustin Mills, Rob Grant III",Ouija: Blood Ritual,2020,https://letterboxd.com/film/ouija-blood-ritual/
Paranormal Proof,2012,"Fourteen months after the death of his wife, Marcus Gates and his two daughters begin experiencing strange occurrences around their home. Convinced that it is his wife trying to communicate with him, Marcus sets out to prove that the afterlife exists in this found-footage supernatural thriller.",Kevin Hicks,72 mins   More at IMDb TMDB  Report this page,Horror,"Thomas Daniel, Bryan Manley Davis, Hannah Sloat",Paranormal Proof,2012,https://letterboxd.com/film/paranormal-proof/
Ouija Experiment,2020,"Five participants take part in a psychology experiment on the aftereffects of a Ouija board session, finding something far more sinister than they could ever expect.",Jackson Batchelor,102 mins   More at IMDb TMDB  Report this page,Horror,"Sophie Atkinson, Simon Berry, Teo Dumitrui",Ouija Experiment,2020,https://letterboxd.com/film/ouija-experiment/
Area 51 Confidential,2011,People from various walks of life find themselves held captive in a desolate area surrounding a secret government installation rumored to contain extraterrestrial life,Brandon Slagle,81 mins   More at IMDb TMDB  Report this page,"Thriller, Horror, Science Fiction","Devanny Pinn, Brandon Slagle, Wolfgang Meyer",Area 51 Confidential,2011,https://letterboxd.com/film/area-51-confidential/
Cruel: The Cross Village Encounter,2024,"The case of a young couple allegedly attacked by the Michigan Dog Man, and the crew who interviewed everyone involved. Inevitably the gang of four travel across state from Detroit to Cross Village to find out what actually happened.",Victor Gabriel,57 mins   More at TMDB  Report this page,Horror,"Victor Gabriel, Ali Issa, Reyes Laura",Cruel: The Cross Village Encounter,2024,https://letterboxd.com/film/cruel-the-cross-village-encounter/
The Last Five Days: The Freak Building,2024,"Chuck and Greg's father works as a security guard for a company that is closing down in December 1996. On his final shift, he sets out to record any paranormal activity he encounters during the night.",Clay Moffatt,61 mins   More at IMDb TMDB  Report this page,"Thriller, Horror, Adventure","Clay Moffatt, Adam Berardi, Ashley Moffatt",The Last Five Days: The Freak Building,2024,https://letterboxd.com/film/the-last-five-days-the-freak-building/
Endless Corridor,2013,"When a group of young people explore an abandoned mansion, they awaken the restless spirits that haunt the dark halls. Unable to hide from the vengeful ghosts of Serbia's dark past, can they find a way out before it is too late?",Bojan Stefanović,45 mins   More at IMDb TMDB  Report this page,Horror,"Ognjen Draganić, Đurđina Grujić, Darko Ostojić",Endless Corridor,2013,https://letterboxd.com/film/endless-corridor-2013/
The Ghost Footage,2011,Jason Greenwood films the haunting in his home in hopes to figure out what it wants. Three years later he starts to film his stories of the haunting and that turns out to be a bad idea.,Jason Day-Boisvert,81 mins   More at IMDb TMDB  Report this page,,"Jason Day-Boisvert, A.J. Klassen",The Ghost Footage,2011,https://letterboxd.com/film/the-ghost-footage/
Scarred to Death,2024,A beautiful documentary filmmaker is hired by a grieving father to uncover what really happened to his deceased son in an allegedly haunted village.,Joe Leone,76 mins   More at IMDb TMDB  Report this page,"Thriller, Horror, Comedy","Arina Ozerona, Emily Renee, Andrres Castro",Scarred to Death,2024,https://letterboxd.com/film/scarred-to-death/
"Happy Birthday, Reed Commo",2024,"A group of teen hikers set out on an expedition through the Oregon wilderness for a friend's birthday. As time goes on, things take a sinister turn.",Joseph Shedd,55 mins   More at TMDB  Report this page,"Mystery, Horror","Kody Myers, Jacob Taylor, Michael Goyet","Happy Birthday, Reed Commo",2024,https://letterboxd.com/film/happy-birthday-reed-commo/
The Last Five Days: 10 Years Later,2021,"10 long years have gone by since the mysterious passing of college students Greg Sanders and Brian Mills. Greg's older brother decides to take matters into his own hands and find out what really happened on the now internet famous video. However, it seems that history may end up repeating itself and remain unexplained forever.",Clay Moffatt,99 mins   More at IMDb TMDB  Report this page,"Thriller, Adventure","Adam Berardi, Clay Moffatt, Ashley Moffatt",The Last Five Days: 10 Years Later,2021,https://letterboxd.com/film/the-last-five-days-10-years-later/
The Cloudvale Tapes,2024,Horror mockumentary circling around the investigation of missing children in New York.,Anthony Albuquerque,41 mins   More at TMDB  Report this page,Horror,Anthony Albuquerque,The Cloudvale Tapes,2024,https://letterboxd.com/film/the-cloudvale-tapes/
Dark Figures,2020,Five friends accidentally awaken an ancient evil while hiking in Arizona. They must fight to survive both a demonic spirit and the small tribe who worships it.,Alex Tait,82 mins   More at IMDb TMDB  Report this page,Horror,"Kelly McCart, Shelby Lyn, Dan Nufer",Dark Figures,2020,https://letterboxd.com/film/dark-figures/
Maria's Tale,2018,"YouTube sensation Maria strives to offer her audience the best coverage of local events. Gone are her days of covering the local pie eating contest and best pig-in-show. On to bigger and better things, the eager film crew investigates an abandoned mental asylum. Unfortunately, Maria and her crew are themselves about to become the subjects of this horrific story.",Robert A. Trezza,69 mins   More at IMDb TMDB  Report this page,Horror,"Eoin Connolly, Zachary Chase, Michael Ciesla",Maria's Tale,2018,https://letterboxd.com/film/marias-tale/
Obayifo Project,2024,"In 2003, a group of Ghanaian filmmakers attempts to create their own version of ""The Blair Witch Project"" by invoking an African vampire spirit, leading to a horrific massacre. Fast forward to 2023, Julio and his team are determined to replicate the experiment, hoping to capture the supernatural on film—but as they delve deeper, they risk unleashing a darkness far beyond their control.",Paco Arasanz,71 mins   More at IMDb TMDB  Report this page,Horror,"Marila Lombrozo, María Monroy, Sergio María",Obayifo Project,2024,https://letterboxd.com/film/obayifo-project/
DVD 2,2019,"Frank is determined to investigate the first DVD. He wants to own the DVD that has killed all those people, and he wants to visit all the places on the first DVD and find out if it's all real.",Steven Daemers,46 mins   More at TMDB  Report this page,Horror,"Xenia Colpaert, Steven Daemers, Harley Dauwe",DVD 2,2019,https://letterboxd.com/film/dvd-2/
We Found Something,2022,"While Ted and Maxie are on a rock climbing trip to help conquer Ted’s fear of heights, they stumble upon an unknown creature in the woods, one who does not want to be found. The couple is soon in a frenzy to save their lives as they become hunted by this ancient beast.",Jesse Heisel,88 mins   More at IMDb TMDB  Report this page,Horror,"Leslie Gladney, Nathan Owen, Sreejith Nair",We Found Something,2022,https://letterboxd.com/film/we-found-something/
The Retreat Project,2024,"An aspiring filmmaker attempts to shoot a vlog/found-footage horror short film with his friends during a church retreat in the woods, only to get more than he bargained for.",Izaiah Asuncion,73 mins   More at TMDB  Report this page,,"Izaiah Asuncion, Ian Lin, Marshall Franklin",The Retreat Project,2024,https://letterboxd.com/film/the-retreat-project/
I Joined a Cult,2024,"For her journalism thesis project, Sam joins a cult to film an exposé with hidden cameras. As Sam dives deeper into the cult's rituals, she uncovers their darkest secrets and confronts the affliction of her past.",Benji Stinson,72 mins   More at IMDb TMDB  Report this page,Horror,"Pat August, Aidan Collett, Daniel Collins",I Joined a Cult,2024,https://letterboxd.com/film/i-joined-a-cult/
Finally Home,2024,A man has his home invaded by a stalker and is locked out. His only choice is to break into his own house and take matters into his own hands.,Treagon Moss,63 mins   More at TMDB  Report this page,"Horror, Thriller","Treagon Moss, Luke O'Rourke, Noah Butler",Finally Home,2024,https://letterboxd.com/film/finally-home-2024/
The Ghost Footage 2,2013,"Jason Greenwood moves into a new apartment to start his life over again after the events of the last six years of paranormal activity, only to discover a new threat.",Jason Day-Boisvert,96 mins   More at IMDb TMDB  Report this page,Horror,"Jason Day-Boisvert, Edward P. Hatfield, A.J. Klassen",The Ghost Footage 2,2013,https://letterboxd.com/film/the-ghost-footage-2/
The Butchers of Daley Ranch,2016,"In October of 2015, two student filmmakers disappeared while shooting a documentary in the forests of Escondido, California. A year later, their footage was recovered from memory cards found near the ranch.",Ben Escobar,23 mins   More at IMDb TMDB  Report this page,Horror,"Edmund Fay, Dana J. Burke, Isaac Kiedrowski",The Butchers of Daley Ranch,2016,https://letterboxd.com/film/the-butchers-of-daley-ranch/
Last Ride,2011,"On December 15 2010, a group of friends set out for a day's mountain bike ride. 4 days later, a search and rescue team retrieved a helmet mounted video camera.",James Phillips,80 mins   More at IMDb TMDB  Report this page,Horror,"Sarah Bishop, Victor Uwagboe, Ivan Zelic",Last Ride,2011,https://letterboxd.com/film/last-ride-2011/
Territorial Behavior,2015,A survival specialist encounters poachers and something malevolent while backpacking in the remote wilderness of Montana.,Peter Bergin,80 mins   More at IMDb TMDB  Report this page,"Adventure, Mystery, Horror","Ronan Murphy, Bridget O'Connor, Corey Macri",Territorial Behavior,2015,https://letterboxd.com/film/territorial-behavior/
Cici,2021,Cici follows a group of actors trying to make a movie in a supposedly haunted forest. Little do they know of the vengeful soul that awaits them inside.,Luis Maya,51 mins   More at TMDB  Report this page,"Horror, Mystery","Luis Maya, Josh Braden, Matt Montagne",Cici,2021,https://letterboxd.com/film/cici-2021/
Her Cry: La Llorona Investigation,2013,"Crew of ""Paranormal Legends"" went to film their 4th season at the place where La Llorona (Weeping woman) was reportedly seen. Only thing that's left was 17 hours of tapes and 2 camcorders.",Damir Catic,89 mins   More at IMDb TMDB  Report this page,Horror,"Nichole Ceballos, James Ezrin, Everardo Guzman",Her Cry: La Llorona Investigation,2013,https://letterboxd.com/film/her-cry-la-llorona-investigation/
Jim's Room,2022,"Jim, a man suffering from addiction and homelessness, must overcome his demons to escape from the sadistic pervert filming him paint a remote house under the pretense of helping the less fortunate.",Zac King,87 mins   More at IMDb TMDB  Report this page,"Horror, Thriller","Michael Masurkevitch, Zac King, Jai Griffin",Jim's Room,2022,https://letterboxd.com/film/jims-room/
The Coffin Footage,2016,"A young man slowly realizes that he has become the chosen target of an ominous supernatural presence. As he scrambles to stop it, he realizes there is more to this haunting than meets the eye.",Trent Coffin,71 mins   More at IMDb TMDB  Report this page,"Horror, Mystery, Thriller","Greg Chaffee, Trent Coffin, Rick Ellison",The Coffin Footage,2016,https://letterboxd.com/film/the-coffin-footage/
