Título,Año,Sinopsis,Director(es),Duración,Géneros,Reparto principal,Nombre original,Año original,Enlace
24 Hours of Terror,1964,"The mysterious Tronche is being escorted to a castle in France. However, during a stop at a motel, he is attacked by Don Lewis who adopts his identity. The castle is the secret hideout of drug-pushing gang. Two of the crooks are killed by an unidentified assailant. While the false Tronche, Jean (head of the gang) and Pierre search the place for the murderer, Jean's lover is killed too. The four survivors are trapped because they are in hiding from the police...",Gastone Grandi,86 mins,Thriller,"A.V. Belfast, Pino Colizzi, Teodoro Corrà",24 Hours of Terror,1964,https://letterboxd.com/film/24-hours-of-terror/
The Girl Who Knew Too Much,1963,A tourist witnesses a murder and finds herself caught up in a series of bloody killings.,Mario Bava,86 mins,"Horror, Mystery, Thriller","John Saxon, Letícia Román, Valentina Cortese",The Girl Who Knew Too Much,1963,https://letterboxd.com/film/the-girl-who-knew-too-much/
Blood and Black Lace,1964,"Isabella, a young model, is murdered by a mysterious masked figure at a fashion house in Rome. When her diary, which details the house employees' many vices, disappears, the masked killer begins killing off all the models in and around the house to find it.",Mario Bava,88 mins,"Horror, Crime, Mystery","Cameron Mitchell, Eva Bartok, Thomas Reiner",Blood and Black Lace,1964,https://letterboxd.com/film/blood-and-black-lace/
Dark Purpose,1964,"An American woman in Italy falls in love with a man, unaware that he has an insane wife hidden in the attic.","Vittorio Sala, George Marshall",97 mins,Mystery,"Shirley Jones, Rossano Brazzi, George Sanders",Dark Purpose,1964,https://letterboxd.com/film/dark-purpose/
Death on the Fourposter,1964,"A group of friends decide to spend a weekend in a castle belonging to Riccardo, a moody and hyper-sensitive young artist. The only other inhabitants of the castle are a mysterious housekeeper, Caterina, and the demented Aldo. The group are joined by two friends: Serena and a young American medium, Anthony. During a seance Anthony predicts a tragedy, then leaves the castle, shocked by his own visions. An hour later, Serena is found strangled to death in bed. The others become gradually more and more diffident and suspicious, especially when another girl is murdered...","Jean Josipovici, Ambrogio Molteni",90 mins,Horror,"John Drew Barrymore, Gloria Milland, Luisa Rivelli",Death on the Fourposter,1964,https://letterboxd.com/film/death-on-the-fourposter/
A Game of Crime,1964,"In an isolated villa, Davide Lugani lives with his wife, Carlo, his brother, and their secretary Paolo. Wheelchair-bound Carlo is blind and mute, but his abnormal sensitivity allows him to predict events before they happen. Davide dies of a suspected heart attack and Carlo's nurse is shot dead. The police suspect Davide's widow as well as Paolo, who seems to be her lover. Just as the pair are about to be arrested, there is a twist...",Romano Ferrara,93 mins,Thriller,"John Drew Barrymore, Luisa Rivelli, Lisa Gastoni",A Game of Crime,1964,https://letterboxd.com/film/a-game-of-crime/
Assassination in Rome,1965,"In this crime-thriller, Rome proves to be an unhappy destination for an American couple when the husband is kidnapped and his wife begins a desperate search for him.",Silvio Amadio,104 mins,"Thriller, Crime","Cyd Charisse, Hugh O'Brian, Mario Feliciani",Assassination in Rome,1965,https://letterboxd.com/film/assassination-in-rome/
What Ever Happened to Baby Toto?,1964,"A pair of brothers, Baby Toto and Pietro, sons of different mothers, live stealing suitcases at the Termini Station in Rome. After a theft, they discover that the stolen suitcase they got from an apparent sweet old lady actually contains a corpse.",Ottavio Alessi,87 mins,"Thriller, Comedy","Totò, Pietro De Vico, Mischa Auer",What Ever Happened to Baby Toto?,1964,https://letterboxd.com/film/what-ever-happened-to-baby-toto/
The Embalmer,1965,"A mad killer is loose in Venice's catacombs. He attacks the beautiful women, releasing them into the underworld, kill them and then stop them and add them to his ""collection"".",Dino Tavella,83 mins,Horror,"Maureen Brown, Luigi Martocci, Luciano Gasper",The Embalmer,1965,https://letterboxd.com/film/the-embalmer-1965/
Libido,1965,"A young man visits his ancestral home accompanied by his guardian and their wives, where he is plagued by the memories and influence of his murderous, psychosexual father.","Ernesto Gastaldi, Vittorio Salerno",90 mins,"Thriller, Horror, Drama, Crime","Giancarlo Giannini, Dominique Boschero, Mara Maryl",Libido,1965,https://letterboxd.com/film/libido/
Night of Violence,1965,"Carla Pratesi, a prostitute, is killed. Her death is followed by a number of attempted murders. Carla's sister undertakes her own investigation. Police enquiries uncover a drugs trade connected to a call-girls organization but the murderer remains at large. Finally, a witness identifies the killer as a well-known actor. However, he has a strong alibi (he was shooting a film). The following night, a girl who manages to escape from the maniac's clutches swears he is a different famous actor but he turns out to have a strong alibi too! Eventually the police set a trap in the park and, with the help of Carla, kill the madman. It emerges he had been disfigured by the atomic blast at Hiroshima and went crazy because his disformed features revolted women and but them off having sex with him. He created masks reproducing the features of handsome actors just to approach prostitutes!",Roberto Mauri,91 mins,Thriller,"Alberto Lupo, Marilù Tolo, Lisa Gastoni",Night of Violence,1965,https://letterboxd.com/film/night-of-violence/
A... For Assassin,1966,"After a rich mine worker dies in mine accident, his heirs gather in his house to hear the reading of the will.",Angelo Dorigo,76 mins,"Thriller, Mystery","Sergio Ciani, Mary Arden, Ivano Davoli",A... For Assassin,1966,https://letterboxd.com/film/a-for-assassin/
The Possessed,1965,"While visiting his favorite resort village during winter, a writer investigates the apparent suicide of a woman he was infatuated with.","Luigi Bazzoni, Franco Rossellini",85 mins,"Horror, Thriller, Mystery","Peter Baldwin, Salvo Randone, Valentina Cortese",The Possessed,1965,https://letterboxd.com/film/the-possessed-1965/
Date for a Murder,1967,"Two friends from America come together by chance in the Italian countryside. They decide to meet in Rome after both have done private deals. When one then not show up in Rome starts the other one become suspicious and fearful that something has happened to him. He begins to investigate the case himself and ends up in a spiral of industrial espionage, blackmail, and cold-blooded murder ...",Mino Guerrini,105 mins,"Thriller, Action, Crime","George Ardisson, Halina Zalewska, Günther Stoll",Date for a Murder,1967,https://letterboxd.com/film/date-for-a-murder/
The Murder Clinic,1966,"Patients and those working in an isolated mental hospitals are murdered, one by one, by a madman lurking in the corridors","Elio Scardamaglia, Lionello De Felice",86 mins,"Horror, Crime","William Berger, Françoise Prévost, Barbara Wilson",The Murder Clinic,1966,https://letterboxd.com/film/the-murder-clinic/
Killer Without a Face,1968,"A woman is chased onto the ramparts of a castle by a gun-toting figure. She stumbles and falls to her death. Barbara, the mentally unbalanced owner of the castle, is the main suspect. However, there is no proof against her and the murders continued. But not everything is quite as it seems. The film is set in the Balsorano Castle and is shot in expressionistic black-and-white.",Angelo Dorigo,90 mins,Horror,"Mara Berni, Giuliano Raffaelli, Gianni Medici",Killer Without a Face,1968,https://letterboxd.com/film/killer-without-a-face/
Deadly Sweet,1967,"Bernard meets Jane in a Night Club, in London, and he likes her. Her father was killed in a car accident, but Jane thinks he has been killed because he was blackmailed for a picture of his second wife, Jane's mother in law. In the same Night Club Bernard finds the blackmailer corpse and Jane near him, but he believes she is innocent. So Bernard and Jane run away followed by a dwarf, the blackmailer's men, who believe Bernard killed their boss and of course, the Police. They believe that Jerome, Jane's brother, can help them to solve the case. But Jane doesn't know where he is, or so she says. Corpse after corpse, Bernard will find out the truth. But will the truth help him?",Tinto Brass,107 mins,"Thriller, Mystery","Jean-Louis Trintignant, Ewa Aulin, Roberto Bisacco",Deadly Sweet,1967,https://letterboxd.com/film/deadly-sweet/
A Black Veil for Lisa,1968,"Franz Bulon is a police inspector intent on bringing down a major drug ring operating in Hamburg. Thwarted at every turn by an assassin who is systematically killing informants, jealous of his beautiful, younger wife, Lisa, and suspecting her of having an affair (is it real or imagined?), Bulon can scarcely focus on his work. With jealousy nearing the boiling point, Bulon hires Max, the assassin he has arrested for the recent informant murders, to kill his wife...",Massimo Dallamano,95 mins,"Thriller, Crime","John Mills, Luciana Paluzzi, Robert Hoffmann",A Black Veil for Lisa,1968,https://letterboxd.com/film/a-black-veil-for-lisa/
Deadly Inheritance,1968,"There are a number of inheritors to a fortune who are getting killed by a mysterious somebody whom we do not see. Each death is novel, but not terribly graphic. Who did it?",Vittorio Sindoni,79 mins,"Horror, Mystery, Thriller","Tom Drake, Femi Benussi, Virgilio Gazzolo",Deadly Inheritance,1968,https://letterboxd.com/film/deadly-inheritance/
Death Laid an Egg,1968,"A love triangle develops between three people who run a high tech chicken farm. It involves Anna (who owns the farm), her husband Marco (who kills prostitutes in his spare time) and Gabriella (the very beautiful secretary). Marco continues to kill as jealousy becomes more prevalent on the farm.",Giulio Questi,89 mins,"Crime, Horror, Thriller","Gina Lollobrigida, Jean-Louis Trintignant, Ewa Aulin",Death Laid an Egg,1968,https://letterboxd.com/film/death-laid-an-egg/
Naked You Die,1968,"A woman is strangled in the bath by a black-gloved killer who disposes of her body in a large trunk. The trunk is delivered to St. Hilda College, an exclusive finishing school. Betty-Anne, one of the female students, is strangled in the school cellar. The police, led by Inspector Durand, are called in to investigate. Suspects include La Floret, the voyeuristic gardener; Di Brazzi, the new swimming instructor; Mrs. Clay, the summer school French mistress; an old professor who collects birds; and a philandering young teacher called Richard. The murders continue but Jill, a keen amateur detective, helps the police identify the unlikely killer...",Antonio Margheriti,94 mins,"Mystery, Thriller, Horror","Mark Damon, Eleonora Brown, Sally Smith",Naked You Die,1968,https://letterboxd.com/film/naked-you-die/
A Hyena in the Safe,1968,"Four notorious bank robbers meet up in an isolated castle to divide a large number of diamonds hidden there by their deceased former boss, whose Italian wife is hosting a party.",Cesare Canevari,92 mins,"Thriller, Horror, Crime","Dimitri Nabokov, Maria Luisa Geisberger, Ben Salvador",A Hyena in the Safe,1968,https://letterboxd.com/film/a-hyena-in-the-safe/
The Sweet Body of Deborah,1968,"A newlywed couple visits the husband's hometown of Geneva, where they are subjected to threats stemming from the death of his former fiancée.",Romolo Guerrieri,95 mins,"Drama, Mystery, Thriller, Romance","Carroll Baker, Jean Sorel, Ida Galli",The Sweet Body of Deborah,1968,https://letterboxd.com/film/the-sweet-body-of-deborah/
"Run, Psycho, Run",1968,"Italy, the early 19th century. A villa is the home of a small English community, all rich and superficial people lounging about in its beautiful surroundings. Claire, George's wife, and Robert, her son, are murdered by a mysterious killer. Thinking the murderer is one of the family, distraught George devises a plan to unmask the culprit. Having met a woman, Ann, who is a dead ringer for Claire, he takes her back to the villa and announces their imminent marriage. Ann is considered an outsider and treated with contempt and hostility, while George fails to find any significant clue to the solution: everybody is to be blamed, at least morally, but the final revelation is more bitter than expected...",Brunello Rondi,93 mins,"Thriller, Mystery","Gary Merrill, Elga Andersen, Georges Rivière","Run, Psycho, Run",1968,https://letterboxd.com/film/run-psycho-run/
Dirty Angels,1969,"An old pornographic photo and anonymous letters are sent to two men and a woman, who now enjoy a respectable social status, accusing them and questioning things they have done in their lives. Unique and amazing Morricone score",Mauro Severino,95 mins,Thriller,"Lino Capolicchio, Marília Branco, Roberto Bisacco",Dirty Angels,1969,https://letterboxd.com/film/dirty-angels/
The Doll of Satan,1969,"Following the death of her uncle, Elisabeth returns to her family's castle for the reading of his will. She is informed of legends about the castle's ghost and experiences erotically charged nightmares, before being kidnapped by a hooded figure and tortured in the dungeon. Meanwhile, her boyfriend Jack suspects a plot to gain Elisabeth's inheritance and begins his own investigation...",Ferruccio Casapinta,90 mins,"Horror, Mystery, Thriller","Erna Schürer, Roland Carey, Aurora Bautista",The Doll of Satan,1969,https://letterboxd.com/film/the-doll-of-satan/
The Exquisite Cadaver,1969,"Carlos, a rich publisher of novels begins receiving severed body parts in the mail two years after his mistress committed suicide. Along with these bloody parcels comes a letter of blackmail from the dead woman's former lesbian lover, launching a dark campaign for vengeance that forces him to confront secrets from his past.",Vicente Aranda,108 mins,"Thriller, Crime","Capucine, Judy Matheson, Teresa Gimpera",The Exquisite Cadaver,1969,https://letterboxd.com/film/the-exquisite-cadaver/
Carnal Circuit,1969,"We follow the Journal reporter Paulo whose close friend mysteriously been taken out of the way and it's now up to Paulo to figure out who the culprits are. The film is set in a drug-scented and ""swinging"" Los Angeles, where orgies and violence seem to be commonplace, and it soon appears that Paulo is on someone's hit list.",Alberto De Martino,99 mins,"Horror, Crime","Dorothy Malone, Robert Hoffmann, Luciana Paluzzi",Carnal Circuit,1969,https://letterboxd.com/film/carnal-circuit/
Double Face,1969,"After a businessman's unfaithful wife is seemingly killed in a car accident, he is led by several unscrupulous characters to believe that she is actually alive.",Riccardo Freda,88 mins,"Thriller, Mystery, Crime","Klaus Kinski, Christiane Krüger, Günther Stoll",Double Face,1969,https://letterboxd.com/film/double-face/
Interrabang,1969,"Fabrizio, a fashion photographer, Maregalit, a nympho model; Anna, Fabrizio's wife and Valeria, her sister, land on deserted islet for a photo-shoot. When Fabrizio temporarily leaves the women alone to buy some fuel for their yacht, a young man, Marco, joins the trio.",Giuliano Biagetti,93 mins,Thriller,"Haydée Politoff, Corrado Pani, Beba Lončar",Interrabang,1969,https://letterboxd.com/film/interrabang/
The Island of the Swedes,1969,"After an argument with her fiancé Maurizio, Manuela breaks off with him and decides to go to a Mediterranean island where her friend Eleonora now lives a solitary life. The friendship between the two girls gradually turns into sexual attraction and they become lovers. When Maurizio lands on the island with a view to reconquering Manuela, his fiancée long hesitates between Eleonora and him. When she eventually decides to follow Maurizio Eleonora reacts violently...",Silvio Amadio,84 mins,"Drama, Horror, Thriller","Catherine Diamant, Ewa Green, Wolfgang Hillinger",The Island of the Swedes,1969,https://letterboxd.com/film/the-island-of-the-swedes/
The Laughing Woman,1969,"Beautiful PR woman, Maria finds herself trapped in the home of the sinister and troubled Dr. Sayer, where she is subjected to a series of increasingly bizarre, terrifying, and degrading sex games. Sayer admits that he has murdered several women after the same ordeal, always killing them at the point of orgasm. But all is not what it seems, and through a series of twists and turns, the whole situation is slowly turned on its head.",Piero Schivazappa,86 mins,"Romance, Thriller","Dagmar Lassander, Philippe Leroy, Lorenza Guerrieri",The Laughing Woman,1969,https://letterboxd.com/film/the-laughing-woman/
One on Top of the Other,1969,A San Francisco doctor encounters a prostitute who bears a striking resemblance to his late wife.,Lucio Fulci,108 mins,"Thriller, Mystery","Jean Sorel, Marisa Mell, Elsa Martinelli",One on Top of the Other,1969,https://letterboxd.com/film/one-on-top-of-the-other/
Naked Violence,1969,Some youngsters rape and kill their teacher; but they won't tell their motivation. The police detective on the case feels some sinister influence behind the young murderers.,Fernando Di Leo,92 mins,"Crime, Thriller","Pier Paolo Capponi, Nieves Navarro, Marzio Margine",Naked Violence,1969,https://letterboxd.com/film/naked-violence/
Paranoia,1969,"Following the death of her wealthy husband, American widow Kathryn West migrates to Italy and takes up a reclusive existence in a luxurious villa. After quickly succumbing to the charms of a local man, she lets him move into the villa and the two are later joined by his sister, which soon leads to complications.",Umberto Lenzi,91 mins,"Romance, Horror, Thriller","Carroll Baker, Lou Castel, Colette Descombes",Paranoia,1969,https://letterboxd.com/film/paranoia-1969/
Psychout for Murder,1969,"Mario consigns his girlfriend Licia to a whorehouse for an evening in order to get the photographic goods to blackmail her father with. To get her out of the way, Licia is then consigned to a mental hospital by her father.",Rossano Brazzi,88 mins,"Drama, Thriller","Adrienne La Russa, Rossano Brazzi, Nino Castelnuovo",Psychout for Murder,1969,https://letterboxd.com/film/psychout-for-murder/
A Rather Complicated Girl,1969,"Having casually overheard a confusing phone conversation between two women, Alberto manages to get in touch with one of the callers, Claudia, a painter. The two become lovers and things are spiced up by Claudia's ambiguous sexual nature and by the presence of her former lover, Pietro. Alberto discovers a pistol in Claudia's handbag and this leads to a further revelation: she's dominated by her stepmother Greta, who forced her into a clandestine lesbian relationship; of which Claudia is ashamed and wants to end - at all costs. Alberto, now a slave to love, runs Greta over. But Claudia denies urging him to murder...",Damiano Damiani,100 mins,Thriller,"Catherine Spaak, Jean Sorel, Florinda Bolkan",A Rather Complicated Girl,1969,https://letterboxd.com/film/a-rather-complicated-girl/
The Seducers,1969,"Ulla, a prostitute is hired by the despicable Mudy, mother of the shy and mentally disturbed 20-year-old Tony with a tendency toward pyromania. She is invited on a sea cruise where she is meant to ""take"" his virginity. Also invited on the cruise are the provocative Paula and her husband Aldo, who are constantly striving to win the favor of a wealthy woman in hope of obtaining an oil concession. Despite her efforts, Ulla has no effect on the young man until the yacht stops on a Mediterranean island inhabited only by a goat herder and his wife, Beba. Tony is attracted to her, but little by little his mental disorders arise, and the story ends in tragedy.",Ottavio Alessi,99 mins,Drama,"Maud De Belleroche, Maurizio Bonuglia, Edwige Fenech",The Seducers,1969,https://letterboxd.com/film/the-seducers-1969/
So Sweet... So Perverse,1969,An industrialist's affair with a troubled woman entangles him in a dangerous situation with her abusive boyfriend. His glamorous life spirals into unexpected peril.,Umberto Lenzi,89 mins,"Thriller, Mystery, Crime, Drama","Carroll Baker, Jean-Louis Trintignant, Erika Blanc",So Sweet... So Perverse,1969,https://letterboxd.com/film/so-sweet-so-perverse/
Your Sweet Body to Kill,1970,Tells the story of a husband who wants to kill his unfaithful wife. He has many murderous fantasies in which he murders her. After the disposal of her beautiful dead body our hero loses an incriminating suitcase. It's time to get the crime evidence back.,Alfonso Brescia,88 mins,"Thriller, Horror","George Ardisson, Françoise Prévost, Eduardo Fajardo",Your Sweet Body to Kill,1970,https://letterboxd.com/film/your-sweet-body-to-kill/
Yellow: The Cousins,1969,"Following the death of her grandfather, Valentina settles with her husband Pierre, a sculptor, in the old family villa which she partly inherited (half of it belongs to her cousin Marta, who already resides there). Co-habitation proves to be awkward: Valentina is unscrupulous and uninhibited, while Marta is austere and virtuous - at least, on the surface. In fact, when Valentina suddenly dies, the woman initiates a seduction which eventually coaxes Pierre into her arms. The cosy situation soon changes when a police officer turns up to investigate Valentina's death...",Gianfranco Baldanello,89 mins,Crime,"Lisa Seagram, Maurizio Bonuglia, Caterina Barbero",Yellow: The Cousins,1969,https://letterboxd.com/film/yellow-the-cousins/
Five Dolls for an August Moon,1970,"A wealthy playboy gathers a group of bourgeois friends at his isolated beach house for a weekend of relaxation. When bodies start pilling up, they realize they’re trapped with a killer in their midst, sending them in a frenzy to figure out who amongst them is killing the others before they are killed next.",Mario Bava,82 mins,"Mystery, Thriller, Horror","Ira von Fürstenberg, Edwige Fenech, Howard Ross",Five Dolls for an August Moon,1970,https://letterboxd.com/film/five-dolls-for-an-august-moon/
The Bird with the Crystal Plumage,1970,"An American writer living in Rome witnesses an attempted murder that is connected to an ongoing killing spree in the city and conducts his own investigation, despite he and his girlfriend being targeted by the killer.",Dario Argento,96 mins,"Horror, Thriller, Mystery","Tony Musante, Suzy Kendall, Enrico Maria Salerno",The Bird with the Crystal Plumage,1970,https://letterboxd.com/film/the-bird-with-the-crystal-plumage/
Death Occurred Last Night,1970,"A chief police inspector investigates the disappearance of a 25-year-old woman, the daughter of a lonely widower. After she turns up dead, the cops race to find the killers before the grieving father does",Duccio Tessari,93 mins,"Drama, Thriller, Crime","Frank Wolff, Raf Vallone, Gabriele Tinti",Death Occurred Last Night,1970,https://letterboxd.com/film/death-occurred-last-night/
Hatchet for the Honeymoon,1970,A madman haunted by the ghost of his ex-wife carves a corpse-laden trail.,Mario Bava,83 mins,"Thriller, Horror","Stephen Forsyth, Dagmar Lassander, Laura Betti",Hatchet for the Honeymoon,1970,https://letterboxd.com/film/hatchet-for-the-honeymoon/
The Forbidden Photos of a Lady Above Suspicion,1970,"The wife of a financially struggling businessman is blackmailed by a mysterious man into having a sadistic relationship with him, or he will release damning evidence that suggests that her husband is a murderer.",Luciano Ercoli,93 mins,"Thriller, Crime, Horror, Mystery","Dagmar Lassander, Pier Paolo Capponi, Simón Andreu",The Forbidden Photos of a Lady Above Suspicion,1970,https://letterboxd.com/film/the-forbidden-photos-of-a-lady-above-suspicion/
In the Folds of the Flesh,1970,"Police are in hot pursuit of a criminal who is evading capture on a speeding motorbike. He takes refuge in an overgrown castle’s grounds and sees a pale woman burying a corpse in a shallow grave. Thirteen years later, after being recaptured and serving his sentence, the man returns to the castle, intent on blackmail — and maybe a few other things.",Sergio Bergonzelli,92 mins,"Horror, Thriller, Drama","Eleonora Rossi Drago, Pier Angeli, Fernando Sancho",In the Folds of the Flesh,1970,https://letterboxd.com/film/in-the-folds-of-the-flesh/
The Return of Ringo,1970,"Ringo comes to a Mexican village, searching for his brother from whom he has heard no news. He comes with a sheriff who immediately has work on his hands, as those who get killed are certainly too many.",Mario Pinzauti,80 mins,Western,"Mickey Hargitay, Jean Louis, Lucia Bomez",The Return of Ringo,1970,https://letterboxd.com/film/the-return-of-ringo-1970/
A Quiet Place to Kill,1970,"A race-car driver who's down on her luck is invited by her ex-husband's wife to stay at their plush villa. The two women form a bond, and it's not long before their mutual dislike for the husband culminates into a plan to kill him. As it turns out, though, they're not alone in plotting murder.",Umberto Lenzi,94 mins,"Thriller, Drama","Carroll Baker, Jean Sorel, Alberto Dalbés",A Quiet Place to Kill,1970,https://letterboxd.com/film/a-quiet-place-to-kill/
The Weekend Murders,1970,"An aristocratic English family gather for the reading of their father's will. The family are dismayed to find that everything has been left to Barbara, the deceased's favourite daughter. The butler is soon found stabbed to death and Sergeant Thorpe, the local bobby, telephones Scotland Yard for assistance. Inspector Grey arrives and he and Barbara narrowly escape being shot. Cousin Ted and his wife Pauline are both killed. Sergeant Thorpe recalls some photos which Ted asked to have developed...",Michele Lupo,98 mins,"Thriller, Mystery, Crime","Anna Moffo, Ida Galli, Gastone Moschin",The Weekend Murders,1970,https://letterboxd.com/film/the-weekend-murders/
Oasis of Fear,1971,"Two young sexually free hippies, Dick and Ingrid, finance their travels by selling naked snaps of Ingrid until their plan is brought to an abrupt end by the Police. Forced on the run the two seek refuge at a seemingly empty isolated large villa. As it turns out the house is inhabited by the middle-aged Barbara who invites them in for some potential three-way hanky-panky that soon locks them into something far more twisted and chilling!",Umberto Lenzi,90 mins,"Crime, Horror, Thriller","Irene Papas, Ray Lovelock, Ornella Muti",Oasis of Fear,1971,https://letterboxd.com/film/oasis-of-fear/
A Lizard in a Woman's Skin,1971,"Carol Hammond, daughter of a politician, has vivid nightmares involving sex orgies and LSD. In a dream, she murders a neighbor she envies and wakes up to a real investigation into her neighbor's murder.",Lucio Fulci,104 mins,"Thriller, Mystery, Horror","Florinda Bolkan, Stanley Baker, Jean Sorel",A Lizard in a Woman's Skin,1971,https://letterboxd.com/film/a-lizard-in-a-womans-skin/
Death Walks on High Heels,1971,"Exotic dancer Nicole finds herself terrorized by a black-clad assailant determined on procuring her murdered father's stolen gems. Fleeing Paris in hopes of evading her knife-wielding pursuer, Nicole arrives in England only to discover that death stalks her at every corner.",Luciano Ercoli,108 mins,"Thriller, Horror, Mystery","Frank Wolff, Nieves Navarro, Simón Andreu",Death Walks on High Heels,1971,https://letterboxd.com/film/death-walks-on-high-heels/
Four Flies on Grey Velvet,1971,"Roberto, a drummer in a rock band, keeps receiving weird phone calls and being followed by a mysterious man. One night he manages to catch up with his persecutor and tries to get him to talk but in the ensuing struggle he accidentally stabs him. He runs away, but he understands his troubles have just begun when the following day he receives an envelope with photos of him killing the man. Someone is killing all his friends and trying to frame him for the murders.",Dario Argento,104 mins,"Thriller, Mystery, Horror","Michael Brandon, Mimsy Farmer, Jean-Pierre Marielle",Four Flies on Grey Velvet,1971,https://letterboxd.com/film/four-flies-on-grey-velvet/
The Double,1971,"A man is shot in an underground car-park by a mysterious bearded man. As he dies he recollects the events that led him to this situation, including adulterous liaisons and jealous envy.",Romolo Guerrieri,91 mins,"Thriller, Mystery, Drama","Ewa Aulin, Jean Sorel, Lucia Bosè",The Double,1971,https://letterboxd.com/film/the-double-1971/
The Strange Vice of Mrs Wardh,1971,"When socialite and heiress Julie Wardh begins receiving blackmail letters attributed to a mysterious serial killer, she suspects her cruel and sadistic former lover Jean is behind them. With her husband Neil frequently out of town, she falls into the arms of her friend's cousin George, and as the unknown assassin begins to make his move, she fears that one of the three men in her life may be the killer.",Sergio Martino,96 mins,"Mystery, Crime, Horror","Edwige Fenech, George Hilton, Ivan Rassimov",The Strange Vice of Mrs Wardh,1971,https://letterboxd.com/film/the-strange-vice-of-mrs-wardh/
The Bloodstained Butterfly,1971,"When a young female student is savagely killed in a park during a thunderstorm, the culprit seems obvious: TV sports personality Alessandro Marchi, seen fleeing the scene of the crime by numerous eyewitnesses. The evidence against him is damning... but is it all too convenient? And when the killer strikes again while Marchi is in custody, it quickly becomes apparent that there's more to the case than meets the eye...",Duccio Tessari,99 mins,"Thriller, Mystery","Helmut Berger, Giancarlo Sbragia, Ida Galli",The Bloodstained Butterfly,1971,https://letterboxd.com/film/the-bloodstained-butterfly/
The Night Evelyn Came Out of the Grave,1971,"A rich, mentally-unstable man with a penchant for playing deadly S&M games with women who resemble his dead wife, sparks off a chain of bizarre events after getting remarried.",Emilio P. Miraglia,102 mins,"Mystery, Horror, Thriller","Anthony Steffen, Marina Malfatti, Enzo Tarascio",The Night Evelyn Came Out of the Grave,1971,https://letterboxd.com/film/the-night-evelyn-came-out-of-the-grave/
The Black Belly of the Tarantula,1971,Inspector Tellini investigates serial crimes where victims are paralyzed while having their bellies ripped open with a sharp knife.,Paolo Cavara,98 mins,"Horror, Mystery, Thriller","Giancarlo Giannini, Claudine Auger, Barbara Bouchet",The Black Belly of the Tarantula,1971,https://letterboxd.com/film/the-black-belly-of-the-tarantula/
The Case of the Scorpion's Tail,1971,"After her husband dies in a freak plane accident, a woman leaves London for Athens to collect his generous life insurance policy. She soon discovers that others besides herself are keen to get their hands on the money - and are willing to kill for it. Meanwhile, a private investigator arrives to investigate irregularities in the claim, teaming up with a beautiful reporter.",Sergio Martino,96 mins,"Mystery, Thriller","George Hilton, Anita Strindberg, Alberto de Mendoza",The Case of the Scorpion's Tail,1971,https://letterboxd.com/film/the-case-of-the-scorpions-tail/
In the Eye of the Hurricane,1971,"Ruth and Michel separate after Ruth finds another man, Paul. Ruth and Paul go to her sunny, idyllic beach side villa to spend summer. They are having a great time together, and then things start happening. The brakes of the car fail, and Ruth narrowly escapes death. The driving equipment goes faulty, and Ruth almost drowns. Michel turns up at their doorstep for an uninvited social call, and Paul asks him in. Ruth suspects Michel of being the person behind the mechanical faults of the car and the diving equipment, but Paul dismisses such a possibility - but he does suggest it to Michel. Then, the heat does go up.",José María Forqué,100 mins,"Thriller, Romance, Horror","Analía Gadé, Jean Sorel, Rosanna Yanni",In the Eye of the Hurricane,1971,https://letterboxd.com/film/in-the-eye-of-the-hurricane/
A Bay of Blood,1971,"An elderly heiress is killed by her husband who wants control of her fortunes. What ensues is an all-out murder spree as relatives and friends attempt to reduce the inheritance playing field, complicated by some teenagers who decide to camp out in a dilapidated building on the estate.",Mario Bava,85 mins,"Thriller, Horror","Claudine Auger, Luigi Pistilli, Claudio Camaso",A Bay of Blood,1971,https://letterboxd.com/film/a-bay-of-blood/
The Designated Victim,1971,"Stefano Augenti, an ambitious advertising executive, meets a curious hippie named Count Mateo Tiepolo and they form a strange bond. Seeking an escape from his unhappy marriage, Augenti is lured by the Count into a bizarre plot to kill each other's relatives.",Maurizio Lucidi,105 mins,Thriller,"Tomas Milian, Pierre Clémenti, Katia Christine",The Designated Victim,1971,https://letterboxd.com/film/the-designated-victim/
The Fifth Cord,1971,"A journalist finds himself on the trail of a murderer who's been targeting people around him, while the police are considering him a suspect in their investigation.",Luigi Bazzoni,93 mins,"Thriller, Mystery, Horror","Franco Nero, Silvia Monti, Wolfgang Preiss",The Fifth Cord,1971,https://letterboxd.com/film/the-fifth-cord/
Human Cobras,1971,"A former American gangster organises a safari in Kenya in order to have his business partner, whom he suspects of being responsible for his brother's death, killed. However, it turns out that he killed the wrong person and a series of murders follow.",Bitto Albertini,100 mins,"Thriller, Mystery","George Ardisson, Erika Blanc, Alberto de Mendoza",Human Cobras,1971,https://letterboxd.com/film/human-cobras/
The Man with Icy Eyes,1971,"A state senator is murdered outside his home, and the police arrest a strange man described as having ""icy eyes"" for the crime. An Italian reporter finds a stripper who claims to have been an eyewitness to the assassination and saw the man with the icy eyes commit it. At his trial she testifies against him, and he's sentenced to death. However, the reporter soon begins to find holes in the stripper's story, and other circumstances arise which makes him believe that the wrong man may have been convicted",Alberto De Martino,95 mins,"Mystery, Drama, Horror","Antonio Sabàto, Barbara Bouchet, Faith Domergue",The Man with Icy Eyes,1971,https://letterboxd.com/film/the-man-with-icy-eyes/
The Devil with Seven Faces,1971,Carroll Baker plays a dual role as translator Julie Harrison and her twin sister Mary. The serpentine plot begins as Julie tells her lawyer Dave Barton that Mary's life is being threatened in London while Julie herself is being stalked by a mysterious stranger in Amsterdam.,Osvaldo Civirani,90 mins,"Mystery, Thriller, Crime","Carroll Baker, George Hilton, Stephen Boyd",The Devil with Seven Faces,1971,https://letterboxd.com/film/the-devil-with-seven-faces/
Cold Eyes of Fear,1971,"Against a backdrop of Swingin' 60s London a young playboy type ""steals"" a beautiful Italian girl from her elderly date and suggests she comes back to his place for some good times. ""His place"" being owned by his father, a rich and respected solicitor. Unfortunately a couple of criminals have plans of their own, one for money, the other for revenge, and the lovers end up prisoners in a tense siege situation",Enzo G. Castellari,92 mins,"Horror, Crime, Thriller","Gianni Garko, Giovanna Ralli, Frank Wolff",Cold Eyes of Fear,1971,https://letterboxd.com/film/cold-eyes-of-fear/
The Great Swindle,1971,A seductive woman gets involved in relationships with several people. All of the characters play games of deceit with one and other and things get more and more dangerous.,José Antonio Nieves Conde,93 mins,"Thriller, Drama","Marisa Mell, Stephen Boyd, Sylva Koscina",The Great Swindle,1971,https://letterboxd.com/film/the-great-swindle/
The Cat o' Nine Tails,1971,A newsman works with a blind puzzle-solver to uncover a deadly conspiracy linked to a genetic research facility.,Dario Argento,112 mins,"Horror, Mystery, Thriller","James Franciscus, Karl Malden, Catherine Spaak",The Cat o' Nine Tails,1971,https://letterboxd.com/film/the-cat-o-nine-tails/
The Price of Death,1971,"Four people are killed in a saloon hold-up. The townspeople pin the murders on local no-count black sheep Chester Conway. Lawyer Jeff Plummer and prostitute Polly Winters don't believe that Chester is guilty of these crimes, so they hire smooth and suave gunman Silver to prove Chester's innocence and find the real killers.",Lorenzo Gicca Palli,91 mins,Western,"Gianni Garko, Klaus Kinski, Franco Abbiana",The Price of Death,1971,https://letterboxd.com/film/the-price-of-death/
The Iguana with the Tongue of Fire,1971,"In Dublin, the acid-scarred, razor-slashed corpse of a young woman is discovered in the boot of the Swiss Ambassador's limousine. The Ambassador, his family and employees all become immediate suspects. Faced with the problem of diplomatic immunity, the police officer in charge of the case brings in John Norton, an ex-Inspector known for his brutal methods, to carry out an ""unoffical"" investigation. While Norton develops a relationship with the Ambassdor's attractive daughter, several more gruesome murders occur...",Riccardo Freda,92 mins,"Mystery, Thriller, Horror","Luigi Pistilli, Dagmar Lassander, Anton Diffring",The Iguana with the Tongue of Fire,1971,https://letterboxd.com/film/the-iguana-with-the-tongue-of-fire/
Cross Current,1971,"A speed-boat racer suffers amnesia after an boating accident and goes to his isolated villa to recuperate. His relationship with his wife is troubled, so he starts an affair (sort of) with the another woman, which results in one of the three of them being shot. But there are several more twists--and more murders--to come.",Tonino Ricci,90 mins,"Horror, Crime, Thriller","Philippe Leroy, Elga Andersen, Ivan Rassimov",Cross Current,1971,https://letterboxd.com/film/cross-current/
Madness,1971,"A group of young adults go to a remote villa to do drugs and party, little realizing a woman-hating serial killer who's just escaped from an asylum is hiding out there.",Cesare Rau,78 mins,"Horror, Thriller","Thomas Hunter, Benjamin Lev, Francesca Romana Coluzzi",Madness,1971,https://letterboxd.com/film/madness-1971/
The Red Headed Corpse,1972,"An alcoholic artist, who may in fact have been driven to murder, seeks inspiration from a mannequin.",Renzo Russo,82 mins,Horror,"Farley Granger, Erika Blanc, Krista Nell",The Red Headed Corpse,1972,https://letterboxd.com/film/the-red-headed-corpse/
Devil's Ransom,1970,A rich industrialist is accused of a crime he didn't commit. But every single clue leads to him.,Piero Sciumè,85 mins,"Drama, Thriller","Marisa Mell, Philippe Leroy, Lea Massari",Devil's Ransom,1970,https://letterboxd.com/film/devils-ransom/
Something Creeping in the Dark,1971,"A group of stranded travelers takes refuge in an old abandoned house, only to find out that they are not the only residents of the building.",Mario Colucci,95 mins,"Horror, Thriller","Farley Granger, Lucia Bosè, Giacomo Rossi Stuart",Something Creeping in the Dark,1971,https://letterboxd.com/film/something-creeping-in-the-dark/
Slaughter Hotel,1971,A masked killer stalks an institution for mentally disturbed rich women.,Fernando Di Leo,97 mins,"Horror, Mystery, Thriller","Klaus Kinski, Margaret Lee, Rosalba Neri",Slaughter Hotel,1971,https://letterboxd.com/film/slaughter-hotel/
This Freedom to Have... Wet Wings,1971,A writer attempts to blackmail a publisher into printing his latest book,Alessandro Santini,87 mins,Drama,"Femi Benussi, Rita Calderoni, Mark Damon",This Freedom to Have... Wet Wings,1971,https://letterboxd.com/film/this-freedom-to-have-wet-wings/
All the Colours of the Dark,1972,"After a car accident that caused the loss of her baby, Jane experiences an increasing amount of nightmares that shake her to her core. After seeking professional help, her haunting visions turn into an even more frightening reality, one full of black magic, blood orgies, and murder.",Sergio Martino,94 mins,"Horror, Thriller, Mystery","George Hilton, Edwige Fenech, Ivan Rassimov",All the Colours of the Dark,1972,https://letterboxd.com/film/all-the-colours-of-the-dark/
The Two Big Cats O'Nine Tails... and a Half in Amsterdam,1972,"Franco and Ciccio, two journalists, are sent to Amsterdam to investigate a mysterious murder. After having managed to infiltrate the libertine circles of the city, the two take a compromising photo that will get them into trouble.",Osvaldo Civirani,84 mins,Comedy,"Franco Franchi, Ciccio Ingrassia, Joan Harwich",The Two Big Cats O'Nine Tails... and a Half in Amsterdam,1972,https://letterboxd.com/film/the-two-big-cats-onine-tails-and-a-half-in/
"A.A.A. Masseuse, Good-Looking, Offers Her Services",1972,"Cristina turns eighteen and leaves her bourgeois family to become a call-girl. But soon, her clients start turning up dead, their throats slashed. Who is responsible?",Demofilo Fidani,85 mins,"Thriller, Horror, Mystery, Crime","Simonetta Vitelli, Jerry Colman, Raffaele Curi","A.A.A. Masseuse, Good-Looking, Offers Her Services",1972,https://letterboxd.com/film/aaa-masseuse-good-looking-offers-her-services/
"The Weapon, the Hour, the Motive",1972,"Don Giorgio, a handsome young priest and teacher in a convent, is involved with two lovers: Orchidea and Giulia. When he repents and vows to return to the Church, he is savagely beaten to death. Not long after, Giulia has her throat slashed. Inspector Boito falls in love with and prepared to marry Orchidea, who is also the main suspect. The key to solving the case seems to lie with an inquisitive boy called Ferruccio, who is kept locked up and drugged. He witnessed one of the murders, but will anyone believe his story?",Francesco Mazzei,105 mins,"Thriller, Horror, Mystery","Renzo Montagnani, Bedy Moratti, Eva Czemerys","The Weapon, the Hour, the Motive",1972,https://letterboxd.com/film/the-weapon-the-hour-the-motive/
The Lineage of Cain,1971,"The relatives of a young rebellious hier to a fortune (Dean Reed), who spends most of his time on a yacht, try to have the kid interned as a madman, but are mysteriously killed one by one, in the family's villa. A girl (Stefania Careddu), lost at sea and saved by the young man, will also have some surprises in store… This giallo was filmed in 1969 but not released until two years later and remains extremely rare.",Lamberto Benvenuti,90 mins,"Crime, Mystery, Horror","Stefania Careddu, Dean Reed, Gino Lavagetto",The Lineage of Cain,1971,https://letterboxd.com/film/the-lineage-of-cain/
The Dead Are Alive,1972,A photographer on an archaeological expedition digging up Etruscan ruins in Italy begins to suspect that not all the Etruscans buried there are actually dead.,Armando Crispino,105 mins,"Horror, Mystery, Thriller","Alex Cord, Samantha Eggar, John Marley",The Dead Are Alive,1972,https://letterboxd.com/film/the-dead-are-alive/
Devil in the Brain,1972,"Oscar is trying to re-establish an affair with Sandra, a disturbed young woman. Having found her husband Fabrizio shot dead and her young son Ricky standing beside him with a gun, Sandra suffered a complete breakdown and now lives in isolation with her protective mother. The latter saved the young boy from recrimination by placing the gun in his father's hand, making it seem like he committed suicide. However, things are not what they seem...",Sergio Sollima,106 mins,"Thriller, Mystery","Stefania Sandrelli, Keir Dullea, Micheline Presle",Devil in the Brain,1972,https://letterboxd.com/film/devil-in-the-brain/
Don't Torture a Duckling,1972,A reporter and a promiscuous young woman try to solve a series of child killings in a remote southern Italian town rife with superstition and a distrust of outsiders.,Lucio Fulci,105 mins,Horror,"Florinda Bolkan, Barbara Bouchet, Tomas Milian",Don't Torture a Duckling,1972,https://letterboxd.com/film/dont-torture-a-duckling/
Who Saw Her Die?,1972,"Between a four-year gap in the murder of a young girl, the daughter of a well-known sculptor is discovered dead, and her parents conduct an investigation, only to discover they are in over their heads as the body-count keeps rising.",Aldo Lado,94 mins,"Horror, Crime, Drama, Thriller, Mystery","George Lazenby, Anita Strindberg, Adolfo Celi",Who Saw Her Die?,1972,https://letterboxd.com/film/who-saw-her-die/
What Have You Done to Solange?,1972,"After several Catholic school pupils are murdered, a teacher who is having an affair with one of his students becomes a suspect. When other gruesome murders start occurring shortly thereafter, the teacher suspects that he may be the cause of them.",Massimo Dallamano,107 mins,"Horror, Thriller, Mystery","Fabio Testi, Karin Baal, Cristina Galbó",What Have You Done to Solange?,1972,https://letterboxd.com/film/what-have-you-done-to-solange/
My Dear Killer,1972,"Following the mysterious decapitation of an insurance investigator, Police Inspector Peretti is put onto the case, but all the clues lead to an unsolved case of kidnapping and murder.",Tonino Valerii,96 mins,"Mystery, Thriller, Horror","George Hilton, Salvo Randone, William Berger",My Dear Killer,1972,https://letterboxd.com/film/my-dear-killer/
Knife of Ice,1972,"A mute woman, traumatized by her parents' death, faces new horrors when her cousin is murdered by a suspected killer. As danger looms, the truth proves far more complex.",Umberto Lenzi,91 mins,"Horror, Thriller, Crime, Mystery","Carroll Baker, Alan Scott, Ida Galli",Knife of Ice,1972,https://letterboxd.com/film/knife-of-ice/
Seven Blood-Stained Orchids,1972,"A maniac on the loose is committing savage acts of slaughter, and one survivor may be the only key to unmasking the serial slayer known as the Half-Moon Killer. The mysterious half-moon lockets he leaves with his victims could be the only key to unraveling his sinister motives, but will that be enough before he completes his ice-cold plot to claim his intended seven victims?",Umberto Lenzi,92 mins,"Thriller, Horror, Mystery","Antonio Sabàto, Uschi Glas, Pier Paolo Capponi",Seven Blood-Stained Orchids,1972,https://letterboxd.com/film/seven-blood-stained-orchids/
Smile Before Death,1972,"After the death of her mother under strange circumstances, a teenage girl quickly begins to suspect that her recently widowed stepfather may be involved.",Silvio Amadio,85 mins,"Horror, Mystery, Crime","Jenny Tamburi, Silvano Tranquilli, Rosalba Neri",Smile Before Death,1972,https://letterboxd.com/film/smile-before-death/
Creeping Death,1972,"A man comes to a western town willing to discover the perpetrators of the robbery of a bank, where a significant amount of gold disappeared and witnesses were cruelly murdered. One of the thieves is now getting rid of the accomplices, using some deadly snakes that only seem to obey him.",Mario Bianchi,94 mins,"Thriller, Horror, Mystery, Western, Crime","Robert Woods, Frank Braña, Nieves Navarro",Creeping Death,1972,https://letterboxd.com/film/creeping-death/
Amuck!,1972,A beautiful American woman infiltrates the home of a novelist and his wife so she can investigate the disappearance of her lover — who was her employers’ previous secretary — and soon finds herself the target of the couple's erotic desires and a murder plot.,Silvio Amadio,98 mins,"Mystery, Thriller, Horror","Barbara Bouchet, Farley Granger, Rosalba Neri",Amuck!,1972,https://letterboxd.com/film/amuck/
A White Dress for Marialé,1972,"A woman, who witnessed her father kill himself as a child, invites several friends to her husband's secluded castle. Unbeknownst to them, she has a sinister motive for the invitation.",Romano Scavolini,92 mins,"Thriller, Horror","Ida Galli, Ivan Rassimov, Luigi Pistilli",A White Dress for Marialé,1972,https://letterboxd.com/film/a-white-dress-for-mariale/
Your Vice Is a Locked Room and Only I Have the Key,1972,"Oliviero is a drunk, burned-out writer who amuses himself by hosting orgies at his grand country manor and humiliating his wife Irina. When a number of women are murdered in grisly fashion, Oliviero becomes a prime suspect.",Sergio Martino,97 mins,"Mystery, Horror, Thriller","Edwige Fenech, Anita Strindberg, Luigi Pistilli",Your Vice Is a Locked Room and Only I Have the Key,1972,https://letterboxd.com/film/your-vice-is-a-locked-room-and-only-i-have-the-key/
The Red Queen Kills Seven Times,1972,"After the death of their grandfather, two sisters inherit their family castle, which is said to be haunted by the Red Queen, whom legend says claims seven lives every hundred years. When a mysterious woman in a red cloak starts targeting their circle of friends, the sisters begin to suspect there might be some truth to the legend.",Emilio P. Miraglia,100 mins,"Mystery, Thriller, Horror","Barbara Bouchet, Ugo Pagliai, Marina Malfatti",The Red Queen Kills Seven Times,1972,https://letterboxd.com/film/the-red-queen-kills-seven-times/
Naked Girl Killed in the Park,1972,"Johan Wallenberger, a rich financier, is killed in the House of Horrors at an amusement park in Madrid. His insurance company assign Chris Buyer, one of their best agents, to investigate because a few days prior to his death, the businessman took out a million dollar life insurance policy. Chris ingratiates himself with Catherine, Wallenberger's beautiful daughter, and it emerges that she is being plagued by a blackmailer. Chris is invited to the Wallenbergers' country house and is soon the centre of attention for several attractive women. Meanwhile, the plot thickens...",Alfonso Brescia,95 mins,"Thriller, Mystery, Horror","Robert Hoffmann, Irina Demick, Pilar Velázquez",Naked Girl Killed in the Park,1972,https://letterboxd.com/film/naked-girl-killed-in-the-park/
"So Sweet, So Dead",1972,A serial killer is on the loose. His victims are unfaithful wives and he always leaves compromising photographs at the crime scene.,Roberto Bianchi Montero,100 mins,"Crime, Romance, Horror, Drama, Thriller, Mystery","Farley Granger, Sylva Koscina, Silvano Tranquilli","So Sweet, So Dead",1972,https://letterboxd.com/film/so-sweet-so-dead/
Death Walks at Midnight,1972,"Valentina, a beautiful fashion model, takes an experimental drug as part of a scientific experiment. While influenced by the drug, Valentina has a vision of a young woman being brutally murdered with a viciously spiked glove. It turns out that a woman was killed in exactly the same way not long ago and soon Valentina finds herself stalked by the same killer.",Luciano Ercoli,102 mins,"Crime, Mystery, Horror, Thriller","Nieves Navarro, Simón Andreu, Pietro Martellanza",Death Walks at Midnight,1972,https://letterboxd.com/film/death-walks-at-midnight/
Tropic of Cancer,1972,"A couple on holiday in Haiti become involved in a series of savage murders linked to a doctor's new invention, a drug with extreme side effects.","Giampaolo Lomi, Edoardo Mulargia",90 mins,"Horror, Thriller","Anthony Steffen, Anita Strindberg, Gabriele Tinti",Tropic of Cancer,1972,https://letterboxd.com/film/tropic-of-cancer/
The Terror with Cross-Eyes,1972,"To gain fame quickly - three actors - Mino, Giacinto and Mirella, stage a fake murder (Mirella is the ""victim""), then plan to find the ""body"" at the most opportune moment. Unfortunately, a real murder takes place in Mirella's apartment when a young woman named Margaret is killed. Having left abundant clues to the fake murder, Mino and Giacinto realise the only way to save themselves from jail is to find Margaret's killer. Despite the intrusions of a stupid police inspector, the two men discover she was killed by a mysterious ""organization"". Although every witness they try to question is killed by a hitman, they eventually unravel the mystery...",Steno,93 mins,"Thriller, Comedy","Enrico Montesano, Alighiero Noschese, Francis Blanche",The Terror with Cross-Eyes,1972,https://letterboxd.com/film/the-terror-with-cross-eyes/
Short Night of Glass Dolls,1971,An American journalist in Prague searches for his girlfriend who has suddenly disappeared.,Aldo Lado,97 mins,"Thriller, Horror, Mystery","Ingrid Thulin, Jean Sorel, Mario Adorf",Short Night of Glass Dolls,1971,https://letterboxd.com/film/short-night-of-glass-dolls/
The Crimes of the Black Cat,1972,"In Copenhagen, a blind pianist hunts the culprit in string of murders, each linked by the presence of a yellow shawl and a black cat.",Sergio Pastore,98 mins,"Thriller, Mystery, Horror","Anthony Steffen, Sylva Koscina, Giovanna Lenzi",The Crimes of the Black Cat,1972,https://letterboxd.com/film/the-crimes-of-the-black-cat/
The Case of the Bloody Iris,1972,"A high-rise apartment populated by models, nightclub dancers and call girls becomes the focus of a mysterious serial killer. When a young model named Jennifer and her friend Marilyn move into one of the victims' former apartments, Jennifer becomes the next target and the pair try to identify the killer.",Giuliano Carnimeo,94 mins,"Mystery, Horror, Thriller","Edwige Fenech, George Hilton, Paola Quattrini",The Case of the Bloody Iris,1972,https://letterboxd.com/film/the-case-of-the-bloody-iris/
Love and Death in the Garden of the Gods,1972,"An old professor rents a mysterious old villa, and finds a tape recorded by a previous occupant, detailing her debauched lifestyle and the events leading to her murder.",Sauro Scavolini,90 mins,"Romance, Mystery, Drama","Erika Blanc, Peter Lee Lawrence, Ezio Marano",Love and Death in the Garden of the Gods,1972,https://letterboxd.com/film/love-and-death-in-the-garden-of-the-gods/
The Cat in Heat,1972,A man returns home to his wife from a business trip only to find a dead body in their yard.,Nello Rossati,86 mins,Thriller,"Eva Czemerys, Silvano Tranquilli, Anthony Fontane",The Cat in Heat,1972,https://letterboxd.com/film/the-cat-in-heat/
Eye in the Labyrinth,1972,"Julie is disturbed by the disappearance of her psychiatrist boyfriend Luca following a bizarre dream where she witnessed him murdered. She travels to a seaside village where he might be and encounters Frank, who tells her Luca has indeed been there. Julie's investigation leads her to the house of Gerta, where the mystery deepens among the odd characters residing at this artists enclave.",Mario Caiano,93 mins,"Thriller, Horror","Rosemary Dexter, Adolfo Celi, Alida Valli",Eye in the Labyrinth,1972,https://letterboxd.com/film/eye-in-the-labyrinth/
Byleth: The Demon of Incest,1972,"A young man becomes obsessed with Byleth, the demon of incest, and it leads to an unhealthy infatuation with his sister.",Leopoldo Savona,81 mins,"Horror, Drama","Mark Damon, Claudia Gravy, Aldo Bufi Landi",Byleth: The Demon of Incest,1972,https://letterboxd.com/film/byleth-the-demon-of-incest/
The Killer Is on the Phone,1972,"A woman whose husband was murdered five years previously, is stalked by his killer, who wants to eliminate her as a potential witness. What he doesn't know is that the shock of his murder caused her to have amnesia, and she doesn't remember anything.",Alberto De Martino,96 mins,"Horror, Thriller","Telly Savalas, Anne Heywood, Osvaldo Ruggieri",The Killer Is on the Phone,1972,https://letterboxd.com/film/the-killer-is-on-the-phone/
The Two Faces of Fear,1972,"Doctor Miguel Azzini is found shot dead dead. The police suspect his colleagues: Elena Carli, his former mistress and owner of the clinic where he worked; Roberto Carli, her surgeon husband; Doctor Paula Lombardo, Roberto's mistress; and the clinic's administrator. Inspector Nardi discovers that Elena has a heart condition and had offered Miguel an increased sharehold in the clinic in order to dissuade him from leaving for another post. Elena's heart condition is worsened by the relentless police scrutiny and by her suspicion that Roberto is the murderer. She has to be rushed into hospital and is even more alarmed when Roberto prepares to operate...",Tulio Demicheli,88 mins,Thriller,"George Hilton, Fernando Rey, Luciana Paluzzi",The Two Faces of Fear,1972,https://letterboxd.com/film/the-two-faces-of-fear/
Death Falls Lightly,1972,"After a wealthy businessman's wife is murdered by an unknown assailant, his advisors suggest that he go into hiding at a shuttered hotel; taking along his mistress, he is soon besieged by supernatural visions which seem to be drawing him into the hotel's own dark and murderous past.",Leopoldo Savona,89 mins,"Horror, Mystery, Thriller","Stelio Candelli, Patrizia Viotti, Veronika Korosec",Death Falls Lightly,1972,https://letterboxd.com/film/death-falls-lightly/
Delirium,1972,A respected doctor becomes the prime suspect in a series of gruesome murders.,Renato Polselli,102 mins,"Horror, Mystery, Thriller","Mickey Hargitay, Rita Calderoni, Raul Lovecchio",Delirium,1972,https://letterboxd.com/film/delirium-1972/
The French Sex Murders,1972,"After a French prostitute is found dead, one of her regular clients is tried and convicted for her murder. He is eventually sentenced to death but dies in a high speed pursuit after attempting to escape custody. Soon, the witnesses that testified against him end up being systematically murdered by a mysterious killer wearing black gloves.",Ferdinando Merighi,91 mins,"Mystery, Thriller, Horror","Anita Ekberg, Rosalba Neri, Evelyne Kraft",The French Sex Murders,1972,https://letterboxd.com/film/the-french-sex-murders/
Who Killed the Prosecutor and Why?,1972,"Carlo, a young photographer, is making love with his girlfriend at the beach when he witnesses a murder being feebly staged to look like a car accident. Carlo takes incriminating shots of the murderers (the victim turns out to be the local public prosecutor) and attempts to sell them to various interested parties, including a gangster and a newspaper owner. One of the murderers' accomplices, a lowlife criminal, is gunned down by a black-gloved assassin, while another is stabbed to death...",Giuseppe Vari,85 mins,Thriller,"Lou Castel, Beba Lončar, Adolfo Celi",Who Killed the Prosecutor and Why?,1972,https://letterboxd.com/film/who-killed-the-prosecutor-and-why/
Death Carries a Cane,1973,"Kitty, a photographer living in Rome, witnesses the murder of a young woman at the hands of a razor-wielding black-gloved killer. Kitty and her fiancé Alberto go to the police, only to learn that two other witnesses to the crime have been slashed to death.",Maurizio Pradeaux,91 mins,"Thriller, Horror, Mystery","Robert Hoffmann, Nieves Navarro, George Martin",Death Carries a Cane,1973,https://letterboxd.com/film/death-carries-a-cane/
Door into Darkness: The Neighbor,1973,"Luca and Stefania are a young couple with a baby who move into a remote seaside apartment late at night. Unbeknownst to the couple, the neighbor who lives upstairs has just murdered his wife.",Luigi Cozzi,56 mins,"Thriller, Mystery","Aldo Reggiani, Laura Belli, Mimmo Palmara",Door into Darkness: The Neighbor,1973,https://letterboxd.com/film/door-into-darkness-the-neighbor/
The Flower with Petals of Steel,1973,"A doctor kills his girlfriend when he accidentally causes her to fall onto an ornamental flower which has metal spikes. He disposes of her by chopping up and then dissolving her corpse. The woman's sister accuses the doctor and an investigation begins. In the meantime, a second woman is killed and the doctor begins to receive metal petals through the post.",Gianfranco Piccioli,90 mins,"Thriller, Horror","Gianni Garko, Carroll Baker, Ivano Staccioli",The Flower with Petals of Steel,1973,https://letterboxd.com/film/the-flower-with-petals-of-steel/
The Masked Thief,1971,"Bill Nolan, Sheriff of Ockland, receives a telegram informing him of the arrival of a stagecoach with federal bank securities. Together with Judge Finley he organizes the custody of the stagecoach but it is attacked anyway and suspicion falls on the sheriff by his strange actions alone. The confidence of his assistants is weakened and everything gets complicated when he is accused of rape and one of his assistants is found dead. His only hope is to discover the masked bandit.",Mario Bianchi,77 mins,Western,"Craig Hill, Ágata Lys, Frank Braña",The Masked Thief,1971,https://letterboxd.com/film/the-masked-thief/
Seven Deaths in the Cat's Eye,1973,"In a small Scottish village, horribly murdered bodies keep turning up. Suspicion falls upon the residents of a nearby castle that is haunted by a curse involving a killer cat.",Antonio Margheriti,95 mins,"Thriller, Mystery, Horror, Crime","Jane Birkin, Hiram Keller, Françoise Christophe",Seven Deaths in the Cat's Eye,1973,https://letterboxd.com/film/seven-deaths-in-the-cats-eye/
Special Killers,1973,"Sandro, a detective, finds his wife strangled. His girl-friend Tiffany, who works as photographer, makes a ""Blow up"" from a photo, what Sandro finds beside the victim. Sandro and Tiffany are looking for the woman on the photo, Laura. They finds her in a Night Club in Rome...",Germán Lorente,97 mins,Crime,"Frederick Stafford, Femi Benussi, Claude Jade",Special Killers,1973,https://letterboxd.com/film/special-killers/
The Silk Worm,1974,"Smeralda Amadier, a retired singer, lives in an isolated villa with her secretary Marcella and her lover Didier (but throws out the latter after catching him with another woman). Smeralda has huge debts and when creditors threaten her with bankruptcy she decides to sell her valuable jewels. That evening, she meets Costas, a handsome young man who seduces her. Next morning, there is no sign of him or the jewels. He was apparently a penniless gigolo, but who was his secret partner in the theft?",Mario Sequi,90 mins,"Mystery, Thriller","Nadja Tiller, George Hilton, Riccardo Garrone",The Silk Worm,1974,https://letterboxd.com/film/the-silk-worm/
Torso,1973,"A masked serial killer with psychosexual issues strangles female coeds with scarves before dismembering them. When a wealthy student identifies one of the scarves and thinks she has a lead on a suspect, she becomes the killer's next target, retreating to her family's remote cliffside villa with three of her girlfriends.",Sergio Martino,93 mins,"Mystery, Thriller, Horror","Suzy Kendall, Tina Aumont, Luc Merenda",Torso,1973,https://letterboxd.com/film/torso/
Blackmail,1974,"A spoiled rich girl hatches a plot with her hippie friends to ""kidnap"" her so they can get a large ransom from her wealthy father.",Luigi Batzella,75 mins,Thriller,"Brigitte Skay, Claudio Giorgi, Benjamin Lev",Blackmail,1974,https://letterboxd.com/film/blackmail-1974/
"Clap, You're Dead",1974,"A crew that is filming a horror movie is stalked by a mysterious killer who slays three of the beautiful young actresses. There is a main suspect (a crew member that got fired shortly before the first murder occurs, after he had an argument with the first victim), a police inspector that doesn't search for possible other suspects and a dose of sleazy sex",Mario Moroni,90 mins,"Horror, Thriller","George Ardisson, Annabella Incontrera, Ivano Staccioli","Clap, You're Dead",1974,https://letterboxd.com/film/clap-youre-dead/
Death Will Have Your Eyes,1974,"A young woman who comes to Rome and soon drifts into de facto prostitution in order to survive. She meets a misanthropic doctor and would-be poet, but soon falls in love with another man. Murder ensues and she soon finds herself being blackmailed, sexually and financially, by her husband's shady driver, who saw something he shouldn't have.",Giovanni D'Eramo,93 mins,"Drama, Thriller","Marisa Mell, Farley Granger, Francisco Rabal",Death Will Have Your Eyes,1974,https://letterboxd.com/film/death-will-have-your-eyes/
Five Women for the Killer,1974,Thriller about a reporter who comes home from an overseas assignment to find his baby in the hospital and his wife dead...,Stelvio Massi,96 mins,"Thriller, Mystery, Crime, Horror","Francis Matthews, Pascale Rivault, Giorgio Albertazzi",Five Women for the Killer,1974,https://letterboxd.com/film/five-women-for-the-killer/
The Author's Crime,1974,"Against the wishes of her Aunt Valeria, attractive Milena travels to Milan in order to secretly marry Marco Giraldi. Three years later, Milena returns to her hometown Fermo, where her husband's shoe business is in financial difficulties. Shortly afterwards, she is abducted, a valuable painting is stolen and Aunt Valeriais murdered. Two young villains, who carried out the dirty work, are then killed...",Mario Sabatini,75 mins,"Thriller, Horror, Drama","Sylva Koscina, Pier Paolo Capponi, Luigi Pistilli",The Author's Crime,1974,https://letterboxd.com/film/the-authors-crime/
The Killer Reserved Nine Seats,1974,"A rich man gathers together friends and relatives at the abandoned theatre he owns, but the party isn't fun for long since apparently one of them is a murderer.",Giuseppe Bennati,99 mins,"Horror, Mystery, Thriller","Chris Avram, Rosanna Schiaffino, Eva Czemerys",The Killer Reserved Nine Seats,1974,https://letterboxd.com/film/the-killer-reserved-nine-seats/
The Girl in Room 2A,1974,"A sadistic killer cult kidnaps and sacrifices beautiful women. A young girl, just paroled from prison, moves into a strange house and appears to be the cult's next victim.",William Rose,90 mins,"Horror, Thriller, Mystery, Crime","Daniela Giordano, Raf Vallone, John Scanlon",The Girl in Room 2A,1974,https://letterboxd.com/film/the-girl-in-room-2a/
Puzzle,1974,"In London, A man who has amnesia attempts to uncover the truth about his identity. A menacing individual accuses him of betrayal, and soon more pieces of his puzzling past begin to fall in place.",Duccio Tessari,92 mins,"Thriller, Crime, Mystery, Horror","Senta Berger, Luc Merenda, Umberto Orsini",Puzzle,1974,https://letterboxd.com/film/puzzle-1974/
Love Angels,1974,"They're Italy's notorious ""Ladies of the evening"" catering to the strange cravings of their kinky, high-paying clients. But suddenly, the girls of the street find themselves being stalked by someone with desires even they can't satisfy. After a series of shocking crimes, the clues lead police to a pornographic film maker and his stable of lovely models and starlets. But can the authorities track down the ""Hooker Maniac"" before he strikes again?",Rino Di Silvestro,81 mins,"Mystery, Drama, Thriller, Horror","Maria Fiore, Elio Zamuto, Krista Nell",Love Angels,1974,https://letterboxd.com/film/love-angels/
Orders Signed in White,1974,"After a phone call has been intercepted (an industrialist is going to receive a huge amount of money from a foreign bank), Mafioso Luca Albanese is assigned to set up a big robbery. He and his gang (three men and three women) then hide-out in a remote mountainous region, but soon at each other's throats. Moreover, someone is killing Albanese's men one by one, leaving white paint on the victim's faces...",Gianni Manera,114 mins,"Thriller, Crime","Herb Andress, Paola Arduini, Lucy Chevalier",Orders Signed in White,1974,https://letterboxd.com/film/orders-signed-in-white/
Spasmo,1974,"While walking along the beach, Christian and his girlfriend discover a mysterious woman washed ashore. The following day, Christian meets the woman again at a yacht party and soon finds himself entangled in a web of lust, intrigue and murder.",Umberto Lenzi,94 mins,"Mystery, Thriller","Robert Hoffmann, Suzy Kendall, Ivan Rassimov",Spasmo,1974,https://letterboxd.com/film/spasmo/
What Have They Done to Your Daughters?,1974,"An unidentified fifteen year-old girl is found hanged after an anonymous tip-off. The girl, Silvia Polvesi, is soon discovered to have been murdered. A peeping tom is caught with photos of her having sex with a teenage drop-out but he is later released due to lack of evidence. The investigation, conducted by Inspector Silvestri and the assistant public prosecutor Vittoria Stori, focuses on the girl's parents. Conspiracies and horrors pile up, as do the body parts.",Massimo Dallamano,96 mins,"Horror, Mystery, Crime, Thriller","Giovanna Ralli, Claudio Cassinelli, Mario Adorf",What Have They Done to Your Daughters?,1974,https://letterboxd.com/film/what-have-they-done-to-your-daughters/
Autopsy,1975,"A series of random suicides in Rome, Italy are attributed to a heatwave, but a young pathologist named Simona—who is working on a thesis about murders disguised as suicides—suspects otherwise. When a young girl associated with Simona's playboy father ends up dead in another supposed suicide, Simona teams up with the girl's priest brother to prove she was murdered and track down the unknown serial killer.",Armando Crispino,100 mins,"Thriller, Horror, Mystery","Mimsy Farmer, Barry Primus, Ray Lovelock",Autopsy,1975,https://letterboxd.com/film/autopsy-1975/
The Bloodsucker Leads the Dance,1975,A rich count invites a theatre troupe to his home on an isolated island... but soon people start getting murdered. Has the family curse struck again?,Alfredo Rizzo,89 mins,"Horror, Thriller","Femi Benussi, Giacomo Rossi Stuart, Krista Nell",The Bloodsucker Leads the Dance,1975,https://letterboxd.com/film/the-bloodsucker-leads-the-dance/
Calling All Police Cars,1975,"Story about a young girl, the daughter a prominent doctor. When the girl goes missing her father gets the police to jump into action because of his class status and wealth.",Mario Caiano,100 mins,"Thriller, Crime, Horror","Antonio Sabàto, Luciana Paluzzi, Enrico Maria Salerno",Calling All Police Cars,1975,https://letterboxd.com/film/calling-all-police-cars/
Deep Red,1975,"An English pianist living in Rome witnesses the brutal murder of his psychic neighbor. With the help of a tenacious young reporter, he tries to discover the killer using very unconventional methods. The two are soon drawn into a shocking web of dementia and violence.",Dario Argento,127 mins,"Mystery, Horror, Thriller","David Hemmings, Daria Nicolodi, Gabriele Lavia",Deep Red,1975,https://letterboxd.com/film/deep-red/
Eyeball,1975,"A group of American tourists is traveling through Spain when two of them are murdered by a mysterious serial killer who removes an eyeball from every one of its victims. The tour presses on as the murders continue, with the travelers and the police trying to deduce which one of them is the killer.",Umberto Lenzi,91 mins,"Thriller, Horror, Mystery","Martine Brochard, John Richardson, Ines Pellegrini",Eyeball,1975,https://letterboxd.com/film/eyeball/
Erotic Games of a Respectable Family,1975,"Professor Ricardo Rossi is an uncompromising moralist and a paladin of Catholic morals. He is understandably baffled when he finds his wife Elisa in bed with another woman (whom Rossi mistakens for a man). Furious, he poisons his wife and throws her body into a lake, then brings home a prostitute, Eva, to replace her. He also begins an affair with his niece Barbara. But Elisa is not dead, as Rossi soon finds and she is plotting with Eva to get rid of him. Rossi is more precise this time and shoots the two women dead. However, there is a complication and more deaths ensue...",Francesco Degli Espinosa,85 mins,"Mystery, Horror, Thriller","Donald O'Brien, Erika Blanc, Malisa Longo",Erotic Games of a Respectable Family,1975,https://letterboxd.com/film/erotic-games-of-a-respectable-family/
The Killer Must Kill Again,1975,"Giorgio is a greedy adulterer who makes a deal with a serial killer to dispose of his wealthy wife, Nora. Unfortunately, a thrill-seeking young couple steal the killer's car with Nora's corpse in the trunk, ending up at a run-down seaside villa.",Luigi Cozzi,90 mins,"Thriller, Crime, Horror","George Hilton, Antoine Saint-John, Femi Benussi",The Killer Must Kill Again,1975,https://letterboxd.com/film/the-killer-must-kill-again/
Reflections in Black,1975,"A woman dressed in black is murdering young women. The police question lawyer Anselmi for whom one of the girls worked as a secretary, and it turns out that all the victims were friends of lawyer's wife Leonora.",Tano Cimarosa,90 mins,"Thriller, Horror, Mystery","John Richardson, Dagmar Lassander, Ninetto Davoli",Reflections in Black,1975,https://letterboxd.com/film/reflections-in-black/
The Police Are Blundering in the Dark,1975,"During an outbreak of violent murders in the area targeting young women, a journalist searching for a female friend gone missing ends up in a villa owned by an eccentric photographer.",Helia Colombo,87 mins,"Crime, Mystery, Thriller, Horror","Joseph Arkim, Francisco Cortéz, Richard Fielding",The Police Are Blundering in the Dark,1975,https://letterboxd.com/film/the-police-are-blundering-in-the-dark/
Snapshot of a Crime,1975,"When Luca's girlfriend Mirna inexplicably dumps him, he finds solace in the arms of two fashion models, Stefania and Claudia. When Stefania mysteriously disappears after photographing herself having rough sex with Luca, Mirna begins sending him the negatives -but to what end? Meanwhile, Claudia searches for her missing friend...","Mario Imperoli, Ugo Liberatore, Umberto Lenzi",90 mins,"Thriller, Mystery","Erna Schürer, Monica Strebel, Luis La Torre",Snapshot of a Crime,1975,https://letterboxd.com/film/snapshot-of-a-crime/
Strip Nude for Your Killer,1975,"After a fashion model dies during a botched abortion, the doctor stages her death to exonerate himself but is murdered by a mysterious assailant who soon begins hunting down her agency colleagues.",Andrea Bianchi,98 mins,"Horror, Thriller","Edwige Fenech, Nino Castelnuovo, Femi Benussi",Strip Nude for Your Killer,1975,https://letterboxd.com/film/strip-nude-for-your-killer/
The Sunday Woman,1975,"Police commissioner Santamaria is investigating the murder of the ambiguous architect Mr. Garrone. The investigations soon drive him into the Torino's high society. Santamaria suspect Anna Carla and at the same time falls in love for her. Lello is the lover of Massimo, Anna Carla’s gay friend. He is following another direction in order to find out the truth, and his results are confusing the Policeman. But another murder happens...",Luigi Comencini,109 mins,"Mystery, Comedy, Crime","Marcello Mastroianni, Jacqueline Bisset, Jean-Louis Trintignant",The Sunday Woman,1975,https://letterboxd.com/film/the-sunday-woman/
The Suspicious Death of a Minor,1975,"Police detective Paolo Germi and the mysterious Marisa meet each other at a dance hall. Germi is unsuspecting of the secret Marisa is carrying with her: adverse conditions forced her into prostitution. As Germi finds the young girl brutally murdered, he decides to go after her killers. During his investigation, he enters a world of intrigue and obfuscation that leave an endless trail of blood.",Sergio Martino,100 mins,"Thriller, Crime, Comedy","Claudio Cassinelli, Patrizia Castaldi, Mel Ferrer",The Suspicious Death of a Minor,1975,https://letterboxd.com/film/the-suspicious-death-of-a-minor/
Shadows in an Empty Room,1976,"After his younger sister is poisoned, a tough Ottawa cop embarks on a violent journey through Montreal to find her killer, which turns into a whirlpool of revenge and betrayal.",Alberto De Martino,100 mins,"Thriller, Mystery, Drama","Stuart Whitman, John Saxon, Martin Landau",Shadows in an Empty Room,1976,https://letterboxd.com/film/shadows-in-an-empty-room/
The House with Laughing Windows,1976,"Stefano, a young restorer, is commissioned to save a controversial mural located in the church of a small, isolated village.",Pupi Avati,110 mins,"Thriller, Mystery, Horror","Lino Capolicchio, Francesca Marciano, Gianni Cavina",The House with Laughing Windows,1976,https://letterboxd.com/film/the-house-with-laughing-windows/
Plot of Fear,1976,"Plot of Fear tells the story of a decadent weekend party full of orgies and drugs on the outskirts of Milan. Inspector Lomenzo investigates a series of bizarre murders, each linked by the fact that pages from the German children’s book ""Shock-Headed Peter"" have been left at the scene of the crime. As the bodies pile up, Lomenzo is guided by a model and a surveillance expert to a decadent club frequented by the rich and powerful.",Paolo Cavara,98 mins,"Crime, Horror, Mystery, Thriller","Corinne Cléry, Michele Placido, Quinto Parmeggiani",Plot of Fear,1976,https://letterboxd.com/film/plot-of-fear/
Crazy Desires of a Murderer,1977,"A group of hip friends gather at a Gothic castle owned by a wheelchair- bound older relative of one of the girls. One couple in the group, unbeknownst to the others, is smuggling heroin in some Chinese artifacts the protagonist has brought back from the Orient to give to her elderly relative. Meanwhile the deranged uncle of the protagonist, who supposedly killed the protagonist's mother (his own sister) and cut out her eyes, is wandering the catacombs spying on everyone. When one of the guests is murdered and her eyes subsequently disappear, suspicion naturally falls on the mad uncle. But is he being set up?",Filippo Walter Ratti,85 mins,Horror,"Corrado Gaipa, Isabelle Marchall, Annie Carol Edel",Crazy Desires of a Murderer,1977,https://letterboxd.com/film/crazy-desires-of-a-murderer/
The Monster,1977,"A low rank journalist at Tribuna Sera newspaper receives a letter one day. His correspondence contains a serial killer's letters, which he exploits.",Luigi Zampa,94 mins,Thriller,"Johnny Dorelli, Sydne Rome, Renzo Palmer",The Monster,1977,https://letterboxd.com/film/the-monster-1977/
Nine Guests for a Crime,1977,"Nine members of an extremely rich and hateful family have decided to have a reunion on a remote island in the Mediterranean. No sooner than their arrival, old grudges, resentments, and feuds make themselves known, along with allusions to some more macabre events in their past. But when their boats are sabotaged, thus stranding them without any connection to the mainland, it becomes clear that someone is not willing to let old wounds heal, a fact made all the more clear as bodies start to pile up...",Ferdinando Baldi,91 mins,"Crime, Mystery, Thriller, Horror","Arthur Kennedy, John Richardson, Caroline Laurence",Nine Guests for a Crime,1977,https://letterboxd.com/film/nine-guests-for-a-crime/
The Psychic,1977,A woman with psychic powers has a vision of a murder that took place in a house owned by her husband.,Lucio Fulci,97 mins,"Thriller, Mystery, Horror","Jennifer O'Neill, Gabriele Ferzetti, Marc Porel",The Psychic,1977,https://letterboxd.com/film/the-psychic/
Death Steps in the Dark,1977,An Italian reporter is travelling on the Instabul-Athens train. A woman is murdered with the reporter's letter-opener so that makes him the main suspect. With the help of his Swedish girlfriend he starts investigating in order to prove his innocence.,Maurizio Pradeaux,91 mins,"Crime, Drama, Comedy, Thriller","Leonard Mann, Robert Webber, Vera Krouska",Death Steps in the Dark,1977,https://letterboxd.com/film/death-steps-in-the-dark/
All The Souls... Except the Dead,1977,Dante arrives at the castle of the recently deceased Marquis Zanetti to sell a book which contains a prophecy that the death of nine members of the Zanetti family will reveal a hidden treasure.,Pupi Avati,105 mins,"Thriller, Comedy, Horror","Gianni Cavina, Francesca Marciano, Carlo Delle Piane",All The Souls... Except the Dead,1977,https://letterboxd.com/film/all-the-souls-except-the-dead/
The Pyjama Girl Case,1977,"Two seemingly separate stories in New South Wales: a burned, murdered body of a young woman is found on the beach, and a retired inspector makes inquiries; also, Linda, a waitress and ferry attendant, has several lovers and marries one, but continues seeing the others. The police have a suspect in the murder, but the retired inspector is convinced they're wrong; he continues a methodical investigation. Linda and her husband separate, and there are complications. Will the stories cross or are they already twisted together?",Flavio Mogherini,104 mins,"Thriller, Drama, Horror, Mystery","Ray Milland, Dalila Di Lazzaro, Michele Placido",The Pyjama Girl Case,1977,https://letterboxd.com/film/the-pyjama-girl-case/
Watch Me When I Kill,1977,"A pharmacist is murdered, and a woman happens to see the culprit leave the scene. She soon finds herself being stalked by the killer.",Antonio Bido,95 mins,"Thriller, Mystery, Horror","Corrado Pani, Paola Tedesco, Franco Citti",Watch Me When I Kill,1977,https://letterboxd.com/film/watch-me-when-i-kill/
The Bloodstained Shadow,1978,"A schoolgirl was murdered seven years ago, and the case was never solved; now, the murderer seems to be back.",Antonio Bido,109 mins,"Thriller, Horror, Mystery","Lino Capolicchio, Stefania Casini, Craig Hill",The Bloodstained Shadow,1978,https://letterboxd.com/film/the-bloodstained-shadow/
Hotel Fear,1978,"A young girl and her mother run a hotel during the war. When the mother dies, the girl finds herself at the mercy of her sex-crazed guests. Soon enough, a cloaked figure starts killing off everyone that tries to harm her.",Francesco Barilli,92 mins,"Horror, Drama, Mystery","Leonora Fani, Luc Merenda, Francisco Rabal",Hotel Fear,1978,https://letterboxd.com/film/hotel-fear/
The Perfect Crime,1978,The death of a multinational company’s chairman induces the three candidates for the chairmanship to plot against one another for control of the business.,Giuseppe Rosati,90 mins,"Crime, Thriller, Mystery","Gloria Guida, Leonard Mann, Joseph Cotten",The Perfect Crime,1978,https://letterboxd.com/film/the-perfect-crime/
Rings of Fear,1978,"Angela Russo, a sixteen-year-old girl, is found dead in a river, having been fatally violated with a large blunt instrument. Inspector Di Salvo is assigned to the case and focuses his investigations on St. Theresa's, the exclusive school where Angela boarded. Three of the murdered girl's classmates, Franca, Paola and Virginia (who call themselves ""The Inseparables""), receive threatening poems from an individual using the name ""Nemesis."" Bizarre ""accidents"" start to befall the girls: Franca is injured when someone causes her horse to bolt and Virginia nearly breaks her neck on marbles left at the top of a staircase. But Di Salvo is determined to find the killer, even if it means using unorthodox methods. He is aided by Angela Russo's little sister Emily, whose helpful clues lead to a boutique owned by a dubious character and a vice ring where ""rich influential men pay well for teenage favours...""",Alberto Negrin,85 mins,"Thriller, Mystery, Horror","Fabio Testi, Christine Kaufmann, Ivan Desny",Rings of Fear,1978,https://letterboxd.com/film/rings-of-fear/
Atrocious Tales of Love and Death,1979,"Raphael, a restaurant mandolin player with a limp, a father to support, and a lot of debt, accepts a job offered by his friend, Giardino, to play a serenade under an apartment window at the behest of a mysterious blonde. As he’s playing, a man high up on a balcony is pushed to his death. Raffaele is compelled to conduct his own investigation and becomes embroiled in a mystery involving a macabre secret...",Sergio Corbucci,115 mins,"Comedy, Thriller","Marcello Mastroianni, Ornella Muti, Michel Piccoli",Atrocious Tales of Love and Death,1979,https://letterboxd.com/film/atrocious-tales-of-love-and-death/
The Sister of Ursula,1978,"While searching for their estranged mother, two beautiful sisters, Dagmar and Ursula, arrive at a luxurious seaside hotel. At the same time, a mysterious killer starts murdering promiscuous women in the area.",Enzo Milioni,95 mins,"Thriller, Drama, Horror","Barbara Magnolfi, Stefania D'Amario, Anna Zinnemann",The Sister of Ursula,1978,https://letterboxd.com/film/the-sister-of-ursula/
Giallo in Venice,1979,Inspector Angelo De Paul is assigned to investigate a horrifying series of murders that have gripped Venice and left the authorities baffled.,Mario Landi,99 mins,"Crime, Mystery, Horror","Leonora Fani, Jeff Blynn, Gianni Dei",Giallo in Venice,1979,https://letterboxd.com/film/giallo-in-venice/
Killer Nun,1979,"A demented nun sliding through morphine addiction into madness, while presiding over a regime of lesbianism, torture and death. Sister Gertrude is the head nurse/nun in a general hospital, whose increasingly psychotic behavior endangers the staff and patients around her.",Giulio Berruti,89 mins,"Horror, Mystery, Thriller","Anita Ekberg, Joe Dallesandro, Alida Valli",Killer Nun,1979,https://letterboxd.com/film/killer-nun/
Murder Obsession,1981,"Michael is a successful actor, but he has a scandal in his past: at a tender age he knifed his father to death. He and his girlfriend Deborah go to his mother's for the weekend, and are joined by the director and others from a recent film project, who are given a rather cool reception by the superstitious housekeeper Oliver. Soon rude things begin happening to some of the guests, and Michael fears a repeat of his nightmare past is in progress.",Riccardo Freda,92 mins,"Horror, Mystery","Stefano Patrizi, Martine Brochard, Henri Garcin",Murder Obsession,1981,https://letterboxd.com/film/murder-obsession/
Play Motel,1979,The motel has a special room designed for sexual activities. It also has a habit of photographing sex act engines and extorting the parties concerned. One day a mysterious killer with black gloves up and the situation is changing.,Mario Gariazzo,87 mins,"Romance, Horror, Thriller, Crime","Ray Lovelock, Anna Maria Rizzoli, Anthony Steffen",Play Motel,1979,https://letterboxd.com/film/play-motel/
The Secret of Seagull Island,1982,A woman searches for her blind sister in this feature-length English-language cut of the TV miniseries Seagull Island (1981).,Nestore Ungaro,103 mins,"Thriller, Horror","Jeremy Brett, Prunella Ransome, Nicky Henson",The Secret of Seagull Island,1982,https://letterboxd.com/film/the-secret-of-seagull-island/
Trauma,1980,A couple invites some friends to spend a weekend together in an isolated cabin surrounded by woods and fields. But... there's a killer lurking around.... And... someone is monitoring him.,Gianni Martucci,72 mins,"Thriller, Horror","Gaetano Russo, Domitilla Cavazza, Roberto Posse",Trauma,1980,https://letterboxd.com/film/trauma-1980/
The Nosy One,1981,"Luciano Persichetti is hypersensitive and convinced that he has paranormal powers. Susanna, a parapsychology student with whom he is in love, tries to help him interpret the paranormal warning messages he is receiving. When Luciano turns out to be haunted by a mysterious killer who calls himself ""The Guardian Angel"", Susanna discovers that Luciano's paranormal powers are not real at all.",Bruno Corbucci,99 mins,"Mystery, Comedy","Pippo Franco, Edwige Fenech, Sergio Leonardi",The Nosy One,1981,https://letterboxd.com/film/the-nosy-one/
The New York Ripper,1982,A burned-out New York police detective teams up with a college psychoanalyst to track down a vicious serial killer randomly stalking and killing various young women around the city.,Lucio Fulci,93 mins,"Crime, Mystery, Horror, Thriller","Jack Hedley, Almanta Suska, Howard Ross",The New York Ripper,1982,https://letterboxd.com/film/the-new-york-ripper/
Madhouse,1981,"A woman is pursued by her murderous, psychopathic twin sister in the days leading up to their birthday.",Ovidio G. Assonitis,93 mins,Horror,"Patricia Mickey, Allison Biggers, Michael MacRae",Madhouse,1981,https://letterboxd.com/film/madhouse-1981/
"No Thanks, Coffee Makes Me Nervous",1982,"A mysterious killer eliminate the singers of a brand new music Festival in Naples. Some journalists will try to discover who is that murderer who seems to be obsessed by the song ""Funiculi, Funicula"".",Lodovico Gasparini,109 mins,"Thriller, Comedy","Lello Arena, Maddalena Crippa, Massimo Troisi","No Thanks, Coffee Makes Me Nervous",1982,https://letterboxd.com/film/no-thanks-coffee-makes-me-nervous/
Scorpion with Two Tails,1982,"An archeologist's wife has recurring nightmares about ritual killings in an Etruscan tomb while her husband is away excavating a lost temple. After a phone call where she is forced to listen to him being murdered, she travels to the excavation site to solve the mystery of his death.",Sergio Martino,94 mins,Horror,"Elvire Audray, Paolo Malco, Claudio Cassinelli",Scorpion with Two Tails,1982,https://letterboxd.com/film/scorpion-with-two-tails/
Tenebre,1982,"A razor-wielding serial killer is on the loose, murdering those around Peter Neal, an American mystery author in Italy to promote his newest novel.",Dario Argento,101 mins,"Horror, Mystery, Thriller","Anthony Franciosa, John Saxon, Daria Nicolodi",Tenebre,1982,https://letterboxd.com/film/tenebre/
A Blade in the Dark,1983,"Bruno, an up and coming film composer, has been hired to write the score to a new horror movie. After moving into a secluded villa, life begins to imitate art as a vicious killer starts bumping off anyone and everyone who happens to pay him a visit.",Lamberto Bava,109 mins,"Thriller, Mystery, Horror","Andrea Occhipinti, Anny Papa, Fabiola Toledo",A Blade in the Dark,1983,https://letterboxd.com/film/a-blade-in-the-dark/
Killing of the Flesh,1983,A group of decadent and filthy rich people arrive at the empty hotel where a deceased rich man lived. Soon they are copulating like crazy and the murders begin...,Cesare Canevari,92 mins,"Mystery, Thriller, Horror","Marc Porel, Sonia Otero, Fulvio Ricciardi",Killing of the Flesh,1983,https://letterboxd.com/film/killing-of-the-flesh/
Murder-Rock: Dancing Death,1984,"The world of dance can be brutal. The rehearsals are grueling. The competition is fierce. At the Arts for Living Centre in New York City, the best of the best are dying for a part in a major production. But only a select few will be chosen. The selection process seems to be at the hands of mysterious killer who pierces women's bare breasts with a hatpin, puncturing their hearts. Ambition and jealousy appear to be the motive, which makes everybody a suspect!",Lucio Fulci,93 mins,"Mystery, Horror, Thriller","Olga Karlatos, Ray Lovelock, Cosimo Cinieri",Murder-Rock: Dancing Death,1984,https://letterboxd.com/film/murder-rock-dancing-death/
Dagger Eyes,1983,"After unknowingly coming into possession of an incriminating set of photos, a glamorous call girl in Rome becomes the target of a switchblade-wielding assassin.",Carlo Vanzina,88 mins,"Drama, Thriller, Crime","Carole Bouquet, Duilio Del Prete, John Steiner",Dagger Eyes,1983,https://letterboxd.com/film/dagger-eyes/
Formula for a Murder,1985,"A fitness instructor marries a traumatized, crippled woman who suffers from PTSD and is tormented by a traumatic event that happened in her past. What is even more unfortunate is that her marriage is part of her maniac husband's evil scheme to kill her for her money. It isn't long before the formula is put into action and the gory body count starts to mount.",Alberto De Martino,96 mins,"Horror, Thriller","Christina Nagy, David Warbeck, Carroll Blumenberg",Formula for a Murder,1985,https://letterboxd.com/film/formula-for-a-murder/
Nothing Underneath,1985,"Bob Crane has long maintained a psychic connection to his twin sister, Jessica, who works as a fashion model in Milan. When Bob senses that his sister might be injured or killed, he travels to Italy to look for her, only to discover that she's vanished without a trace. Enlisting the help of about-to-retire Commissioner Danesi, Bob soon finds himself embroiled in a web of mystery and terror, when a scissors wielding killer begins to strike and all clues lead back to Jessica...",Carlo Vanzina,90 mins,"Horror, Crime, Thriller","Tom Schanley, Renée Simonsen, Donald Pleasence",Nothing Underneath,1985,https://letterboxd.com/film/nothing-underneath/
Phenomena,1985,"A young girl, with an amazing ability to communicate with insects, is transferred to an exclusive Swiss boarding school, where her unusual capability might help solve a string of murders.",Dario Argento,115 mins,"Horror, Thriller","Jennifer Connelly, Daria Nicolodi, Fiore Argento",Phenomena,1985,https://letterboxd.com/film/phenomena/
The Killer Is Still Among Us,1986,"During a spree of violent killings, a young woman writing a thesis in criminology begins to suspect that her new boyfriend, who is a forensic pathologist, might be a serial killer.",Camillo Teti,83 mins,"Horror, Mystery, Thriller","Mariangela D'Abbraccio, Riccardo Parisio Perrotti, Giovanni Visentin",The Killer Is Still Among Us,1986,https://letterboxd.com/film/the-killer-is-still-among-us/
You'll Die at Midnight,1986,"A cop suspects his wife's infidelity, only to become the prime suspect when she's murdered. A criminal psychologist believes the real killer is a presumed-dead serial killer, as more murders unfold.",Lamberto Bava,88 mins,"Horror, Mystery, Thriller","Valeria D'Obici, Leonardo Treviglio, Paolo Malco",You'll Die at Midnight,1986,https://letterboxd.com/film/youll-die-at-midnight/
Delirium: Photo of Gioia,1987,"Gioia is a buxom centerfold working for Pussycat magazine. In such a profession, having an admirer or two is expected, but Gioia's admirer is a vicious killer! He murders her fellow magazine models one at a time, using a variety of twisted implements of death. Gioia is the lucky recipient of a collection of photos, each with murdered bodies arranged around posters of her.",Lamberto Bava,94 mins,"Thriller, Mystery, Horror","Serena Grandi, Vanni Corbellini, George Eastman",Delirium: Photo of Gioia,1987,https://letterboxd.com/film/delirium-photo-of-gioia/
Night Ripper,1986,"A string of sex murders has been plaguing Florence for almost 15 years, in which a serial killer brutally murders couples who are sneaking ""a quickie"" in public areas. A writer who is doing research for a book about the crimes sets out to uncover the identity of the killer, aided by his beautiful girlfriend. Based on a true story.",Cesare Ferrario,92 mins,"Horror, Thriller, Crime","Leonard Mann, Bettina Giovannini, Gabriele Tinti",Night Ripper,1986,https://letterboxd.com/film/night-ripper-1986/
Opera,1987,A young opera singer is stalked by a deranged fan bent on killing the people associated with her to claim her for himself.,Dario Argento,107 mins,"Thriller, Horror, Mystery","Cristina Marsillach, Ian Charleson, Urbano Barberini",Opera,1987,https://letterboxd.com/film/opera/
Delitti,1987,A mysterious murderer has already killed seven people using the deadly venom of a snake from Martinique which causes immediate death with the victim's face turning into a horrible mask. A young and ingenious police lieutenant is called on the case,"Giovanna Lenzi, Sergio Pastore",100 mins,"Crime, Horror, Thriller","Saverio Vallone, Michela Miti, Tony Valente",Delitti,1987,https://letterboxd.com/film/delitti/
Sweets from a Stranger,1987,"In Rome, a sadistic serial killer begins stalking and murdering sex workers, leaving the community terrified and the authorities struggling to stop the violence. After several attacks, four women—Lena, Angela, Nadine, and Stella—decide they can’t wait to be the next victims, and band together to protect each other and take a more active role in the search. As police pressure mounts and the women start digging for clues on their own, the hunt turns the city into a tense web of fear, rumors, and suspicion.",Franco Ferrini,91 mins,"Horror, Crime, Thriller","Barbara De Rossi, Marina Suma, Athina Cenci",Sweets from a Stranger,1987,https://letterboxd.com/film/sweets-from-a-stranger/
Stage Fright,1987,"While a group of young actors rehearse a new musical about a mass murderer, a notorious psychopath escapes from a nearby insane asylum.",Michele Soavi,90 mins,Horror,"Barbara Cupisti, David Brandon, Robert Gligorov",Stage Fright,1987,https://letterboxd.com/film/stage-fright-1987/
Crimes and Perfumes,1988,"Eddy is the detective of a general store. His girl is Barbara who works in the same store. Barbara receives a gift, a bottle of scent, and later she dies burned. Police detective Turoni begins to investigate and Eddy, wanting to revenge Barbara, does the same. Another girl, Porzia, is murdered in the same way and Eddy finds out that the motive of the crimes dates back some fifteen years.",Vittorio De Sisti,95 mins,"Horror, Thriller, Comedy","Jerry Calà, Umberto Smaila, Simonetta Gianfelici",Crimes and Perfumes,1988,https://letterboxd.com/film/crimes-and-perfumes/
Obsession: A Taste for Fear,1988,"A photographer's model is found murdered, sparking a police investigation that targets her ex-boyfriend. As more models die and murder videos surface, the true identity of the killer becomes uncertain.",Piccio Raffanini,89 mins,"Horror, Thriller, Science Fiction","Virginia Hey, Gérard Darmon, Gioia Scola",Obsession: A Taste for Fear,1988,https://letterboxd.com/film/obsession-a-taste-for-fear/
Too Beautiful to Die,1988,"A group of high fashion models have been invited to an isolated house to attend a party. As the night wears on, one of the models falls victim to a deadly 'accident,' which sets into motion a series of brutal murders, all traced back to a shocking secret...",Dario Piana,95 mins,"Thriller, Mystery, Horror","François-Eric Gendron, Florence Guérin, Randi Ingerman",Too Beautiful to Die,1988,https://letterboxd.com/film/too-beautiful-to-die/
Phantom of Death,1988,Police Comissioner Datti is investigating the murder of a female doctor whose murderer seems to be a thirty-fivish year old man. Soon another murder follows: Pianist Robert Dominici's girlfriend is found killed. The killer also challenges Datti on the phone and says he can't be caught since he has a secret which makes him invulnerable. In the meantime the clues seems to point in strange directions...,Ruggero Deodato,92 mins,"Thriller, Horror","Michael York, Edwige Fenech, Donald Pleasence",Phantom of Death,1988,https://letterboxd.com/film/phantom-of-death/
Arabella: Black Angel,1989,"An insatiable nymphomaniac with a wheelchair-bound writer husband finds that her lurid exploits rejuvenate his creativity and libido, but soon enough, all of her lovers end up being murdered by an unknown assailant.",Stelvio Massi,86 mins,"Horror, Thriller, Crime","Tinì Cansino, Valentina Visconti, Francesco Casale",Arabella: Black Angel,1989,https://letterboxd.com/film/arabella-black-angel/
Fashion Crimes,1989,"On her way home, a fashion model, Gloria, saw a man fought against a woman and killed her in a strangely noisy room in the old villa where a German Countess named Greta Stella used to live. But when the police Commissioner, who is crazy about fishing, and his dull assistant go to the problematic villa in the next morning, the villa is perceived to have been empty for twenty years and there seems to be nothing criminal left. And then Gloria asks help from a playboy-typed psychiatrist, Gianmarco Contini, who is one of the eight joint-owners of the problematic villa...",Bruno Gaburro,80 mins,"Mystery, Horror","Anthony Franciosa, Miles O'Keeffe, Teresa Leopardi",Fashion Crimes,1989,https://letterboxd.com/film/fashion-crimes/
Eyewitness,1989,"Elisa is the only witness to a savage murder that takes place in a department store after hours. And yet, as a blind woman, she’s unable to visually describe the killer. Soon, the psychopath is after her too, and will stop at nothing to eliminate Elisa… and everyone around her.",Lamberto Bava,95 mins,"Horror, TV Movie","Barbara Cupisti, Stefano Davanzati, Alessio Orano",Eyewitness,1989,https://letterboxd.com/film/eyewitness-1989/
28° minuto,1991,"Thriller inspired by the ""Monster of Florence"" case",Paolo Frajoli,79 mins,Thriller,"Corinne Cléry, Marzio Honorato, Christian Borromeo",28° minuto,1991,https://letterboxd.com/film/28-minuto/
Scandal in Black,1990,"Gianni is a political man with a good career waiting for him. Angela is his wife and she fakes an assault and a rape in a cinema. Eva is Gianni's lover and Angela's friend. Gianni and Eva decide to use the pretext of the assault to kill Angela. Later on Angela is blackmailed by a man who was present at her act. In the background there are Rosy, her maid always present, and a puzzling man who appears and disappears and makes strange phone calls.",Antonio Bonifacio,88 mins,Thriller,"Mirella Banti, Andy J. Forest, Mary Lindstrom",Scandal in Black,1990,https://letterboxd.com/film/scandal-in-black/
Murder in Blue Light,1991,"Top model Starlet works for some of the highest-priced ad campaigns in New York, regularly dropping out of her high-fashion life to secretly turn tricks as Sherry, a dominatrix and role player for men looking to play out their oddest kink while a rash of stabbing murders keeps occurring around her.",Alfonso Brescia,85 mins,"Thriller, Horror","Florence Guérin, David Hess, Brian Peterson",Murder in Blue Light,1991,https://letterboxd.com/film/murder-in-blue-light/
Body Puzzle,1992,A homicide detective realizes that the brutal murders committed by a mysterious serial killer he's after have something to do with the late husband of a beautiful widow.,Lamberto Bava,98 mins,"Thriller, Horror","Joanna Pacula, Tomas Arana, François Montagut",Body Puzzle,1992,https://letterboxd.com/film/body-puzzle/
Circle of Fear,1992,"Michael Woods stars as Tony Giordani, a narcotics agent who learns that his wife has been murdered while he is recuperating from an attack by a mysterious stranger. His boss thinks it's a Mafia vendetta, but Tony follows the clues to an empty house which his wife had been photographing on the day of her murder. There, he finds a burned corpse and several clues leading to the Full Moon Killer, who has been decapitating prostitutes around the city. The owner of the house is an insane countess, whose escape from an asylum leads to yet another murder. Before long, Tony and his partner, Lisa, with whom he is engaged in a passionate affair, find themselves targeted for murder unless they can solve the case.",Aldo Lado,92 mins,Thriller,"Michael Woods, Kay Rush, Annie Girardot",Circle of Fear,1992,https://letterboxd.com/film/circle-of-fear-1992/
The Black Gloves,1992,"Linda Forrester, an FBI agent, is sent to Florence to investigate the trade in stolen works of art and the murderous activities of those involved. She has to work side-by-side with a local police inspector and they soon begin a relationship. Linda takes advantage of the case to immerse herself in the culture of Florence.",Silvio Bandinelli,89 mins,Thriller,"Raven, Teri Weigel, Joey Silvera",The Black Gloves,1992,https://letterboxd.com/film/the-black-gloves-1992/
The Final Scoop,1994,"Marco, a television journalist, reads ""red lies"" on his teletext system in order to gather material on the homosexual world for a story he's working on. Unfortunately, he is implicated in a series of murders in which the victims are all gay. Marco becomes a suspect and is forced to investigate the crimes himself in order to prove his innocence.",Pierfrancesco Campanella,89 mins,"Thriller, Horror, Mystery","Tomas Arana, Gianfranco Jannuzzo, Gioia Scola",The Final Scoop,1994,https://letterboxd.com/film/the-final-scoop/
Private Crimes,1993,"When a prominent businessman is found murdered, an ambitious newspaper reporter and a local police inspector will uncover a bizarre web of small-town corruption, violence and dark secrets.",Sergio Martino,349 mins,Mystery,"Edwige Fenech, Ray Lovelock, Victoria Vera",Private Crimes,1993,https://letterboxd.com/film/private-crimes-1993/
Trauma,1993,A young Romanian woman and a recovering drug addict launch an unlikely investigation after her parents are murdered by a vicious serial killer known as The Headhunter.,Dario Argento,109 mins,"Mystery, Horror, Thriller","Christopher Rydell, Asia Argento, Frederic Forrest",Trauma,1993,https://letterboxd.com/film/trauma-1993/
The Washing Machine,1993,"Three sisters - voluptuous Vida, Maria (nicknamed ""Sissy""), and Ludmilla - live together in a run-down apartment building in Budapest. The sisters all vie for the attentions of Yuri Petkov, a dubious middle-aged pimp who plays them off against each other. One evening, Ludmilla claims to have found Yuri's body stuffed into their washing machine, but when Inspector Stacev arrives to investigate the body has disappeared. The good-looking young inspector attempts to discover the truth but in doing so becomes drawn into the sisters' bizarre sex games...",Ruggero Deodato,90 mins,"Drama, Thriller, Horror","Philippe Caroit, Ilaria Borrelli, Katarzyna Figura",The Washing Machine,1993,https://letterboxd.com/film/the-washing-machine/
Crime of Passion,1994,"Hungary: Callously leaving her handicapped daughter home alone, Sonya meets her lover at a hotel and is later shot to death. At her funeral, the main suspects are all present: Peter, Sonya's estranged husband; Tanya, her sister; and Julia, a business associate. The police inspector is assigned to the case discovers that Peter is sexually involved with both of the aforementioned women. Further murders ensue...",Flavio Mogherini,102 mins,"Thriller, Drama","Serena Grandi, Fabio Testi, Florinda Bolkan",Crime of Passion,1994,https://letterboxd.com/film/crime-of-passion-1994/
The Girl from Cortina,1994,"Vanessa Gravina is vapidly pretty as the heroine, who changes her hair color and hair style in order to escape an abusive painter husband and start a new life. She fakes her death by motorcar accident off a cliff, and the film heads downward from there, as surely as the vehicle plunges towards the Gothic waves-crashing-on-rocks below, set on the Greek island of Hydra.",Giancarlo Ferrando,93 mins,Thriller,"Vanessa Gravina, Isabel Russinova, Stefano Abbati",The Girl from Cortina,1994,https://letterboxd.com/film/the-girl-from-cortina/
The Room Next Door,1994,"Martin Yakobowsky is a brilliant lawyer whose family originally comes from Poland. He is assigned by his legal practice to resolve a contentious case in the prevalently agricultural town in the heart of Iowa, where he was born. After his initial reluctance, due largely to his having cut off all ties with the community of his birthplace, Martin decides to return to the town.",Fabrizio Laurenti,94 mins,"Horror, Thriller, Mystery","Mark Benninghoffen, Thomas Patrick, Wanja Mary Sellers",The Room Next Door,1994,https://letterboxd.com/film/the-room-next-door/
Madness,1994,"Giovanna Dei, a young cartoonist, works on the violent comic strip ""Doctor Dark"". Unfortunately, young women are being killed in the style of the comic strip character and she becomes the main suspect.",Bruno Mattei,83 mins,"Horror, Thriller","Monica Carpanese, Gabriele Gori, Emy Valentino",Madness,1994,https://letterboxd.com/film/madness-1994/
Telephone Murder,1994,"A homicidal maniac known as the 'tail', dressed in a clown mask, raping and killing a number of girls who work in erotic phone lines. The case has been assigned two policewomen, Lorraine and Consuelo, who begins to investigate, by phone sex, where they are to interview the victim's friends. After the second telecommunications operator, is murdered, his mind and Consuelo & Lorraine to take a job at the hot line.",Bruno Mattei,90 mins,Thriller,"Antonio Zequila, Pascal Persiano, Carla Salerno",Telephone Murder,1994,https://letterboxd.com/film/telephone-murder/
The Killer Wore Yellow Shoes,1995,"To inherit a fortune, all Robert has to do is reopen a delapidated theatre and stage ""Hamlet"". Unknown to everyone else, Robert witnessed a murder in that theatre as a child... and the murderer is one of the cast.",Filippo Ottoni,89 mins,Comedy,"Roberto Ciufoli, Francesca Draghetti, Tiziana Foschi",The Killer Wore Yellow Shoes,1995,https://letterboxd.com/film/the-killer-wore-yellow-shoes/
Olga O's Strange Story,1995,"When Olga Roli returns to her birthplace after a nervous breakdown, it quickly becomes much worse for her. Anonymous, threatening phone calls to deal with her as Olga O, her stage name from her time working in a local strip club, soon followed by a near miss with a murderous motorcyclist.",Antonio Bonifacio,94 mins,"Horror, Mystery, Drama","Serena Grandi, Stéphane Ferrara, Florinda Bolkan",Olga O's Strange Story,1995,https://letterboxd.com/film/olga-os-strange-story/
Fatal Frames,1996,"Alex Ritt, a music video director comes to Italy to direct a video for pop sensation Stefania Stella. He soon encounters a mysterious killer who videotapes his victims for the police. As the horrible murders continue, Ritt is unknowingly pushed into the killer's games and he soon becomes a target of the police. The video-killer is on the loose and Ritt must find out the truth before it's too late.",Al Festa,125 mins,"Mystery, Horror","Stefania Stella, Rick Gianasi, David Warbeck",Fatal Frames,1996,https://letterboxd.com/film/fatal-frames/
Squillo,1996,"Maria, a provincial Polish girl, travels to Milan to pay her older sister Eva a surprise visit. The sisters haven't seen each other in seven years and Eva has changed a lot. She lives in a luxurious apartment and dresses in designer clothes. Although she pretends to be an interpreter, Eva is actually a call-girl and, one night, fails to return from an appointment. Maria enquires at the hotel where Eva last worked. Eva's body is soon found. The investigation is conducted by Inspector Messina, a trendy cop. Maria and Messina become an inseparable investigating team. Maria poses as a call-girl in order to reveal her sister's killer and they use mobile phones to keep in touch.",Carlo Vanzina,100 mins,Thriller,"Raz Degan, Jennifer Driver, Paul Freeman",Squillo,1996,https://letterboxd.com/film/squillo-1996/
Mozart Is a Murderer,1999,"When Chiara, a violinist at the conservatory, is brutally murdered after a performance, inspector Maccari is put on the case. Maccari, whose own wife was once murdered by a serial killer, suspect professor Baraldi, the director of the conservatory. But as more fall prey to the killer, Maccari comes to a shocking conclusion...",Sergio Martino,96 mins,"TV Movie, Thriller, Mystery","Enzo De Caro, Daniela Scarlatti, Augusto Fornari",Mozart Is a Murderer,1999,https://letterboxd.com/film/mozart-is-a-murderer/
The Stendhal Syndrome,1996,A young policewoman slowly goes insane while tracking down an elusive serial rapist/killer through Italy when she herself becomes a victim of the brutal man's obsession.,Dario Argento,120 mins,"Thriller, Horror, Mystery","Asia Argento, Thomas Kretschmann, Marco Leonardi",The Stendhal Syndrome,1996,https://letterboxd.com/film/the-stendhal-syndrome/
Almost Blue,2000,"A detective suspects an unreported serial killer is preying on the population of a college town, luring in his victims through online video chats and assuming their identity after the murder.",Alex Infascelli,82 mins,"Thriller, Crime","Lorenza Indovina, Claudio Santamaria, Rolando Ravello",Almost Blue,2000,https://letterboxd.com/film/almost-blue-2000/
Lupo mannaro,2000,"Police chief Romeo becomes convinced that affluent professional Velasco is a serial killer known for mauling his victims with his teeth, but nobody believes him. The investigation slowly turns into a personal challenge between obsessive Romeo and stone-faced Velasco, an individual above suspicion — he murders people not because he has to, but simply because he can.",Antonio Tibaldi,94 mins,"TV Movie, Thriller","Gigio Alberti, Maya Sansa, Bruno Armando",Lupo mannaro,2000,https://letterboxd.com/film/lupo-mannaro/
Sleepless,2001,"An elderly and retired police detective and a young amateur sleuth team up to find a serial killer whom has resumed a killing spree in Turin, Italy after a 17-year hiatus.",Dario Argento,117 mins,"Mystery, Thriller, Horror","Max von Sydow, Stefano Dionisi, Chiara Caselli",Sleepless,2001,https://letterboxd.com/film/sleepless/
Bad Inclination,2003,"When a bloodthirsty serial killer begins murdering women with a carpenter’s set square, the story becomes a media sensation, inspiring kooks from all over the city to attempt to cash in on the publicity.",Pierfrancesco Campanella,95 mins,"Crime, Horror, Thriller","Eva Robin's, Mirca Viola, Florinda Bolkan",Bad Inclination,2003,https://letterboxd.com/film/bad-inclination/
The Card Player,2003,"Policewoman Anna Mari is forced to play a dangerous game with the title serial killer. If she loses, she witnesses the maniac's tortured victims having their throats cut in explicit close-up detail via webcam. She teams up with British cop John Brennan to find out the identity of the murderer.",Dario Argento,103 mins,"Crime, Thriller, Mystery, Horror","Stefania Rocca, Liam Cunningham, Silvio Muccino",The Card Player,2003,https://letterboxd.com/film/the-card-player/
Eyes of Crystal,2004,"While hunting a cultured and vicious psychopath, detective Amaldi faces the physical and moral decay of his city as well as the ghosts of his past.",Eros Puglielli,107 mins,"Thriller, Crime","Luigi Lo Cascio, Lucía Jiménez, José Ángel Egido",Eyes of Crystal,2004,https://letterboxd.com/film/eyes-of-crystal/
The Vanity Serum,2004,A troubled detective investigates the disappearance of junk TV celebrities who hosted the same controversial talk show.,Alex Infascelli,92 mins,"Thriller, Crime, Mystery","Margherita Buy, Barbora Bobuľová, Valerio Mastandrea",The Vanity Serum,2004,https://letterboxd.com/film/the-vanity-serum/
Do You Like Hitchcock?,2005,A nerdy film student and lifelong voyeur begins to believe that two lovely young strangers may have conspired to commit a brutal murder.,Dario Argento,93 mins,"Thriller, Horror, TV Movie, Mystery","Elio Germano, Chiara Conti, Elisabetta Rocchetti",Do You Like Hitchcock?,2005,https://letterboxd.com/film/do-you-like-hitchcock/
La notte del mio primo amore,2006,A teenage girl spending the night at the place of a boy she likes finds herself targeted by a mysterious serial killer who may be the very boy she is with.,Alessandro Pambianco,82 mins,"Thriller, Horror","Giulia Ruffinelli, Luca Bastianello, Valentina Izumi",La notte del mio primo amore,2006,https://letterboxd.com/film/la-notte-del-mio-primo-amore/
Darkness Surrounds Roberta,2008,"Deceit, perversion, and an unseen murderer follow a wealthy socialite through Italy as her mind breaks down into madness.",Giovanni Pianigiani,105 mins,"Crime, Thriller, Mystery, Horror","Yassmin Pucci, Raine Brown, Joe Zaso",Darkness Surrounds Roberta,2008,https://letterboxd.com/film/darkness-surrounds-roberta/
In the Eyes of the Murderer,2009,,Edoardo Margheriti,98 mins,,"Marco Bonetti, Antonio Cupo, Giada D'Auria",In the Eyes of the Murderer,2009,https://letterboxd.com/film/in-the-eyes-of-the-murderer/
Giallo,2009,"In Italy, a woman fears her sister has been kidnapped; Inspector Enzo Avolfi fears it's worse. They team up to rescue her from a sadistic killer known only as Yellow.",Dario Argento,92 mins,"Horror, Thriller, Mystery, Crime","Adrien Brody, Emmanuelle Seigner, Elsa Pataky",Giallo,2009,https://letterboxd.com/film/giallo/
Symphony in Blood Red,2010,"During an analytic session, a psychologist recommends that one of her patients be admitted to a specialist clinic, but this decision unleashes the mysterious individual's latent madness. Abandonment is the key to his delusion, which will lead him to kill once again, as he had done in the past with his first, lost love. So, after disposing of the analyst's body, he decides to continue the ""therapy"" alone with the aid of a small video camera, recording his emotional states in a hallucinatory crescendo.",Luigi Pastore,80 mins,Horror,"Sharon Alessandri, Nikol Brown, Federica Carpico",Symphony in Blood Red,2010,https://letterboxd.com/film/symphony-in-blood-red/
The Last Fashion Show,2011,"The triumph of the designer Federico Marinoni in the world of Milanese fashion was marred by the tragic death of the maison's main model and the designer's muse, Alexandra Larsson, who was hit by a hit-and-run car while on her way to celebrate her consecration as a top model .",Carlo Vanzina,96 mins,"Drama, Horror, Thriller, Mystery","Francesco Montanari, Vanessa Hessler, Richard E. Grant",The Last Fashion Show,2011,https://letterboxd.com/film/the-last-fashion-show/
The Island of the Fallen Angel,2012,"In 1924, a young police commissioner is relocated to a small island near Sicily. Adaptation of Carlo Lucarelli's novel of the same name, directed by Lucarelli himself in his directorial debut, which went unreleased after its lukewarm premiere at the Rome Film Festival.",Carlo Lucarelli,100 mins,"Mystery, Thriller, Horror, History","Giampaolo Morelli, Giuseppe Cederna, Rolando Ravello",The Island of the Fallen Angel,2012,https://letterboxd.com/film/the-island-of-the-fallen-angel/
Tulpa - Demon of Desire,2012,"Lisa Boeri is at the top of her corporate career. At night she frequents the notorious Club Tulpa, owned by a mysterious Tibetan guru. Unshackled from repression and guilt, Lisa will do anything with any stranger to attain a higher consciousness. However, when her lovers start getting murdered in shocking ways, Lisa can’t go to the police because the scandal would impact her day job. Foolishly she tries to unmask the assassin herself, with truly nightmarish consequences.",Federico Zampaglione,84 mins,"Thriller, Horror","Claudia Gerini, Michele Placido, Nuot Arquint",Tulpa - Demon of Desire,2012,https://letterboxd.com/film/tulpa-demon-of-desire/
