Título,Año,Sinopsis,Director(es),Duración,Géneros,Reparto principal,Nombre original,Año original,Enlace
The Shining,1980,"Jack Torrance accepts a caretaker job at the Overlook Hotel, where he, along with his wife Wendy and their son Danny, must live isolated from the rest of the world for the winter. But they aren't prepared for the madness that lurks within.",Stanley Kubrick,144 mins   More at IMDb TMDB  Report this page,"Horror, Thriller","Jack Nicholson, Shelley Duvall, Danny Lloyd",The Shining,1980,https://letterboxd.com/film/the-shining/
The Thing,1982,"A twelve-man team at a remote Antarctic research station discovers an alien buried in the snow for over 100,000 years. Soon unfrozen, the form-changing creature wreaks havoc, creates terror...And becomes one of them.",John Carpenter,109 mins   More at IMDb TMDB  Report this page,"Mystery, Science Fiction, Horror","Kurt Russell, Keith David, Wilford Brimley",The Thing,1982,https://letterboxd.com/film/the-thing/
The Changeling,1980,"After a tragic event happens, composer John Russell moves to Seattle to try to overcome it and build a new and peaceful life in a lonely big house that has been uninhabited for many years. But, soon after, the obscure history of such an old mansion and his own past begin to haunt him.",Peter Medak,105 mins   More at IMDb TMDB  Report this page,Horror,"George C. Scott, Trish Van Devere, Melvyn Douglas",The Changeling,1980,https://letterboxd.com/film/the-changeling/
Angel Heart,1987,"A down-and-out Brooklyn detective is hired to track down a singer on an odyssey that will take him through the desperate streets of Harlem, the smoke-filled jazz clubs of New Orleans, and the swamps of Louisiana and its seedy underworld of voodoo.",Alan Parker,113 mins   More at IMDb TMDB  Report this page,"Horror, Mystery","Mickey Rourke, Robert De Niro, Lisa Bonet",Angel Heart,1987,https://letterboxd.com/film/angel-heart/
The Fly,1986,"When Seth Brundle makes a huge scientific and technological breakthrough in teleportation, he decides to test it on himself. Unbeknownst to him, a common housefly manages to get inside the device and the two become one.",David Cronenberg,96 mins   More at IMDb TMDB  Report this page,"Science Fiction, Horror","Jeff Goldblum, Geena Davis, John Getz",The Fly,1986,https://letterboxd.com/film/the-fly-1986/
Poltergeist,1982,"Upon realizing that something truly evil haunts his home, Steve Freeling calls in a team of parapsychologists to help before it's too late.",Tobe Hooper,114 mins   More at IMDb TMDB  Report this page,Horror,"Craig T. Nelson, JoBeth Williams, Beatrice Straight",Poltergeist,1982,https://letterboxd.com/film/poltergeist/
Evil Dead II,1987,"Ash Williams and his girlfriend Linda find a log cabin in the woods with a voice recording from an archeologist who had recorded himself reciting ancient chants from ""The Book of the Dead."" As they play the recording an evil power is unleashed taking over Linda's body.",Sam Raimi,84 mins   More at IMDb TMDB  Report this page,"Comedy, Fantasy, Horror","Bruce Campbell, Sarah Berry, Dan Hicks",Evil Dead II,1987,https://letterboxd.com/film/evil-dead-ii/
Gremlins,1984,"After receiving an exotic small animal as a Christmas gift, a young man inadvertently breaks three important rules concerning his new pet, which unleashes a horde of malevolently mischievous creatures on a small town.",Joe Dante,106 mins   More at IMDb TMDB  Report this page,"Fantasy, Comedy, Horror","Zach Galligan, Phoebe Cates, Hoyt Axton",Gremlins,1984,https://letterboxd.com/film/gremlins/
Friday the 13th,1980,Camp counselors are stalked and murdered by an unknown assailant while trying to reopen a summer camp that was the site of a child's drowning.,Sean S. Cunningham,95 mins   More at IMDb TMDB  Report this page,Horror,"Adrienne King, Betsy Palmer, Kevin Bacon",Friday the 13th,1980,https://letterboxd.com/film/friday-the-13th/
Child's Play,1988,An innocent-looking doll is inhabited by the soul of a serial killer who refuses to die.,Tom Holland,87 mins   More at IMDb TMDB  Report this page,Horror,"Alex Vincent, Brad Dourif, Catherine Hicks",Child's Play,1988,https://letterboxd.com/film/childs-play/
An American Werewolf in London,1981,"American tourists David and Jack are savaged by an unidentified vicious animal whilst hiking on the Yorkshire Moors. Retiring to the home of a beautiful nurse to recuperate, David soon experiences disturbing changes to his mind and body.",John Landis,97 mins   More at IMDb TMDB  Report this page,"Horror, Comedy","David Naughton, Jenny Agutter, Griffin Dunne",An American Werewolf in London,1981,https://letterboxd.com/film/an-american-werewolf-in-london/
The Evil Dead,1981,"In 1979, a group of college students find a Sumerian Book of the Dead in an old wilderness cabin they've rented for a weekend getaway.",Sam Raimi,85 mins   More at IMDb TMDB  Report this page,Horror,"Bruce Campbell, Ellen Sandweiss, Richard DeManincor",The Evil Dead,1981,https://letterboxd.com/film/the-evil-dead/
The Lost Boys,1987,"When an unsuspecting town newcomer is drawn to local blood fiends, the Frog brothers and other unlikely heroes gear up to rescue him.",Joel Schumacher,97 mins   More at IMDb TMDB  Report this page,"Thriller, Horror, Drama, Comedy, Romance","Jason Patric, Corey Haim, Dianne Wiest",The Lost Boys,1987,https://letterboxd.com/film/the-lost-boys/
Christine,1983,"Nerdy high schooler Arnie Cunningham falls for Christine, a rusty 1958 Plymouth Fury, and becomes obsessed with restoring the classic automobile to her former glory. As the car changes, so does Arnie, whose newfound confidence turns to arrogance behind the wheel of his exotic beauty. Arnie's girlfriend Leigh and best friend Dennis reach out to him, only to be met by a Fury like no other.",John Carpenter,110 mins   More at IMDb TMDB  Report this page,Horror,"Keith Gordon, John Stockwell, Alexandra Paul",Christine,1983,https://letterboxd.com/film/christine-1983/
Videodrome,1983,"As the president of a trashy TV channel, Max Renn is desperate for new programming to attract viewers. When he happens upon ""Videodrome,"" a TV show dedicated to gratuitous torture and punishment, Max sees a potential hit and broadcasts the show on his channel. However, after his girlfriend auditions for the show and never returns, Max investigates the truth behind Videodrome and discovers that the graphic violence may not be as fake as he thought.",David Cronenberg,88 mins   More at IMDb TMDB  Report this page,"Mystery, Science Fiction, Horror","James Woods, Debbie Harry, Sonja Smits",Videodrome,1983,https://letterboxd.com/film/videodrome/
They Live,1988,A lone drifter stumbles upon a unique pair of sunglasses that reveal aliens are systematically gaining control of the Earth by masquerading as humans and lulling the public into submission.,John Carpenter,93 mins   More at IMDb TMDB  Report this page,"Action, Science Fiction","Roddy Piper, Keith David, Meg Foster",They Live,1988,https://letterboxd.com/film/they-live/
Cannibal Holocaust,1980,A New York University professor returns from a rescue mission to the Amazon rainforest with the footage shot by a lost team of documentarians who were making a film about the area's local cannibal tribes.,Ruggero Deodato,96 mins   More at IMDb TMDB  Report this page,Horror,"Robert Kerman, Francesca Ciardi, Perry Pirkanen",Cannibal Holocaust,1980,https://letterboxd.com/film/cannibal-holocaust/
Little Shop of Horrors,1986,"Seymour Krelborn is a nerdy orphan working at Mushnik's; a flower shop in urban Skid Row. He harbors a crush on fellow co-worker, Audrey Fulquard, and is berated by Mr. Mushnik daily. One day, Seymour finds a very mysterious unidentified plant which he calls Audrey II. The plant seems to have a craving for blood and soon begins to sing for his supper.",Frank Oz,94 mins   More at IMDb TMDB  Report this page,"Comedy, Horror","Rick Moranis, Ellen Greene, Vincent Gardenia",Little Shop of Horrors,1986,https://letterboxd.com/film/little-shop-of-horrors/
Hellraiser,1987,"Hedonist Frank Cotton finds a mysterious puzzle box that summons the Cenobites, who open the doors to a dominion where pain and pleasure are indivisible.",Clive Barker,94 mins   More at IMDb TMDB  Report this page,"Thriller, Horror, Fantasy","Clare Higgins, Ashley Laurence, Sean Chapman",Hellraiser,1987,https://letterboxd.com/film/hellraiser/
Critters,1986,"Carnivorous aliens arrive unannounced at a Kansas family farm; two intergalactic bounty hunters soon follow, determined to blow them off the planet.",Stephen Herek,86 mins   More at IMDb TMDB  Report this page,"Comedy, Science Fiction, Horror","Dee Wallace, M. Emmet Walsh, Billy Green Bush",Critters,1986,https://letterboxd.com/film/critters/
Children of the Corn,1984,A traveling couple end up in an abandoned Nebraska town inhabited by a cult of murderous children who worship a demon that lives in the local cornfields.,Fritz Kiersch,92 mins   More at IMDb TMDB  Report this page,"Thriller, Horror","Peter Horton, Linda Hamilton, R.G. Armstrong",Children of the Corn,1984,https://letterboxd.com/film/children-of-the-corn/
A Nightmare on Elm Street Part 2: Freddy's Revenge,1985,"Jesse Walsh moves with his family into the home of the lone survivor from a series of attacks by dream-stalking monster, Freddy Krueger. There, he is bedeviled by nightmares and inexplicably violent impulses.",Jack Sholder,87 mins   More at IMDb TMDB  Report this page,Horror,"Robert Englund, Mark Patton, Kim Myers",A Nightmare on Elm Street Part 2: Freddy's Revenge,1985,https://letterboxd.com/film/a-nightmare-on-elm-street-part-2-freddys-revenge/
The Fog,1980,"Strange things begin to occurs as a tiny California coastal town prepares to commemorate its centenary. Inanimate objects spring eerily to life; Rev. Malone stumbles upon a dark secret about the town's founding; radio announcer Stevie witnesses a mystical fire; and hitchhiker Elizabeth discovers the mutilated corpse of a fisherman. Then a mysterious iridescent fog descends upon the village, and more people start to die.",John Carpenter,90 mins   More at IMDb TMDB  Report this page,Horror,"Adrienne Barbeau, Hal Holbrook, Janet Leigh",The Fog,1980,https://letterboxd.com/film/the-fog/
A Nightmare on Elm Street 3: Dream Warriors,1987,"During a hallucinatory incident, Kristen Parker has her wrists slashed by dream-stalking monster, Freddy Krueger. Her mother, mistaking the wounds for a suicide attempt, sends her to a psychiatric ward, where she joins a group of similarly troubled teens.",Chuck Russell,96 mins   More at IMDb TMDB  Report this page,"Thriller, Fantasy, Horror","Heather Langenkamp, Patricia Arquette, Craig Wasson",A Nightmare on Elm Street 3: Dream Warriors,1987,https://letterboxd.com/film/a-nightmare-on-elm-street-3-dream-warriors/
Bad Taste,1987,"A team from the intergalactic fast food chain Crumb's Crunchy Delights descends on Earth, planning to make human flesh the newest taste sensation. After they wipe out the New Zealand town Kaihoro, the country’s Astro-Investigation and Defense Service (AIaDS) is called in to deal with the problem. Things are complicated due to Giles, an aid worker who comes to Kaihoro the same day to collect change from the residents. He is captured by the aliens, and AIaDS stages a rescue mission that quickly becomes an all-out assault on the aliens’ headquarters.",Peter Jackson,92 mins   More at IMDb TMDB  Report this page,"Action, Comedy, Horror, Science Fiction","Terry Potter, Pete O'Herne, Craig Smith",Bad Taste,1987,https://letterboxd.com/film/bad-taste/
Scanners,1981,"After a man with extraordinary, and frighteningly destructive, telepathic abilities is nabbed by agents from a mysterious rogue corporation, he discovers he is far from the only possessor of such strange powers. Some of the other “scanners” have their minds set on world domination, while others are trying to stop them.",David Cronenberg,103 mins   More at IMDb TMDB  Report this page,"Horror, Science Fiction","Jennifer O'Neill, Stephen Lack, Patrick McGoohan",Scanners,1981,https://letterboxd.com/film/scanners/
Fright Night,1985,"Charley Brewster, a high school student, accidentally discovers the true and creepy nature of Jerry Dandrige, his dashing and enigmatic new neighbor; but no one seems willing to believe him.",Tom Holland,107 mins   More at IMDb TMDB  Report this page,"Comedy, Horror","Chris Sarandon, William Ragsdale, Amanda Bearse",Fright Night,1985,https://letterboxd.com/film/fright-night/
Creepshow,1982,"Five tales in the style of classic '50s horror comics, involving a murdered man emerging from the grave, a meteor's ooze that makes everything grow, a snack for a crated creature, a scheming husband, and a malevolent millionaire with an insect phobia.",George A. Romero,120 mins   More at IMDb TMDB  Report this page,"Comedy, Horror","Hal Holbrook, Adrienne Barbeau, Fritz Weaver",Creepshow,1982,https://letterboxd.com/film/creepshow/
Pet Sematary,1989,"After the Creed family's cat is accidentally killed, a friendly neighbor advises its burial in a mysterious nearby cemetery.",Mary Lambert,102 mins   More at IMDb TMDB  Report this page,"Horror, Drama, Fantasy, Thriller","Dale Midkiff, Fred Gwynne, Denise Crosby",Pet Sematary,1989,https://letterboxd.com/film/pet-sematary/
Re-Animator,1985,"Conducting clandestine experiments within the morgue at Miskatonic University, scientist Herbert West reveals to a fellow graduate student his groundbreaking work concerning the re-animation of fresh corpses.",Stuart Gordon,86 mins   More at IMDb TMDB  Report this page,"Comedy, Horror, Science Fiction","Jeffrey Combs, Bruce Abbott, Barbara Crampton",Re-Animator,1985,https://letterboxd.com/film/re-animator/
Henry: Portrait of a Serial Killer,1986,"Arriving in Chicago, Henry moves in with ex-con acquaintance Otis and starts schooling him in the ways of the serial killer.",John McNaughton,83 mins   More at IMDb TMDB  Report this page,"Thriller, Horror, Drama, Crime","Michael Rooker, Tracy Arnold, Tom Towles",Henry: Portrait of a Serial Killer,1986,https://letterboxd.com/film/henry-portrait-of-a-serial-killer/
Twilight Zone: The Movie,1983,"An anthology film presenting remakes of three episodes from the ""Twilight Zone"" TV series—""Kick the Can"", ""It's a Good Life"" and ""Nightmare at 20,000 Feet""—and one original story, ""Time Out.""",John Landis,102 mins   More at IMDb TMDB  Report this page,"Science Fiction, Horror, Fantasy","Dan Aykroyd, Albert Brooks, Scatman Crothers",Twilight Zone: The Movie,1983,https://letterboxd.com/film/twilight-zone-the-movie/
Day of the Dead,1985,A small group of scientists and soldiers take refuge in an underground missile silo where they struggle to control the flesh-eating dead that walks the Earth above.,George A. Romero,101 mins   More at IMDb TMDB  Report this page,"Mystery, Drama, Horror","Lori Cardille, Terry Alexander, Joseph Pilato",Day of the Dead,1985,https://letterboxd.com/film/day-of-the-dead/
A Nightmare on Elm Street 4: The Dream Master,1988,"Freddy Krueger is resurrected from his apparent demise, and rapidly tracks down and kills the remainder of the Elm Street kids. However, Kristen, who can draw others into her dreams, wills her special ability to her new friend, Alice.",Renny Harlin,93 mins   More at IMDb TMDB  Report this page,"Thriller, Horror","Robert Englund, Rodney Eastman, Danny Hassel",A Nightmare on Elm Street 4: The Dream Master,1988,https://letterboxd.com/film/a-nightmare-on-elm-street-4-the-dream-master/
Jaws 3-D,1983,A giant thirty-five-foot shark becomes trapped in a SeaWorld theme park and it's up to the sons of police chief Brody to rescue everyone.,Joe Alves,99 mins   More at IMDb TMDB  Report this page,"Horror, Thriller","Dennis Quaid, Bess Armstrong, Simon MacCorkindale",Jaws 3-D,1983,https://letterboxd.com/film/jaws-3-d/
The Toxic Avenger,1984,"A gang of thugs devise a cruel hoax that goes horribly wrong as Melvin, a nerdy emaciated janitor at the local health club, is cast through a third story window into a vat of hazardous toxic waste.",Lloyd Kaufman,82 mins   More at IMDb TMDB  Report this page,"Comedy, Science Fiction, Action, Horror","Andree Maranda, Mitch Cohen, Jennifer Prichard",The Toxic Avenger,1984,https://letterboxd.com/film/the-toxic-avenger/
The Entity,1982,"Carla Moran begins experiencing violent attacks by an unseen force. Her psychiatrist, Dr. Phil Sneiderman, believes the events stem from psychological trauma, while Carla becomes increasingly convinced something supernatural is at play.",Sidney J. Furie,125 mins   More at IMDb TMDB  Report this page,"Thriller, Horror, Mystery","Barbara Hershey, Ron Silver, David Labiosa",The Entity,1982,https://letterboxd.com/film/the-entity/
A Nightmare on Elm Street: The Dream Child,1989,"Alice finds the deadly dreams of Freddy Krueger starting once again. This time, the taunting murderer is striking through the sleeping mind of her unborn child.",Stephen Hopkins,90 mins   More at IMDb TMDB  Report this page,"Thriller, Horror","Robert Englund, Lisa Wilcox, Erika Anderson",A Nightmare on Elm Street: The Dream Child,1989,https://letterboxd.com/film/a-nightmare-on-elm-street-the-dream-child/
Prince of Darkness,1987,"A group of graduate students and scientists uncover an ancient canister in an abandoned church, but when they open it, they inadvertently unleash a strange liquid and an evil force on all of humanity.",John Carpenter,102 mins   More at IMDb TMDB  Report this page,Horror,"Donald Pleasence, Lisa Blount, Victor Wong",Prince of Darkness,1987,https://letterboxd.com/film/prince-of-darkness/
Possession,1981,"A young woman left her family for an unspecified reason. The husband determines to find out the truth and starts following his wife. At first, he suspects that a man is involved. But gradually, he finds out more and more strange behaviors and bizarre incidents that indicate something more than a possessed love affair.",Andrzej Żuławski,124 mins   More at IMDb TMDB  Report this page,Horror,"Isabelle Adjani, Sam Neill, Margit Carstensen",Possession,1981,https://letterboxd.com/film/possession/
The Hitcher,1986,"On a stormy night, young Jim, who transports a luxury car from Chicago to California to deliver it to its owner, feeling tired and sleepy, picks up a mysterious hitchhiker, who has appeared out of nowhere, thinking that a good conversation will help him not to fall asleep. He will have enough time to deeply regret such an unmeditated decision.",Robert Harmon,98 mins   More at IMDb TMDB  Report this page,"Horror, Thriller, Action","Rutger Hauer, C. Thomas Howell, Jennifer Jason Leigh",The Hitcher,1986,https://letterboxd.com/film/the-hitcher/
The Hunger,1983,"Five-thousand-year-old vampire Miriam promises her lovers the gift of eternal life. When John, her cellist companion for centuries, discovers that he has suddenly begun growing old, he attempts to seek out the help of Dr. Sarah Roberts, a researcher on the mechanisms of aging.",Tony Scott,96 mins   More at IMDb TMDB  Report this page,"Drama, Horror","Catherine Deneuve, David Bowie, Susan Sarandon",The Hunger,1983,https://letterboxd.com/film/the-hunger/
Jaws: The Revenge,1987,"After another deadly shark attack, Ellen Brody decides she has had enough of New England's Amity Island and moves to the Caribbean to join her son, Michael, and his family. But a great white shark has followed her there, hungry for more lives.",Joseph Sargent,89 mins   More at IMDb TMDB  Report this page,"Adventure, Horror, Thriller","Lorraine Gary, Lance Guest, Mario Van Peebles",Jaws: The Revenge,1987,https://letterboxd.com/film/jaws-the-revenge/
Friday the 13th Part 2,1981,"Five years after the horrible bloodbath at Camp Crystal Lake, new counselors roam the area, not sensing the ominous lurking presence that proves that the grisly legend is real.",Steve Miner,86 mins   More at IMDb TMDB  Report this page,"Thriller, Horror","Ari Lehman, Adrienne King, Betsy Palmer",Friday the 13th Part 2,1981,https://letterboxd.com/film/friday-the-13th-part-2/
The Company of Wolves,1984,"An adaptation of Angela Carter's fairy tales. Young Rosaleen dreams of a village in the dark woods, where Granny tells her cautionary tales in which innocent maidens are tempted by wolves who are hairy on the inside. As Rosaleen grows into womanhood, will the wolves come for her too?",Neil Jordan,95 mins   More at IMDb TMDB  Report this page,"Horror, Fantasy","Sarah Patterson, Angela Lansbury, David Warner",The Company of Wolves,1984,https://letterboxd.com/film/the-company-of-wolves/
Halloween II,1981,"After failing to kill stubborn survivor Laurie and taking a bullet or six from former psychiatrist Dr. Sam Loomis, Michael Myers has followed Laurie to the Haddonfield Memorial Hospital, where she's been admitted for Myers' attempt on her life. The institution proves to be particularly suited to serial killers, however, as Myers cuts, stabs and slashes his way through hospital staff to reach his favorite victim.",Rick Rosenthal,92 mins   More at IMDb TMDB  Report this page,"Thriller, Horror","Jamie Lee Curtis, Donald Pleasence, Charles Cyphers",Halloween II,1981,https://letterboxd.com/film/halloween-ii-1981/
Poltergeist II: The Other Side,1986,"The Freeling family move in with Diane's mother in an effort to escape the trauma and aftermath of Carol Anne's abduction by the Beast. But the Beast is not to be put off so easily and appears in a ghostly apparition as the Reverend Kane, a religious zealot responsible for the deaths of his many followers. His goal is simple - he wants the angelic Carol Anne.",Brian Gibson,91 mins   More at IMDb TMDB  Report this page,"Horror, Thriller","Craig T. Nelson, JoBeth Williams, Heather O'Rourke",Poltergeist II: The Other Side,1986,https://letterboxd.com/film/poltergeist-ii-the-other-side/
The Howling,1981,"After a bizarre and near fatal encounter with a serial killer, a newswoman is sent to a rehabilitation center whose inhabitants may not be what they seem.",Joe Dante,91 mins   More at IMDb TMDB  Report this page,Horror,"Dee Wallace, Patrick Macnee, Dennis Dugan",The Howling,1981,https://letterboxd.com/film/the-howling/
Cujo,1983,"A friendly St. Bernard named ""Cujo"" contracts rabies and conducts a reign of terror on a small American town.",Lewis Teague,93 mins   More at IMDb TMDB  Report this page,"Thriller, Horror","Dee Wallace, Danny Pintauro, Daniel Hugh Kelly",Cujo,1983,https://letterboxd.com/film/cujo/
Critters 2,1988,"Three bounty hunters from space fly back to the town of Grovers Bend, hoping to save local residents from a new batch of Critter eggs.",Mick Garris,86 mins   More at IMDb TMDB  Report this page,"Comedy, Science Fiction, Horror","Scott Grimes, Liane Curtis, Don Keith Opper",Critters 2,1988,https://letterboxd.com/film/critters-2/
The Return of the Living Dead,1985,"When foreman Frank shows new employee Freddy a secret military experiment in a supply warehouse in Louisville, Kentucky, the two klutzes accidentally release a gas that reanimates corpses into flesh-eating zombies. As the epidemic spreads throughout the town, and the creatures satisfy their hunger in gory and outlandish ways, Frank and Freddy fight to survive with the help of their boss and a mysterious mortician.",Dan O'Bannon,91 mins   More at IMDb TMDB  Report this page,"Science Fiction, Comedy, Horror","Clu Gulager, James Karen, Don Calfa",The Return of the Living Dead,1985,https://letterboxd.com/film/the-return-of-the-living-dead/
The Seventh Sign,1988,"Abby is a pregnant woman with a curious new boarder in the apartment over her garage. Turns out he's heaven-sent and is speeding along the Apocalypse by bloodying rivers, egging on plagues and following scripture word for word.",Carl Schultz,97 mins   More at IMDb TMDB  Report this page,"Horror, Thriller, Drama","Demi Moore, Michael Biehn, Jürgen Prochnow",The Seventh Sign,1988,https://letterboxd.com/film/the-seventh-sign/
Friday the 13th Part III,1982,"An idyllic summer turns into a nightmare of unspeakable terror for yet another group of naïve friends. Ignoring Camp Crystal Lake's bloody legacy, one by one they fall victim to the maniacal Jason, who stalks them at every turn...",Steve Miner,95 mins   More at IMDb TMDB  Report this page,"Thriller, Horror","Richard Brooker, Dana Kimmell, Catherine Parks",Friday the 13th Part III,1982,https://letterboxd.com/film/friday-the-13th-part-iii/
Killer Klowns from Outer Space,1988,Aliens disguised as clowns crash land on Earth in a rural town to capture unsuspecting victims in cotton candy cocoons for later consumption.,Stephen Chiodo,86 mins   More at IMDb TMDB  Report this page,"Science Fiction, Comedy, Horror","Grant Cramer, Suzanne Snyder, John Allen Nelson",Killer Klowns from Outer Space,1988,https://letterboxd.com/film/killer-klowns-from-outer-space/
Maximum Overdrive,1986,"When a comet passes close to the earth, machines all over the world come alive and go on homicidal rampages. A group of people at a desolate truck stop are held hostage by a gang of homicidal 18-wheelers. The frightened people set out to defeat the killer machines ... or be killed by them.",Stephen King,97 mins   More at IMDb TMDB  Report this page,"Comedy, Action, Horror, Science Fiction","Emilio Estevez, Pat Hingle, Laura Harrington",Maximum Overdrive,1986,https://letterboxd.com/film/maximum-overdrive/
Anguish,1987,"An ophthalmologist's assistant with an unhealthy interest in human eyeballs goes on a killing spree to collect eyeballs for his overbearing mother's collection. Reality soon takes a bizarre turn, both for the characters and the audience.",Bigas Luna,84 mins   More at IMDb TMDB  Report this page,"Horror, Thriller","Zelda Rubinstein, Michael Lerner, Talia Paul",Anguish,1987,https://letterboxd.com/film/anguish/
Near Dark,1987,A farm boy reluctantly becomes a member of the undead when a girl he meets turns out to be part of a band of vampires who roam the highways in stolen cars.,Kathryn Bigelow,94 mins   More at IMDb TMDB  Report this page,Horror,"Adrian Pasdar, Jenny Wright, Lance Henriksen",Near Dark,1987,https://letterboxd.com/film/near-dark/
Phenomena,1985,"A young girl, with an amazing ability to communicate with insects, is transferred to an exclusive Swiss boarding school, where her unusual capability might help solve a string of murders.",Dario Argento,110 mins   More at IMDb TMDB  Report this page,"Horror, Thriller","Jennifer Connelly, Daria Nicolodi, Fiore Argento",Phenomena,1985,https://letterboxd.com/film/phenomena/
Poltergeist III,1988,"Carol Anne has been sent to live with her Aunt and Uncle in an effort to hide her from the clutches of the ghostly Reverend Kane, but he tracks her down and terrorises her in her relatives' appartment in a tall glass building. Will he finally achieve his target and capture Carol Anne again, or will Tangina be able, yet again, to thwart him?",Gary Sherman,98 mins   More at IMDb TMDB  Report this page,"Thriller, Horror","Tom Skerritt, Nancy Allen, Heather O'Rourke",Poltergeist III,1988,https://letterboxd.com/film/poltergeist-iii/
The Monster Squad,1987,"Count Dracula adjourns to Earth, accompanied by Frankenstein's Monster, the Wolfman, the Mummy, and the Gillman. The uglies are in search of a powerful amulet that will grant them power to rule the world. Our heroes - the Monster Squad are the only ones daring to stand in their way.",Fred Dekker,82 mins   More at IMDb TMDB  Report this page,"Horror, Comedy, Fantasy, Action","André Gower, Robby Kiger, Stephen Macht",The Monster Squad,1987,https://letterboxd.com/film/the-monster-squad/
The Serpent and the Rainbow,1988,"A Harvard anthropologist is sent to Haiti to retrieve a strange powder that is said to have the power to bring human beings back from the dead. In his quest to find the miracle drug, the cynical scientist enters the rarely seen netherworld of walking zombies, blood rites and ancient curses. Based on the true life experiences of Wade Davis and filmed on location in Haiti, it's a frightening excursion into black magic and the supernatural.",Wes Craven,98 mins   More at IMDb TMDB  Report this page,"Thriller, Horror","Bill Pullman, Cathy Tyson, Zakes Mokae",The Serpent and the Rainbow,1988,https://letterboxd.com/film/the-serpent-and-the-rainbow/
Demons,1985,"A group of people are trapped in a West Berlin movie theater infested with ravenous demons who proceed to kill and possess the humans one-by-one, thereby multiplying their numbers.",Lamberto Bava,89 mins   More at IMDb TMDB  Report this page,Horror,"Urbano Barberini, Natasha Hovey, Karl Zinny",Demons,1985,https://letterboxd.com/film/demons/
Santa Sangre,1989,A former circus artist escapes from a mental hospital to rejoin his mother – the leader of a strange religious cult – and is forced to enact brutal murders in her name.,Alejandro Jodorowsky,122 mins   More at IMDb TMDB  Report this page,"Horror, Thriller, Drama","Axel Jodorowsky, Blanca Guerra, Guy Stockwell",Santa Sangre,1989,https://letterboxd.com/film/santa-sangre/
Friday the 13th: The Final Chapter,1984,"After his revival in a hospital morgue, Jason fixes his vengeful attention on the Jarvis family and a group of hitherto carefree teenagers.",Joseph Zito,91 mins   More at IMDb TMDB  Report this page,"Thriller, Horror","Judie Aronson, Kimberly Beck, Joan Freeman",Friday the 13th: The Final Chapter,1984,https://letterboxd.com/film/friday-the-13th-the-final-chapter/
Psycho II,1983,"Norman Bates is declared sane and released from the facility in which he was being held, despite the complaints of Lila Loomis, sister of his most famous victim. Is he really cured, or will he kill again?",Richard Franklin,113 mins   More at IMDb TMDB  Report this page,"Thriller, Mystery, Horror","Anthony Perkins, Vera Miles, Meg Tilly",Psycho II,1983,https://letterboxd.com/film/psycho-ii/
The Hidden,1987,"When average, law-abiding citizens suddenly turn to a life of hedonistic behavior and violent crime, Detective Tom Beck is tasked with helping young FBI agent Lloyd Gallagher determine the cause.",Jack Sholder,96 mins   More at IMDb TMDB  Report this page,"Science Fiction, Thriller, Horror, Action","Kyle MacLachlan, Michael Nouri, Claudia Christian",The Hidden,1987,https://letterboxd.com/film/the-hidden/
Tetsuo: The Iron Man,1989,"A ""metal fetishist"", driven mad by the maggots wriggling in the wound he's made to embed metal into his flesh, runs out into the night and is accidentally run down by a Japanese businessman and his girlfriend. The pair dispose of the corpse in hopes of quietly moving on with their lives. However, the businessman soon finds that he is now plagued by a vicious curse that transforms his flesh into iron.",Shinya Tsukamoto,67 mins   More at IMDb TMDB  Report this page,"Science Fiction, Horror","Tomorowo Taguchi, Shinya Tsukamoto, Kei Fujiwara",Tetsuo: The Iron Man,1989,https://letterboxd.com/film/tetsuo-the-iron-man/
Cat People,1982,"After years of separation, Irena Gallier and her minister brother, Paul, reunite in New Orleans. When zoologists capture a wild panther, Irena is drawn to the cat – and zoo curator Oliver to her. Soon, Paul will have to reveal the family secret: that when sexually aroused, they revert into predatory jungle cats.",Paul Schrader,118 mins   More at IMDb TMDB  Report this page,"Horror, Thriller","Nastassja Kinski, Malcolm McDowell, John Heard",Cat People,1982,https://letterboxd.com/film/cat-people-1982/
The Final Conflict,1981,"Damien Thorn has helped rescue the world from a recession, appearing to be a benign corporate benefactor. When he then becomes U.S. Ambassador to the United Kingdom, Damien fulfills a terrifying biblical prophecy. He also faces his own potential demise as an astronomical event brings about the second coming of Christ.",Graham Baker,108 mins   More at IMDb TMDB  Report this page,"Horror, Thriller, Mystery","Sam Neill, Rossano Brazzi, Don Gordon",The Final Conflict,1981,https://letterboxd.com/film/the-final-conflict/
Halloween 4: The Return of Michael Myers,1988,Michael returns to Haddonfield for Jamie Lloyd – the orphaned daughter of Laurie Strode – and her babysitter Rachel. Can Dr. Loomis stop him before the unholy slaughter reaches his innocent young niece?,Dwight H. Little,88 mins   More at IMDb TMDB  Report this page,"Horror, Thriller","Donald Pleasence, Ellie Cornell, Danielle Harris",Halloween 4: The Return of Michael Myers,1988,https://letterboxd.com/film/halloween-4-the-return-of-michael-myers/
The Fly II,1989,"Martin Brundle, born of the human/fly, is adopted by his father's place of employment (Bartok Inc.) while the employees simply wait for his mutant chromosomes to come out of their dormant state.",Chris Walas,105 mins   More at IMDb TMDB  Report this page,"Science Fiction, Horror","Eric Stoltz, Daphne Zuniga, Lee Richardson",The Fly II,1989,https://letterboxd.com/film/the-fly-ii/
Warlock,1989,"In 17th century New England, witch hunter Giles Redferne captures an evil warlock, but the conjurer eludes death with supernatural help. Flung into the future, the warlock winds up in the 1980s and plans to bring about the end of the world. Redferne follows the enchanter into the modern era and continues his mission, but runs into trouble in such unfamiliar surroundings. With the help of a young woman, can Redferne finally defeat the warlock?",Steve Miner,103 mins   More at IMDb TMDB  Report this page,"Action, Horror, Fantasy","Julian Sands, Lori Singer, Richard E. Grant",Warlock,1989,https://letterboxd.com/film/warlock-1989/
The Texas Chainsaw Massacre 2,1986,A radio host is victimized by the cannibal family as a former Texas marshal hunts them.,Tobe Hooper,100 mins   More at IMDb TMDB  Report this page,"Comedy, Horror","Dennis Hopper, Caroline Williams, Bill Johnson",The Texas Chainsaw Massacre 2,1986,https://letterboxd.com/film/the-texas-chainsaw-massacre-2/
Halloween III: Season of the Witch,1982,"A terrified toy salesman is mysteriously attacked, and at the hospital, babbles and clutches the year's most popular Halloween costume, an eerie pumpkin mask. Suddenly, Doctor Daniel Challis finds himself thrust into a terrifying nightmare.",Tommy Lee Wallace,99 mins   More at IMDb TMDB  Report this page,"Horror, Science Fiction","Tom Atkins, Stacey Nelkin, Dan O'Herlihy",Halloween III: Season of the Witch,1982,https://letterboxd.com/film/halloween-iii-season-of-the-witch/
Hellbound: Hellraiser II,1988,"Confined to a mental hospital, young Kirsty Cotton insists her supposedly dead father is stuck in hell, controlled by sadomasochistic demons after being betrayed by his evil, occult-obsessed wife, Julia. Few believe Kirsty, except the thrill-seeking Dr. Channard, who is intrigued by the young woman's lurid stories. So when Kirsty and fellow patient Tiffany head to hell for a rescue, Channard and Julia are close behind.",Tony Randel,97 mins   More at IMDb TMDB  Report this page,"Horror, Thriller, Fantasy","Ashley Laurence, Clare Higgins, Kenneth Cranham",Hellbound: Hellraiser II,1988,https://letterboxd.com/film/hellbound-hellraiser-ii/
In a Glass Cage,1986,"A mysterious teenager named Ángelo cares for Klaus, a German doctor with a dark past who lives trapped in an iron lung.",Agustí Villaronga,112 mins   More at IMDb TMDB  Report this page,"Horror, Drama, Thriller","Günter Meisner, David Sust, Marisa Paredes",In a Glass Cage,1986,https://letterboxd.com/film/in-a-glass-cage/
Lifeforce,1985,A space shuttle mission investigating Halley's Comet brings back a malevolent race of space vampires who transform most of London's population into zombies. The only survivor of the expedition and British authorities attempt to capture a mysterious but beautiful alien woman who appears responsible.,Tobe Hooper,102 mins   More at IMDb TMDB  Report this page,"Action, Science Fiction, Horror","Steve Railsback, Peter Firth, Frank Finlay",Lifeforce,1985,https://letterboxd.com/film/lifeforce/
The Blob,1988,"In Arborville, California, three high school students try to protect their hometown from a gelatinous alien life form that engulfs everything it touches.",Chuck Russell,95 mins   More at IMDb TMDB  Report this page,"Science Fiction, Horror","Shawnee Smith, Kevin Dillon, Donovan Leitch",The Blob,1988,https://letterboxd.com/film/the-blob-1988/
House,1985,"Roger Cobb, a divorced horror novelist coming to terms with the disappearance of his young son, inherits an old mansion home to malevolent supernatural residents.",Steve Miner,92 mins   More at IMDb TMDB  Report this page,"Fantasy, Horror, Comedy","William Katt, George Wendt, Richard Moll",House,1985,https://letterboxd.com/film/house-1985/
Piranha II: The Spawning,1982,"A scuba diving instructor, her biochemist boyfriend, and her police chief ex-husband try to link a series of bizarre deaths to a mutant strain of piranha fish whose lair is a sunken freighter ship off a Caribbean island resort.",James Cameron,84 mins   More at IMDb TMDB  Report this page,Horror,"Tricia O'Neil, Steve Marachuk, Lance Henriksen",Piranha II: The Spawning,1982,https://letterboxd.com/film/piranha-ii-the-spawning/
Flowers in the Attic,1987,"After the death of her husband, a mother takes her kids off to live with their grandparents in a huge, decrepit old mansion. However, the kids are kept hidden in a room just below the attic, visited only by their mother who becomes less and less concerned about them and their failing health, and more concerned about herself and the inheritence she plans to win back from her dying father.",Jeffrey Bloom,93 mins   More at IMDb TMDB  Report this page,"Mystery, Thriller, Drama, Horror","Louise Fletcher, Victoria Tennant, Kristy Swanson",Flowers in the Attic,1987,https://letterboxd.com/film/flowers-in-the-attic/
Friday the 13th: A New Beginning,1985,"Homicidal maniac Jason returns from the grave to cause more bloody mayhem. Young Tommy may have escaped from Crystal Lake, but he’s still haunted by the gruesome events that happened there. When gory murders start happening at the secluded halfway house for troubled teens where he now lives, it seems like his nightmarish nemesis, Jason, is back for more sadistic slaughters.",Danny Steinmann,92 mins   More at IMDb TMDB  Report this page,"Thriller, Horror","Tiffany Helm, John Shepherd, Juliette Cummins",Friday the 13th: A New Beginning,1985,https://letterboxd.com/film/friday-the-13th-a-new-beginning/
Dead & Buried,1981,"After a series of gory murders commited by mobs of townspeople against visiting tourists, the corpses appear to be coming back to life and living normally as locals in the small town.",Gary Sherman,94 mins   More at IMDb TMDB  Report this page,"Mystery, Horror","James Farentino, Melody Anderson, Jack Albertson",Dead & Buried,1981,https://letterboxd.com/film/dead-buried/
Elvira: Mistress of the Dark,1988,"Arriving in the small town of Fallwell, Massachusetts to claim her inheritance, horror hostess Elvira receives a less than enthusiastic reception from the conservative locals -- amongst them, her sinister uncle Vincent, who, unbeknownst to her, is an evil warlock.",James Signorelli,96 mins   More at IMDb TMDB  Report this page,"Fantasy, Comedy, Horror","Cassandra Peterson, William Morgan Sheppard, Daniel Greene",Elvira: Mistress of the Dark,1988,https://letterboxd.com/film/elvira-mistress-of-the-dark/
Friday the 13th Part VI: Jason Lives,1986,"Tommy Jarvis, tormented by the fear that maybe Jason isn't really dead, unwittingly resurrects the mass murderer for another bloody rampage.",Tom McLoughlin,86 mins   More at IMDb TMDB  Report this page,"Thriller, Horror","Thom Mathews, Jennifer Cooke, Darcy DeMoss",Friday the 13th Part VI: Jason Lives,1986,https://letterboxd.com/film/friday-the-13th-part-vi-jason-lives/
Halloween 5: The Revenge of Michael Myers,1989,"One year later, Michael Myers' traumatized young niece is horrified to discover she has a telepathic bond with her evil uncle... and that he is on the way back to Haddonfield to begin the carnage again.",Dominique Othenin-Girard,98 mins   More at IMDb TMDB  Report this page,"Horror, Thriller","Donald Pleasence, Danielle Harris, Ellie Cornell",Halloween 5: The Revenge of Michael Myers,1989,https://letterboxd.com/film/halloween-5-the-revenge-of-michael-myers/
Friday the 13th Part VIII: Jason Takes Manhattan,1989,"Jason ships out aboard a teen-filled ""love boat"" bound for New York, which he soon transforms into the ultimate voyage of the damned.",Rob Hedden,100 mins   More at IMDb TMDB  Report this page,"Horror, Thriller","Jensen Daggett, Sharlene Martin, Scott Reeves",Friday the 13th Part VIII: Jason Takes Manhattan,1989,https://letterboxd.com/film/friday-the-13th-part-viii-jason-takes-manhattan/
Night of the Creeps,1986,"In 1959, an alien experiment crashes to earth and infects a fraternity member. They freeze the body, but in the modern day, two geeks pledging a fraternity accidentally thaw the corpse, which proceeds to infect the campus with parasites that transform their hosts into killer zombies.",Fred Dekker,88 mins   More at IMDb TMDB  Report this page,"Science Fiction, Horror, Comedy","Jason Lively, Steve Marshall, Jill Whitlow",Night of the Creeps,1986,https://letterboxd.com/film/night-of-the-creeps/
Friday the 13th Part VII: The New Blood,1988,"Tina Shepard, a telekinetic teenage girl, accidentally unchains Jason from his watery grave, allowing him to go on another killing spree in the area.",John Carl Buechler,88 mins   More at IMDb TMDB  Report this page,"Horror, Thriller","Lar Park Lincoln, Kane Hodder, Terry Kiser",Friday the 13th Part VII: The New Blood,1988,https://letterboxd.com/film/friday-the-13th-part-vii-the-new-blood/
Inferno,1980,A young man returns from Rome to his sister's satanic New York apartment house.,Dario Argento,107 mins   More at IMDb TMDB  Report this page,"Horror, Thriller","Leigh McCloskey, Irene Miracle, Eleonora Giorgi",Inferno,1980,https://letterboxd.com/film/inferno-1980/
Vampire's Kiss,1988,A publishing executive is visited and bitten by a vampire and starts exhibiting erratic behavior. He pushes his secretary to extremes as he tries to come to terms with his affliction.,Robert Bierman,103 mins   More at IMDb TMDB  Report this page,"Fantasy, Horror, Comedy, Crime","Nicolas Cage, María Conchita Alonso, Jennifer Beals",Vampire's Kiss,1988,https://letterboxd.com/film/vampires-kiss/
Tenebre,1982,"A razor-wielding serial killer is on the loose, murdering those around Peter Neal, an American mystery author in Italy to promote his newest novel.",Dario Argento,101 mins   More at IMDb TMDB  Report this page,"Thriller, Horror, Mystery","Anthony Franciosa, John Saxon, Daria Nicolodi",Tenebre,1982,https://letterboxd.com/film/tenebre/
The House by the Cemetery,1981,"After a doctor kills his mistress and himself while researching the mysterious previous owner of his Boston home, his colleague, Dr. Norman Boyle, takes over his studies and moves his family into the Boston mansion. Soon after, Boyle's young son Bob becomes plagued by visions of a young girl, who warns him of the danger within the house.",Lucio Fulci,87 mins   More at IMDb TMDB  Report this page,"Horror, Mystery","Catriona MacColl, Paolo Malco, Ania Pieroni",The House by the Cemetery,1981,https://letterboxd.com/film/the-house-by-the-cemetery/
Cat's Eye,1985,"Three short stories linked by a stray cat that roams from one tale to the next, in this creepy triptych that begins as Dick tries to quit smoking by any means necessary. Next, we meet Johnny, an adulterous man who's forced by his lover's husband onto a building's hazardous ledge. Finally, Amanda is threatened by an evil gnome who throws suspicion on the family cat.",Lewis Teague,94 mins   More at IMDb TMDB  Report this page,"Thriller, Horror","Drew Barrymore, James Woods, Alan King",Cat's Eye,1985,https://letterboxd.com/film/cats-eye/
Return of the Living Dead III,1993,"Having recently witnessed the horrific results of a top secret project to bring the dead back to life, a distraught teenager performs the operation on his girlfriend after she's killed in a motorcycle accident.",Brian Yuzna,97 mins   More at IMDb TMDB  Report this page,"Horror, Romance","Melinda Clarke, J. Trevor Edmond, Kent McCord",Return of the Living Dead III,1993,https://letterboxd.com/film/return-of-the-living-dead-iii/
Basket Case,1982,"A young man carrying a big basket that contains his extremely deformed, formerly conjoined twin brother seeks vengeance on the doctors who separated them against their will.",Frank Henenlotter,91 mins   More at IMDb TMDB  Report this page,"Comedy, Horror","Kevin Van Hentenryck, Terri Susan Smith, Beverly Bonner",Basket Case,1982,https://letterboxd.com/film/basket-case/
Firestarter,1984,"Charlene ""Charlie"" McGee has the amazing ability to start fires with just a glance. Can her psychic power and the love of her father save her from the threatening government agency which wants to destroy her?",Mark L. Lester,115 mins   More at IMDb TMDB  Report this page,"Horror, Science Fiction, Thriller","David Keith, Drew Barrymore, Freddie Jones",Firestarter,1984,https://letterboxd.com/film/firestarter/
Monkey Shines,1988,"A quadriplegic man is given a trained monkey help him with every day activities, until the little monkey begins to develop feelings, and rage, against its new master and those who get too close to him.",George A. Romero,113 mins   More at IMDb TMDB  Report this page,"Science Fiction, Drama, Horror, Thriller","Jason Beghe, John Pankow, Kate McNeil",Monkey Shines,1988,https://letterboxd.com/film/monkey-shines/
The Believers,1987,"Mourning the accidental death of his wife and having just moved to New York with his young son, laconic police psychologist Cal Jamison is reluctantly drawn into a series of grisly, ritualistic murders involving the immolation of two youths.",John Schlesinger,114 mins   More at IMDb TMDB  Report this page,"Mystery, Thriller, Horror","Martin Sheen, Helen Shaver, Harley Cross",The Believers,1987,https://letterboxd.com/film/the-believers/
Psycho III,1986,"When Maureen Coyle, a suicidal nun who resembles Norman's former victim, Marion Crane, arrives at the motel, all bets are off and ""Mother"" is less than happy.",Anthony Perkins,93 mins   More at IMDb TMDB  Report this page,"Thriller, Mystery, Horror","Anthony Perkins, Diana Scarwid, Jeff Fahey",Psycho III,1986,https://letterboxd.com/film/psycho-iii/
Sleepaway Camp,1983,"After a terrible boating accident, Angela Baker is sent to Camp Arawak, where a series of bizarre and violent ""accidents"" begin to claim the lives of various campers.",Robert Hiltzik,84 mins   More at IMDb TMDB  Report this page,Horror,"Felissa Rose, Jonathan Tiersten, Karen Fields",Sleepaway Camp,1983,https://letterboxd.com/film/sleepaway-camp/
Silver Bullet,1985,"The small city of Tarker's Mills is startled by a series of sadistic murders. The population fears the work of a manic, but sightings of a mysterious, hairy creature soon spread. People lock themselves up at night, but there's one boy who's still outside…",Daniel Attias,95 mins   More at IMDb TMDB  Report this page,Horror,"Gary Busey, Everett McGill, Tovah Feldshuh",Silver Bullet,1985,https://letterboxd.com/film/silver-bullet/
The Beyond,1981,"A young woman inherits an old hotel in Louisiana where, following a series of supernatural ""accidents"", she learns that the building was built over one of the entrances to Hell.",Lucio Fulci,88 mins   More at IMDb TMDB  Report this page,Horror,"Catriona MacColl, David Warbeck, Cinzia Monreale",The Beyond,1981,https://letterboxd.com/film/the-beyond/
Haunted Honeymoon,1986,"Radio personalities Larry Abbot and Vickie Pearle are stars of a mystery show. Since they announced their engagement, Larry has been plagued by speech problems and, seeking out an unconventional cure, he returns to his boyhood home, a mansion in the countryside, bringing Vickie along. Larry reunites with numerous family members, but discovers that there are sinister things afoot within the walls of the creepy estate.",Gene Wilder,82 mins   More at IMDb TMDB  Report this page,"Comedy, Horror, Mystery","Gene Wilder, Gilda Radner, Dom DeLuise",Haunted Honeymoon,1986,https://letterboxd.com/film/haunted-honeymoon/
The Hand,1981,"Jon Lansdale is a comic book artist who loses his right hand in a car accident. The hand was not found at the scene of the accident, but it soon returns by itself to follow Jon around, and murder those who anger him.",Oliver Stone,104 mins   More at IMDb TMDB  Report this page,"Thriller, Horror","Michael Caine, Andrea Marcovicci, Annie McEnroe",The Hand,1981,https://letterboxd.com/film/the-hand-1981/
Ghoulies,1985,"A young man and his girlfriend move into the man's old mansion home, where he becomes possessed by a need to control ancient demons.",Luca Bercovici,81 mins   More at IMDb TMDB  Report this page,"Comedy, Horror, Fantasy","Peter Liapis, Lisa Pelikan, Michael Des Barres",Ghoulies,1985,https://letterboxd.com/film/ghoulies/
Ghoulies II,1987,"Ghoulies II picks up a short time after the first movie, a few of the little nasties stow away on an amusement park ride and bring big bucks to a dying fair. The creatures are mad after an attempt to kill them, so the creatures go on a rampage through the fairgrounds, ultimately leading to an explosive conclusion!",Albert Band,90 mins   More at IMDb TMDB  Report this page,"Horror, Comedy","Damon Martin, Royal Dano, Phil Fondacaro",Ghoulies II,1987,https://letterboxd.com/film/ghoulies-ii/
Invaders from Mars,1986,A boy tries to stop aliens who have taken over his town and are attempting to brainwash its inhabitants.,Tobe Hooper,100 mins   More at IMDb TMDB  Report this page,"Horror, Science Fiction","Hunter Carson, Karen Black, Timothy Bottoms",Invaders from Mars,1986,https://letterboxd.com/film/invaders-from-mars-1986/
The Funhouse,1981,"Rebellious teen Amy defies her parents by going to a trashy carnival that has pulled into town. In tow are her boyfriend, Buzz, and their friends Liz and Richie. Thinking it would be fun to spend the night in the campy ""Funhouse"" horror ride, the teens witness a murder by a deformed worker wearing a mask. Locked in, Amy and her friends must evade the murderous carnival workers and escape before it leaves town the next day.",Tobe Hooper,96 mins   More at IMDb TMDB  Report this page,Horror,"Elizabeth Berridge, Cooper Huckabee, Kevin Conway",The Funhouse,1981,https://letterboxd.com/film/the-funhouse/
Shocker,1989,"About to be electrocuted for a catalog of heinous crimes, the unrepentant Horace Pinker transforms into a terrifying energy source. Only young athlete Jonathan Parker, with an uncanny connection to him through bizarre dreams, can fight the powerful demon.",Wes Craven,111 mins   More at IMDb TMDB  Report this page,"Thriller, Horror","Michael Murphy, Mitch Pileggi, Peter Berg",Shocker,1989,https://letterboxd.com/film/shocker/
Fright Night Part 2,1988,"After three years of therapy Charley Brewster, now a college student, is convinced that Jerry Dandridge was a serial killer posing as a vampire. But when Regine, a mysterious actress and her entourage move into Peter Vincent's apartment block, the nightmare starts again - and this time it's personal!",Tommy Lee Wallace,104 mins   More at IMDb TMDB  Report this page,"Comedy, Horror","Roddy McDowall, William Ragsdale, Traci Lind",Fright Night Part 2,1988,https://letterboxd.com/film/fright-night-part-2/
Maniac Cop,1988,"Innocent people are brutally killed on the streets of New York by a uniformed police officer. A young cop, Jack Forrest, finds himself marked as the chief suspect after his wife is murdered.",William Lustig,85 mins   More at IMDb TMDB  Report this page,"Horror, Crime, Mystery, Action","Tom Atkins, Bruce Campbell, Laurene Landon",Maniac Cop,1988,https://letterboxd.com/film/maniac-cop/
Leviathan,1989,Underwater deep-sea miners encounter a Soviet wreck and bring back a dangerous cargo to their base on the ocean floor with horrifying results. The crew of the mining base must fight to survive against a genetic mutation that hunts them down one by one.,George P. Cosmatos,98 mins   More at IMDb TMDB  Report this page,"Thriller, Science Fiction, Adventure, Horror","Peter Weller, Richard Crenna, Amanda Pays",Leviathan,1989,https://letterboxd.com/film/leviathan/
Pieces,1982,A frustrated Boston detective searches for the maniac responsible for mutilating a number of university coeds.,Juan Piquer Simón,85 mins   More at IMDb TMDB  Report this page,"Horror, Thriller","Christopher George, Lynda Day George, Frank Braña",Pieces,1982,https://letterboxd.com/film/pieces/
Angst,1983,"A killer is released from prison and breaks into a remote home to kill a woman, her handicapped son and her pretty daughter.",Gerald Kargl,75 mins   More at IMDb TMDB  Report this page,"Thriller, Horror, Crime","Erwin Leder, Robert Hunger-Bühler, Silvia Rabenreither",Angst,1983,https://letterboxd.com/film/angst/
From Beyond,1986,"The Resonator, a powerful machine that can control the sixth sense, has killed its creator and sent his associate into an insane asylum. When a beautiful psychiatrist becomes determined to continue the experiment, she unwittingly opens the door to a hostile parallel universe.",Stuart Gordon,85 mins   More at IMDb TMDB  Report this page,"Science Fiction, Horror","Jeffrey Combs, Barbara Crampton, Ken Foree",From Beyond,1986,https://letterboxd.com/film/from-beyond/
Society,1989,Bill Whitney is worried that he is different to his sister and parents. They mix with other upper-class people while Bill is more down to earth. Even his girlfriend seems a bit odd. All is revealed when Bill returns home to find a party in full swing.,Brian Yuzna,100 mins   More at IMDb TMDB  Report this page,"Comedy, Horror, Mystery","Billy Warlock, Connie Danese, Ben Slack",Society,1989,https://letterboxd.com/film/society/
Swamp Thing,1982,"Mutated by his own secret formula, Dr. Alec Holland becomes Swamp Thing; a half-human, half-plant superhero who will stop at nothing to rescue government agent Alice Cable and defeat his evil arch nemesis...Even if it costs him his life.",Wes Craven,93 mins   More at IMDb TMDB  Report this page,"Science Fiction, Horror","Louis Jourdan, Adrienne Barbeau, Ray Wise",Swamp Thing,1982,https://letterboxd.com/film/swamp-thing/
Night of the Comet,1984,"After a comet wipes out most of life on Earth, two Valley Girls find themselves fighting against cannibal zombies and a sinister group of scientists.",Thom Eberhardt,95 mins   More at IMDb TMDB  Report this page,"Science Fiction, Comedy, Horror","Catherine Mary Stewart, Robert Beltran, Kelli Maroney",Night of the Comet,1984,https://letterboxd.com/film/night-of-the-comet/
Prom Night,1980,"At a high school senior prom, a masked killer stalks four teenagers who were responsible for the accidental death of a classmate six years prior.",Paul Lynch,93 mins   More at IMDb TMDB  Report this page,"Thriller, Mystery, Horror","Leslie Nielsen, Jamie Lee Curtis, Casey Stevens",Prom Night,1980,https://letterboxd.com/film/prom-night/
Dolls,1986,"A precocious girl, her nasty parents, two punk-rock losers and a weak-kneed salesman inadvertently become the guests of two ghoulish senior citizens in their dark, haunted mansion.",Stuart Gordon,77 mins   More at IMDb TMDB  Report this page,"Fantasy, Horror","Ian Patrick Williams, Carolyn Purdy-Gordon, Carrie Lorraine",Dolls,1986,https://letterboxd.com/film/dolls/
Slugs,1988,"People are dying mysteriously and gruesomely, and nobody has a clue what the cause is. Only health worker Mike Brady has a possible solution, but his theory of killer slugs is laughed at by the authorities. Only when the body count begins to rise and a slug expert from England begins snooping around does it begin to look like Mike had the right idea after all.",Juan Piquer Simón,89 mins   More at IMDb TMDB  Report this page,Horror,"Michael Garfield, Kim Terry, Philip MacHale",Slugs,1988,https://letterboxd.com/film/slugs/
Nekromantik,1988,"A necrophilic street sweeper who cleans up after grisly accidents brings home a corpse for him and his girlfriend to enjoy sexually, but is dismayed to see that she prefers the corpse over him.",Jörg Buttgereit,71 mins   More at IMDb TMDB  Report this page,"Drama, Horror","Beatrice Manowski, Harald Lundt, Colloseo Schulzendorf",Nekromantik,1988,https://letterboxd.com/film/nekromantik/
Terror Train,1980,A masked killer targets six college kids responsible for a prank gone wrong three years earlier and who are currently throwing a large New Year's Eve costume party aboard a moving train.,Roger Spottiswoode,97 mins   More at IMDb TMDB  Report this page,"Thriller, Horror","Jamie Lee Curtis, Ben Johnson, Hart Bochner",Terror Train,1980,https://letterboxd.com/film/terror-train/
Phantasm II,1988,"Mike, after his release from a psychiatric hospital, teams up with his old pal Reggie to hunt down the Tall Man, who is at it again. A mysterious, beautiful girl has also become part of Mike's dreams, and they must find her before the Tall Man does.",Don Coscarelli,97 mins   More at IMDb TMDB  Report this page,"Horror, Action, Thriller, Science Fiction","James Le Gros, Reggie Bannister, Angus Scrimm",Phantasm II,1988,https://letterboxd.com/film/phantasm-ii/
Surf Nazis Must Die,1987,"When a Black oil well worker is killed by a band of California neo-Nazis, his gun-wielding grandmother busts out of her retirement home to avenge him.",Peter George,81 mins   More at IMDb TMDB  Report this page,"Comedy, Action, Horror","Gail Neely, Robert Harden, Barry Brenner",Surf Nazis Must Die,1987,https://letterboxd.com/film/surf-nazis-must-die/
City of the Living Dead,1980,"A woman seemingly dies of fright after participating in a séance where she sees a vision of a Dunwich priest hanging himself in a church cemetery. New York City reporter Peter Bell investigates and learns that the priest's suicide has somehow opened a portal to Hell and must be sealed by All Saints Day, or else the dead will overtake humanity.",Lucio Fulci,93 mins   More at IMDb TMDB  Report this page,Horror,"Christopher George, Catriona MacColl, Carlo De Mejo",City of the Living Dead,1980,https://letterboxd.com/film/city-of-the-living-dead/
Once Bitten,1985,"Mark wants to lose his virginity, but his girlfriend wants to wait. Unfortunately for both of them, a 400-year-old vampire Countess needs to turn a virgin into a vampire before Halloween in order to preserve her own youthful appearance, and when she finds Mark, she turns his life upside-down.",Howard Storm,94 mins   More at IMDb TMDB  Report this page,"Romance, Comedy, Horror","Jim Carrey, Lauren Hutton, Karen Kopins",Once Bitten,1985,https://letterboxd.com/film/once-bitten-1985/
The Gate,1987,"Three young children accidentally release a horde of nasty, pint-sized demons from a hole in a suburban backyard. What follows is a classic battle between good and evil as the three kids struggle to overcome a nightmarish hell that is literally taking over the Earth.",Tibor Takács,86 mins   More at IMDb TMDB  Report this page,"Horror, Fantasy","Stephen Dorff, Christa Denton, Louis Tripp",The Gate,1987,https://letterboxd.com/film/the-gate/
The Stuff,1985,"Amalgamated Dairies hires David Rutherford, an FBI man turned industrial saboteur, to investigate a popular new product called “the Stuff,” a new dessert product that is blowing ice cream sales out of the water. Nobody knows how it’s made or what’s in it, but people are lining up to buy it. It's got a delicious flavor to die for!",Larry Cohen,86 mins   More at IMDb TMDB  Report this page,"Horror, Comedy, Science Fiction","Michael Moriarty, Andrea Marcovicci, Garrett Morris",The Stuff,1985,https://letterboxd.com/film/the-stuff/
My Bloody Valentine,1981,"Twenty years after a Valentine's Day tragedy claimed the lives of five miners, Harry Warden returns for a vengeful massacre among teen sweethearts gearing up for another party.",George Mihalka,90 mins   More at IMDb TMDB  Report this page,"Thriller, Horror","Paul Kelman, Lori Hallier, Neil Affleck",My Bloody Valentine,1981,https://letterboxd.com/film/my-bloody-valentine/
Demons 2,1986,A group of tenants and visitors are trapped in a 10-story high-rise apartment building infested with demons who proceed to hunt the dwindling humans down.,Lamberto Bava,91 mins   More at IMDb TMDB  Report this page,Horror,"David Edwin Knight, Nancy Brilli, Coralina Cataldi-Tassoni",Demons 2,1986,https://letterboxd.com/film/demons-2/
Maniac,1980,"A psychotic man, troubled by his childhood abuse, loose in NYC, kills young women and local girl American models and takes their scalps as trophies.",William Lustig,88 mins   More at IMDb TMDB  Report this page,Horror,"Joe Spinell, Caroline Munro, Abigail Clayton",Maniac,1980,https://letterboxd.com/film/maniac-1980/
Opera,1987,A young opera singer is stalked by a deranged fan bent on killing the people associated with her to claim her for himself.,Dario Argento,107 mins   More at IMDb TMDB  Report this page,"Thriller, Crime, Horror","Cristina Marsillach, Ian Charleson, Urbano Barberini",Opera,1987,https://letterboxd.com/film/opera/
The New York Ripper,1982,A burned-out New York police detective teams up with a college psychoanalyst to track down a vicious serial killer randomly stalking and killing various young women around the city.,Lucio Fulci,93 mins   More at IMDb TMDB  Report this page,"Crime, Mystery, Horror, Thriller","Jack Hedley, Almanta Suska, Howard Ross",The New York Ripper,1982,https://letterboxd.com/film/the-new-york-ripper/
The Toxic Avenger Part II,1989,"Melvin Junko was a nerdy weakling until he fell into a vat of toxic waste, turning him into the first ever superhuman creature from New Jersey. This time, he takes on Tokyo.",Michael Herz,95 mins   More at IMDb TMDB  Report this page,"Horror, Science Fiction, Action, Comedy","Ron Fazio, John Altamura, Phoebe Legere",The Toxic Avenger Part II,1989,https://letterboxd.com/film/the-toxic-avenger-part-ii/
Men Behind the Sun,1988,"The film is a graphic depiction of the war atrocities committed by the Japanese at Unit 731, the secret biological weapons experimentation unit of the Imperial Japanese Army during World War II. The film details the various cruel medical experiments Unit 731 inflicted upon the Chinese and Soviet prisoners at the tail-end of the war.",Mou Tun-Fei,105 mins   More at IMDb TMDB  Report this page,"History, War, Horror","Gang Wang, Wang Runshen, Hsu Gou",Men Behind the Sun,1988,https://letterboxd.com/film/men-behind-the-sun/
Night of the Demons,1988,"When partygoers at a deserted funeral home decide to have a séance on Halloween night, they awaken something evil with a thirst for blood.",Kevin Tenney,90 mins   More at IMDb TMDB  Report this page,"Comedy, Horror","Cathy Podewell, Alvin Alexis, Amelia Kinkade",Night of the Demons,1988,https://letterboxd.com/film/night-of-the-demons/
The Stepfather,1987,"Seemingly mild-mannered Henry Morrison has just murdered his entire family. After adopting a new identity and skipping town, he begins building a new relationship with a widow and her teenage daughter. However, he soon begins struggling to hide his true identity and maintain a grip on reality.",Joseph Ruben,89 mins   More at IMDb TMDB  Report this page,"Thriller, Horror","Terry O'Quinn, Jill Schoelen, Shelley Hack",The Stepfather,1987,https://letterboxd.com/film/the-stepfather/
The Lift,1983,A lift technician finds himself drawn into a web of mystery and peril as he investigates the perplexing deadly accidents occurring in the elevators of a new office building.,Dick Maas,95 mins   More at IMDb TMDB  Report this page,"Science Fiction, Horror, Fantasy, Thriller","Huub Stapel, Willeke van Ammelrooy, Josine van Dalsum",The Lift,1983,https://letterboxd.com/film/the-lift/
Deadly Friend,1986,"When tragedy strikes his remarkable robot and the beautiful girl next door, lonely teenage genius Paul tries to save them by pushing technology beyond its known limits into a terrifying new realm.",Wes Craven,91 mins   More at IMDb TMDB  Report this page,"Horror, Science Fiction","Matthew Labyorteaux, Kristy Swanson, Michael Sharrett",Deadly Friend,1986,https://letterboxd.com/film/deadly-friend/
"Silent Night, Deadly Night",1984,"Billy Chapman, who was traumatized by his parents' Christmas Eve murder, then brutalized by sadistic orphanage nuns, grows up to dress as jolly St. Nick for a yuletide rampage to punish the naughty.",Charles E. Sellier Jr.,79 mins   More at IMDb TMDB  Report this page,"Horror, Thriller","Robert Brian Wilson, Lilyan Chauvin, Gilmer McCormick","Silent Night, Deadly Night",1984,https://letterboxd.com/film/silent-night-deadly-night/
Stage Fright,1987,"While a group of young actors rehearse a new musical about a mass murderer, a notorious psychopath escapes from a nearby insane asylum.",Michele Soavi,90 mins   More at IMDb TMDB  Report this page,Horror,"Barbara Cupisti, David Brandon, Robert Gligorov",Stage Fright,1987,https://letterboxd.com/film/stage-fright-1987/
Pumpkinhead,1988,"When a group of teenagers inadvertently kill his only son, Ed Harley seeks the powers of a backwoods witch to bring the child back to life.",Stan Winston,86 mins   More at IMDb TMDB  Report this page,"Fantasy, Horror","Lance Henriksen, Jeff East, John D'Aquino",Pumpkinhead,1988,https://letterboxd.com/film/pumpkinhead/
Communion,1989,A novelist's wife and son see him changed by an apparent encounter with aliens in the mountains.,Philippe Mora,103 mins   More at IMDb TMDB  Report this page,"Drama, Science Fiction, Thriller, Horror","Christopher Walken, Lindsay Crouse, Frances Sternhagen",Communion,1989,https://letterboxd.com/film/communion/
April Fool's Day,1986,"As soon as Muffy St. John and her college friends arrive on her parents' secluded island, someone starts trimming the guest list... one murder at a time.",Fred Walton,88 mins   More at IMDb TMDB  Report this page,"Horror, Mystery","Amy Steel, Ken Olandt, Deborah Foreman",April Fool's Day,1986,https://letterboxd.com/film/april-fools-day/
DeepStar Six,1989,The crew of an experimental underwater nuclear base are forced to struggle for their lives when their explorations disturb a creature who threatens to destroy their base.,Sean S. Cunningham,99 mins   More at IMDb TMDB  Report this page,"Science Fiction, Thriller, Action, Horror","Taurean Blacque, Nancy Everhard, Greg Evigan",DeepStar Six,1989,https://letterboxd.com/film/deepstar-six/
The Keep,1983,"Set during World War II, a German army garrison is sent to guard a mountain pass in a village in Romania's Carpathian mountains and sets up barracks in an ancient stone fortress. Two of the soldiers unwittingly release a mysterious entity that kills or corrupts those within its influence, drawing the attention of a Gestapo commander, a Jewish scholar, and a mysterious traveller.",Michael Mann,96 mins   More at IMDb TMDB  Report this page,"Horror, Fantasy","Scott Glenn, Alberta Watson, Jürgen Prochnow",The Keep,1983,https://letterboxd.com/film/the-keep/
Dreamscape,1984,"In order to diagnose the psychic traumas suffered by his patients, Dr. Paul Novotny gets young Alex Gardner to enter their dreams.",Joseph Ruben,99 mins   More at IMDb TMDB  Report this page,"Drama, Science Fiction, Thriller","Dennis Quaid, Max von Sydow, Christopher Plummer",Dreamscape,1984,https://letterboxd.com/film/dreamscape/
The Hills Have Eyes Part 2,1984,"A motocross team on their way to trial a new super-fuel head out across the desert lead by Rachel, who, unbeknownst to the rest of the group, is a survivor of the cannibal clan which menaced the Carter family several years before.",Wes Craven,90 mins   More at IMDb TMDB  Report this page,"Horror, Thriller","Michael Berryman, Kevin Spirtas, John Bloom",The Hills Have Eyes Part 2,1984,https://letterboxd.com/film/the-hills-have-eyes-part-2/
Making Contact,1985,"A nine year old boy named Joey, who after the tragic death of his father, begins to experience psychic powers such as allowing him to move inanimate objects with his mind, set things on fire, and even communicate with his dead father. However, not everything is good for Joey as his newly gained powers accidentally awake an evil supernatural force that is contained inside the body of an old ventriloquist's dummy that Joey found in an abandoned house. The supernatural Dummy shows similar powers to Joey's, and soon he puts the lives of everyone near Joey in danger as the evil Dummy has dark plans for Joey's special powers.",Roland Emmerich,94 mins   More at IMDb TMDB  Report this page,"Adventure, Horror, Fantasy, Science Fiction","Joshua Morrell, Eva Kryll, Tammy Shields",Making Contact,1985,https://letterboxd.com/film/making-contact/
Alligator,1980,"A baby alligator is flushed down a toilet and survives by eating discarded lab animals that have been injected with growth hormones. The now gigantic animal escapes the city sewers and goes on a rampage, pursued by a cop and a big-game hunter.",Lewis Teague,91 mins   More at IMDb TMDB  Report this page,"Thriller, Horror, Science Fiction","Robert Forster, Robin Riker, Michael V. Gazzo",Alligator,1980,https://letterboxd.com/film/alligator/
Puppet Master,1989,"Alex Whitaker and three other gifted psychics investigate rumors that the secret of life has been discovered by master puppeteer, Andre Toulon, in the form of five killer puppets uniquely qualified for murder and mayhem.",David Schmoeller,83 mins   More at IMDb TMDB  Report this page,"Science Fiction, Fantasy, Horror","Paul Le Mat, William Hickey, Irene Miracle",Puppet Master,1989,https://letterboxd.com/film/puppet-master-1989/
Amsterdamned,1988,"A mysterious diver hiding in Amsterdam's canal system embarks on a rampage of gruesome murders, terrifying city officials and leaving few clues for the city's best detective, who doesn't suspect that both his new girlfriend and twelve-year-old daughter may be closer than he is to finding the killer.",Dick Maas,114 mins   More at IMDb TMDB  Report this page,"Horror, Action, Thriller","Huub Stapel, Monique van de Ven, Serge-Henri Valcke",Amsterdamned,1988,https://letterboxd.com/film/amsterdamned/
House II: The Second Story,1987,"Jesse moves into an old family property where his parents were mysterious murdered years before. He soon finds himself with unexpected guests in the form of his mummified great-great grandfather, a mystical crystal skull, and a zombie cowboy.",Ethan Wiley,88 mins   More at IMDb TMDB  Report this page,"Comedy, Fantasy, Horror","Arye Gross, Jonathan Stark, Royal Dano",House II: The Second Story,1987,https://letterboxd.com/film/house-ii-the-second-story/
Brain Damage,1988,Brian comes under the addictive spell of a parasite with the ability to induce euphoric hallucinations in its hosts.,Frank Henenlotter,86 mins   More at IMDb TMDB  Report this page,"Comedy, Horror","Rick Hearst, Jennifer Lowry, Gordon MacDonald",Brain Damage,1988,https://letterboxd.com/film/brain-damage/
Xtro,1982,"Tony's father Sam, abducted by aliens three years earlier, returns to earth and seeks out his wife and son, but Rachel has since been living with Joe and the reunion is awkward. Joe doesn't trust Sam, and Rachel can't quite decide what her feelings are for her two men. Sam is not the same as when he left, and he begins affecting Tony in frightening ways.",Harry Bromley Davenport,86 mins   More at IMDb TMDB  Report this page,"Science Fiction, Horror","Philip Sayer, Bernice Stegers, Danny Brainin",Xtro,1982,https://letterboxd.com/film/xtro/
TerrorVision,1986,"Stanley Putterman installs a state-of-the-art satellite dish in his backyard, soon unleashing a strange monster that leaps off the screen and needs to feed on humans for survival.",Ted Nicolaou,85 mins   More at IMDb TMDB  Report this page,"Comedy, Horror, Science Fiction","Diane Franklin, Gerrit Graham, Mary Woronov",TerrorVision,1986,https://letterboxd.com/film/terrorvision/
Poison for the Fairies,1986,"In 1965 Mexico City, Flavia, a wealthy yet lonely schoolgirl, befriends Veronica, a young orphan girl who has a fascination with witchcraft. Veronica convinces Flavia that she is a real witch and forces her to be her assistant. The children's games gradually become more serious and Veronica demands more from Flavia.",Carlos Enrique Taboada,90 mins   More at IMDb TMDB  Report this page,"Fantasy, Horror","Ana Patricia Rojo, Elsa Maria Gutierrez, Leonor Llausás",Poison for the Fairies,1986,https://letterboxd.com/film/poison-for-the-fairies/
Troll,1986,"When a family moves into a San Francisco apartment, an opportunistic troll decides to make his move and take possession of little Wendy, thereby paving the way for new troll recruits, the first in his army that will take eventual control of the planet. We soon discover Torok is the ex-husband of Eunice St. Clair, a resident in the building who was married to Torok.",John Carl Buechler,83 mins   More at IMDb TMDB  Report this page,"Fantasy, Horror","Noah Hathaway, Jenny Beck, Phil Fondacaro",Troll,1986,https://letterboxd.com/film/troll/
House of the Long Shadows,1983,"An American writer goes to a remote Welsh manor on a $20,000 bet that he can write a classic novel like 'Wuthering Heights' in 24 hours. However, upon his arrival he discovers that the apparently empty manor has several rather odd inhabitants.",Pete Walker,100 mins   More at IMDb TMDB  Report this page,"Comedy, Mystery, Horror","Vincent Price, Christopher Lee, Peter Cushing",House of the Long Shadows,1983,https://letterboxd.com/film/house-of-the-long-shadows/
Wolfen,1981,A New York City cop and an expert criminologist trying to solve a series of grisly deaths in which the victims have seemingly been maimed by feral animals discover a sinister connection between the crimes and an old legend.,Michael Wadleigh,115 mins   More at IMDb TMDB  Report this page,"Horror, Thriller","Albert Finney, Diane Venora, Edward James Olmos",Wolfen,1981,https://letterboxd.com/film/wolfen/
The Burning,1981,"A caretaker at a summer camp is burned when a prank goes tragically wrong. After several years of intensive treatment at hospital, he is released back into society, albeit missing some social skills. What follows is a bloody killing spree with the caretaker making his way back to his old stomping ground to confront one of the youths that accidentally burned him.",Tony Maylam,91 mins   More at IMDb TMDB  Report this page,Horror,"Brian Matthews, Leah Ayres, Brian Backer",The Burning,1981,https://letterboxd.com/film/the-burning-1981/
Humanoids from the Deep,1980,"After a new cannery introduces scientifically augmented salmon to a seaside town in the Pacific Northwest, a species of mysterious, mutated sea creatures begin killing the men and raping the women.",Barbara Peeters,80 mins   More at IMDb TMDB  Report this page,"Horror, Science Fiction","Doug McClure, Ann Turkel, Vic Morrow",Humanoids from the Deep,1980,https://letterboxd.com/film/humanoids-from-the-deep/
The Church,1989,"In a Gothic cathedral built on the mass grave of a Teutonic purge, an ancient discovery by the new librarian will release an unholy maelstrom of madness, violence, and demonic vengeance.",Michele Soavi,102 mins   More at IMDb TMDB  Report this page,Horror,"Hugh Quarshie, Tomas Arana, Feodor Chaliapin Jr.",The Church,1989,https://letterboxd.com/film/the-church/
Return of the Killer Tomatoes!,1988,Crazy old Professor Gangreen has developed a way to make tomatoes look human for a second invasion.,John De Bello,98 mins   More at IMDb TMDB  Report this page,"Comedy, Science Fiction, Horror","Anthony Starke, George Clooney, Karen M. Waldron",Return of the Killer Tomatoes!,1988,https://letterboxd.com/film/return-of-the-killer-tomatoes/
The Toxic Avenger Part III: The Last Temptation of Toxie,1989,"Desperate to raise money for the experimental surgery that could restore his blind fiancee's eyesight, Toxie accepts a lucrative job with the evil multinational conglomerate Apocalypse Inc.",Michael Herz,102 mins   More at IMDb TMDB  Report this page,"Science Fiction, Action, Horror, Comedy","Ron Fazio, John Altamura, Phoebe Legere",The Toxic Avenger Part III: The Last Temptation of Toxie,1989,https://letterboxd.com/film/the-toxic-avenger-part-iii-the-last-temptation-of-toxie/
Intruder,1989,The overnight stock crew of a local supermarket find themselves being stalked and slashed by a mysterious maniac.,Scott Spiegel,88 mins   More at IMDb TMDB  Report this page,"Mystery, Horror","Elizabeth Cox, Renée Estevez, Dan Hicks",Intruder,1989,https://letterboxd.com/film/intruder/
Blood Diner,1987,Two cannibalistic brothers kill various young women to make their flesh part of a new special dish at their rundown restaurant while seeking blood sacrifices to awaken a dormant Egyptian goddess.,Jackie Kong,88 mins   More at IMDb TMDB  Report this page,"Comedy, Horror","Rick Burks, Carl Crew, Roger Dauer",Blood Diner,1987,https://letterboxd.com/film/blood-diner/
Gothic,1986,"Living on an estate on the shores of Lake Geneva, Lord Byron is visited by Percy and Mary Shelley. Together with Byron's lover Claire Clairmont, and aided by hallucinogenic substances, they devise an evening of ghoulish tales. However, when confronted by horrors, ostensibly of their own creation, it becomes difficult to tell apparition from reality.",Ken Russell,88 mins   More at IMDb TMDB  Report this page,Horror,"Gabriel Byrne, Julian Sands, Natasha Richardson",Gothic,1986,https://letterboxd.com/film/gothic/
The Curse,1987,"Nathan Hayes is a religious man trying to hold onto his farm and keep his family in line. A real estate developer is trying to buy most of the farm property in the area, including Mr. Hayes family farm, in the hope that the Tennesse Valley Authority will choose the town for the site of a new dam and recreational area. The night of a terrible storm, an unidentified, glowing object crashes on the Hayes farm and with it comes a horrible curse for the Hayes family and the members of the community.",David Keith,92 mins   More at IMDb TMDB  Report this page,"Science Fiction, Horror","Wil Wheaton, Claude Akins, Malcolm Danare",The Curse,1987,https://letterboxd.com/film/the-curse/
The Monster Club,1981,"A vampire attacks a horror author on the street and then invites him to a nearby club as a gesture of gratitude, which turns out to be a meeting place for assorted creatures of the night. The vampire then regales him with three stories, each interspersed with musical performances at the club.",Roy Ward Baker,98 mins   More at IMDb TMDB  Report this page,"Horror, Comedy","Vincent Price, John Carradine, Donald Pleasence",The Monster Club,1981,https://letterboxd.com/film/the-monster-club/
Q,1982,"New York police are bemused by reports of a giant flying lizard that has been spotted around the rooftops of New York, until the lizard starts to eat people. An out-of-work ex-con is the only person who knows the location of the monster's nest and is determined to turn the knowledge to his advantage, but will his gamble pay off or will he end up as lizard food?",Larry Cohen,93 mins   More at IMDb TMDB  Report this page,"Horror, Mystery, Crime","Michael Moriarty, Candy Clark, David Carradine",Q,1982,https://letterboxd.com/film/q-1982/
Something Wicked This Way Comes,1983,"In a small American town, a diabolical circus arrives, granting wishes for the townsfolk, but twisted as only the esteemed Mr. Dark can make them. Can two young boys overcome the worst the devil himself can deal out?",Jack Clayton,95 mins   More at IMDb TMDB  Report this page,"Mystery, Fantasy, Horror","Jason Robards, Jonathan Pryce, Diane Ladd",Something Wicked This Way Comes,1983,https://letterboxd.com/film/something-wicked-this-way-comes/
Dial Code Santa Claus,1989,"Thomas de Frémont, a precocious child obsessed with action films, sets himself up for a terrifying Christmas Eve after he unwittingly makes contact with a deranged psychopath who claims he's Santa Claus.",René Manzor,88 mins   More at IMDb TMDB  Report this page,"Adventure, Action, Horror, Thriller","Brigitte Fossey, Louis Ducreux, Patrick Floersheim",Dial Code Santa Claus,1989,https://letterboxd.com/film/dial-code-santa-claus/
Deadly Blessing,1981,"When a former member of a religious cult dies in a mysterious accident, Martha, who now lives alone and close to the cult's church, begins to fear for her life and the lives of her visiting friends.",Wes Craven,104 mins   More at IMDb TMDB  Report this page,"Horror, Thriller","Maren Jensen, Sharon Stone, Susan Buckner",Deadly Blessing,1981,https://letterboxd.com/film/deadly-blessing/
Alone in the Dark,1982,A quartet of murderous psychopaths break out of a mental hospital during a power blackout and lay siege to their doctor's house.,Jack Sholder,93 mins   More at IMDb TMDB  Report this page,"Thriller, Horror","Jack Palance, Donald Pleasence, Martin Landau",Alone in the Dark,1982,https://letterboxd.com/film/alone-in-the-dark/
Fade to Black,1980,"A shy, lonely film buff embarks on a killing spree against those who browbeat and betray him, all the while stalking his idol, a Marilyn Monroe lookalike.",Vernon Zimmerman,102 mins   More at IMDb TMDB  Report this page,"Drama, Thriller, Horror, Comedy","Dennis Christopher, Tim Thomerson, Gwynne Gilford",Fade to Black,1980,https://letterboxd.com/film/fade-to-black/
The Lair of the White Worm,1988,"When an archaeologist uncovers a strange skull in a foreign land, the residents of a nearby town begin to disappear, leading to further inexplicable occurrences.",Ken Russell,93 mins   More at IMDb TMDB  Report this page,"Comedy, Horror","Amanda Donohoe, Hugh Grant, Catherine Oxenberg",The Lair of the White Worm,1988,https://letterboxd.com/film/the-lair-of-the-white-worm/
Amityville II: The Possession,1982,"Anthony and Dolores Montelli, along with their four children, move into their dream house in Amityville and are immediately plagued by a string of paranormal experiences. When the abusive Anthony wrongly places the blame on their children, Dolores recruits a local Catholic priest to exorcise the house.",Damiano Damiani,104 mins   More at IMDb TMDB  Report this page,Horror,"James Olson, Burt Young, Rutanya Alda",Amityville II: The Possession,1982,https://letterboxd.com/film/amityville-ii-the-possession/
Redneck Zombies,1987,A barrel of radioactive waste is lost out in the woods. Some demented rednecks find it and use it as part of their still. Everybody who drinks from the liquor they produced turns into a zombie.,Pericles Lewnes,84 mins   More at IMDb TMDB  Report this page,"Horror, Comedy","Lisa M. DeHaven, William E. Benson, William Decker",Redneck Zombies,1987,https://letterboxd.com/film/redneck-zombies/
Ghost Story,1981,"Four successful elderly gentlemen, members of the Chowder Society, share a gruesome, 50-year-old secret. When one of Edward Wanderley's twin sons dies in a bizarre accident, the group begins to see a pattern of frightening events developing.",John Irvin,110 mins   More at IMDb TMDB  Report this page,"Thriller, Drama, Horror","Fred Astaire, Melvyn Douglas, Douglas Fairbanks Jr.",Ghost Story,1981,https://letterboxd.com/film/ghost-story/
Galaxy of Terror,1981,"As a lone spaceship proceeds on its long voyage across space, the crew are surprised to encounter a strange pyramid form. Surprise turns to horror as one by one, they discover that their darkest nightmares are all starting to become real. The pyramid has to be behind it all somehow, but how can they save themselves from its influence?",Bruce D. Clark,81 mins   More at IMDb TMDB  Report this page,"Science Fiction, Horror, Action, Adventure","Edward Albert, Erin Moran, Ray Walston",Galaxy of Terror,1981,https://letterboxd.com/film/galaxy-of-terror/
Razorback,1984,In the Australian outback a vicious wild boar kills and causes havoc to a small community.,Russell Mulcahy,95 mins   More at IMDb TMDB  Report this page,"Thriller, Horror","Gregory Harrison, Arkie Whiteley, Bill Kerr",Razorback,1984,https://letterboxd.com/film/razorback/
Ghost Chase,1987,"In an old Hollywood mansion, the spirit of an old family retainer inhabits an old grandfather clock. When a movie company uses the mansion for a film, the spirit inhabits the body of an alien and persuades the two filmmakers to track down an old house that will resolve a family scandal.",Roland Emmerich,90 mins   More at IMDb TMDB  Report this page,"Fantasy, Family, Comedy, Horror, Science Fiction","Jason Lively, Tim McDaniel, Jill Whitlow",Ghost Chase,1987,https://letterboxd.com/film/ghost-chase/
Nightmare City,1980,"In a nameless European city, a local reporter and his doctor wife try to escape from hordes of blood thirsty zombies, undead people exposed to nuclear radioactivity, while the military leaders fight a losing war of attrition against the relentless atomic zombies.",Umberto Lenzi,91 mins   More at IMDb TMDB  Report this page,"Horror, Action","Hugo Stiglitz, Laura Trotter, Maria Rosaria Omaggio",Nightmare City,1980,https://letterboxd.com/film/nightmare-city/
Clownhouse,1989,Three teenage brothers are terrorized by a trio of escaped mental patients disguised as clowns.,Victor Salva,81 mins   More at IMDb TMDB  Report this page,Horror,"Nathan Forrest Winters, Brian McHugh, Bobby Salem",Clownhouse,1989,https://letterboxd.com/film/clownhouse/
Parents,1989,"Michael is a young boy living in a typical 1950s suburbanite home... except for his bizarre and horrific nightmares, and continued unease around his parents. Young Michael begins to suspect his parents are cooking more than just hamburgers on the grill outside, but has trouble explaining his fears to his new-found friend Sheila, or the school's social worker.",Bob Balaban,82 mins   More at IMDb TMDB  Report this page,"Horror, Comedy","Randy Quaid, Mary Beth Hurt, Sandy Dennis",Parents,1989,https://letterboxd.com/film/parents/
Trick or Treat,1986,"Eddie Weinbauer, a metalhead teen who is bullied at school, looks to his heavy metal superstar idol, Sammi Curr, for guidance. When Curr is killed in a hotel fire, Eddie becomes the recipient of the only copy of Curr's unreleased album, which, when played backwards, brings Sammi back to life. As Halloween approaches, Eddie begins to realize that this isn't only rock 'n roll...it's life and death.",Charles Martin Smith,97 mins   More at IMDb TMDB  Report this page,"Music, Comedy, Horror","Marc Price, Tony Fields, Lisa Orgolini",Trick or Treat,1986,https://letterboxd.com/film/trick-or-treat-1986/
The Last Shark,1981,"When a 35-foot great white shark begins to wreak havoc on a seaside town, the mayor, not wanting to endanger his gubernatorial campaign, declines to act, so a local shark hunter and horror author band together to stop the beast.",Enzo G. Castellari,88 mins   More at IMDb TMDB  Report this page,Horror,"James Franciscus, Vic Morrow, Micaela Pignatelli",The Last Shark,1981,https://letterboxd.com/film/the-last-shark/
Turn of the Screw,1985,A young man is hired to take care of two orphaned siblings in a remote seaside mansion and soon realizes that someone... or something from the past is out to get the children.,Eloy de la Iglesia,119 mins   More at IMDb TMDB  Report this page,Horror,"Pedro Mari Sánchez, Queta Claver, Asier Hernández",Turn of the Screw,1985,https://letterboxd.com/film/turn-of-the-screw/
Witchboard,1986,"Playing around with a Ouija board, a trio of friends succeeds in contacting the spirit of a young boy. Trouble begins when the evil spirit, Malfeitor, takes over one of their bodies.",Kevin Tenney,98 mins   More at IMDb TMDB  Report this page,"Thriller, Mystery, Horror","Todd Allen, Tawny Kitaen, Stephen Nichols",Witchboard,1986,https://letterboxd.com/film/witchboard/
The House on Sorority Row,1982,"When the senior sorority sisters of Theta Pi decide to do in their demented house mother, someone seeks revenge, and begins a night of terror and madness.",Mark Rosman,91 mins   More at IMDb TMDB  Report this page,"Horror, Thriller, Mystery","Kate McNeil, Eileen Davidson, Janis Ward",The House on Sorority Row,1982,https://letterboxd.com/film/the-house-on-sorority-row/
Nomads,1986,"One night, in a Los Angeles hospital, Dr. Flax attends to a seriously injured man who, apparently crazed, whispers mysterious and disconcerting words in French into her ear.",John McTiernan,89 mins   More at IMDb TMDB  Report this page,"Thriller, Drama, Fantasy","Lesley-Anne Down, Pierce Brosnan, Anna Maria Monticelli",Nomads,1986,https://letterboxd.com/film/nomads/
Street Trash,1987,"A group of hobos begin melting into multicolored piles of goo after drinking sixty-year-old liquor. At the same time, the psychotic Vietnam War vet who rules the hobo camp snaps and begins killing at random. Two brothers set out to stop the liquor and the killer.",J. Michael Muro,100 mins   More at IMDb TMDB  Report this page,"Horror, Comedy","Mike Lackey, Bill Chepil, Vic Noto",Street Trash,1987,https://letterboxd.com/film/street-trash/
American Gothic,1987,"When six friends fly off on a weekend getaway and are suddenly plagued by engine trouble, they're forced to land on a remote island. Looking for shelter, they're grateful to encounter Ma and Pa and their children - an eccentric family living in the island's backwoods. But what begins as simple hospitality turns into a terrifying race for survival as the friends start disappearing one by one ... and turning up dead.",John Hough,90 mins   More at IMDb TMDB  Report this page,Horror,"Rod Steiger, Yvonne De Carlo, Michael J. Pollard",American Gothic,1987,https://letterboxd.com/film/american-gothic/
Lady in White,1988,"Locked in a school closet during Halloween 1962, young Frank witnesses the ghost of a young girl and the man who murdered her years ago. Shortly afterward he finds himself stalked by the killer and is soon drawn to an old house where a mysterious Lady In White lives. As he discovers the secret of the woman he soon finds that the killer may be someone close to him.",Frank LaLoggia,113 mins   More at IMDb TMDB  Report this page,"Mystery, Thriller, Horror","Lukas Haas, Len Cariou, Alex Rocco",Lady in White,1988,https://letterboxd.com/film/lady-in-white/
Cannibal Ferox,1981,"Three friends out to disprove cannibalism meet two men on the run who tortured and enslaved a cannibal tribe to find emeralds, and now the tribe is out for revenge.",Umberto Lenzi,93 mins   More at IMDb TMDB  Report this page,"Horror, Adventure","Giovanni Lombardo Radice, Lorraine De Selle, Danilo Mattei",Cannibal Ferox,1981,https://letterboxd.com/film/cannibal-ferox/
C.H.U.D.,1984,"A rash of bizarre murders in New York City seems to point to a group of grotesquely deformed vagrants living in the sewers. A courageous policeman, a photojournalist and his girlfriend, and a nutty bum, who seems to know a lot about the creatures, band together to try and determine what the creatures are and how to stop them.",Douglas Cheek,97 mins   More at IMDb TMDB  Report this page,"Horror, Science Fiction","John Heard, Daniel Stern, Christopher Curry",C.H.U.D.,1984,https://letterboxd.com/film/chud/
Mystery on Monster Island,1981,"A young European boy living in San Francisco is reluctant to marry his long-term girlfriend because he wants to travel around the world first. His wealthy uncle agrees to send him on a global expedition aboard his ship, but en route the boy and his travelling companion are shipwrecked on a remote island, populated by countless prehistoric creatures as well as gold-hunting bandits.",Juan Piquer Simón,105 mins   More at IMDb TMDB  Report this page,"Comedy, Horror, Adventure","Terence Stamp, Peter Cushing, Blanca Estrada",Mystery on Monster Island,1981,https://letterboxd.com/film/mystery-on-monster-island/
Paperhouse,1988,"A young girl lost in the loneliness and boredom of reality finds solace in an ill boy, whom she can visit in a surreal dream world that she drew in her school composition book.",Bernard Rose,92 mins   More at IMDb TMDB  Report this page,"Horror, Fantasy, Drama","Charlotte Burke, Ben Cross, Glenne Headly",Paperhouse,1988,https://letterboxd.com/film/paperhouse/
Anthropophagous,1980,"Tourists take a boat to a remote island, where they find that most of the people have disappeared, and something is stalking them. They find a hidden room in the big mansion on a hill, and an ancient diary, which gives them clues to the source of the terror.",Joe D'Amato,92 mins   More at IMDb TMDB  Report this page,Horror,"Tisa Farrow, Saverio Vallone, Serena Grandi",Anthropophagous,1980,https://letterboxd.com/film/anthropophagous/
The Prowler,1981,"Thirty years after a murder on the night of Avalon Bay's graduation dance, the sleepy town's teens meet grisly ends at the hands of a prowler once thought to be a jilted soldier home from war.",Joseph Zito,89 mins   More at IMDb TMDB  Report this page,"Thriller, Mystery, Horror","Vicky Dawson, Christopher Goutman, Lawrence Tierney",The Prowler,1981,https://letterboxd.com/film/the-prowler-1981/
Class of Nuke 'Em High,1986,The pupils at a high school next to a nuclear power plant start acting and looking strange after buying contaminated drugs from a plant worker.,Richard W. Haines,86 mins   More at IMDb TMDB  Report this page,"Science Fiction, Thriller, Horror, Comedy","Janelle Brady, Gil Brenton, Robert Prichard",Class of Nuke 'Em High,1986,https://letterboxd.com/film/class-of-nuke-em-high/
Waxwork,1988,"Wealthy slacker college student Mark, his new girlfriend Sarah, and their friends are invited to a special showing at a mysterious wax museum which displays 18 of the most evil men of all time. After his ex-girlfriend and another friend disappear, Mark becomes suspicious.",Anthony Hickox,97 mins   More at IMDb TMDB  Report this page,"Horror, Comedy","Zach Galligan, Jennifer Bassey, Joe Baker",Waxwork,1988,https://letterboxd.com/film/waxwork/
Monster in the Closet,1986,"After several people and a dog are found dead in their closets a ""mild-mannered"" reporter, a college professor, her son and a befuddled professor band together to uncover the mystery but not without involving the U.S. Army and mass panic.",Bob Dahlin,90 mins   More at IMDb TMDB  Report this page,"Horror, Comedy","Donald Grant, Denise DuBarry, Henry Gibson",Monster in the Closet,1986,https://letterboxd.com/film/monster-in-the-closet/
Chopping Mall,1986,"A group of teenagers that work at the mall all get together for a late night party in one of the stores. When the mall goes on lock down before they can get out, the robot security system activates after a malfunction and goes on a killing spree. One by one the three bots try to rid the mall of the “intruders.” The only weapons the kids can use are the supplies in other stores, or if they can make it till morning when the mall opens back up.",Jim Wynorski,77 mins   More at IMDb TMDB  Report this page,"Science Fiction, Horror","Kelli Maroney, Tony O'Dell, Russell Todd",Chopping Mall,1986,https://letterboxd.com/film/chopping-mall/
Mother's Day,1980,"Three girls discover that two men are willing to do anything to impress Mother and what impresses Mother is watching her sons commit acts of rape and murder. Now these women are prisoners and lowered to pawns in the game of checkers between two dim wits and their Maniac Mommy and the question becomes, can any of them escape, alive?",Charles Kaufman,91 mins   More at IMDb TMDB  Report this page,"Comedy, Action, Horror","Nancy Hendrickson, Deborah Luce, Tiana Pierce",Mother's Day,1980,https://letterboxd.com/film/mothers-day/
Sleepaway Camp II: Unhappy Campers,1988,"Angela Baker escapes from a mental hospital and surfaces at a summer camp as a counselor who lectures her teenage charges on proper moral behavior. Those teens who break her strict rules -- from the camp chatterbox or a sex-obsessed girl to the boys who are peeping Toms -- are murdered by the impostor in various gruesome ways. As more campers go missing, intrepid counselor Molly begins to piece together the truth.",Michael A. Simpson,80 mins   More at IMDb TMDB  Report this page,"Horror, Comedy","Pamela Springsteen, Renée Estevez, Tony Higgins",Sleepaway Camp II: Unhappy Campers,1988,https://letterboxd.com/film/sleepaway-camp-ii-unhappy-campers/
Bloody Birthday,1981,"In 1970, three children are born at the height of a total eclipse. Due to the sun and moon blocking Saturn, which controls emotions, they have become heartless killers ten years later, and are able to escape detection because of their youthful and innocent facades. A boy and his teenage sister become endangered when they stumble onto the bloody truth.",Ed Hunt,85 mins   More at IMDb TMDB  Report this page,"Thriller, Horror","Lori Lethin, Melinda Cordell, Julie Brown",Bloody Birthday,1981,https://letterboxd.com/film/bloody-birthday/
The Horror Show,1989,"Vowing revenge on the detective who apprehended him, serial killer ""Meat Cleaver"" Max Jenke returns from beyond the grave to launch a whole new reign of terror.",James Isaac,95 mins   More at IMDb TMDB  Report this page,"Horror, Thriller, Fantasy","Lance Henriksen, Brion James, Rita Taggart",The Horror Show,1989,https://letterboxd.com/film/the-horror-show-1989/
The Slumber Party Massacre,1982,Trish invites her high school basketball teammates over for a night they'll never forget -- or survive -- when an unexpected guest crashes the party: an escaped psychopath with a portable power drill.,Amy Holden Jones,77 mins   More at IMDb TMDB  Report this page,"Horror, Comedy","Michelle Michaels, Robin Stille, Michael Villella",The Slumber Party Massacre,1982,https://letterboxd.com/film/the-slumber-party-massacre/
Howling II: Stirba - Werewolf Bitch,1985,"When a young journalist dies in violent circumstances, her brother soon learns, by way of the mysterious Stefan Crosscoe, that his sister has succumbed to the werewolf curse.",Philippe Mora,91 mins   More at IMDb TMDB  Report this page,"Horror, Comedy, Thriller","Christopher Lee, Annie McEnroe, Reb Brown",Howling II: Stirba - Werewolf Bitch,1985,https://letterboxd.com/film/howling-ii-stirba-werewolf-bitch/
Amazonia: The Catherine Miles Story,1985,A young woman seeks vengeance and finds love when her parents are killed in the Amazon and she is taken prisoner by an indigenous tribe of headhunters.,Mario Gariazzo,90 mins   More at IMDb TMDB  Report this page,"Horror, Drama, Adventure","Elvire Audray, Will Gonzales, Andrea Coppola",Amazonia: The Catherine Miles Story,1985,https://letterboxd.com/film/amazonia-the-catherine-miles-story/
Hell Night,1981,"As an initiation rite into Alpha Sigma Rho fraternity, four pledges must spend a night in Garth Manor, twelve years to the day after the previous resident murdered his entire family.",Tom DeSimone,101 mins   More at IMDb TMDB  Report this page,"Horror, Thriller","Linda Blair, Vincent Van Patten, Peter Barton",Hell Night,1981,https://letterboxd.com/film/hell-night/
Death Ship,1980,"Survivors of a tragic shipping collision are rescued by a mysterious black ship which appears out of the fog. Little do they realise that the ship is actually a Nazi torture ship which has sailed the seas for years, luring unsuspecting sailors aboard and killing them off one by one.",Alvin Rakoff,91 mins   More at IMDb TMDB  Report this page,"Thriller, Mystery, Horror","George Kennedy, Richard Crenna, Nick Mancuso",Death Ship,1980,https://letterboxd.com/film/death-ship/
Microwave Massacre,1979,"Construction worker Donald is having a hard time getting anything good to eat since his wife has decided to only cook gourmet foods. That and her constant harping causes him to snap, so he whacks her. Somewhere in the confusion he comes up with a new use for the microwave oven, and begins to eat much better. Soon he's experimenting with different recipes. And different meats.",Wayne Berwick,76 mins   More at IMDb TMDB  Report this page,"Horror, Comedy","Jackie Vernon, Loren Schein, Al Troupe",Microwave Massacre,1979,https://letterboxd.com/film/microwave-massacre/
Happy Birthday to Me,1981,"Virginia is proud that she belongs to a clique. The best students at a private school. But before her 18th birthday, a gruesome set of murders take place and her friends are the ones who are falling prey. Could it be her? She suffers from blackouts due to a freak accident one year earlier. We soon learn the truth behind her accident and what is going on.",J. Lee Thompson,110 mins   More at IMDb TMDB  Report this page,"Horror, Mystery","Melissa Sue Anderson, Glenn Ford, Lawrence Dane",Happy Birthday to Me,1981,https://letterboxd.com/film/happy-birthday-to-me/
Zombie Flesh Eaters 2,1988,"When a terrorist's body, infected with a stolen chemical, is recovered by the US military, the corpse is cremated, unintentionally releasing a virus and bacteria into the atmosphere over a small island.",Lucio Fulci,95 mins   More at IMDb TMDB  Report this page,"Science Fiction, Horror, Action","Deran Sarafian, Beatrice Ring, Ottaviano Dell'Acqua",Zombie Flesh Eaters 2,1988,https://letterboxd.com/film/zombie-flesh-eaters-2/
Transylvania 6-5000,1985,"Two reporters travel to a strange castle in Transylvania to investigate the apparent reappearance of Frankenstein, and encounter the sensitive Wolfman, the Vampiress Odette and a whole cast of other weirdos.",Rudy De Luca,93 mins   More at IMDb TMDB  Report this page,"Horror, Comedy","Jeff Goldblum, Joseph Bologna, Ed Begley Jr.",Transylvania 6-5000,1985,https://letterboxd.com/film/transylvania-6-5000/
Cutting Class,1989,"High school student Paula Carson's affections are being sought after by two of her classmates: Dwight, the ""bad boy"", and Brian, a disturbed young man who has just been released from a mental hospital where he was committed following the suspicious death of his father. Soon after being released, more murders start happening. Is Brian back to his old tricks, or is Dwight just trying to eliminate the competition?",Rospo Pallenberg,91 mins   More at IMDb TMDB  Report this page,"Comedy, Horror, Mystery, Crime","Donovan Leitch, Jill Schoelen, Brad Pitt",Cutting Class,1989,https://letterboxd.com/film/cutting-class/
Without Warning,1980,"Sandy and Greg are teenagers who go camping, despite warnings not to, with their friends. They soon encounter aliens, who are using the area as a hunting ground.",Greydon Clark,97 mins   More at IMDb TMDB  Report this page,"Science Fiction, Horror","Tarah Nutter, Christopher S. Nelson, Jack Palance",Without Warning,1980,https://letterboxd.com/film/without-warning-1980/
2019: After the Fall of New York,1983,"After a nuclear war society breaks down into two groups, the evil Euraks, and the rebel Federation. A mercenary named Parsifal is hired by the Federation to infiltrate New York City, which is controlled by the Euraks, to rescue the only fertile woman left on Earth.",Sergio Martino,96 mins   More at IMDb TMDB  Report this page,"Science Fiction, Action","Michael Sopkiw, Valentine Monnier, Anna Kanakis",2019: After the Fall of New York,1983,https://letterboxd.com/film/2019-after-the-fall-of-new-york/
The Awakening,1980,"When a British archaeologist violates an Egyptian queen's tomb, her evil spirit enters his daughter.",Mike Newell,105 mins   More at IMDb TMDB  Report this page,Horror,"Charlton Heston, Susannah York, Jill Townsend",The Awakening,1980,https://letterboxd.com/film/the-awakening/
Incubus,1982,"In the small New England town of Galen, a young teenage boy claims he has dreams of young women being brutally raped and murdered. A doctor and the local sheriff discover that the boy's dreams are real and that a sinister cult might be behind the brutal murders. They must track down the vicious killer, who may be the indestructible incarnation of a demon spawned from hell.",John Hough,93 mins   More at IMDb TMDB  Report this page,"Thriller, Horror","John Cassavetes, John Ireland, Helen Hughes",Incubus,1982,https://letterboxd.com/film/incubus-1982/
Motel Hell,1980,"Farmer Vincent Smith and his sister Ida run a motel attached to a farm where they capture unsuspecting travelers, bury them alive, fatten them up and then harvest their bodies as ingredients for his famous brand of ""smoked meats.""",Kevin Connor,102 mins   More at IMDb TMDB  Report this page,"Horror, Comedy","Rory Calhoun, Paul Linke, Nancy Parsons",Motel Hell,1980,https://letterboxd.com/film/motel-hell/
Of Unknown Origin,1983,A man who recently completed rebuilding a townhouse becomes obsessed with a rat infestation until it becomes an interspecies duel.,George P. Cosmatos,88 mins   More at IMDb TMDB  Report this page,Horror,"Peter Weller, Jennifer Dale, Lawrence Dane",Of Unknown Origin,1983,https://letterboxd.com/film/of-unknown-origin/
The Watcher in the Woods,1980,"After an American family moves to an old country manor in rural England, one of the daughters is tormented by the spirit of the owner's long lost daughter, who mysteriously disappeared 30 years ago during a solar eclipse.",John Hough,83 mins   More at IMDb TMDB  Report this page,"Fantasy, Thriller, Horror","Bette Davis, Lynn-Holly Johnson, Kyle Richards",The Watcher in the Woods,1980,https://letterboxd.com/film/the-watcher-in-the-woods/
A Return to Salem's Lot,1987,"Joe Weber is an anthropologist who takes his son on a trip to the New England town of Salem's Lot unaware that it is populated by vampires. When the inhabitants reveal their secret, they ask Joe to write a bible for them.",Larry Cohen,101 mins   More at IMDb TMDB  Report this page,"Comedy, Horror","Michael Moriarty, Samuel Fuller, Andrew Duggan",A Return to Salem's Lot,1987,https://letterboxd.com/film/a-return-to-salems-lot/
Amityville 3-D,1983,"To debunk the Amityville house's infamous reputation and take advantage of a rock-bottom asking price, skeptical journalist John Baxter buys the place and settles in to write his first novel.",Richard Fleischer,93 mins   More at IMDb TMDB  Report this page,Horror,"Tony Roberts, Tess Harper, Robert Joy",Amityville 3-D,1983,https://letterboxd.com/film/amityville-3d/
Vamp,1986,"Two fraternity pledges go to a sleazy bar in search of a stripper for their college friends, unaware it is occupied by vampires.",Richard Wenk,93 mins   More at IMDb TMDB  Report this page,"Horror, Comedy","Grace Jones, Chris Makepeace, Sandy Baron",Vamp,1986,https://letterboxd.com/film/vamp/
Pin,1988,"Pin, a plastic medical dummy, has been the fixation of Leon since youth. Now grown up and orphaned in an accident, Leon brings Pin home to live with him and his sister Ursula, much to her reluctance. Soon, however, Leon's fixation on Pin spirals out of control, and Ursula must face the devastating consequences.",Sandor Stern,103 mins   More at IMDb TMDB  Report this page,"Thriller, Horror","Jonathan Banks, David Hewlett, Cynthia Preston",Pin,1988,https://letterboxd.com/film/pin/
Burial Ground,1981,"A cursed country estate is besieged by horny houseguests, undead Etruscans, and the unusual relationship between a mother and her young son.",Andrea Bianchi,85 mins   More at IMDb TMDB  Report this page,Horror,"Karin Well, Gianluigi Chirizzi, Mariangela Giordano",Burial Ground,1981,https://letterboxd.com/film/burial-ground/
Doctor Butcher M.D.,1980,"After Malukan immigrants engage in a string of corpse mutilations at various New York City hospitals, a doctor and a morgue assistant travel to the Maluku Islands to investigate.",Marino Girolami,89 mins   More at IMDb TMDB  Report this page,Horror,"Ian McCulloch, Alexandra Delli Colli, Sherry Buchanan",Doctor Butcher M.D.,1980,https://letterboxd.com/film/doctor-butcher-md/
The Dead Next Door,1989,The government sets up a zombie squad after an epidemic has made the world run rampant with living corpses. The team head off to Ohio to try and find a cure but soon run into a crazy cult of zombie lovers who are set on preserving the walking dead as they believe it's God's will.,J.R. Bookwalter,84 mins   More at IMDb TMDB  Report this page,"Thriller, Horror, Action","Peter Ferry, Bogdan Pecic, Michael Grossi",The Dead Next Door,1989,https://letterboxd.com/film/the-dead-next-door/
Curtains,1983,Six young actresses auditioning for a movie role at a remote mansion are targeted by a mysterious masked murderer.,Richard Ciupka,89 mins   More at IMDb TMDB  Report this page,"Horror, Thriller","John Vernon, Samantha Eggar, Linda Thorson",Curtains,1983,https://letterboxd.com/film/curtains/
Sleepaway Camp III: Teenage Wasteland,1989,"Psychotic Angela is itching to do what she does best: slaughter dozens of teenage campers. As luck would have it, the previous site of her murders has been renamed and converted into an experimental summer camp meant to bring together privileged and lower-class teens. On the day the youths are boarding the buses to camp, Angela runs over a potential camper with a garbage truck and assumes her identity. Once she has infiltrated the camp, the real terror begins.",Michael A. Simpson,79 mins   More at IMDb TMDB  Report this page,"Horror, Comedy","Pamela Springsteen, Tracy Griffith, Michael J. Pollard",Sleepaway Camp III: Teenage Wasteland,1989,https://letterboxd.com/film/sleepaway-camp-iii-teenage-wasteland/
Slaughter High,1986,"Eight different people are invited to their 10-year high school reunion at their now-closed down high school where a former student, disfigured from a prank gone wrong, is there to seek revenge.",Mark Ezra,91 mins   More at IMDb TMDB  Report this page,Horror,"Caroline Munro, Simon Scuddamore, Carmine Iannaccone",Slaughter High,1986,https://letterboxd.com/film/slaughter-high/
Hello Mary Lou: Prom Night II,1987,"When Hamilton High’s Prom Queen of 1957, Mary Lou Maloney is killed by her jilted boyfriend, she comes back for revenge thirty years later.",Bruce Pittman,97 mins   More at IMDb TMDB  Report this page,"Thriller, Horror, Fantasy","Lisa Schrage, Michael Ironside, Wendy Lyon",Hello Mary Lou: Prom Night II,1987,https://letterboxd.com/film/hello-mary-lou-prom-night-ii/
Eaten Alive!,1980,"A woman's search for her missing sister leads her to the jungles of New Guinea, where she and an expatriate guide encounter a cult leader and flesh-hungry natives.",Umberto Lenzi,92 mins   More at IMDb TMDB  Report this page,"Horror, Adventure","Robert Kerman, Janet Ågren, Mel Ferrer",Eaten Alive!,1980,https://letterboxd.com/film/eaten-alive-1980/
Madman,1981,"Madman Marz, an old folklore legend who murdered his family before escaping into the woods, is inadvertently summoned to a campsite to finish the spree he started decades ago.",Joe Giannone,89 mins   More at IMDb TMDB  Report this page,"Thriller, Horror","Gaylen Ross, Tony Fish, Harriet Bass",Madman,1981,https://letterboxd.com/film/madman/
Forbidden World,1982,"In the distant future, a federation marshal arrives at a research lab on a remote planet where a genetic experiment has gotten loose and begins feeding on the dwindling scientific group.",Allan Holzman,77 mins   More at IMDb TMDB  Report this page,"Horror, Science Fiction","Jesse Vint, Dawn Dunlap, June Chadwick",Forbidden World,1982,https://letterboxd.com/film/forbidden-world/
The Black Cat,1981,"Townspeople of a small English village begin to die in a series of horrible accidents, and a Scotland Yard inspector arrives to investigate a mysterious local medium who records conversations with the dead.",Lucio Fulci,92 mins   More at IMDb TMDB  Report this page,Horror,"Patrick Magee, Mimsy Farmer, David Warbeck",The Black Cat,1981,https://letterboxd.com/film/the-black-cat-1981/
Next of Kin,1982,"After Linda inherits a retirement home, she witnesses a series of strange events which seem connected to a dark and unspeakable evil.",Tony Williams,86 mins   More at IMDb TMDB  Report this page,"Mystery, Horror","Jacki Kerin, John Jarratt, Alex Scott",Next of Kin,1982,https://letterboxd.com/film/next-of-kin-1982/
"Silent Night, Deadly Night Part 2",1987,"Ricky is released from a mental hospital, taking with him the memory of his brother Billy's death and embarking on a journey of relentless revenge.",Lee Harry,88 mins   More at IMDb TMDB  Report this page,"Comedy, Horror","Eric Freeman, James Newman, Elizabeth Kaitan","Silent Night, Deadly Night Part 2",1987,https://letterboxd.com/film/silent-night-deadly-night-part-2/
Aunt Alejandra,1979,The arrival of Aunt Alejandra triggers a series of nightmarish events that will put the life of a family at mysterious risk.,Arturo Ripstein,98 mins   More at IMDb TMDB  Report this page,"Mystery, Horror, Drama","Isabela Corona, Diana Bracho, Manuel Ojeda",Aunt Alejandra,1979,https://letterboxd.com/film/aunt-alejandra/
976-EVIL,1988,"A bullied unpopular high school student named Hoax finds an ad for 976-EVIL, a number that provides daily 'horrorscopes'. But when he calls the number he gains demonic powers, which he uses to seek vengeance against those who bullied him.",Robert Englund,92 mins   More at IMDb TMDB  Report this page,Horror,"Stephen Geoffreys, Patrick O'Bryan, Sandy Dennis",976-EVIL,1988,https://letterboxd.com/film/976-evil/
Night of the Werewolf,1981,"An evil witch brings back to life the infamous Elizabeth Bathory, who was executed several hundred years previously for murdering young women and bathing in their blood.",Paul Naschy,92 mins   More at IMDb TMDB  Report this page,Horror,"Paul Naschy, Julia Saly, Silvia Aguilar",Night of the Werewolf,1981,https://letterboxd.com/film/night-of-the-werewolf/
My Best Friend Is a Vampire,1987,"Shortly after high school student Jeremy Capello goes on a hot date, he finds he can't stand garlic or see his reflection in mirrors.",Jimmy Huston,89 mins   More at IMDb TMDB  Report this page,"Horror, Comedy","Robert Sean Leonard, Evan Mirand, Leeanne Locken Emberlin",My Best Friend Is a Vampire,1987,https://letterboxd.com/film/my-best-friend-is-a-vampire/
He Knows You're Alone,1980,"A reluctant bride-to-be is stalked by a serial killer who only kills brides and the people around them. While her friends get whacked one by one, a hard-boiled renegade cop whose bride had been killed years before tries to hunt the killer down before it is too late.",Armand Mastroianni,94 mins   More at IMDb TMDB  Report this page,Horror,"Caitlin O'Heaney, Elizabeth Kemp, Dana Barron",He Knows You're Alone,1980,https://letterboxd.com/film/he-knows-youre-alone/
The Island,1980,"David Nau leads a band of modern day pirates who raid yachts and sail boats of people on vacation in the Caribbean. When reporter Blair Maynard and his son arrive to investigate the mystery of the disappearing boats, Nau and his band of raiders decide to induct them into their tribe.",Michael Ritchie,114 mins   More at IMDb TMDB  Report this page,"Thriller, Mystery, Horror","Michael Caine, David Warner, Angela Punch McGregor",The Island,1980,https://letterboxd.com/film/the-island/
The Video Dead,1987,"On a quiet, tree-lined street, an old television set receives a single channel that repeats the same horror film over and over, freeing zombies from the grave to kill.",Robert Scott,90 mins   More at IMDb TMDB  Report this page,"Horror, Fantasy, Comedy","Roxanna Augesen, Rocky Duvall, Michael St. Michaels",The Video Dead,1987,https://letterboxd.com/film/the-video-dead/
Sorority Babes in the Slimeball Bowl-O-Rama,1988,"Out to steal a trophy from a local bowling alley, a group of college students accidentally unleash the imp -- a sadistic little spirit that creates demons and loves sexy women.",David DeCoteau,80 mins   More at IMDb TMDB  Report this page,"Horror, Comedy","Andras Jones, Linnea Quigley, Robin Stille",Sorority Babes in the Slimeball Bowl-O-Rama,1988,https://letterboxd.com/film/sorority-babes-in-the-slimeball-bowl-o-rama/
The Bride,1985,"Doctor Frankenstein creates a mate for his monster, a woman called Eva, who promptly rejects the male creature. In turn, the doctor becomes obsessed with Eva, and tries to make her a perfect victorian woman.",Franc Roddam,114 mins   More at IMDb TMDB  Report this page,"Drama, Science Fiction, Romance, Horror","Sting, Jennifer Beals, Anthony Higgins",The Bride,1985,https://letterboxd.com/film/the-bride/
Not of This Earth,1988,An alien arrives on Earth looking to take human blood in an attempt to preserve his dying planet.,Jim Wynorski,81 mins   More at IMDb TMDB  Report this page,"Science Fiction, Horror, Comedy","Traci Lords, Arthur Roberts, Lenny Juliano",Not of This Earth,1988,https://letterboxd.com/film/not-of-this-earth-1988/
Macabre,1980,"A middle-aged woman, traumatized from the death of her adulterous lover, moves into a room at a New Orleans boarding house where the blind landlord becomes suspicious to her activities of continuing her affair with her dead lover.",Lamberto Bava,89 mins   More at IMDb TMDB  Report this page,Horror,"Bernice Stegers, Stanko Molnar, Veronica Zinny",Macabre,1980,https://letterboxd.com/film/macabre-1980/
Christmas Evil,1980,"Garbed in his red suit, Harry, a toy factory worker, decides that the only thing he can do to save the spirit of Christmas is to become Santa Claus himself and make all of the naughty townspeople pay... in blood!",Lewis Jackson,94 mins   More at IMDb TMDB  Report this page,"Horror, Thriller","Brandon Maggart, Jeffrey DeMunn, Dianne Hull",Christmas Evil,1980,https://letterboxd.com/film/christmas-evil/
The Deadly Spawn,1983,"When a meteorite touches down in the New Jersey woods carrying a monstrous alien slug, it’s up to four teens to stop it before it’s terrifying brood consumes all life on Earth!",Douglas McKeown,81 mins   More at IMDb TMDB  Report this page,"Horror, Science Fiction","Charles George Hildebrandt, Tom DeFranco, Richard Lee Porter",The Deadly Spawn,1983,https://letterboxd.com/film/the-deadly-spawn/
Munchies,1987,"Simon Watterman, a space archaeologist, discovers the ""Munchies"" in a cave in Peru. Cecil Watterman, Simon's evil twin brother and snack food entrepreneur, kidnaps the creature. What Cecil does not know is that the creature, when chopped up, regenerates into many new creatures and are they mean!",Tina Hirsch,87 mins   More at IMDb TMDB  Report this page,"Comedy, Science Fiction, Horror","Harvey Korman, Charlie Stratton, Nadine Van der Velde",Munchies,1987,https://letterboxd.com/film/munchies/
Spookies,1986,"Taking a wrong turn, travelers find themselves trapped in a mysterious house. One horror after another threatens them as the sorcerer who lives within needs sacrifices to give eternal life to his beautiful bride.",Genie Joseph,85 mins   More at IMDb TMDB  Report this page,Horror,"Felix Ward, Maria Pechukas, Dan Scott",Spookies,1986,https://letterboxd.com/film/spookies/
Cellar Dweller,1987,"In the 1950s, a horror-comic artist's creations come alive and kill him. Years later a new cartoonist revives the creatures in his house, now part of an artist's colony.",John Carl Buechler,77 mins   More at IMDb TMDB  Report this page,"Fantasy, Horror","Debrah Farentino, Yvonne De Carlo, Jeffrey Combs",Cellar Dweller,1987,https://letterboxd.com/film/cellar-dweller/
Howling III: The Marsupials,1987,"A strange race of human-like marsupials appear suddenly in Australia, and a sociologist who studies these creatures falls in love with a female one. Is this a dangerous combination?",Philippe Mora,98 mins   More at IMDb TMDB  Report this page,Horror,"Barry Otto, Max Fairchild, Imogen Annesley",Howling III: The Marsupials,1987,https://letterboxd.com/film/howling-iii-the-marsupials/
El Filandón,1985,"According to legend, Pelayo became a martyr and saint by sacrificing himself to save his king, Bermudo de León. Now, people gather to explain their history and ask for disaster protection.",José María Martín Sarmiento,100 mins   More at IMDb TMDB  Report this page,"Mystery, Horror, Drama, Fantasy","Magín Mayo, Julio Llamazares, José María Merino",El Filandón,1985,https://letterboxd.com/film/el-filandon/
Visiting Hours,1982,"A deranged, misogynistic killer assaults a journalist. When he discovers that she survived the attack, he follows her to the hospital to finish her off.",Jean-Claude Lord,105 mins   More at IMDb TMDB  Report this page,"Thriller, Horror","Michael Ironside, Lee Grant, Linda Purl",Visiting Hours,1982,https://letterboxd.com/film/visiting-hours/
Nightmares,1983,"A collection of short stories. In one a woman who leaves her house late at night to drive to the store while a killer is loose encounters some problems. In the second an arcade whiz kid's obsession with a game leads to deadly consequences. In the third a small town priest loses his faith and decides to leave town, but in the desert is stalked by a mysterious black pick-up truck. In the final story, a family's problem with a rat is larger than they think.",Joseph Sargent,99 mins   More at IMDb TMDB  Report this page,"Horror, Science Fiction","Cristina Raines, Emilio Estevez, Lance Henriksen",Nightmares,1983,https://letterboxd.com/film/nightmares/
The Children,1980,A nuclear-plant leak turns a bus-load of children into murderous atomic zombies with black fingernails.,Max Kalmanowicz,93 mins   More at IMDb TMDB  Report this page,"Horror, Science Fiction","Martin Shakar, Gil Rogers, Gale Garnett",The Children,1980,https://letterboxd.com/film/the-children-1980/
Rabid Grannies,1988,"A large family gathers in the country side for their very elderly grannies' birthday. One gift happens to be from their ostracized, black sheep nephew, and upon opening it, the two loveable grannies turn into rabid, flesh-eating monsters.",Emmanuel Kervyn,96 mins   More at IMDb TMDB  Report this page,"Comedy, Horror","Catherine Aymerie, Caroline Braekman, Richard Cotica",Rabid Grannies,1988,https://letterboxd.com/film/rabid-grannies/
The Phantom of the Opera,1989,"An aspiring opera singer finds herself transported back to Victorian-era London -- and into the arms of a reclusive, disfigured maestro determined to make her a star.",Dwight H. Little,93 mins   More at IMDb TMDB  Report this page,"Romance, Horror","Robert Englund, Jill Schoelen, Alex Hyde-White",The Phantom of the Opera,1989,https://letterboxd.com/film/the-phantom-of-the-opera-1989/
Hobgoblins,1988,"A group of hobgoblins, who allow you to live out your fantasies but kill you in the process, escape from a studio vault, and a security guard and his friends must stop them before dawn.",Rick Sloane,92 mins   More at IMDb TMDB  Report this page,"Comedy, Horror, Science Fiction","Tom Bartlett, Paige Sullivan, Steven Boggs",Hobgoblins,1988,https://letterboxd.com/film/hobgoblins/
Prison,1987,"After Charles Forsyth was sent to the electric chair for a crime he didn't commit, he forever haunts the prison where he was executed. Flash forward several years when the prison is reopened, under the control of its new warden Eaton Sharpe, a former security guard who framed Charlie. When prisoners are ordered to break down the wall to the execution room, they unknowingly release the angry spirit of Charles Forsyth, a powerful being distributing his murderous rage to all, leading up to the Warden himself.",Renny Harlin,102 mins   More at IMDb TMDB  Report this page,"Drama, Crime, Horror, Thriller","Viggo Mortensen, Chelsea Field, Lane Smith",Prison,1987,https://letterboxd.com/film/prison/
Dead End Drive-In,1986,"In the future, a health nut and his tag-along girlfriend become trapped in a drive-in theater that has become a concentration camp for outcast youths.",Brian Trenchard-Smith,87 mins   More at IMDb TMDB  Report this page,"Action, Science Fiction, Horror","Ned Manning, Natalie McCurry, Peter Whitford",Dead End Drive-In,1986,https://letterboxd.com/film/dead-end-drive-in/
Mr. Vampire,1985,"The planned reburial of a village elder goes awry as the corpse resurrects into a hopping, bloodthirsty vampire, threatening mankind. Therefore, a Taoist Priest and his two disciples attempt to stop the terror.",Ricky Lau,96 mins   More at IMDb TMDB  Report this page,"Action, Comedy, Horror","Lam Ching-Ying, Ricky Hui Koon-Ying, Chin Siu-Ho",Mr. Vampire,1985,https://letterboxd.com/film/mr-vampire/
House on the Edge of the Park,1980,"A posh couple experience car trouble on their way to a villa party and stop into a local mechanic's shop for assistance, unaware of his shady background. After he and his mentally challenged assistant fix the car, the couple invite them to the party to return the favor, leading to an evening of mayhem.",Ruggero Deodato,91 mins   More at IMDb TMDB  Report this page,"Horror, Crime, Thriller","David Hess, Annie Belle, Giovanni Lombardo Radice",House on the Edge of the Park,1980,https://letterboxd.com/film/house-on-the-edge-of-the-park/
"I, Madman",1989,A bookshop clerk starts seeing the disfigured killer from her favorite 1950s pulp novels come to life and start killing people around her.,Tibor Takács,89 mins   More at IMDb TMDB  Report this page,"Horror, Thriller","Jenny Wright, Clayton Rohner, Randall William Cook","I, Madman",1989,https://letterboxd.com/film/i-madman/
Ænigma,1987,"The spirit of a comatose teenage girl possesses the body of a newcomer to her girls' boarding school in order to enact bloody revenge against the elitist, lingerie-clad coeds responsible for her condition.",Lucio Fulci,90 mins   More at IMDb TMDB  Report this page,Horror,"Jared Martin, Lara Lamberti, Ulli Reinthaler",Ænigma,1987,https://letterboxd.com/film/nigma/
Scarecrows,1988,"Five men heist the Camp Pendleton payroll and kidnap a pilot and his daughter, who are forced to fly them to Mexico. Enroute a double cross has one of the thieves parachute with the loot into an abandoned farm surrounded by strange scarecrows. The rest of the team jump after their loot and their former partner. Everything happens during the course of one very dark night.",William Wesley,83 mins   More at IMDb TMDB  Report this page,Horror,"Ted Vernon, Michael David Simms, Richard Vidan",Scarecrows,1988,https://letterboxd.com/film/scarecrows/
The Kindred,1987,"Amanda's deathbed request to her son, John, was for him to destroy all the lab notes etc. from her last experiment. She also blurts out he had a brother. At the funeral John meets Melissa, who claims to be his mother's biggest fan. Together with some of John's friends they go to Amanda's house, but none are prepared for what they find there.",Stephen Carpenter,93 mins   More at IMDb TMDB  Report this page,"Science Fiction, Horror","David Allen Brooks, Rod Steiger, Amanda Pays",The Kindred,1987,https://letterboxd.com/film/the-kindred/
Final Exam,1981,"In a small college in North Carolina, only a select few students are left to take mid terms. But, when a killer strikes, it could be everyone's final exam.",Jimmy Huston,90 mins   More at IMDb TMDB  Report this page,Horror,"Cecile Bagdadi, Joel S. Rice, Ralph Brown",Final Exam,1981,https://letterboxd.com/film/final-exam/
The Mutilator,1984,"As a child, Ed was cleaning his father’s hunting rifles - a surprise birthday treat for the old man - when one of them went off, hitting and killing his mother. On seeing the bloodshed, his father flew into a murderous rage - Ed just barely escaped with his life. Now in his teens, he returns home; he doesn’t expect to find his father, still there, waiting for a chance to settle the score . . .",Buddy Cooper,86 mins   More at IMDb TMDB  Report this page,"Thriller, Mystery, Horror","Matt Mitler, Ruth Martinez, Bill Hitchcock",The Mutilator,1984,https://letterboxd.com/film/the-mutilator/
The Beast Within,1982,"A horrified teen mutates into a crazed cannibalistic swamp creature, and must uncover the terrifying secret identity of his father before his nasty natural tendencies force him to make jambalaya out of the locals.",Philippe Mora,98 mins   More at IMDb TMDB  Report this page,"Horror, Fantasy, Science Fiction","Ronny Cox, Bibi Besch, Paul Clemens",The Beast Within,1982,https://letterboxd.com/film/the-beast-within/
Manhattan Baby,1982,"An archaeologist opens an Egyptian tomb and accidently releases an evil spirit. His young daughter becomes possessed by the freed entity and, upon their arrival back in New York, the gory murders begin.",Lucio Fulci,89 mins   More at IMDb TMDB  Report this page,Horror,"Christopher Connelly, Laura Lenzi, Brigitta Boccoli",Manhattan Baby,1982,https://letterboxd.com/film/manhattan-baby/
Evilspeak,1981,"Bullied by classmates, a pudgy military-school student fights back by computer with the devil.",Eric Weston,93 mins   More at IMDb TMDB  Report this page,"Science Fiction, Horror","Clint Howard, R.G. Armstrong, Joe Cortese",Evilspeak,1981,https://letterboxd.com/film/evilspeak/
The Final Terror,1983,"A group of friends head out for what is expected to be a vacation of hiking, camping and a good time, but when a backwoods mama finds them on her turf, it becomes anything but a vacation.",Andrew Davis,82 mins   More at IMDb TMDB  Report this page,"Thriller, Horror","John Friedrich, Adrian Zmed, Daryl Hannah",The Final Terror,1983,https://letterboxd.com/film/the-final-terror/
Creature,1985,"A crew of scientists arrives on a far, cold planet to examine archaic artifacts of unknown origin. They discover that their German enemies already have a ship there. When they seek their help after a failed landing, they only find the Germans’ bodies, obviously slaughtered by one of the archaic creatures, awoken to new life. Now the alien is after them.",William Malone,97 mins   More at IMDb TMDB  Report this page,"Science Fiction, Horror","Stan Ivar, Wendy Schaal, Lyman Ward",Creature,1985,https://letterboxd.com/film/creature/
Guinea Pig: Mermaid in the Manhole,1988,"An artist dealing with the grief of his wife leaving him finds solace in painting the squalor of the sewer. He discovers a trapped mermaid, whom he brings home to heal. Her condition worsens, and she asks the artist to paint her before she dies.",Hideshi Hino,63 mins   More at IMDb TMDB  Report this page,"Horror, Romance","Shigeru Saiki, Mari Somei, Go Riju",Guinea Pig: Mermaid in the Manhole,1988,https://letterboxd.com/film/guinea-pig-mermaid-in-the-manhole/
Contamination,1980,"A former astronaut helps a government agent and a police detective track the source of mysterious alien pod spores, filled with lethal flesh-dissolving acid, to a South American coffee plantation controlled by alien pod clones.",Luigi Cozzi,95 mins   More at IMDb TMDB  Report this page,"Science Fiction, Horror","Ian McCulloch, Louise Marleau, Marino Masé",Contamination,1980,https://letterboxd.com/film/contamination/
Wicked Stepmother,1989,"A mother/daughter pair of witches descend on a yuppie family's home and cause havoc, one at a time since they share one body & the other must live in a cat the rest of the time. Now it's up to the family's mother, a private detective, and a suspended police officer to try and stop the witches.",Larry Cohen,90 mins   More at IMDb TMDB  Report this page,"Fantasy, Comedy, Horror, Science Fiction","Bette Davis, Barbara Carrera, Colleen Camp",Wicked Stepmother,1989,https://letterboxd.com/film/wicked-stepmother/
Bloody Moon,1981,"After being released from a mental asylum, a disfigured man becomes obsessed with a student at his sister’s boarding school while grappling with his dark past.",Jesús Franco,90 mins   More at IMDb TMDB  Report this page,"Thriller, Horror","Olivia Pascal, Christoph Moosbrugger, Nadja Gerganoff",Bloody Moon,1981,https://letterboxd.com/film/bloody-moon/
From a Whisper to a Scream,1987,"The uncle of an executed murderess relates four stories of his hometown, Oldfield, to a reporter. In the first, an elderly man pursues a romance with a younger woman, even to the grave and beyond. In the second, a wounded man on the run from creditors is rescued by a backwoods hermit who holds the secret to eternal life. In the third, a glass-eating carny pays the ultimate price for looking for love on the outside. And in the fourth, a group of Civil War soldiers are held captive by a household of orphans with strange intentions for them.",Jeff Burr,100 mins   More at IMDb TMDB  Report this page,Horror,"Vincent Price, Clu Gulager, Terry Kiser",From a Whisper to a Scream,1987,https://letterboxd.com/film/from-a-whisper-to-a-scream/
Superstition,1982,A witch put to death in 1692 swears vengeance on her persecutors and returns to the present day to punish their descendants.,James W. Roberson,85 mins   More at IMDb TMDB  Report this page,Horror,"James Houghton, Albert Salmi, Lynn Carlin",Superstition,1982,https://letterboxd.com/film/superstition/
Stepfather 2,1989,"""Stepfather"" Jerry Blake escapes an insane asylum and winds up in another town, this time impersonating a marriage counselor. With a future wife and new stepson who love him, Blake eliminates anyone who stands in his way to building the perfect family.",Jeff Burr,93 mins   More at IMDb TMDB  Report this page,"Thriller, Horror","Terry O'Quinn, Meg Foster, Caroline Williams",Stepfather 2,1989,https://letterboxd.com/film/stepfather-2/
Blood Beach,1980,"Something or someone is attacking people one by one on the beach. Some of them are mutilated, but most of them are sucked into the sand, disappearing without a trace. What is the creature responsible? Where does it live, and where did it come from? And is there any chance of it reproducing? Meanwhile, David Huffman and Mariana Hill are once-almost-married old friends, reunited over the death of her mother on the beach, and searching for clues in the abandoned buildings where they used to play when they were young.",Jeffrey Bloom,92 mins   More at IMDb TMDB  Report this page,"Science Fiction, Horror","David Huffman, Marianna Hill, Burt Young",Blood Beach,1980,https://letterboxd.com/film/blood-beach/
Nightmare,1981,A drug-treated schizophrenic plagued by horrible nightmares is released from the hospital and goes on a killing spree.,Romano Scavolini,99 mins   More at IMDb TMDB  Report this page,Horror,"Baird Stafford, Sharon Smith, C.J. Cooke",Nightmare,1981,https://letterboxd.com/film/nightmare-1981/
Rawhead Rex,1986,"Ireland will never be the same after Rawhead Rex, a particularly nasty demon, is released from his underground prison by an unwitting farmer. The film follows Rex's cross country rampage, while a man struggles to stop it.",George Pavlou,89 mins   More at IMDb TMDB  Report this page,Horror,"David Dukes, Niall Tóibín, Cora Lunny",Rawhead Rex,1986,https://letterboxd.com/film/rawhead-rex/
The Unnamable,1988,"Students from Miskatonic University decide to spend the night in the Winthrop house, a spot widely believed to have been haunted for the past 300 years, ever since Joshua Winthrop was horribly murdered and mutilated by the hideous creature born of his wife.",Jean-Paul Ouellette,87 mins   More at IMDb TMDB  Report this page,Horror,"Charles Klausmeyer, Mark Kinsey Stephenson, Alexandra Durrell",The Unnamable,1988,https://letterboxd.com/film/the-unnamable/
Faceless,1988,"A detective investigating a missing model in Paris uncovers a plastic surgeon’s horrifying secret involving kidnapped women, blood, and organs.",Jesús Franco,98 mins   More at IMDb TMDB  Report this page,Horror,"Helmut Berger, Brigitte Lahaie, Telly Savalas",Faceless,1988,https://letterboxd.com/film/faceless/
One Dark Night,1982,"A strange man named Karl Rhamarevich dies shortly after discovering a way to become even more powerful in death through telekinesis. On the night of his burial in a crypt, Julie is to spend the night there as part of an initiation rite, supervised by two other girls. The crypt becomes a scene of horror as Raymar returns to life and deploys his horrifying telekinetic powers.",Tom McLoughlin,94 mins   More at IMDb TMDB  Report this page,Horror,"Meg Tilly, Melissa Newman, Robin Evans",One Dark Night,1982,https://letterboxd.com/film/one-dark-night/
The Outing,1987,"A group of high schoolers decide to stay in a natural museum after closing hours, but a newly acquired and mysterious lamp hiding a deadly force will turn the fun into horror.",Tom Daley,87 mins   More at IMDb TMDB  Report this page,Horror,"Deborah Winters, James Huston, Andra St. Ivanyi",The Outing,1987,https://letterboxd.com/film/the-outing/
Venom,1981,"International terrorists attempt to kidnap a wealthy couple's child. Their plan comes unstuck, however, when a deadly Black Mamba, sent by mistake instead of a harmless snake, escapes and terrorizes both them and their hostages.",Piers Haggard,93 mins   More at IMDb TMDB  Report this page,"Thriller, Horror","Klaus Kinski, Oliver Reed, Nicol Williamson",Venom,1981,https://letterboxd.com/film/venom/
The Boogeyman,1982,"Lester Billing's children are dying one by one. Prepare for a nightmarish journey into the dark side of one man's psyche; the side where fear can take over, reason can be lost and sanity can crumble.",Jeff Schiro,28 mins   More at IMDb TMDB  Report this page,Horror,"Michael Earl Reid, Bert Linder, Terence Brady",The Boogeyman,1982,https://letterboxd.com/film/the-boogeyman-1982/
The Return of Swamp Thing,1989,"The Swamp Thing returns to battle the evil Dr. Arcane, who has a new science lab full of creatures transformed by genetic mutation, and chooses Heather Locklear as his new object of affection.",Jim Wynorski,84 mins   More at IMDb TMDB  Report this page,"Horror, Science Fiction","Louis Jourdan, Heather Locklear, Sarah Douglas",The Return of Swamp Thing,1989,https://letterboxd.com/film/the-return-of-swamp-thing/
Neon Maniacs,1986,"A group of teenagers in San Francisco discover a nest of homicidal monsters living in a tower of the Golden Gate Bridge, but when they try to tell authorities, no one believes them.",Joseph Mangine,91 mins   More at IMDb TMDB  Report this page,Horror,"Clyde Hayes, Leilani Sarelle, Donna Locke",Neon Maniacs,1986,https://letterboxd.com/film/neon-maniacs/
Rats: Night of Terror,1984,"One hundred years after a nuclear war has devastated the planet, society has been reborn into two factions; the underground society and the scavangers above in the wastelands. A group of scavangers on bikes come across a town infested with flesh eating rats, and soon the gore is spilling everywhere.",Bruno Mattei,97 mins   More at IMDb TMDB  Report this page,"Science Fiction, Horror","Ottaviano Dell'Acqua, Geretta Geretta, Massimo Vanni",Rats: Night of Terror,1984,https://letterboxd.com/film/rats-night-of-terror/
Mortuary,1982,"A young woman investigates the seemingly accidental death of her father, revealing many unsettling secrets and putting her in mortal danger.",Howard Avedis,93 mins   More at IMDb TMDB  Report this page,Horror,"Mary Elizabeth McDonough, David Wallace, Bill Paxton",Mortuary,1982,https://letterboxd.com/film/mortuary-1982/
Amityville: The Evil Escapes,1989,"After moving into their matriarch's gothic seaside mansion, the Evans family soon becomes host to an uninvited demonic force in the form of a mysterious lamp that once resided in the Amityville house.",Sandor Stern,95 mins   More at IMDb TMDB  Report this page,"TV Movie, Horror","Patty Duke, Jane Wyatt, Fredric Lehne",Amityville: The Evil Escapes,1989,https://letterboxd.com/film/amityville-the-evil-escapes/
Godzilla vs. Biollante,1989,"After the previous Godzilla attack, a miniature arms race ensues to collect his cells. Concerned over Godzilla's possible return, the Japanese government uses the cells to create a new bio-weapon, ANEB (Anti-Nuclear Energy Bacteria). They seeks the aid of geneticist Genshiro Shiragami, who's experiments result in a new mutation.",Kazuki Ōmori,105 mins   More at IMDb TMDB  Report this page,"Science Fiction, Fantasy, Horror, Action","Kunihiko Mitamura, Yoshiko Tanaka, Masanobu Takashima",Godzilla vs. Biollante,1989,https://letterboxd.com/film/godzilla-vs-biollante/
Encounters of the Spooky Kind,1980,"""Big Guts"" Cheung, a man well known in his local village for his lack of fear, is put to the test after being tricked into spending the night in a temple full of spirits, zombies, and vampires.",Sammo Hung Kam-Bo,102 mins   More at IMDb TMDB  Report this page,"Comedy, Action, Horror, Fantasy","Sammo Hung Kam-Bo, Paul Chung Fat, Wu Ma",Encounters of the Spooky Kind,1980,https://letterboxd.com/film/encounters-of-the-spooky-kind/
Night Train to Terror,1985,God and Satan are on a train discussing the fate of three individuals. The stories of the people in question are told in a trio of very strange vignettes. One involves an insane asylum with some very interesting treatment plans. Another involves a 'death club'. The final story shows us the adventures of a server of Satan.,Tom McGowan,98 mins   More at IMDb TMDB  Report this page,Horror,"Barbara Wyler, Jamie Scoggin, Stacey Lyons",Night Train to Terror,1985,https://letterboxd.com/film/night-train-to-terror/
Don't Open Till Christmas,1984,"It's just days before Christmas in London, but not everyone is full of good cheer - as a maniac with a pathological hatred of Santa Claus stalks the streets, butchering any man that’s unlucky enough to be wandering around dressed as Old Saint Nick.",Edmund Purdom,87 mins   More at IMDb TMDB  Report this page,"Horror, Mystery, Thriller","Edmund Purdom, Alan Lake, Belinda Mayne",Don't Open Till Christmas,1984,https://letterboxd.com/film/dont-open-till-christmas/
Nightmare Beach,1989,"In Miami, Florida, biker gang leader Edward ""Diablo"" Santer is about to be executed for murder when he proclaims his innocence and vows revenge from the grave. When a mysterious biker comes to town during Spring Break festivities, leaving several teenagers electrocuted to death, some begin to suspect that Santer has made good on his promise.",James Justice,90 mins   More at IMDb TMDB  Report this page,"Horror, Thriller","Nicolas De Toth, Sarah Buxton, Rawley Valverde",Nightmare Beach,1989,https://letterboxd.com/film/nightmare-beach/
The Beast and the Magic Sword,1983,"His bloodline damned by a witch, Waldemar Daninsky heads to Japan to seek a cure for his werewolf curse.",Paul Naschy,115 mins   More at IMDb TMDB  Report this page,"Fantasy, Horror","Paul Naschy, Shigeru Amachi, Beatriz Escudero",The Beast and the Magic Sword,1983,https://letterboxd.com/film/the-beast-and-the-magic-sword/
Watchers,1988,"A boy takes in a stray dog, later finding out that it's an ultra-intelligent runaway from a genetic research lab. Unbeknownst to him, the dog is being stalked by another escaped creature that's not quite so friendly.",Jon Hess,91 mins   More at IMDb TMDB  Report this page,"Science Fiction, Horror, Thriller","Corey Haim, Michael Ironside, Christopher Cary",Watchers,1988,https://letterboxd.com/film/watchers/
The Green Inferno,1988,Four friends head into the jungle to locate a lost professor but instead face off against treasure hunters who are torturing and killing natives.,Antonio Climati,90 mins   More at IMDb TMDB  Report this page,"Adventure, Comedy","Pio Maria Federici, May Deseligny, Marco Merlo",The Green Inferno,1988,https://letterboxd.com/film/the-green-inferno-1988/
Edge of the Axe,1988,"An axe murderer terrorizes a small Northern California mountain community, while two young computer-obsessed adults attempt to solve the killings.",José Ramón Larraz,91 mins   More at IMDb TMDB  Report this page,"Horror, Mystery","Barton Faulks, Christina Marie Lane, Page Moseley",Edge of the Axe,1988,https://letterboxd.com/film/edge-of-the-axe/
Inseminoid,1981,"A crew of interplanetary archaeologists is threatened when an alien creature impregnates one of their members, causing her to turn homicidal and murder them one by one.",Norman J. Warren,93 mins   More at IMDb TMDB  Report this page,"Horror, Science Fiction","Robin Clarke, Jennifer Ashley, Stephanie Beacham",Inseminoid,1981,https://letterboxd.com/film/inseminoid/
Nosferatu in Venice,1988,"Professor Paris Catalano visits Venice, to investigate the last known appearance of the famous vampire Nosferatu during the carnival of 1786.",Augusto Caminito,97 mins   More at IMDb TMDB  Report this page,Horror,"Klaus Kinski, Christopher Plummer, Donald Pleasence",Nosferatu in Venice,1988,https://letterboxd.com/film/nosferatu-in-venice/
Conquest,1983,"A young man, armed with a magical bow and arrows, embarks on a mystical journey through a mystical land to rid it of all evil and joins forces with an outlaw to take down an evil witch bent on claiming the magic bow for evil.",Lucio Fulci,88 mins   More at IMDb TMDB  Report this page,"Action, Adventure, Horror, Fantasy","Jorge Rivero, Andrea Occhipinti, Sabrina Siani",Conquest,1983,https://letterboxd.com/film/conquest-1983/
Absurd,1981,"A priest-doctor chasing a man with supernatural regenerative abilities, who has recently escaped from a medical lab, reaches a small town where the mutant goes on a killing spree.",Joe D'Amato,94 mins   More at IMDb TMDB  Report this page,Horror,"George Eastman, Annie Belle, Charles Borromel",Absurd,1981,https://letterboxd.com/film/absurd-1981/
The Black Moon,1989,"After experiencing a series of traumatic, seemingly unrelated, accidents, Eva begins to notice that her daughter Luna is behaving in increasingly strange ways.",Imanol Uribe,81 mins   More at IMDb TMDB  Report this page,"Horror, Drama","Lydia Bosch, Fernando Guillén, Emma Suárez",The Black Moon,1989,https://letterboxd.com/film/the-black-moon/
Black Roses,1988,Teens in a small conservative town are turned into evil demons thanks to the music of the titular heavy metal band.,John Fasano,90 mins   More at IMDb TMDB  Report this page,"Horror, Music","John Martin, Ken Swofford, Carmine Appice",Black Roses,1988,https://letterboxd.com/film/black-roses/
Rock 'n' Roll Nightmare,1987,"At an old farmhouse, a family mysteriously dissapears at the hands of evil. Years later, hair metal band The Tritons comes to the farmhouse, whose barn now features a 24-track recording studio. Lead singer John Triton gets the band to perform their first night in the farmhouse after dinner, and weird little beasties suddenly appear, and strange things start to happen. Band members (and their tagalong girlfriends) begin to act strangely and vanish one by one. Soon, only John Triton remains, and he holds a secret. Finally, the evil shows itself and a battle between heaven and hell ensues....",John Fasano,83 mins   More at IMDb TMDB  Report this page,"Horror, Music","Jon Mikl Thor, Jillian Peri, Frank Dietz",Rock 'n' Roll Nightmare,1987,https://letterboxd.com/film/rock-n-roll-nightmare/
Howling IV: The Original Nightmare,1988,"An author who was sent to the town Drakho, because of a nervous breakdown, gets wound up in a mystery revolving around demons and werewolves. She starts seeing ghosts and dismisses them as her own imagination, but when they turn out to be real she becomes suspicious of the odd town and of its past.",John Hough,95 mins   More at IMDb TMDB  Report this page,Horror,"Romy Walthall, Michael T. Weiss, Antony Hamilton",Howling IV: The Original Nightmare,1988,https://letterboxd.com/film/howling-iv-the-original-nightmare/
The Nest,1987,"Horrifying shocker as a biological experiment goes haywire when meat-eating mutant roaches invade an island community, terrorizing a peaceful New England fishing village and hideously butchering its citizens.",Terence H. Winkless,89 mins   More at IMDb TMDB  Report this page,"Thriller, Science Fiction, Horror","Robert Lansing, Lisa Langlois, Franc Luz",The Nest,1987,https://letterboxd.com/film/the-nest/
Slaughterhouse,1987,"Faced with the town lawyer, the sheriff, and a rival slaughterhouse owner trying to purchase his land, Lester Bacon decides to take matters into his own hands, ordering his hulking and mentally deranged son to permanently dispose of anyone who conspires against them.",Rick Roessler,85 mins   More at IMDb TMDB  Report this page,Horror,"Joe B. Barton, Don Barrett, Sherry Leigh",Slaughterhouse,1987,https://letterboxd.com/film/slaughterhouse/
Eyes of Fire,1983,"In 1750, an adulterous preacher is ejected from a small British colony with his motley crew of followers, who make their way downriver to establish a new settlement of their own beyond the western frontier.",Avery Crounse,86 mins   More at IMDb TMDB  Report this page,"Horror, Drama","Dennis Lipscomb, Guy Boyd, Rebecca Stanley",Eyes of Fire,1983,https://letterboxd.com/film/eyes-of-fire/
Heartbeat,1983,"Paul Marnac and his infirm wife Geneviève move to his childhood estate in the French countryside. The estate is also the site of the castle inhabited by Paul's ancestor Alaric de Marnac, who was known for brutally slaughtering anyone whom he suspected of infidelity. There is a legend that Alaric rises from the grave to continue his deeds. The estate is currently inhabited by Paul's aunt Maville and cousin Julie. Right after Paul and Geneviève arrive, mysterious things begin to happen. Geneviève begins to wonder if the legend about Alaric is true.",Paul Naschy,94 mins   More at IMDb TMDB  Report this page,Horror,"Paul Naschy, Julia Saly, Lola Gaos",Heartbeat,1983,https://letterboxd.com/film/heartbeat-1983/
Ghosthouse,1988,A group of unlikely companions receive a radio call leading to a deserted house with a grisly past.,Umberto Lenzi,95 mins   More at IMDb TMDB  Report this page,Horror,"Lara Wendel, Greg Rhodes, Mary Sellers",Ghosthouse,1988,https://letterboxd.com/film/ghosthouse/
Sole Survivor,1984,"After inexplicably surviving a plane crash, TV station worker Denise tries to get on with her life. After she learns that she was actually supposed to die in the crash, the unseen specter of death starts sending its minions, people that have recently died, to collect her.",Thom Eberhardt,85 mins   More at IMDb TMDB  Report this page,"Thriller, Horror","Anita Skinner, Kurt Johnson, Robin Davidson",Sole Survivor,1984,https://letterboxd.com/film/sole-survivor-1984/
Macumba Sexual,1983,"Princess Obongo, the Goddess of Unspeakable Lust, uses dark powers to ensnare a hapless couple of yuppies, so that she can imbue them with evil and conquer the world.",Jesús Franco,80 mins   More at IMDb TMDB  Report this page,Horror,"Ajita Wilson, Lina Romay, Antonio Mayans",Macumba Sexual,1983,https://letterboxd.com/film/macumba-sexual/
Journey to the Beyond,1980,"This movie is the first of a trilogy that Sebastián D'Arbó, a specialist in parapsychology, filmed on occult topics. The second film is El ser (1982) and the last one Más allá de la muerte (1986).",Sebastià d'Arbó,108 mins   More at IMDb TMDB  Report this page,Horror,"Narciso Ibáñez Menta, Emilio Gutiérrez Caba, Ramiro Oliveros",Journey to the Beyond,1980,https://letterboxd.com/film/journey-to-the-beyond/
Just Before Dawn,1981,"In the Oregon mountains, a pair of hunters encounter a machete-wielding killer in an abandoned church. Meanwhile, five campers arrive to examine some property one of them has inherited but are warned by the forest ranger not to venture forth. Soon after they set up camp, they begin hearing strange noises, encounter a mysterious singing girl and start disappearing one by one.",Jeff Lieberman,90 mins   More at IMDb TMDB  Report this page,"Horror, Thriller","George Kennedy, Mike Kellin, Chris Lemmon",Just Before Dawn,1981,https://letterboxd.com/film/just-before-dawn-1981/
The Beasts' Carnival,1980,"A hit man working for the Yakuza double crosses his employers and flees with a cache of diamonds from the latest heist. Injured and hiding in the mountain regions of Spain, with Japanese assassins in hot pursuit, he takes refuge in the home of a local doctor and his two daughters who nurse him back to health and hide him from his pursuers, taking drastic and murderous measures to protect him... for they have plans of their own in store for their current guest.",Paul Naschy,91 mins   More at IMDb TMDB  Report this page,"Horror, Crime","Paul Naschy, Eiko Nagashima, Lautaro Murúa",The Beasts' Carnival,1980,https://letterboxd.com/film/the-beasts-carnival/
Crawlspace,1986,"A man who runs an apartment house for women is the demented son of a Nazi surgeon who has the house equipped with secret passageways, hidden rooms and torture and murder devices.",David Schmoeller,80 mins   More at IMDb TMDB  Report this page,"Thriller, Horror","Klaus Kinski, Talia Balsam, Barbara Whinnery",Crawlspace,1986,https://letterboxd.com/film/crawlspace/
Howling V: The Rebirth,1989,"When a group of people from different walks of life converge in a Hungarian castle situated in Budapest which has been sealed for 500 years, they bring with them a werewolf which slowly begins to cut their numbers down.",Neal Sundstrom,96 mins   More at IMDb TMDB  Report this page,Horror,"Phil Davis, Victoria Catlin, Ben Cole",Howling V: The Rebirth,1989,https://letterboxd.com/film/howling-v-the-rebirth/
"Butcher, Baker, Nightmare Maker",1981,An orphaned teenager finds himself being dominated by his aunt who's hell-bent on keeping him with her...at all costs.,William Asher,96 mins   More at IMDb TMDB  Report this page,"Horror, Thriller","Jimmy McNichol, Susan Tyrrell, Bo Svenson","Butcher, Baker, Nightmare Maker",1981,https://letterboxd.com/film/butcher-baker-nightmare-maker/
Cut and Run,1985,A reporter and her cameraman connect a surviving Jonestown leader and a TV exec's missing son to a drug war where jungle installations are being massacred by an army of natives and a skilled white assassin.,Ruggero Deodato,90 mins   More at IMDb TMDB  Report this page,"Adventure, Horror","Lisa Blount, Leonard Mann, Richard Lynch",Cut and Run,1985,https://letterboxd.com/film/cut-and-run/
New Year's Evil,1980,"During a live punk-rock New Year's Eve TV programme, the presenter gets a phone call from a psycho calling himself ""Evil"" saying that when New Year's strikes in each US time zone, he will murder someone.",Emmett Alston,86 mins   More at IMDb TMDB  Report this page,"Thriller, Horror","Roz Kelly, Kip Niven, Chris Wallace",New Year's Evil,1980,https://letterboxd.com/film/new-years-evil/
Alien 2: On Earth,1980,"A group of cave explorers are confronted in an underground cavern by a mysterious living rock. Little do they know that it bears home to deadly, flesh-eating creatures, intent on wiping out the entire human population. An ultra low-budget, unofficial and unauthorized sequel to the 1979 film Alien, although the plot has little connection to the original film.",Biagio Proietti,85 mins   More at IMDb TMDB  Report this page,"Science Fiction, Horror","Belinda Mayne, Mark Bodin, Michele Soavi",Alien 2: On Earth,1980,https://letterboxd.com/film/alien-2-on-earth/
Pure Blood,1982,Roberto Hurtado suffers from a rare disease that requires massive transfusions of blood from children or adolescents. His son blackmails three employees to get blood for him and they resort to unscrupulous methods to obtain it.,Luis Ospina,99 mins   More at IMDb TMDB  Report this page,"Horror, Crime","Florina Lemaitre, Carlos Mayolo, Humberto Arango",Pure Blood,1982,https://letterboxd.com/film/pure-blood-1982/
The Hearse,1980,"A schoolteacher moves into her deceased aunt’s house in a small Californian town, and is harassed by unfriendly locals and a mysterious hearse.",George Bowers,99 mins   More at IMDb TMDB  Report this page,"Drama, Mystery, Horror","Trish Van Devere, Joseph Cotten, David Gautreaux",The Hearse,1980,https://letterboxd.com/film/the-hearse/
We're Going to Eat You,1980,"A secret agent investigates a village that is populated by crazed, inbred cannibals.",Tsui Hark,90 mins   More at IMDb TMDB  Report this page,"Comedy, Action, Horror","Norman Tsui Siu-Keung, Melvin Wong Gam-Sam, Eddy Ko Hung",We're Going to Eat You,1980,https://letterboxd.com/film/were-going-to-eat-you/
Beyond Terror,1980,"After a drug-fueled night of violence, a group of young degenerates and their hostages find themselves stranded in a remote, abandoned church in rural Spain. Their evening of debauchery and blasphemy quickly turns to greed when they discover a local legend that tells of a vast fortune guarded by mummies in the catacombs beneath the ruins. Their lust for the treasure is short-lived as they find that the supernatural horror in the catacombs is something further than fear… it is Beyond Terror!",Tomás Aznar,83 mins   More at IMDb TMDB  Report this page,"Crime, Horror","Francisco Sánchez Grajera, Raquel Ramírez, Emilio Siegrist",Beyond Terror,1980,https://letterboxd.com/film/beyond-terror/
Eyes of a Stranger,1981,"A TV newswoman catches a pervert watching her sister who cannot see, hear or speak.",Ken Wiederhorn,84 mins   More at IMDb TMDB  Report this page,"Thriller, Horror","Lauren Tewes, Jennifer Jason Leigh, John DiSanti",Eyes of a Stranger,1981,https://letterboxd.com/film/eyes-of-a-stranger/
Hospital Massacre,1981,"When Susan was a little girl, she rejected the Valentine of a lovestruck classmate. Decades later, she’s come to the hospital for a routine medical examination, and finds herself trapped in a bizarre nightmare, made all the worse as her vengeful childhood valentine, disguised among the hospital staff, begins murdering everyone in his path as a means of proving his undying ‘romantic’ obsession…",Boaz Davidson,89 mins   More at IMDb TMDB  Report this page,"Horror, Thriller","Barbi Benton, Charles Lucia, Jon Van Ness",Hospital Massacre,1981,https://letterboxd.com/film/hospital-massacre/
Oasis of the Zombies,1982,"In a remote desert oasis, a fortune in gold was hidden by the Nazis during World War 2. 50 years later, a bunch of fortune-hunters converge on that selfsame oasis. Imagine their discomfiture upon discovering that the gold is being guarded by an army of zombies.",Jesús Franco,85 mins   More at IMDb TMDB  Report this page,Horror,"Manuel Gélin, France Lomay, Myriam Landson",Oasis of the Zombies,1982,https://letterboxd.com/film/oasis-of-the-zombies/
Delirium: Photo of Gioia,1987,"Gioia is a buxom centerfold working for Pussycat magazine. In such a profession, having an admirer or two is expected, but Gioia's admirer is a vicious killer! He murders her fellow magazine models one at a time, using a variety of twisted implements of death. Gioia is the lucky recipient of a collection of photos, each with murdered bodies arranged around posters of her.",Lamberto Bava,94 mins   More at IMDb TMDB  Report this page,"Thriller, Mystery, Horror","Serena Grandi, Vanni Corbellini, George Eastman",Delirium: Photo of Gioia,1987,https://letterboxd.com/film/delirium-photo-of-gioia/
Howl of the Devil,1988,"Hector Doriani (Paul Naschy) is a stage and screen actor who feels himself living in the shadow of his dead twin brother, Alex Doriani, once a famous star of horror movies. Alex’s young son, Adrian, now lives with Hector in an isolated mansion in the countryside. To keep alive the memory of his father, the boy imagines himself visited by the spirit of the dead man, incarnated in a series of classic horror characters from the past. Eric, Alex’s former butler, now also works for Hector. His main role is to locate and bring to the mansion a series of women who are paid large sums of money by Hector to take part in various sadistic sex games. To complicate matters even further, the games always seem to end with the women getting slaughtered in various gruesome ways by a black gloved, masked killer. Also on hand is horror diva Caroline Munro, as Hector’s housekeeper and cook, who is being pursued by a local priest with whom she once had a much-regretted affair.",Paul Naschy,97 mins   More at IMDb TMDB  Report this page,Horror,"Paul Naschy, Caroline Munro, Howard Vernon",Howl of the Devil,1988,https://letterboxd.com/film/howl-of-the-devil/
Monster Dog,1984,"Victor Raven, a famous rock star, returns to his childhood home to shoot a music video. Believing his presence is responsible for the return of a monstrous hound that killed folks when he was kid, the locals decide to do something violent about it.",Claudio Fragasso,84 mins   More at IMDb TMDB  Report this page,Horror,"Alice Cooper, Victoria Vera, Carlos Santurio",Monster Dog,1984,https://letterboxd.com/film/monster-dog/
Cheerleader Camp,1988,"A cheerleader named Alison is plagued by nightmares about the upcoming all-state finals and attends a summer training camp with her teammates. When a number of deaths start occurring at the camp, Alison's nightmares turn twisted and brutal, and she begins to believe that she may be responsible for the mayhem.",John Quinn,89 mins   More at IMDb TMDB  Report this page,"Comedy, Horror, Thriller","Betsy Russell, Leif Garrett, Lucinda Dickey",Cheerleader Camp,1988,https://letterboxd.com/film/cheerleader-camp/
A Blade in the Dark,1983,"Bruno, an up and coming film composer, has been hired to write the score to a new horror movie. After moving into a secluded villa, life begins to imitate art as a vicious killer starts bumping off anyone and everyone who happens to pay him a visit.",Lamberto Bava,109 mins   More at IMDb TMDB  Report this page,"Thriller, Mystery, Horror","Andrea Occhipinti, Anny Papa, Fabiola Toledo",A Blade in the Dark,1983,https://letterboxd.com/film/a-blade-in-the-dark/
Parasite,1982,"Paul Dean has created a deadly parasite that is now attached to his stomach. He and his female companion, Patricia Welles, must find a way to destroy it while also trying to avoid Ricus & his rednecks, and an evil government agent named Merchant.",Charles Band,85 mins   More at IMDb TMDB  Report this page,"Science Fiction, Horror","Robert Glaudini, Demi Moore, Luca Bercovici",Parasite,1982,https://letterboxd.com/film/parasite/
Don't Go in the Woods,1981,"Four backpackers decide to take a hike in the mountains of Utah. But within the woods lurks a killer. But who...or what...is it? The lazy local sheriff blames bears. But the escalating body count seems to point to a human killer. Ignoring the warning signs, our campers remain lost in the woods...alone...awaiting their fate.",James Bryan,82 mins   More at IMDb TMDB  Report this page,Horror,"Jack McClelland, Mary Gail Artz, Angie Brown",Don't Go in the Woods,1981,https://letterboxd.com/film/dont-go-in-the-woods/
Slime City,1988,"A student moves into a run-down building in New York City. His bizarre neighbors make a concoction in their apartment they call wine, but when he takes some of it, he turns into a deformed, murderous monster.",Greg Lamberson,81 mins   More at IMDb TMDB  Report this page,"Horror, Drama, Fantasy","Robert C. Sabin, Mary Huner, T.J. Merrick",Slime City,1988,https://letterboxd.com/film/slime-city/
Vacation of Terror,1989,"After inheriting a new summer home from a deceased relative, Fernando brings his family along for a vacation. They quickly discover strange happenings on the property, but when young daughter Gaby falls into a well and returns with an old doll, things take a turn for the horrific.",René Cardona III,81 mins   More at IMDb TMDB  Report this page,Horror,"Pedro Fernández, Julio Alemán, Gabriela Hassel",Vacation of Terror,1989,https://letterboxd.com/film/vacation-of-terror/
The Brain,1988,"Dr. Blake runs a TV show called ""Independent Thinkers"", which is sort of a Scientology-like self-help/religion program. But he's not making his audience think any more independently - with the help of an alien organism he calls The Brain, he's using brainwashing and mind control. The only thing that stands between them and world domination is a brilliant but troubled high school student with a penchant for pranks...",Ed Hunt,94 mins   More at IMDb TMDB  Report this page,"Science Fiction, Horror","Tom Bresnahan, Cynthia Preston, David Gale",The Brain,1988,https://letterboxd.com/film/the-brain/
Edge of Sanity,1989,"When his experiments into a powerful new anesthetic go hideously awry, respected physician Dr. Jekyll transforms into the hideous Jack Hyde. As his wife Elisabeth passes her time in charitable work, rehabilitating the district's fallen women, Hyde is drawn into an escalating cycle of lust and murder that seems to know no bounds.",Gérard Kikoïne,91 mins   More at IMDb TMDB  Report this page,"Thriller, Horror","Anthony Perkins, Glynis Barber, Sarah Maur Thorp",Edge of Sanity,1989,https://letterboxd.com/film/edge-of-sanity/
Cannibal Apocalypse,1980,"Released from captivity in Vietnam, two American Army officers return to civilian life and discover they have acquired an insatiable taste for human flesh. A city is terrorised... as they stalk the inhabitants to satisfy their primitive appetites.",Antonio Margheriti,96 mins   More at IMDb TMDB  Report this page,"Crime, Horror, Thriller","John Saxon, Elizabeth Turner, Giovanni Lombardo Radice",Cannibal Apocalypse,1980,https://letterboxd.com/film/cannibal-apocalypse/
After Midnight,1989,"A college professor teaching a course called ""The Psychology of Fear"" brings his students (including a psychic) to his home, one dark and stormy night to tell scary stories. The first involves a young couple whose car breaks down by an old, abandoned house. The second has four trendy teenage girls getting lost in a bad part of town and chased by a pack of vicious dogs. Last, a woman on crutches confronting a stalker at the answering service where she works the night shift.",Ken Wheat,90 mins   More at IMDb TMDB  Report this page,"Thriller, Horror","Jillian McWhirter, Pamela Adlon, Ramy Zada",After Midnight,1989,https://letterboxd.com/film/after-midnight/
The Kiss,1988,"After the death of her mother, a teenage girl is faced with bizarre supernatural occurrences when her mother's estranged sister arrives and begins to infiltrate her and her father's lives.",Pen Densham,101 mins   More at IMDb TMDB  Report this page,"Drama, Horror, Fantasy, Thriller","Meredith Salenger, Joanna Pacula, Mimi Kuzyk",The Kiss,1988,https://letterboxd.com/film/the-kiss-1988/
Screamplay,1984,"A talented writer, Edgar Allen, arrives in Hollywood with big dreams but is quickly pulled into a world of madness and depravity. A detective investigating a series of murders discovers that they are similar to the murders that occur in the new script by Edgar. Who will survive and what parts will be left for them?",Rufus Butler Seder,93 mins   More at IMDb TMDB  Report this page,"Comedy, Crime, Horror","Rufus Butler Seder, Eugene Seder, George Kuchar",Screamplay,1984,https://letterboxd.com/film/screamplay/
Spellbinder,1988,"After leaving work one night, Los Angeles attorney Jeff Mills and his colleague rescue a young, beautiful woman from an abusive boyfriend. Jeff soon becomes romantically involved with her and embroiled in the web of intrigue that follows her, despite a string of ominous happenstances and repeated warnings from his secretary.",Janet Greek,99 mins   More at IMDb TMDB  Report this page,"Drama, Romance, Horror","Kelly Preston, Tim Daly, Rick Rossovich",Spellbinder,1988,https://letterboxd.com/film/spellbinder/
Bad Dreams,1988,"Unity Field, a ""free love"" cult from the '70s, is mostly remembered for its notorious mass suicide led by Harris, its charismatic leader. While all members are supposed to burn in a fire together, young Cynthia is spared by chance. Years later, the nightmare of Unity Field remains buried in her mind. But when those around Cynthia start killing themselves, and she begins having visions of Harris, she may be forced to confront the past -- before it confronts her.",Andrew Fleming,86 mins   More at IMDb TMDB  Report this page,"Thriller, Horror","Jennifer Rubin, Bruce Abbott, Richard Lynch",Bad Dreams,1988,https://letterboxd.com/film/bad-dreams/
Touch of Death,1988,"The financially strained and increasingly desperate, Lester Parsons concocts a brilliant get-rich-quick scheme; cruise the lonely hearts ads for rich women to fleece. Too bad then, that Lester’s also a psychotic cannibal who enjoys mutilating these lovelorn souls, via his trusty chainsaw, and using their flesh for his dinner. When a copycat killer threatens to bring him down, Lester must do all he can to prevent this new killer’s sloppy work from ruining them both.",Lucio Fulci,86 mins   More at IMDb TMDB  Report this page,"Horror, Comedy","Brett Halsey, Zora Kerova, Al Cliver",Touch of Death,1988,https://letterboxd.com/film/touch-of-death/
Deadbeat at Dawn,1988,Goose leaves the gang life behind after pleas from his girlfriend. But it isn't long before he's pulled back into the world of violence.,Jim Van Bebber,81 mins   More at IMDb TMDB  Report this page,"Crime, Action, Drama, Horror","Jim Van Bebber, Megan Murphy, Marc Pitman",Deadbeat at Dawn,1988,https://letterboxd.com/film/deadbeat-at-dawn/
Fear No Evil,1981,"Brilliant and aloof teenager Andrew is always the butt of his classmates' jokes — but little do they know that he is actually the demon Lucifer. As the evil wells up within him, he avenges himself in acts of demonic murder and destruction. But his foe, the archangel Gabriel, has assumed the form of 18 year old student Julie.",Frank LaLoggia,99 mins   More at IMDb TMDB  Report this page,Horror,"Stefan Arngrim, Elizabeth Hoffman, Kathleen Rowe McAllen",Fear No Evil,1981,https://letterboxd.com/film/fear-no-evil/
The Initiation,1984,An amnesiac sorority member who has been plagued by a recurring nightmare is stalked alongside other coeds by a killer in a deserted department store where they are completing a hazing ritual.,Larry Stewart,97 mins   More at IMDb TMDB  Report this page,"Horror, Thriller, Mystery","Vera Miles, Clu Gulager, Daphne Zuniga",The Initiation,1984,https://letterboxd.com/film/the-initiation/
Zeder,1983,A young journalist buys a used typewriter and notices some text still legible on the ribbon; he reconstructs the story of a scientist who discovered that some types of terrain have the power to revive the dead.,Pupi Avati,98 mins   More at IMDb TMDB  Report this page,"Mystery, Horror","Gabriele Lavia, Anne Canovas, Paola Tanziani",Zeder,1983,https://letterboxd.com/film/zeder/
Bloodbath at the House of Death,1984,Six scientists arrive at the creepy Headstone Manor to investigate a strange phenomena which was the site of a mysterious massacre years earlier where 18 guests were killed in one night. It turns out that the house is the place of a satanic cult lead by a sinister monk who plans to kill the scientists who are inhabiting this house of Satan.,Ray Cameron,91 mins   More at IMDb TMDB  Report this page,"Horror, Comedy","Kenny Everett, Pamela Stephenson, Vincent Price",Bloodbath at the House of Death,1984,https://letterboxd.com/film/bloodbath-at-the-house-of-death/
Evil Dead Trap,1988,"A talk show hostess takes a camera crew out to an abandoned factory to investigate a purported snuff film that was made there. As she gets closer to the truth, she and her friends are subjected to a brutal nightmare.",Toshiharu Ikeda,100 mins   More at IMDb TMDB  Report this page,"Thriller, Horror","Miyuki Ono, Yūji Honma, Hitomi Kobayashi",Evil Dead Trap,1988,https://letterboxd.com/film/evil-dead-trap/
The Living Dead Girl,1982,"A toxic spill revives a beautiful, dead heiress who, with the help of her childhood friend, must quench her insatiable thirst for blood.",Jean Rollin,86 mins   More at IMDb TMDB  Report this page,Horror,"Marina Pierro, Françoise Blanchard, Mike Marshall",The Living Dead Girl,1982,https://letterboxd.com/film/the-living-dead-girl/
Deadly Eyes,1982,"Corn grain contaminated with steroids produces large rats the size of small dogs who begin feeding on the residents of Toronto. Paul, a college basketball coach, teams up with Kelly, a local health inspector, to uncover the source of the mysterious rat attacks and they eventually try to prevent the opening of a new subway line as well as find the mutant rats nest quickly, or there will be a huge massacre of the entire city!",Robert Clouse,87 mins   More at IMDb TMDB  Report this page,"Horror, Science Fiction, Thriller","Sam Groom, Sara Botsford, Scatman Crothers",Deadly Eyes,1982,https://letterboxd.com/film/deadly-eyes/
Combat Shock,1986,"A dangerously disturbed Vietnam veteran struggles with life 15 years after his return home, and slowly falls into insanity from his gritty urban lifestyle.",Buddy Giovinazzo,97 mins   More at IMDb TMDB  Report this page,"War, Drama, Horror, Thriller","Rick Giovinazzo, Veronica Stork, Mitch Maglio",Combat Shock,1986,https://letterboxd.com/film/combat-shock/
The Attic,1980,"A librarian devotes her life to caring for her wheelchair-bound tyrannical father after being stood up at altar. She fantasizes his death and finds joy only with her pet monkey. When the monkey disappears, a shocking past is revealed.",Gary Graver,101 mins   More at IMDb TMDB  Report this page,Horror,"Carrie Snodgress, Ray Milland, Ruth Cox",The Attic,1980,https://letterboxd.com/film/the-attic-1980/
Night Shadows,1984,"When two brothers, Josh and Mike, go to a small southern town for a vacation, they find most of the residents either dead or missing. When Mike himself goes missing, Josh teams up with the local sheriff and an attractive school teacher to find him until Josh discovers that the whole town and most of it's people have been infected by a form of toxic waste, and they have all turned into toxic vampires whom prowl the streets at night for human blood!","John ""Bud"" Cardos",99 mins   More at IMDb TMDB  Report this page,"Thriller, Horror, Science Fiction","Wings Hauser, Bo Hopkins, Jody Medford",Night Shadows,1984,https://letterboxd.com/film/night-shadows/
Graduation Day,1981,"After the death of a high school track star during a race, a mysterious killer in a fencing mask begins murdering her friends and teachers.",Herb Freed,96 mins   More at IMDb TMDB  Report this page,Horror,"Christopher George, Patch Mackenzie, E. Danny Murphy",Graduation Day,1981,https://letterboxd.com/film/graduation-day/
Sodoma's Ghost,1988,The spirits of Nazis who were killed by bombs while having an orgy return 50 years later to terrorize a group of six teens who stumble upon the house of their death site.,Lucio Fulci,84 mins   More at IMDb TMDB  Report this page,"Horror, TV Movie","Claudio Aliotti, Maria Concetta Salieri, Robert Egon",Sodoma's Ghost,1988,https://letterboxd.com/film/sodomas-ghost/
Scalps,1983,"Silly group of college science students go an dig around in an indian burial ground for artifacts. Unfortunately, one of them becomes possessed by the evil spirit of Black Claw so he must therefore slaughter all of his friends.",Fred Olen Ray,84 mins   More at IMDb TMDB  Report this page,Horror,"Richard Hench, Roger Maycock, Frank McDonald",Scalps,1983,https://letterboxd.com/film/scalps/
To All a Goodnight,1980,A group of teenagers at a party find themselves being stalked by a maniacal killer in a Santa Claus costume.,David Hess,87 mins   More at IMDb TMDB  Report this page,"Thriller, Mystery, Horror","Jennifer Runyon, Forrest Swanson, Linda Gentile",To All a Goodnight,1980,https://letterboxd.com/film/to-all-a-goodnight/
The Slayer,1982,"Siblings, Eric & his surreal artist sister Kay, her doctor husband David, her sister-in-law Brooke along with pilot Marsh become stranded on a rugged isle face off against a supernatural beast drawn to Kay who dreams of its killings.",J.S. Cardone,80 mins   More at IMDb TMDB  Report this page,Horror,"Sarah Kendall, Frederick Flynn, Carol Kottenbrook",The Slayer,1982,https://letterboxd.com/film/the-slayer/
My Mom's a Werewolf,1989,"The frustrated housewife Leslie visits an animal shop to purchase a flea-collar. Unknowing that the owner is a werewolf, she accepts his invitation to lunch and later in his apartment. Through a bite in her toe he starts her slow transformation in a werewolf. Home again, she desperately tries to hide the often disgusting process from her family, but her daughter Jennifer and her - from horror magazines well educated - friend recognize what's going on, and help to kill the non-human.",Michael Fischa,88 mins   More at IMDb TMDB  Report this page,"Comedy, Horror","Susan Blakely, John Saxon, Tina Caspary",My Mom's a Werewolf,1989,https://letterboxd.com/film/my-moms-a-werewolf/
Slumber Party Massacre II,1987,Courtney is tormented by dreams of the infamous Driller Killer returning to wreak havoc... only to find that the murderous monster is reincarnated as an evil rocker.,Deborah Brock,85 mins   More at IMDb TMDB  Report this page,"Comedy, Horror","Crystal Bernard, Jennifer Rhodes, Kimberly McArthur",Slumber Party Massacre II,1987,https://letterboxd.com/film/slumber-party-massacre-ii/
Full Moon High,1981,High-school quarterback Tony Walker is bitten by a werewolf and transforms into a growling beast that hungrily chases down beautiful girls.,Larry Cohen,93 mins   More at IMDb TMDB  Report this page,"Comedy, Horror, Fantasy","Adam Arkin, Ed McMahon, Joanne Nail",Full Moon High,1981,https://letterboxd.com/film/full-moon-high/
Devil Fish,1984,"A marine biologist, a dolphin trainer, a research scientist, and a local sheriff try to hunt down a large sea monster, a shark/octopus hybrid, that is devouring swimmers and fishermen off a south Florida coast.",Lamberto Bava,90 mins   More at IMDb TMDB  Report this page,"Horror, Action, Thriller","Michael Sopkiw, Valentine Monnier, Gianni Garko",Devil Fish,1984,https://letterboxd.com/film/devil-fish/
Nothing Underneath,1985,"Bob Crane has long maintained a psychic connection to his twin sister, Jessica, who works as a fashion model in Milan. When Bob senses that his sister might be injured or killed, he travels to Italy to look for her, only to discover that she's vanished without a trace. Enlisting the help of about-to-retire Commissioner Danesi, Bob soon finds himself embroiled in a web of mystery and terror, when a scissors wielding killer begins to strike and all clues lead back to Jessica...",Carlo Vanzina,90 mins   More at IMDb TMDB  Report this page,"Horror, Crime, Thriller","Tom Schanley, Renée Simonsen, Donald Pleasence",Nothing Underneath,1985,https://letterboxd.com/film/nothing-underneath/
Chillers,1987,"While waiting for their bus, five passengers who have all just had horrible nightmares decide to tell them to each other to help kill time.",Daniel Boyd,91 mins   More at IMDb TMDB  Report this page,Horror,"Jesse Emery, Marjorie Fitzsimmons, Laurie Pennington",Chillers,1987,https://letterboxd.com/film/chillers/
Zombie Lake,1981,"In a small village, somewhere in France, German soldiers, killed and thrown into the lake by the Resistance during WWII, come back.",Jean Rollin,87 mins   More at IMDb TMDB  Report this page,Horror,"Howard Vernon, Pierre-Marie Escourrou, Anouchka",Zombie Lake,1981,https://letterboxd.com/film/zombie-lake/
Shock Treatment,1981,"Brad and Janet are now married and on the rocks. Ostensibly to fix their marriage, the couple goes on the game show 'Marriage Maze' with the eccentric Bert Schnick, who suggests Brad be imprisoned in the local mental hospital. Meanwhile, Janet's star potential is skyrocketing but who is her mysterious benefactor, and who exactly are these doctors?",Jim Sharman,94 mins   More at IMDb TMDB  Report this page,"Comedy, Music","Jessica Harper, Cliff DeYoung, Richard O'Brien",Shock Treatment,1981,https://letterboxd.com/film/shock-treatment/
That House in the Outskirts,1980,"A young girl's husband rents a lovely home just outside of Madrid so she can spend the last three months of her pregnancy in peace and luxury. Unfortunately, just as they arrive at the home, the girl realizes that it is the place where she had secretly had an illegal abortion some years before. The clinic is long-gone, but this doesn't ease the woman's disquiet. Things get even worse when she learns that her upstairs neighbor is the old abortionist's assistant.",Eugenio Martín,95 mins   More at IMDb TMDB  Report this page,"Horror, Thriller","Silvia Aguilar, Javier Escrivá, Alida Valli",That House in the Outskirts,1980,https://letterboxd.com/film/that-house-in-the-outskirts/
Night School,1981,"A Boston police detective investigates a series of gruesome decapitations of various college coeds, committed by a helmeted, black-leather clad serial killer.",Ken Hughes,88 mins   More at IMDb TMDB  Report this page,"Thriller, Horror, Mystery","Leonard Mann, Rachel Ward, Drew Snyder",Night School,1981,https://letterboxd.com/film/night-school/
The Monster Kills in the Mansion of Terror,1987,It is not an assault on a bank or a tough fight against the evil Ninja ... this time the members of the Brigade Z will face fearsome ghosts.,Carlos Galettini,78 mins   More at IMDb TMDB  Report this page,"Horror, Comedy","Emilio Disi, Berugo Carambula, Alberto Fernández de Rosa",The Monster Kills in the Mansion of Terror,1987,https://letterboxd.com/film/the-monster-kills-in-the-mansion-of-terror/
Death Spa,1988,Michael's health club is beseiged with a series of terrible murders involving killer saunas and other grisly devices. Michael's wife killed herself a while before and her brother holds Michael responsible. Michael needs to stop the bloodshed before he loses all of his clients.,Michael Fischa,88 mins   More at IMDb TMDB  Report this page,Horror,"William Bumiller, Brenda Bakke, Shari Shattuck",Death Spa,1988,https://letterboxd.com/film/death-spa/
Bloody Flesh,1983,"August 6, 1956 during the military dictatorship of Rojas Pinilla. A military convoy loaded with dynamite explodes in the center of Cali, destroying a good part of the traditional buildings of the city and exposing the roots of some houses that for years had kept the secret stories of their inhabitants.",Carlos Mayolo,86 mins   More at IMDb TMDB  Report this page,"Drama, Horror, Romance","Adriana Herrán, David Guerrero, Santiago García",Bloody Flesh,1983,https://letterboxd.com/film/bloody-flesh/
It's Alive III: Island of the Alive,1987,"The mutant babies have been placed by court order on a deserted island. Appalled by the cynicism and exploitation of the children by the legal system and the media, the man responsible for them leads an expedition to the island to free them.",Larry Cohen,95 mins   More at IMDb TMDB  Report this page,Horror,"Michael Moriarty, Karen Black, Laurene Landon",It's Alive III: Island of the Alive,1987,https://letterboxd.com/film/its-alive-iii-island-of-the-alive/
Witchtrap,1989,"A group of parapsychologists, as well as a skeptical cop, are terrorized by a Satanic ghost in a bed-and-breakfast.",Kevin Tenney,92 mins   More at IMDb TMDB  Report this page,"Thriller, Horror, Action","James W. Quinn, Kathleen Bailey, Judy Tatum",Witchtrap,1989,https://letterboxd.com/film/witchtrap/
The Unseen,1980,A trio of female reporters find themselves staying overnight in a house occupied by a hostile being lurking in the basement,Danny Steinmann,94 mins   More at IMDb TMDB  Report this page,Horror,"Barbara Bach, Stephen Furst, Sydney Lassick",The Unseen,1980,https://letterboxd.com/film/the-unseen-1980/
Scream,1981,"A group of people on a rafting excursion happen upon a deserted town and decide to set up camp. Out of the blue, a murder occurs.",Byron Quisenberry,82 mins   More at IMDb TMDB  Report this page,"Mystery, Thriller, Horror","Pepper Martin, Hank Worden, Ethan Wayne",Scream,1981,https://letterboxd.com/film/scream-1981/
Return to Horror High,1987,"A few years ago, a mysterious serial-killer caused panic on Crippen High School. The killer was never caught. A movie company, Cosmic Pictures, has decided to make a feature movie about these events - on location, at the now abandoned school. Since members of cast and crew disappear without a trace, it seems as if history is repeating itself...",Bill Froehlich,94 mins   More at IMDb TMDB  Report this page,"Comedy, Horror","Lori Lethin, George Clooney, Brendan Hughes",Return to Horror High,1987,https://letterboxd.com/film/return-to-horror-high/
Killer Workout,1987,"Two years ago, a young woman named Valerie was burned after entering a tanning salon. Now, Rhonda runs a local gym where all of a sudden, people are being murdered.",David A. Prior,84 mins   More at IMDb TMDB  Report this page,"Horror, Thriller","Marcia Karr, David James Campbell, Fritz Matthews",Killer Workout,1987,https://letterboxd.com/film/killer-workout/
Breeders,1986,"An otherwordly perpetrator has been attacking female virgins in Manhattan. As Dr. Pace and Detective Andriotti work together to identify the strange organic materials found on the women, the victims begin arising in a trance and leaving the hospital.",Tim Kincaid,77 mins   More at IMDb TMDB  Report this page,"Horror, Thriller, Science Fiction","Teresa Farley, Lance Lewman, Frances Sherman",Breeders,1986,https://letterboxd.com/film/breeders/
Mad Foxes,1981,A man seeks revenge after a biker gang murders his loved ones.,Paul Grau,77 mins   More at IMDb TMDB  Report this page,"Action, Thriller, Crime","José Gras, Laura Premika, Andrea Albani",Mad Foxes,1981,https://letterboxd.com/film/mad-foxes/
Back from Beyond,1982,A couple believe there are ghosts in their new house.,Juan José Porto,70 mins   More at IMDb TMDB  Report this page,"Crime, Horror","Ana Obregón, Andrés Resino, Emilio Prieto",Back from Beyond,1982,https://letterboxd.com/film/back-from-beyond/
Pulse,1988,"An intelligent pulse of electricity moves from house to house, terrorizing occupants through their own appliances. Having already destroyed one household in a quiet neighborhood, the pulse finds itself in the home of a boy and his divorced father.",Paul Golding,91 mins   More at IMDb TMDB  Report this page,"Science Fiction, Horror","Cliff DeYoung, Roxanne Hart, Joey Lawrence",Pulse,1988,https://letterboxd.com/film/pulse/
Alison's Birthday,1981,"During a Ouija board session with her teenaged friends, 16-year-old Alison gets a message from beyond the grave not to go home for her birthday three years later.",Ian Coughlan,99 mins   More at IMDb TMDB  Report this page,Horror,"Joanne Samuel, Lou Brown, Bunney Brooke",Alison's Birthday,1981,https://letterboxd.com/film/alisons-birthday/
Mansion of the Living Dead,1982,"Four strippers take a vacation and wind up at a Spanish resort complex that, despite the hotel receptionist's claims of it being fully booked, appears to be completely empty. After one of the girls mysteriously vanishes and another ends up dead in the pool, both accompanied by the tolling bell from a nearby monastery, Candy and Caty must try to solve the mystery that seems to involve the Spanish Inquisition.",Jesús Franco,97 mins   More at IMDb TMDB  Report this page,Horror,"Lina Romay, Antonio Mayans, Mabel Escaño",Mansion of the Living Dead,1982,https://letterboxd.com/film/mansion-of-the-living-dead/
Zombie Nightmare,1987,Tony Washington is killed by a gang of rampant trendy teenagers. Molly Mokembe is a voodoo lady who brings him back from the dead to seek revenge on his killers so he can rest in peace.,Jack Bravman,89 mins   More at IMDb TMDB  Report this page,Horror,"Adam West, Jon Mikl Thor, Tia Carrere",Zombie Nightmare,1987,https://letterboxd.com/film/zombie-nightmare/
Rat Man,1988,"After a model is brutally murdered on a Caribbean island, her sister's investigation uncovers a horrifying rat-like creature.",Giuliano Carnimeo,82 mins   More at IMDb TMDB  Report this page,Horror,"David Warbeck, Janet Ågren, Eva Grimaldi",Rat Man,1988,https://letterboxd.com/film/rat-man/
Jack's Back,1988,"A young doctor is suspected when a series of Jack the Ripper copycat killings is committed. However, when the doctor himself is murdered, his identical twin brother claims to have seen visions of the true killer.",Rowdy Herrington,97 mins   More at IMDb TMDB  Report this page,"Mystery, Crime, Horror, Thriller","James Spader, Cynthia Gibb, Jim Haynie",Jack's Back,1988,https://letterboxd.com/film/jacks-back/
The Mask of Satan,1989,"Skiers in Northern Italy unwittingly awaken an ancient witch after removing her mask in a crevasse. Their actions unleash a curse, leading to terrifying consequences.",Lamberto Bava,94 mins   More at IMDb TMDB  Report this page,"Horror, TV Movie","Giovanni Guidelli, Debora Caprioglio, Eva Grimaldi",The Mask of Satan,1989,https://letterboxd.com/film/the-mask-of-satan/
Mausoleum,1983,"By way of an unnatural urge during her Mother's funeral, Susan enters her family's mausoleum, which unleashes an evil presence to lurk inside of her.",Michael Dugan,97 mins   More at IMDb TMDB  Report this page,Horror,"Marjoe Gortner, Bobbie Bresee, Norman Burton",Mausoleum,1983,https://letterboxd.com/film/mausoleum/
Laurin,1989,In a small port town at the end of the 19th century children are disappearing. A mysterious man in black who stalks the town may be Death itself. And nine-year-old Laurin is suffering terrifying dreams and hallucinations of a man carrying a sack and frightened children calling for help from behind closed windows.,Robert Sigl,80 mins   More at IMDb TMDB  Report this page,"Horror, Mystery, Drama, Fantasy","Dóra Szinetár, Brigitte Karner, Károly Eperjes",Laurin,1989,https://letterboxd.com/film/laurin/
"Silent Night, Deadly Night 3: Better Watch Out!",1989,"Ricky Caldwell, the notorious 'Killer Santa Claus', awakens from a six-year coma after being kept alive on life-support by a slightly crazed doctor experimenting with ESP and other special abilities. Ricky targets a young, clairvoyant blind woman, named Laura, whom is traveling with her brother Chris, and his girlfriend Jerri to their grandmother's house for Christmas Eve, and Ricky decides to go after her, leaving a trail of dead bodies in his wake.",Monte Hellman,90 mins   More at IMDb TMDB  Report this page,Horror,"Richard Beymer, Bill Moseley, Samantha Scully","Silent Night, Deadly Night 3: Better Watch Out!",1989,https://letterboxd.com/film/silent-night-deadly-night-3-better-watch-out/
Hot Panties,1983,"Jorge nightmares in which he finds himself in a certain manor, where all day having sex. But who, and why - do not give burglars find two strong guarding the villa. It seems that young people want to save someone from there for some reason, but always gets kicked and wakes up in a cold sweat to in a moment go back to sleep ... And it all starts from the beginning.",Julio Pérez Tabernero,80 mins   More at IMDb TMDB  Report this page,"Comedy, Horror","Paola Matos, Emilio Linder, Alicia Príncipe",Hot Panties,1983,https://letterboxd.com/film/hot-panties/
Killer Party,1986,Three sorority pledges are tasked with ensuring that the gals of Sigma Alpha Pi throw a killer party at an abandoned fraternity house. Unfortunately a vengeful spirit decides to take the killer epithet literally,William Fruet,91 mins   More at IMDb TMDB  Report this page,"Comedy, Horror","Joanna Johnson, Elaine Wilkes, Sherry Willis-Burch",Killer Party,1986,https://letterboxd.com/film/killer-party/
Body Count,1986,"A bodybuilder, a junk-food addict and a wild blonde nymph and their friends are stalked by a terrifying figure. An horrific tale of murder as a fun-loving group of college students explore the Colorado wilderness.",Ruggero Deodato,87 mins   More at IMDb TMDB  Report this page,Horror,"Bruce Penhall, Mimsy Farmer, David Hess",Body Count,1986,https://letterboxd.com/film/body-count-1986-1/
In the Shadow of Kilimanjaro,1986,"There's a big drought in Africa. Food and water are scarce. 90,000 wild baboons suddenly start attacking humans and eating them in order to survive. Some people find themselves being hunted by the starving monkeys and must do whatever they can to stay alive.",Raju Patel,97 mins   More at IMDb TMDB  Report this page,Horror,"John Rhys-Davies, Timothy Bottoms, Irene Miracle",In the Shadow of Kilimanjaro,1986,https://letterboxd.com/film/in-the-shadow-of-kilimanjaro/
The Nesting,1981,A New York writer of gothic fiction finds her mansion full of ghosts from a brothel massacre.,Armand Weston,104 mins   More at IMDb TMDB  Report this page,"Mystery, Horror","Robin Groves, Christopher Loomis, Michael David Lally",The Nesting,1981,https://letterboxd.com/film/the-nesting/
Night Has a Thousand Desires,1984,A telepathic nightclub act becomes the backdrop for murder.,Jesús Franco,93 mins   More at IMDb TMDB  Report this page,"Horror, Thriller","Lina Romay, Daniel Katz, Carmen Carrión",Night Has a Thousand Desires,1984,https://letterboxd.com/film/night-has-a-thousand-desires/
The Fan,1982,The hero-worship that Simone has for a pop singer is built to a crescendo until she passes out when she finally sees him up-close in a crowd of fans. She is later shocked when he lets her know that he does not love her.,Eckhart Schmidt,92 mins   More at IMDb TMDB  Report this page,"Horror, Drama","Désirée Nosbusch, Bodo Staiger, Simone Brahmann",The Fan,1982,https://letterboxd.com/film/the-fan-1982/
Night Life,1989,"Archie works part-time at his uncle's mortuary and is harassed by a few of the popular kids because of it. His harassers die in an automobile accident, and the bodies are taken to his uncle's mortuary. Archie is pulling a late night at the mortuary when he sees a storm brewing. Lighting strikes! They're alive! The preppie bullies continue to torment him...as zombies!",David Acomba,92 mins   More at IMDb TMDB  Report this page,"Horror, Comedy","Scott Grimes, John Astin, Cheryl Pollak",Night Life,1989,https://letterboxd.com/film/night-life/
Rest in Pieces,1987,A newlywed couple move into the mansion of the bride's recently dead aunt. Soon strange things begin to happen when the various tenants and servants of the mansion don't want to leave and the bride and groom are in a deadly predicament.,José Ramón Larraz,90 mins   More at IMDb TMDB  Report this page,Horror,"Scott Thompson Baker, Lorin Jean Vail, Dorothy Malone",Rest in Pieces,1987,https://letterboxd.com/film/rest-in-pieces-1987/
Witchcraft,1988,A new mother and her child move into her mother-in-law's dark old mansion. She soon begns to suspect that neither the house nor her mother-in-law are quite what they seem to be.,Rob Spera,95 mins   More at IMDb TMDB  Report this page,Horror,"Anat Topol, Gary Sloan, Mary Shelley",Witchcraft,1988,https://letterboxd.com/film/witchcraft/
The Sea Serpent,1985,"A serpent, created by radioactivity, threatens a Spanish coastal town.",Amando de Ossorio,91 mins   More at IMDb TMDB  Report this page,"Horror, Science Fiction","Timothy Bottoms, Taryn Power, Jared Martin",The Sea Serpent,1985,https://letterboxd.com/film/the-sea-serpent/
Bloody Sect,1982,A young woman pregnant with the Anti-Christ is terrorized by a cult of satanists.,Ignacio F. Iquino,89 mins   More at IMDb TMDB  Report this page,Horror,"Emma Quer, Concha Valero, Carlos Martos",Bloody Sect,1982,https://letterboxd.com/film/bloody-sect/
The Alien Dead,1980,"A meteor strikes a houseboat in the swamps near a southern town populated by Yankees with fake accents. The people on the houseboat become zombies who feed on the alligators in the swamp. Once they run out of alligators, they start going for the citizens. A local scientist tries to figure out what's happening to people once they start disappearing.",Fred Olen Ray,74 mins   More at IMDb TMDB  Report this page,"Comedy, Horror, Science Fiction","Buster Crabbe, Ray Roberts, Linda Lewis",The Alien Dead,1980,https://letterboxd.com/film/the-alien-dead/
Schizoid,1980,"When Dr. Pieter Fales' patients start receiving ominous letters and getting murdered by an unknown black-clad assailant, he and his daughter both come under suspicion.",David Paulsen,89 mins   More at IMDb TMDB  Report this page,"Horror, Mystery","Klaus Kinski, Donna Wilkes, Marianna Hill",Schizoid,1980,https://letterboxd.com/film/schizoid/
The Being,1983,"Toxic waste dumping in a small Idaho town turns a young boy into horrible mutant monster. The town's police chief and a government scientist team up to stop the monster, which is quickly killing off the town's citizenry.",Jackie Kong,81 mins   More at IMDb TMDB  Report this page,"Horror, Science Fiction","Martin Landau, Marianne Gordon, Bill Osco",The Being,1983,https://letterboxd.com/film/the-being/
Deadtime Stories,1986,A babysitting uncle tells his charges three horror stories: about a killer witch; Little Red Riding Hood and a werewolf; and Goldi Lox and the three bears.,Jeffrey Delman,93 mins   More at IMDb TMDB  Report this page,"Horror, Comedy","Scott Valentine, Nicole Picard, Matt Mitler",Deadtime Stories,1986,https://letterboxd.com/film/deadtime-stories/
FleshEater,1988,"A group of college students take a Halloween hayride in the countryside and convince the driver to take them to a secluded area for a night of debauchery. However, the fun turns to terror when a local farmhand unearths a mysterious wooden box that contains an ancient zombie.",S. William Hinzman,88 mins   More at IMDb TMDB  Report this page,Horror,"S. William Hinzman, John Mowod, Leslie Ann Wick",FleshEater,1988,https://letterboxd.com/film/flesheater/
Grandmother's House,1988,Recently orphaned teenagers David and Lynn are sent to California to live with their grandparents who they discover are harboring a terrifying secret.,Peter Rader,90 mins   More at IMDb TMDB  Report this page,"Thriller, Horror","Eric Foster, Kim Valentine, Len Lesser",Grandmother's House,1988,https://letterboxd.com/film/grandmothers-house/
Class Reunion,1982,"Lizzie Borden High's class of '72 are going through the motions at their tenth-year reunion, until deranged alum Walter Baylor, driven insane by a sadistic senior-year prank, escapes from the mental institution and crashes the party. When guests start getting bumped off, the other alumni, including snooty yacht salesman Bob Spinnaker, class tease Bunny Packard, and class zero Gary Nash, spring into action to uncover the culprit.",Michael Miller,84 mins   More at IMDb TMDB  Report this page,"Horror, Comedy","Gerrit Graham, Fred McCarren, Miriam Flynn",Class Reunion,1982,https://letterboxd.com/film/class-reunion-1982/
Apprentice to Murder,1988,"Pennsylvania, 1928. Billy Kelly, a sixteen-year old boy, meets a mysterious traveler claiming he's the messenger of God. Falling under under the spell of this ""doctor"" Reese, he will soon discover Reese has murderous plans for his future. Based on a true story.",Ralph L. Thomas,97 mins   More at IMDb TMDB  Report this page,"Mystery, Thriller, Drama, Horror","Donald Sutherland, Chad Lowe, Mia Sara",Apprentice to Murder,1988,https://letterboxd.com/film/apprentice-to-murder/
The Survivor,1981,"When a 747 crashes shortly after take-off, the sole survivor is the pilot. Virtually unhurt, he and the investigators look for the answers to the disaster. Meanwhile mysterious deaths occur in the community and only a psychic, in touch with the supernatural, can help the pilot unravel the mystery surrounding the doomed plane.",David Hemmings,98 mins   More at IMDb TMDB  Report this page,"Thriller, Mystery, Horror","Robert Powell, Jenny Agutter, Joseph Cotten",The Survivor,1981,https://letterboxd.com/film/the-survivor/
Ghost Town,1988,"Deputy Langley tracks a kidnapped girl to an abandoned ghost town. However, the town is not abandoned, but haunted by the spirits of an outlaw, Devlin, and his gang, who hold the equally deceased townspeople hostage until the outlaws can be killed by a lawman.",Richard Governor,85 mins   More at IMDb TMDB  Report this page,"Horror, Western, Crime","Franc Luz, Catherine Hickland, Jimmie F. Skaggs",Ghost Town,1988,https://letterboxd.com/film/ghost-town-1988/
Sweet Home,1989,"A TV production crew are making a documentary about the infamous painter Mamiya Ichiro. When they start filming at his old home, they come under attack from the ghost of the painter's wife.",Kiyoshi Kurosawa,102 mins   More at IMDb TMDB  Report this page,Horror,"Nobuko Miyamoto, Shingo Yamashiro, Fukumi Kuroda",Sweet Home,1989,https://letterboxd.com/film/sweet-home/
C.H.U.D. II: Bud the Chud,1989,"A military experiment to create a race of super-warriors goes awry, as legions of murderous zombies are unleashed upon a suburban neighborhood.",David Irving,85 mins   More at IMDb TMDB  Report this page,"Horror, Science Fiction, Comedy","Brian Robbins, Bill Calvert, Tricia Leigh Fisher",C.H.U.D. II: Bud the Chud,1989,https://letterboxd.com/film/chud-ii-bud-the-chud/
The Dorm That Dripped Blood,1982,A crazed killer stalks college students who gave up their vacation to clean a deserted dormitory.,Jeffrey Obrow,88 mins   More at IMDb TMDB  Report this page,"Thriller, Horror, Mystery","Laurie Lapinski, Stephen Sachs, David Snow",The Dorm That Dripped Blood,1982,https://letterboxd.com/film/the-dorm-that-dripped-blood/
Nightflyers,1987,A scientific group set out on a journey into space to find a magical creature. What they find is a killer computer on the ship they chartered.,Robert Collector,89 mins   More at IMDb TMDB  Report this page,"Science Fiction, Horror","Catherine Mary Stewart, Michael Praed, John Standing",Nightflyers,1987,https://letterboxd.com/film/nightflyers/
Stigma,1980,"The death of Sebastian's father engenders in him pathological fears and hallucinations. His death wishes seem to cause horrible accidents, which he is unable to control. When his older brother dies, he feels that he has caused it. He undergoes hypnosis, but his apparent supernatural powers continue. As his own life nears its end, he becomes even more violent and sadistic.",José Ramón Larraz,91 mins   More at IMDb TMDB  Report this page,Horror,"Christian Borromeo, Alexandra Bastedo, Emilio Gutiérrez Caba",Stigma,1980,https://letterboxd.com/film/stigma-1980/
The Dead Pit,1989,"The arrival of an amnesiac patient in a psychiatric hospital somehow frees a mad doctor, who was shot and entombed with his fiendish experiments in an abandoned wing of the asylum 20 years before.",Brett Leonard,95 mins   More at IMDb TMDB  Report this page,Horror,"Jeremy Slate, Cheryl Lawson, Stephen Gregory Foster",The Dead Pit,1989,https://letterboxd.com/film/the-dead-pit/
Bloodeaters,1980,"After drug crops are sprayed with a chemical by a passing airplane, the growers of the crop are poisoned by the chemical and turn into zombie-like mutants.",Charles McCrann,89 mins   More at IMDb TMDB  Report this page,Horror,"Charles McCrann, Beverly Shapiro, Dennis Helfend",Bloodeaters,1980,https://letterboxd.com/film/bloodeaters/
Star Crystal,1986,Crew members aboard a space ship encounter an alien life form intent on killing them.,Lance Lindsay,91 mins   More at IMDb TMDB  Report this page,"Science Fiction, Horror","C. Juston Campbell, Faye Bolt, John W. Smith",Star Crystal,1986,https://letterboxd.com/film/star-crystal/
Cameron's Closet,1988,"A father who experiments with his son's psychokinetic powers is unaware that these experiments have released a demon from hell which lives in his son's closet, preparing to take over the young boy's soul.",Armand Mastroianni,87 mins   More at IMDb TMDB  Report this page,Horror,"Cotter Smith, Mel Harris, Scott Curtis",Cameron's Closet,1988,https://letterboxd.com/film/camerons-closet/
Killer Crocodile,1989,A group of environmentalists arrives at a faraway tropical delta where toxic waste is being dumped. However the water also hides a giant crocodile. The corrupt local officials don't help much either.,Fabrizio De Angelis,92 mins   More at IMDb TMDB  Report this page,Horror,"Richard Anthony Crenna, Julian Hampton, John Harper",Killer Crocodile,1989,https://letterboxd.com/film/killer-crocodile/
The Last Horror Film,1982,"A New York taxi driver stalks a beautiful actress attending the Cannes Film Festival, which coincides with a series of violent killings of the lady's friends.",David Winters,87 mins   More at IMDb TMDB  Report this page,"Comedy, Horror","Caroline Munro, Joe Spinell, Judd Hamilton",The Last Horror Film,1982,https://letterboxd.com/film/the-last-horror-film/
Flesh-Eating Mothers,1988,A venereal disease turns an entire town of two-timing mothers into cannibals!,James Aviles Martin,89 mins   More at IMDb TMDB  Report this page,"Comedy, Horror","Robert Lee Oliver, Donatella Hecht, Neal Rosen",Flesh-Eating Mothers,1988,https://letterboxd.com/film/flesh-eating-mothers/
Cemetery of Terror,1985,"On Halloween night, a group of bored teens decide to steal a corpse from the local morgue and take it to a nearby cemetery where they perform a Satanic ritual, unwittingly reviving a bloodthirsty serial killer.",Rubén Galindo Jr.,91 mins   More at IMDb TMDB  Report this page,Horror,"Hugo Stiglitz, Erika Buenfil, Edna Bolkan",Cemetery of Terror,1985,https://letterboxd.com/film/cemetery-of-terror/
Fair Game,1986,"A young woman running a wildlife sanctuary in the Australian outback is in for trouble when she is confronted by three kangaroo hunters. Bored with killing kangaroos, they decide to kill the animals in the sanctuary, and when they see how attractive the owner is, they decide to have a little ""fun"" with her, too. Turns out that they may get a bit more ""fun"" than they bargained for.",Mario Andreacchio,90 mins   More at IMDb TMDB  Report this page,"Action, Horror, Thriller","Cassandra Delaney, Peter Ford, Garry Who",Fair Game,1986,https://letterboxd.com/film/fair-game/
Violent Shit,1989,"A demented, wicked, deformed, cannibalistic killer named K. The Butcher Shitter, escapes from the police and slaughters people in many gory, bloody ways.",Andreas Schnaas,75 mins   More at IMDb TMDB  Report this page,Horror,"Andreas Schnaas, Wolfgang Hinz",Violent Shit,1989,https://letterboxd.com/film/violent-shit/
The Appointment,1982,"Prophetic nightmares precede a family's confrontation with an evil, unseen force.",Lindsey C. Vickers,90 mins   More at IMDb TMDB  Report this page,Horror,"Edward Woodward, Jane Merrow, Samantha Weysom",The Appointment,1982,https://letterboxd.com/film/the-appointment-1982/
The Nail Gun Massacre,1985,"Following the brutal rape of a young woman by a gang of construction workers, a mysterious figure wearing a motorcycle helmet and driving a gold hearse begins hunting the perpetrators down. The masked avenger's weapon of choice, obviously, is a nail gun, with which he (or could it be she?) takes out the rapists one by one. Just who is this murderous vigilante?",Bill Leslie,85 mins   More at IMDb TMDB  Report this page,Horror,"Rocky Patterson, Ron Queen, Beau Leland",The Nail Gun Massacre,1985,https://letterboxd.com/film/the-nail-gun-massacre/
Don't Answer the Phone!,1980,"A Vietnam veteran that spends his days photographing pretty girls, and his nights strangling them, sets sights on the patients of a radio psychiatrist.",Robert Hammer,95 mins   More at IMDb TMDB  Report this page,"Horror, Thriller","James Westmoreland, Ben Frank, Flo Lawrence",Don't Answer the Phone!,1980,https://letterboxd.com/film/dont-answer-the-phone/
Bloody New Year,1987,"Six shipwrecked English teenagers take refuge in an island hotel that is decorated for New Years. The problem is, it's early summer, and soon enough, even the walls themselves are striking out against them…",Norman J. Warren,94 mins   More at IMDb TMDB  Report this page,Horror,"Suzy Aitchison, Nikki Brooks, Colin Heywood",Bloody New Year,1987,https://letterboxd.com/film/bloody-new-year/
Strange Behavior,1981,"When the teenagers in a small Illinois town start getting murdered, the police chief makes a connection to the mysterious scientific experiments being done at the local university and must stop them before his own son is dragged into the deadly scheme.",Michael Laughlin,99 mins   More at IMDb TMDB  Report this page,"Horror, Science Fiction, Mystery","Michael Murphy, Louise Fletcher, Dan Shor",Strange Behavior,1981,https://letterboxd.com/film/strange-behavior/
The Godsend,1980,"An English family of six takes in a pregnant woman who disappears shortly after giving birth. They raise the baby girl as their own, but over the years the strange deaths of their children make them consider whether the little girl is more than she appears.",Gabrielle Beaumont,90 mins   More at IMDb TMDB  Report this page,"Horror, Thriller","Malcolm Stoddard, Cyd Hayman, Angela Pleasence",The Godsend,1980,https://letterboxd.com/film/the-godsend/
Zigeunerweisen,1980,A surreal period film following a university professor and his eerie nomad friend as they go through loose romantic triangles and face death in peculiar ways.,Seijun Suzuki,144 mins   More at IMDb TMDB  Report this page,"Mystery, Drama","Toshiya Fujita, Naoko Ohtani, Yoshio Harada",Zigeunerweisen,1980,https://letterboxd.com/film/zigeunerweisen/
Hellhole,1985,"An unlucky woman’s mother is murdered by a scarf-wielding killer named Silk, leaving the woman injured, traumatised and suffering from amnesia. She’s committed to a mental institution, where Silk follows her, looking for the papers he was trying to get from her mother. And Silk’s only the beginning of her problems, since the asylum is run by a mad doctor, performing experiments in chemical lobotomies!",Pierre De Moro,96 mins   More at IMDb TMDB  Report this page,"Action, Drama, Horror, Thriller","Ray Sharkey, Judy Landers, Mary Woronov",Hellhole,1985,https://letterboxd.com/film/hellhole/
Reflections,1987,"Mihajlo, an introvert piano teacher starts romance with a pretty careerist who teaches modeling at the university in Belgrade where they both work. His feelings are awakened after a long period, but this relationship makes him see the flashbacks, as well as yet unseen images that remind him of his troubled childhood - as if he experienced this already. When their university wins a contest to hold public TV performance, Mihailo fails to play the piano on the decisive night and she dumps him. The boiling point is about to come.",Goran Marković,102 mins   More at IMDb TMDB  Report this page,"Drama, Horror","Mustafa Nadarević, Anica Dobra, Milorad Mandić",Reflections,1987,https://letterboxd.com/film/reflections-1987/
Tales from the Gimli Hospital,1988,"While their mother is dying in the modern Gimli, Manitoba hospital, two young children are told an important tale by their Icelandic grandmother about Einar the lonely, his friend Gunnar, and the angelic Snjofrieder in a Gimli of old.",Guy Maddin,64 mins   More at IMDb TMDB  Report this page,"Horror, Comedy","Kyle McCulloch, Michael Gottli, Angela Heck",Tales from the Gimli Hospital,1988,https://letterboxd.com/film/tales-from-the-gimli-hospital/
Psychophobia,1982,A woman recovering from the death of her husband suspects that her house has been invaded by demonic spirits. She summons a paranormal expert to help her get rid of them.,Sebastià d'Arbó,77 mins   More at IMDb TMDB  Report this page,"Drama, Horror","Mercedes Sampietro, Ramiro Oliveros, Narciso Ibáñez Menta",Psychophobia,1982,https://letterboxd.com/film/psychophobia/
Sorority House Massacre,1986,"Upon joining a sorority, Beth is plagued by nightmares of a knife-wielding killer, when her past comes back to haunt her.",Carol Frank,74 mins   More at IMDb TMDB  Report this page,"Comedy, Horror","Angela O'Neill, Wendy Martel, Pamela Ross",Sorority House Massacre,1986,https://letterboxd.com/film/sorority-house-massacre/
The Terror Within,1989,"Experiments in biological warfare have destroyed all but a few remnants of the human race. Alone in a lab, eight students work feverishly to create a vaccine before they are forced outside in search for food. It is then that the surviving scientists discover creatures mutated by the plague. Now they prepare to do battle against their worst fear: The Terror Within.",Thierry Notz,90 mins   More at IMDb TMDB  Report this page,"Horror, Science Fiction","George Kennedy, Andrew Stevens, Starr Andreeff",The Terror Within,1989,https://letterboxd.com/film/the-terror-within/
Future-Kill,1985,"A group of fraternity pledges hatch a plot to kidnap Eddie Pain, the leader of a group of anti-nuclear mutant protestors ravaged by toxic poisoning. When Eddie winds up dead at the hands of one of his own guards, the frat boys are framed for his murder and pursued throughout the city.",Ronald W. Moore,89 mins   More at IMDb TMDB  Report this page,"Action, Science Fiction, Horror, Comedy","Edwin Neal, Marilyn Burns, Gabriel Folse",Future-Kill,1985,https://letterboxd.com/film/future-kill/
Dawn of the Mummy,1981,"A group of fashion models disturb the tomb of a mummy and revive an ancient curse. Along with the mummy rising, slaves who were buried in the desert thousands of years before, also rise, with a craving for human flesh.",Frank Agrama,93 mins   More at IMDb TMDB  Report this page,Horror,"Brenda Siemer Scheider, Barry Sattels, George Peck",Dawn of the Mummy,1981,https://letterboxd.com/film/dawn-of-the-mummy/
The National Mummy,1981,"Saturnino, a young archaeologist, bourgeois and wealthy, lives in a luxurious mansion. He receives a visit from his old teacher, Don Felipe, accompanied by his daughter and a monumental mummy he has just discovered in one of his excavations in the Upper Nile. The Mummy, was in his time a princess and has on his bandages a curse, that when it breaks ... it will be dedicated to chasing and raping all the men it finds in its path.",José Ramón Larraz,85 mins   More at IMDb TMDB  Report this page,"Horror, Comedy","Francisco Algora, Quique Camoiras, Azucena Hernández",The National Mummy,1981,https://letterboxd.com/film/the-national-mummy/
Strangler vs Strangler,1984,"When it comes to crime, Belgrade is same as any other modern metropolis, except for having its own serial killers. That blank is filled when a flower salesman begins strangling women. A popular, but very disturbed rock star soon becomes telepathically connected with the killer.",Slobodan Šijan,93 mins   More at IMDb TMDB  Report this page,"Thriller, Comedy, Horror","Taško Načić, Srđan Šaper, Rahela Ferari",Strangler vs Strangler,1984,https://letterboxd.com/film/strangler-vs-strangler/
Scorpion with Two Tails,1982,"An archeologist's wife has recurring nightmares about ritual killings in an Etruscan tomb while her husband is away excavating a lost temple. After a phone call where she is forced to listen to him being murdered, she travels to the excavation site to solve the mystery of his death.",Sergio Martino,94 mins   More at IMDb TMDB  Report this page,Horror,"Elvire Audray, Paolo Malco, Claudio Cassinelli",Scorpion with Two Tails,1982,https://letterboxd.com/film/scorpion-with-two-tails/
The Boxer's Omen,1983,"After his brother was crippled in the ring by a cheating Thai boxer, Chan Hung goes to Thailand to avenge his brother, and finds the key to an omen which may release their family from an ancient curse. He is then caught up in a spiraling web of fate, Buddhist curses, and black magic.",Kuei Chih-Hung,105 mins   More at IMDb TMDB  Report this page,"Action, Horror, Fantasy","Phillip Ko Fai, Elvis Tsui Kam-Kong, Wai Ka-Man",The Boxer's Omen,1983,https://letterboxd.com/film/the-boxers-omen/
Blood Rage,1987,"Twins Todd and Terry seem like sweet boys -- that is, until one of them takes an axe to the face of a fellow patron at the local drive-in.",John Grissmer,82 mins   More at IMDb TMDB  Report this page,"Thriller, Horror","Louise Lasser, Mark Soper, Marianne Kanter",Blood Rage,1987,https://letterboxd.com/film/blood-rage/
The Boogens,1981,"Otherworldly creatures inhabit the bootlegging tunnels underneath a small town mining community, and they kill any of the townsfolk who invade their home.",James L. Conway,95 mins   More at IMDb TMDB  Report this page,Horror,"Rebecca Balding, Fred McCarren, Anne-Marie Martin",The Boogens,1981,https://letterboxd.com/film/the-boogens/
The Phantom Empire,1987,"Lost city explorers find mutants, cavegirls, dinosaurs and a leather clad space queen.",Fred Olen Ray,83 mins   More at IMDb TMDB  Report this page,"Adventure, Horror, Fantasy, Science Fiction","Ross Hagen, Jeffrey Combs, Dawn Wildsmith",The Phantom Empire,1987,https://letterboxd.com/film/the-phantom-empire/
Night of the Demon,1980,"An anthropology professor and his students attempt to track down a Bigfoot responsible for a rash of violent murders, only to uncover something even more sinister.",Jim West,96 mins   More at IMDb TMDB  Report this page,Horror,"Michael Cutt, Paul Kelleher, Melanie Graham",Night of the Demon,1980,https://letterboxd.com/film/night-of-the-demon-1980/
Variola Vera,1982,"An Albanian pilgrim, infected with an unknown disease, is on his way back to Belgrade from the Middle East. When doctors realize that it is a disease that has been considered eradicated, it is already too late - variola vera begins to languish and the hospital is quarantined.",Goran Marković,104 mins   More at IMDb TMDB  Report this page,"Horror, History, Drama","Rade Šerbedžija, Erland Josephson, Dušica Žegarac",Variola Vera,1982,https://letterboxd.com/film/variola-vera/
Ga-ga: Glory to the Heroes,1986,"Scope is a prisoner on a behemoth space station and is chosen, like all his fellow prisoners, to 'volunteer' for the exploration of far-away planets. Landing on planet Australia 458, he is given a hero's welcome with all the sex, booze, and violence that any one man can stomach. But as his new caretakers push him towards even more heinous and deplorable acts, Scope finds that his freedom comes with a high price; his own violent demise, broadcast live for the viewing pleasure of Australia 458's inhabitants.",Piotr Szulkin,84 mins   More at IMDb TMDB  Report this page,"Science Fiction, Comedy, Drama","Daniel Olbrychski, Jerzy Stuhr, Katarzyna Figura",Ga-ga: Glory to the Heroes,1986,https://letterboxd.com/film/ga-ga-glory-to-the-heroes/
Killing Birds,1988,"A group of students goes into the woods to study birds, and soon the dead begin to rise to devour the living.",Claudio Lattanzi,92 mins   More at IMDb TMDB  Report this page,Horror,"Robert Vaughn, Lara Wendel, Timothy W. Watts",Killing Birds,1988,https://letterboxd.com/film/killing-birds/
Chopper Chicks in Zombietown,1989,"Riding around on their motorbikes, a gang of tough women bikers are the only thing that stands between a crowd of zombies, which have been accidentally let out of their secure cave, and those still alive in the town.",Dan Hoskins,86 mins   More at IMDb TMDB  Report this page,"Horror, Comedy","Jamie Rose, Catherine Carlen, Lycia Naff",Chopper Chicks in Zombietown,1989,https://letterboxd.com/film/chopper-chicks-in-zombietown/
Spasms,1983,A gigantic serpent is captured on a remote island and shipped to an American college for experimentation.,William Fruet,90 mins   More at IMDb TMDB  Report this page,"Science Fiction, Horror","Peter Fonda, Oliver Reed, Kerrie Keane",Spasms,1983,https://letterboxd.com/film/spasms/
The Sender,1982,A disturbed telepathic man is able to transmit his dreams and visions into the minds of the people around him.,Roger Christian,91 mins   More at IMDb TMDB  Report this page,"Thriller, Horror, Science Fiction","Kathryn Harrold, Zeljko Ivanek, Shirley Knight",The Sender,1982,https://letterboxd.com/film/the-sender/
The Wind,1986,"Mystery writer Sian Anderson leaves her boyfriend John for three weeks of intense writing in the isolated Greek town of Monemvassia. Upon her arrival in the ancient, deserted, walled-in fortress, she is met by Elias Appleby, the round eccentric landlord who guides her through mysterious underground passageways to the house where she will work. He warns her to stay inside at night because of the killer winds that arrive after dark.",Nico Mastorakis,92 mins   More at IMDb TMDB  Report this page,"Horror, Thriller","Meg Foster, Wings Hauser, David McCallum",The Wind,1986,https://letterboxd.com/film/the-wind-1986-1/
Humongous,1982,"The monstrous offspring of a violent crime grows up in seclusion on a remote island, where a boatful of hapless teens have shipwrecked, unaware of what's lurking in the woods.",Paul Lynch,94 mins   More at IMDb TMDB  Report this page,Horror,"Janet Julian, David Wallace, John Wildman",Humongous,1982,https://letterboxd.com/film/humongous/
Blood Sisters,1987,"Seven girls must spend the night in an old house, which once was a brothel, as part of an initiation.",Roberta Findlay,86 mins   More at IMDb TMDB  Report this page,"Horror, Thriller","Amy Brentano, Shannon McMahon Lichte, Daniel Erickson",Blood Sisters,1987,https://letterboxd.com/film/blood-sisters-1987/
My Demon Lover,1987,"Denny has yet again been left by her thug boyfriend Chip. It seems as if she is doomed to be stuck with awful guys, this time she has to choose between nerdy Charles and the strange Kaz, who turns into a monster when sexually aroused.",Charlie Loventhal,90 mins   More at IMDb TMDB  Report this page,"Horror, Fantasy, Romance, Comedy","Scott Valentine, Michele Little, Robert Trebor",My Demon Lover,1987,https://letterboxd.com/film/my-demon-lover/
After Death,1989,A woman goes back to the island where her parents were killed. They had been working on a cure for cancer and accidentally raised the dead by angering a voodoo priest. With the woman is a group of mercenaries and they meet up with some other researchers. They raise the dead again and all hell breaks loose,Claudio Fragasso,84 mins   More at IMDb TMDB  Report this page,"Action, Horror","Jeff Stryker, Candice Daly, Massimo Vanni",After Death,1989,https://letterboxd.com/film/after-death-1989/
Warning Sign,1985,An accident occurs in an ultra-secret government biological weapons laboratory spreading a sinister bacteria.,Hal Barwood,99 mins   More at IMDb TMDB  Report this page,"Drama, Science Fiction, Thriller","Sam Waterston, Kathleen Quinlan, Yaphet Kotto",Warning Sign,1985,https://letterboxd.com/film/warning-sign/
Dream Demon,1988,"As her marriage to decorated war hero Oliver draws near, well-heeled Diana moves into an apartment within an otherwise unoccupied, sprawling London house where she starts to experience strange and terrifying nightmares. But are these troubling night terrors merely the symptom of an unsettled mind, or the sign of something far more sinister at work? Hounded by a pair of sleazy journalists, Diana soon crosses paths with American tourist Jenny, who appears to have a strange connection to the foreboding house and its dark past.",Harley Cokeliss,86 mins   More at IMDb TMDB  Report this page,Horror,"Jemma Redgrave, Kathleen Wilhoite, Timothy Spall",Dream Demon,1988,https://letterboxd.com/film/dream-demon/
Retribution,1987,"After a depressed artist miraculously survives a suicide attempt, a series of horrific murders leads him to realize he may have been possessed by the vengeful spirit of a murdered gangster.",Guy Magar,107 mins   More at IMDb TMDB  Report this page,Horror,"Dennis Lipscomb, Leslie Wing, Suzanne Snyder",Retribution,1987,https://letterboxd.com/film/retribution-1987/
The Visitors,1988,"Frank, Sara and their two children have recently moved into the house of their dreams on the countryside. Frank is disturbed by mysterious sounds and somebody tears down the wallpaper from the walls. He contacts a ghost-hunter, Allan, to find out the truth.",Patrik Ersgård,102 mins   More at IMDb TMDB  Report this page,Horror,"Kjell Bergqvist, Lena Endre, Johannes Brost",The Visitors,1988,https://letterboxd.com/film/the-visitors-1988/
Grotesque,1988,"A gang of crazed punkers breaks into a family's vacation home in the mountains and slaughters the entire family, except for one daughter who gets away. As the gang pursues the girl through the snow, they slowly realize that some kind of murderous creature is chasing them...",Joe Tornatore,89 mins   More at IMDb TMDB  Report this page,Horror,"Linda Blair, Tab Hunter, Donna Wilkes",Grotesque,1988,https://letterboxd.com/film/grotesque-1988/
Boogeyman II,1983,"Lacey, the shaken survivor of a bloody supernatural rampage in the countryside, is flown to Los Angeles where a slick movie producer plans to cash in on her story. At a decadent Hollywood party, plans for the beginning of a new horror movie franchise are torn asunder when a fragment of the original haunted mirror turns these hotshot movers and shakers into screamers and quakers!",Ulli Lommel,79 mins   More at IMDb TMDB  Report this page,Horror,"Suzanna Love, Ulli Lommel, Shannah Hall",Boogeyman II,1983,https://letterboxd.com/film/boogeyman-ii/
Zombie High,1987,A freshman begins to notice that students at her new school are losing their individuality. She discovers that the faculty are operating on the students' brains to make them docile and productive.,Ron Link,90 mins   More at IMDb TMDB  Report this page,"Horror, Comedy","Virginia Madsen, Richard Cox, James Wilder",Zombie High,1987,https://letterboxd.com/film/zombie-high/
Boardinghouse,1982,"A boarding house is reopened years after gruesome murders were committed there. Suddenly, the body count begins once more!",John Wintergate,99 mins   More at IMDb TMDB  Report this page,Horror,"John Wintergate, Kalassu, Alexandra Day",Boardinghouse,1982,https://letterboxd.com/film/boardinghouse/
Remote Control,1988,A video store clerk stumbles onto an alien plot to take over earth by brainwashing people with a bad '50s science fiction movie. He and his friends race to stop the aliens before the tapes can be distributed world-wide.,Jeff Lieberman,88 mins   More at IMDb TMDB  Report this page,"Science Fiction, Horror, Comedy","Kevin Dillon, Deborah Goodrich, Jennifer Tilly",Remote Control,1988,https://letterboxd.com/film/remote-control/
Beyond the Door III,1989,"A shy co-ed and her classmates travel to Europe to see a ritual. With a satanist/professor with them, he lures them into deadly traps to become sacrifices to Satan. One co-ed is a virgin, the main key to bring Satan back to life. But can the co-ed lose her virginity before Satan controls the world?",Jeff Kwitny,94 mins   More at IMDb TMDB  Report this page,Horror,"Mary Kohnert, Bo Svenson, Victoria Zinny",Beyond the Door III,1989,https://letterboxd.com/film/beyond-the-door-iii/
Black Past,1989,Tommy finds a cursed mirror and a diary in an attic in the new house they moved in. The mirror starts to give Tommy horrible and gruesome visions as his crush keeps rising from the dead.,Olaf Ittenbach,83 mins   More at IMDb TMDB  Report this page,Horror,"Olaf Ittenbach, Andrea Arbter, André Stryi",Black Past,1989,https://letterboxd.com/film/black-past/
The Cellar,1989,"A young boy finds an ancient Comanche monster spirit in the basement of his home. His parents don't believe him, so he must kill the monster alone.",Kevin Tenney,86 mins   More at IMDb TMDB  Report this page,Horror,"Patrick Kilpatrick, Chris Miller, Suzanne Savoy",The Cellar,1989,https://letterboxd.com/film/the-cellar-1989-1/
Mystics in Bali,1981,"An anthropologist named Cathy travels to Bali with her lover to conduct research on black magic. There, they encounter the queen of the Leák cult, a shapeshifting witch who feasts on blood and soon makes Cathy carry out her evil deeds.",H. Tjut Djalil,85 mins   More at IMDb TMDB  Report this page,"Mystery, Horror","Ilona Agathe Bastian, Yos Santo, Sofia W.D.",Mystics in Bali,1981,https://letterboxd.com/film/mystics-in-bali/
Erotic Nights of the Living Dead,1980,A sailor takes an American businessman and his girlfriend to an island where the businessman wants to build a resort. Soon a weird voodoo couple show up and warn them of bad things that are going to happen. It doesn't take long for the zombies to show up and start chowing down on human flesh.,Joe D'Amato,Adult   111 mins   More at IMDb TMDB  Report this page,Horror,"Laura Gemser, George Eastman, Dirce Funari",Erotic Nights of the Living Dead,1980,https://letterboxd.com/film/erotic-nights-of-the-living-dead/
Slaughterhouse Rock,1988,"A man visits Alcatraz prison after having dreams about all the people who died there. When he gets there, his brother is possessed by an evil cannibal demon. The ghost of a female heavy metal singer who was killed there tries to help the man fight the monster.",Dimitri Logothetis,90 mins   More at IMDb TMDB  Report this page,Horror,"Toni Basil, Nicholas Celozzi, Tom Reilly",Slaughterhouse Rock,1988,https://letterboxd.com/film/slaughterhouse-rock/
Murder by Phone,1982,"A disgruntled phone company employee develops a device whereby those answering a phone can be murdered, and it's up to Nat Bridger to stop the killer.",Michael Anderson,90 mins   More at IMDb TMDB  Report this page,"Horror, Thriller, Mystery, Science Fiction","Richard Chamberlain, John Houseman, Sara Botsford",Murder by Phone,1982,https://letterboxd.com/film/murder-by-phone/
Black Candles,1982,"A young woman travels with her partner to England on the unexpected death of her brother. Staying with her sister-in-law, she finds her companion soon drawn into a satanic cult based in the house whose rites seem to centre somewhat on large-scale sexual congress.",José Ramón Larraz,84 mins   More at IMDb TMDB  Report this page,Horror,"Helga Liné, Vanessa Hidalgo, Mauro Ribera",Black Candles,1982,https://letterboxd.com/film/black-candles/
Hollywood Chainsaw Hookers,1988,"Los Angeles private eye Jack Chandler is hired by a worried mother to find her missing runaway daughter, Samantha. As Chandler searches for her whereabouts, he uncovers an evil cult that worships an Egyptian god, whose followers commit human sacrifices with chainsaws to appease their deity. He soon learns that Samantha has revenge in store for the cult leader and his bevy of blood-thirsty, chainsaw-wielding hookers.",Fred Olen Ray,75 mins   More at IMDb TMDB  Report this page,"Comedy, Horror","Gunnar Hansen, Linnea Quigley, John Henry Richardson",Hollywood Chainsaw Hookers,1988,https://letterboxd.com/film/hollywood-chainsaw-hookers/
Terror and Black Lace,1985,A psycho with a hair fetish is caught in the act of disposing of a body and the lonely housewife that witnesses it must fight for her life.,Luis Alcoriza,97 mins   More at IMDb TMDB  Report this page,Horror,"Gonzalo Vega, Maribel Guardia, Claudio Obregón",Terror and Black Lace,1985,https://letterboxd.com/film/terror-and-black-lace/
The Strange Case of Dr. Jekyll and Miss Osbourne,1981,"In 19th century London, a sex maniac sneaks into the engagement party of Dr. Henry Jekyll and Miss Fanny Osbourne, turning the event into a nightmarish whirlpool of murder and debauchery.",Walerian Borowczyk,92 mins   More at IMDb TMDB  Report this page,Horror,"Udo Kier, Marina Pierro, Gérard Zalcberg",The Strange Case of Dr. Jekyll and Miss Osbourne,1981,https://letterboxd.com/film/the-strange-case-of-dr-jekyll-and-miss-osbourne/
Alien from the Deep,1989,"Two members of Greenpeace discover that a local factory sheds radioactive waste into an active volcano, which has created a terrifying creature that wreaks havoc in the area.",Antonio Margheriti,91 mins   More at IMDb TMDB  Report this page,"Horror, Science Fiction","Daniel Bosch, Marina Giulia Cavalli, Robert Marius",Alien from the Deep,1989,https://letterboxd.com/film/alien-from-the-deep/
Uninvited,1988,"A sinister corporation loses control of a house cat infected with a genetically-engineered virus. The death-toll rises during the mutant feline's rampage, and eventually, it finds its way on board a ship of a criminal king-pin.",Greydon Clark,90 mins   More at IMDb TMDB  Report this page,"Science Fiction, Horror","Toni Hudson, Rob Estes, Alex Cord",Uninvited,1988,https://letterboxd.com/film/uninvited/
Silent Madness,1984,A psychiatrist poses as an ex-sorority sister to stop a slasher freed by a computer error.,Simon Nuchtern,93 mins   More at IMDb TMDB  Report this page,Horror,"Viveca Lindfors, Belinda Montgomery, Solly Marx",Silent Madness,1984,https://letterboxd.com/film/silent-madness/
The Spider Labyrinth,1988,"A young professor travels to Budapest to locate a lost colleague. Once there, he gets tangled up in a supernatural mystery.",Gianfranco Giagni,86 mins   More at IMDb TMDB  Report this page,"Horror, Thriller","Roland Wybenga, Claudio Capone, Paola Rinaldi",The Spider Labyrinth,1988,https://letterboxd.com/film/the-spider-labyrinth/
Patrick Still Lives,1980,"A group of strangers are summoned to the secluded home of Patrick, a young man rendered comatose after a freak accident, but soon find themselves falling victim to Patrick's mysterious psychic powers and murderous rage.",Mario Landi,93 mins   More at IMDb TMDB  Report this page,"Science Fiction, Horror","Sacha Pitoëff, Gianni Dei, Mariangela Giordano",Patrick Still Lives,1980,https://letterboxd.com/film/patrick-still-lives/
The Unholy,1988,A priest battles a demon that kills sinners in the act of sinning.,Camilo Vila,102 mins   More at IMDb TMDB  Report this page,Horror,"Ben Cross, Ned Beatty, William Russ",The Unholy,1988,https://letterboxd.com/film/the-unholy/
Death Valley,1982,"A divorced mother, her young son and her new boyfriend set out on a road trip through Death Valley and run afoul of a local serial killer.",Dick Richards,87 mins   More at IMDb TMDB  Report this page,"Horror, Crime, Thriller","Paul Le Mat, Catherine Hicks, Stephen McHattie",Death Valley,1982,https://letterboxd.com/film/death-valley/
Devil Hunter,1980,"The lovely Laura, on a modelling job in South Africa, is kidnapped by a gang who carry her off into the jungle from where they demand a huge ransom. Two men set off in a helicopter to rescue her, little knowing what horrors Laura is enduring in the meantime in the savage clutches of a primitive and bloodthristy world. Laura's rescuers not only have to face the cruel violence of her captors - but also the horrifying lust for blood of a primitive and cruel god.",Jesús Franco,102 mins   More at IMDb TMDB  Report this page,Horror,"Ursula Buchfellner, Al Cliver, Antonio Mayans",Devil Hunter,1980,https://letterboxd.com/film/devil-hunter/
Dial: Help,1988,"A psychic finds herself tapping into the ""energy"" of a deceased phone operator. She also finds that her friends soon begin dying mysteriously. An investigator determines to track down the cause.",Ruggero Deodato,94 mins   More at IMDb TMDB  Report this page,Horror,"Charlotte Lewis, Marcello Modugno, Mattia Sbragia",Dial: Help,1988,https://letterboxd.com/film/dial-help/
Mountaintop Motel Massacre,1983,"After several years in an insane asylum, Evelyn, the keeper of the Mountaintop Motel, is released and resumes doing business. She kills her young charge out of anger, but convinces the police it was an accident - and pushed into insanity, she then proceeds to target her guests, first by releasing vermin into their rooms, but then by using her trusty sickle.",Jim McCullough Sr.,96 mins   More at IMDb TMDB  Report this page,"Thriller, Horror","Anna Chappell, Bill Thurman, Will Mitchel",Mountaintop Motel Massacre,1983,https://letterboxd.com/film/mountaintop-motel-massacre/
Phantom of Death,1988,Police Comissioner Datti is investigating the murder of a female doctor whose murderer seems to be a thirty-fivish year old man. Soon another murder follows: Pianist Robert Dominici's girlfriend is found killed. The killer also challenges Datti on the phone and says he can't be caught since he has a secret which makes him invulnerable. In the meantime the clues seems to point in strange directions...,Ruggero Deodato,100 mins   More at IMDb TMDB  Report this page,Horror,"Michael York, Edwige Fenech, Donald Pleasence",Phantom of Death,1988,https://letterboxd.com/film/phantom-of-death/
Midnight,1982,"A young woman fleeing her sexually abusive stepfather hitches a ride with two young men, but the three soon find themselves at the mercy of a backwoods Satanic cult.",John A. Russo,94 mins   More at IMDb TMDB  Report this page,Horror,"Melanie Verlin, Lawrence Tierney, John Hall",Midnight,1982,https://letterboxd.com/film/midnight-1982/
Paganini Horror,1989,"A female rock band acquires an infamous composition by Niccolò Paganini that was used in satanic rituals. When the band decides to record the song and film a video in Paganini's old mansion, the spirit of the deceased composer is summoned and the band unlocks a portal to Hell.",Luigi Cozzi,82 mins   More at IMDb TMDB  Report this page,"Music, Horror","Daria Nicolodi, Jasmine Maimone, Pascal Persiano",Paganini Horror,1989,https://letterboxd.com/film/paganini-horror/
Hysterical,1982,"Frederic Lansing is a writer who hopes to find inspiration while vacationing in Hellview, Oregon; however, the lighthouse in which he's staying is haunted by the ghost of Venetia, who had killed herself 100 years ago and now wants to use Lansing as a vessel for her dead husband, Captain Howdy. When Howdy's ghost starts killing people, two bumbling scientists are brought in to investigate the history of the lighthouse and solve the case.",Chris Bearde,90 mins   More at IMDb TMDB  Report this page,"Comedy, Family, Fantasy, Horror","Bill Hudson, Mark Hudson, Brett Hudson",Hysterical,1982,https://letterboxd.com/film/hysterical/
Psycho Cop,1989,"Officer Joe Vickers would probably make a good policeman if it weren't for his two nasty habits. Firstly, he is a devoted satanist; secondly - he likes to kill people. When he meets a group of teenagers spending their vacation in a wood hut, he decides to investigate.",Wallace Potts,87 mins   More at IMDb TMDB  Report this page,Horror,"Robert R. Shafer, Jeff Qualle, Palmer Lee Todd",Psycho Cop,1989,https://letterboxd.com/film/psycho-cop/
Act of Violence Upon a Young Journalist,1988,"Blanca, a brilliant young journalist who is writing a thesis on violence, is unaware that a psychopathic killer is on her trail.",Manuel Lamas,107 mins   More at IMDb TMDB  Report this page,"Thriller, Drama","Blanca Giménez, Vittorio Maganza, Gabriela Novasco",Act of Violence Upon a Young Journalist,1988,https://letterboxd.com/film/act-of-violence-upon-a-young-journalist/
Ferat Vampire,1982,"A doctor is shocked when his beloved colleague Mima signs a contract with foreign car manufacturer Ferat, in order to work for them as a rally-driver. A scientist convinces him that human blood is being used as fuel for Mima's ever winning car, but does that really work?",Juraj Herz,93 mins   More at IMDb TMDB  Report this page,"Horror, Science Fiction","Jiří Menzel, Dagmar Havlová Veškrnová, Jana Břežková",Ferat Vampire,1982,https://letterboxd.com/film/ferat-vampire/
Primal Rage,1988,"A scientist at a Florida university inadvertently creates a ""rage virus"" while performing experiments intended to restore dead brain tissue in baboons. When a journalist for the college paper breaks into the campus lab, he's bitten by one of the infected baboons; the virus soon spreads to a trio of rapists and a valley girl, all of whom go on killing sprees.",Vittorio Rambaldi,92 mins   More at IMDb TMDB  Report this page,"Thriller, Science Fiction, Horror","Patrick Lowe, Cheryl Arutt, Sarah Buxton",Primal Rage,1988,https://letterboxd.com/film/primal-rage/
Nightwish,1989,"A professor and four graduate students journey to a crumbling mansion to investigate paranormal activity and must battle ghosts, aliens and satanic entities.",Bruce R. Cook,96 mins   More at IMDb TMDB  Report this page,"Science Fiction, Horror","Brian Thompson, Alisha Das, Jack Starrett",Nightwish,1989,https://letterboxd.com/film/nightwish/
Birds of Prey,1987,"Vanessa, a television reporter covering a story of a farmer attacked by his chickens, discovers that this is not an isolated incident. Travelling to Spain with her cameraman Peter, the two discover the survivors of a town wiped out by the birds thirty years ago. Meanwhile, attacks continue as a child's birthday party ends in tragedy and doves devour a poultry farmer and his wife. Vanessa soon comes to the conclusion that the birds are organizing themselves against the ecological ravages of man, but time is running out as thousands of birds launch an attack against a train Vanessa is traveling on.",René Cardona Jr.,100 mins   More at IMDb TMDB  Report this page,Horror,"Christopher Atkins, Michelle Johnson, Sonia Infante",Birds of Prey,1987,https://letterboxd.com/film/birds-of-prey-1987/
The Seventh Curse,1986,"When Dr. Yuen attempts to rescue a girl about to be sacrificed by the Worm Tribe in the middle of a jungle in Thailand, he is damned with seven deadly ""blood curses"" and must return there to find a permanent cure.",Lam Nai-Choi,83 mins   More at IMDb TMDB  Report this page,"Action, Horror, Fantasy, Adventure","Chin Siu-Ho, Maggie Cheung, Dick Wei",The Seventh Curse,1986,https://letterboxd.com/film/the-seventh-curse/
Litan,1982,"Married couple Jock & Nora are visiting the town of Litan during Litan's Day, with its carnivalesque atmosphere. When Nora wakes that morning from dreaming the bizarre death of her husband, she sets out across town to find him and warn him. But as she does, she encounters stranger and stranger people and events erupting into a frenzy in front of her. Now, she and Jock must elude all of the impediments in their way of reaching safety on the outskirts of town.",Jean-Pierre Mocky,88 mins   More at IMDb TMDB  Report this page,"Horror, Mystery","Marie-José Nat, Jean-Pierre Mocky, Nino Ferrer",Litan,1982,https://letterboxd.com/film/litan/
The Pit,1981,"Twelve year-old Jamie Benjamin is a solitary misunderstood boy in his preteens. His classmates pick on him, his neighbors think he's weird and his parents ignore him. But now Jamie has a secret weapon: deep in the woods he has discovered a deep pit full of man-eating creatures he calls Trogs... and it isn't long before he gets an idea for getting revenge and feeding the Trogs in the process!",Lew Lehman,97 mins   More at IMDb TMDB  Report this page,"Thriller, Mystery, Comedy, Horror","Sammy Snyders, Jeannie Elias, Sonja Smits",The Pit,1981,https://letterboxd.com/film/the-pit/
Impulse,1984,"After a small earthquake in a small and quiet town, local citizens start to have a bizarre, violent and self-destructive behavior...",Graham Baker,91 mins   More at IMDb TMDB  Report this page,"Thriller, Science Fiction, Mystery, Horror","Tim Matheson, Meg Tilly, Hume Cronyn",Impulse,1984,https://letterboxd.com/film/impulse-1984/
Don't Panic,1988,"On his 17th birthday, a boy named Michael has a surprise party thrown by his friends, where a session with a Ouija board accidentally unleashes a demon named Virgil, who possesses one of them to go on a killing spree. Michael, now plagued by violent nightmares and premonitions, sets out to try and stop the killings.",Rubén Galindo Jr.,90 mins   More at IMDb TMDB  Report this page,Horror,"Jon Michael Bischof, Gabriela Hassel, Helena Rojo",Don't Panic,1988,https://letterboxd.com/film/dont-panic/
Zombie Death House,1988,A renegade federal agent uses a new drug to create an army of unbeatable warriors.,John Saxon,90 mins   More at IMDb TMDB  Report this page,"Drama, Horror, Science Fiction","Dennis Cole, Anthony Franciosa, John Saxon",Zombie Death House,1988,https://letterboxd.com/film/zombie-death-house/
Wacko,1982,"Thirteen years after the ""Lawnmower Killer"" killed her sister, high school student Mary Graves and obsessed detective Dick Harbinger are on the lookout for the killer to reappear during the annual Halloween Pumpkin Prom.",Greydon Clark,85 mins   More at IMDb TMDB  Report this page,"Horror, Comedy","Joe Don Baker, Stella Stevens, George Kennedy",Wacko,1982,https://letterboxd.com/film/wacko/
Time Walker,1982,"From deep within the tomb of the Egyptian pharaoh Tutankhamun, Professor Douglas McCadden ships the coffin of Ankh-Vanharis to the California Institute of Sciences where X-rays reveal five diamond-like crystals hidden within the coffin. Technician Peter Sharpe steals the crystals but doesn't notice that the powerful X-ray has revived a green fungus. When the coffin is opened at a university press conference, the reporters uncover more than they bargained for. The mummy has disappeared... and the Time Walker is alive again!",Tom Kennedy,83 mins   More at IMDb TMDB  Report this page,"Horror, Science Fiction","Ben Murphy, Nina Axelrod, Kevin Brophy",Time Walker,1982,https://letterboxd.com/film/time-walker/
The Majorettes,1986,"A hooded psycho is murdering high-school girls. A devil-worshiping, drug-dealing biker gang is suspected.",S. William Hinzman,92 mins   More at IMDb TMDB  Report this page,"Horror, Action, Crime, Mystery","Kevin Kindlin, Terrie Godfrey, Mark V. Jevicky",The Majorettes,1986,https://letterboxd.com/film/the-majorettes/
Girls School Screamers,1986,"Seven girls from the local Catholic school are chosen to go inventory the Wells estate. It sounds like a fun weekend until the girls hold a séance to try and contact Jennifer Wells, a 20-year-old who died mysteriously on the grounds in 1939. Their weekend gets even stranger when it is revealed one of the girls, Jackie, is a dead ringer for the deceased.",John P. Finnegan,86 mins   More at IMDb TMDB  Report this page,"Horror, Thriller, Mystery","Mollie O'Mara, Sharon Christopher, Beth O'Malley",Girls School Screamers,1986,https://letterboxd.com/film/girls-school-screamers/
The Fan,1981,"A record store clerk is an obsessed fan of an actress of stage and screen. However, when faced with rejection, the fan strikes out in increasingly violent ways.",Ed Bianchi,95 mins   More at IMDb TMDB  Report this page,"Drama, Horror, Thriller","Lauren Bacall, James Garner, Maureen Stapleton",The Fan,1981,https://letterboxd.com/film/the-fan-1981/
The House Where Evil Dwells,1982,"At the prompting of his diplomat friend, Alex, writer Ted Fletcher takes his wife, Laura, and daughter, Amy, on an extended working holiday. Alex finds a house for them in Kyoto, Japan, and the Fletchers move in, laughing off rumors that the place is haunted. But the ghost of 19th-century samurai Shigero turns out to be very real, and is intent on making the family re-enact an ancient murder-suicide.",Kevin Connor,88 mins   More at IMDb TMDB  Report this page,Horror,"Edward Albert, Susan George, Doug McClure",The House Where Evil Dwells,1982,https://letterboxd.com/film/the-house-where-evil-dwells/
Morir de miedo,1980,,Juan José Porto,85 mins   More at IMDb TMDB  Report this page,Horror,"Mónica Randall, Simón Andreu, Miguel Ayones",Morir de miedo,1980,https://letterboxd.com/film/morir-de-miedo/
Twice Dead,1988,The ghost of a hanged movie star helps a brother and sister rid their mansion of punks.,Bert L. Dragin,87 mins   More at IMDb TMDB  Report this page,Horror,"Tom Bresnahan, Jill Whitlow, Jonathan Chapin",Twice Dead,1988,https://letterboxd.com/film/twice-dead/
Madhouse,1981,"A woman is pursued by her murderous, psychopathic twin sister in the days leading up to their birthday.",Ovidio G. Assonitis,93 mins   More at IMDb TMDB  Report this page,Horror,"Patricia Mickey, Allison Biggers, Michael MacRae",Madhouse,1981,https://letterboxd.com/film/madhouse-1981/
Julie Darling,1983,A teenage girl whose inaction caused her mother's death arranges a similarly gruesome fate for her stepmother and brother.,Paul Nicholas,100 mins   More at IMDb TMDB  Report this page,"Thriller, Horror, Drama","Anthony Franciosa, Sybil Danning, Isabelle Mejias",Julie Darling,1983,https://letterboxd.com/film/julie-darling/
Too Scared to Scream,1984,A killer is brutally attacking several tenants that live in a high rise apartment building in New York City.,Tony Lo Bianco,100 mins   More at IMDb TMDB  Report this page,"Mystery, Thriller, Crime","Mike Connors, Anne Archer, Leon Isaac Kennedy",Too Scared to Scream,1984,https://letterboxd.com/film/too-scared-to-scream/
Grave Secrets,1989,A woman tormented by ghostly apparitions and a professor of psychic phenomena investigate other-worldly disturbances and unlock the secret of a malevolent force reaching out for vengeance from beyond the grave.,Donald P. Borchers,89 mins   More at IMDb TMDB  Report this page,Horror,"Paul Le Mat, Renée Soutendijk, Lee Ving",Grave Secrets,1989,https://letterboxd.com/film/grave-secrets/
Saturday the 14th,1981,"After his family moves to a new house, a young boy discovers a mysterious book that details a curse hanging over the date of Saturday the 14th. Opening the book releases a band of monsters into the house and the family must join together to save themselves and their neighborhood.",Howard R. Cohen,76 mins   More at IMDb TMDB  Report this page,"Comedy, Fantasy, Horror","Richard Benjamin, Paula Prentiss, Jeffrey Tambor",Saturday the 14th,1981,https://letterboxd.com/film/saturday-the-14th/
Celia,1989,An imaginative and somewhat disturbed young girl fantasizes about evil creatures and other oddities to mask her insecurities while growing up in rural Australia.,Ann Turner,103 mins   More at IMDb TMDB  Report this page,"Horror, Drama, Fantasy","Rebecca Smart, Nicholas Eadie, Mary-Anne Fahey",Celia,1989,https://letterboxd.com/film/celia/
Grave Robbers,1989,"A group of teenage, treasure seeking, grave robbers accidentally uncover the tomb of a satanic sect leader from the early Spanish colonial age, reawakening the diabolical killer, who promptly sets out to complete his unholy mission of spawning the son of Satan.",Rubén Galindo Jr.,88 mins   More at IMDb TMDB  Report this page,"Horror, Mystery, Thriller","Fernando Almada, Edna Bolkan, Erika Buenfil",Grave Robbers,1989,https://letterboxd.com/film/grave-robbers/
Cannibal Terror,1980,"After botching a kidnapping, two criminals hide with their victim in a friends house in the jungle. After one of them rapes the friend's wife, they're left to be eaten by a nearby cannibal tribe.",Alain Deruelle,93 mins   More at IMDb TMDB  Report this page,Horror,"Antonio Mayans, Silvia Solar, Pamela Stanford",Cannibal Terror,1980,https://letterboxd.com/film/cannibal-terror/
Mutator,1989,"A beast gets loose in a laboratory, killing all in it's way. A former scientist, now working as a custodian tries to stop it.",John R. Bowey,91 mins   More at IMDb TMDB  Report this page,"Science Fiction, Horror","Brion James, Carolyn Ann Clark, Milton Raphael Murill",Mutator,1989,https://letterboxd.com/film/mutator/
Seeding of a Ghost,1983,"A Hong Kong taxi driver suffers after being cursed by a sorcerer he accidentally hit with his cab. After the driver's wife is raped and killed by teenage hooligans, he pleads with the sorcerer to lift the hex and restore his wife to the land of the living.",Yang Chuan,87 mins   More at IMDb TMDB  Report this page,"Thriller, Horror","Norman Tsui Siu-Keung, Phillip Ko Fai, Wai Ka-Man",Seeding of a Ghost,1983,https://letterboxd.com/film/seeding-of-a-ghost/
Fatal Games,1984,"The young athletes of Falcon Academy are training hard to earn their place in the nationals. But when these burgeoning sports stars start disappearing one after the other, Dr. Jordine and his team - who’ve started plying their athletes with new and untested performance-enhancing drugs - are baffled.",Michael Elliot,88 mins   More at IMDb TMDB  Report this page,"Horror, Thriller","Sally Kirkland, Lynn Banashek, Sean Masterson",Fatal Games,1984,https://letterboxd.com/film/fatal-games/
Morbus,1983,"A scientist has discovered a formula that brings the dead back to life. Meanwhile, a prostitute, who dreams of writing a book in a brothel, meets a true writer with whom she falls in love. A satanic sect will cross into their lives.",Ignasi P. Ferré,87 mins   More at IMDb TMDB  Report this page,Horror,"Ramon Ferre, Joan Borràs, Carmen Serret",Morbus,1983,https://letterboxd.com/film/morbus/
Igor and the Lunatics,1985,"After 16 years in prison, Igor and his gang are out and bent on taking revenge on the town that sent them up.",W.J. Parolini,82 mins   More at IMDb TMDB  Report this page,Horror,"Joseph Eero, Mary Ann Schacht, Joe Niola",Igor and the Lunatics,1985,https://letterboxd.com/film/igor-and-the-lunatics/
Twisted,1985,"One evening the Collins find their maid Mrs. Murdock at the end of their steps: dead, neck broken. Obviously she had an accident. Consequently they need a new babysitter for an upcoming big party. The sensible Helen meets little Susan Collins at the discount market and likes her, so she offers to do the job. She doesn't know Susan's teenage brother Mark - technically skilled and good in school, but restive and cunning. As soon as the parents have left, he starts psychologically terrorizing Helen and his sister with electronic tricks.",Adam Holender,90 mins   More at IMDb TMDB  Report this page,"Thriller, Horror","Lois Smith, Christian Slater, Dina Merrill",Twisted,1985,https://letterboxd.com/film/twisted-1985/
Evil Spawn,1987,"Microbes are brought back to earth via a space probe from Venus. A scientist is using them in experiments on aging, but dies before the work is finished. His assistant approaches an aging actress who is being passed by for the lead roles, and she injects the serum hoping to become young again. When the actress is still passed up for the plum roles, the alien bacterium transforms her into a hideous bug-like alien resulting in a predictable attrition problem amongst her detractors.",Kenneth J. Hall,70 mins   More at IMDb TMDB  Report this page,"Science Fiction, Horror","Bobbie Bresee, Drew Godderis, Dawn Wildsmith",Evil Spawn,1987,https://letterboxd.com/film/evil-spawn/
Caught in Fear,1985,"A mental patient detained in a psychiatric hospital escapes from confinement and is dedicated to roam the outskirts of Madrid. His mind is no more disturbed rationale to kill. After murdering two girls on the banks of a river, go stringing a series of murders each more repulsive, spreading terror in the place. José and Antonio, two good friends, prepare a fun weekend at the country house that Joseph's family owns on the outskirts of the city. Taking this opportunity to invite two beautiful sisters, Anne and Laura, who accept the invitation. Ana, the eldest, works as a secretary, unhurried lives and loves Antonio. Laura on the other hand, has a shy and introverted character that has intensified after a recent failed love affair. Everything seems it will be a fun weekend for two couples.",Carlos Aured,83 mins   More at IMDb TMDB  Report this page,"Horror, Drama","Adriana Vega, Sara Mora, José Luis Alexandre",Caught in Fear,1985,https://letterboxd.com/film/caught-in-fear/
Demented,1980,"A woman is gang-raped in a horse's stable, and even though the rapists are caught and imprisoned, she is harassed many moons later by ghastly visions of her tormentors, while her husband philanders and every little thing frightens her out of her wits.",Arthur Jeffreys,87 mins   More at IMDb TMDB  Report this page,"Thriller, Horror, Crime","Sallee Young, Harry Reems, Deborah Alter",Demented,1980,https://letterboxd.com/film/demented/
Zombie Island Massacre,1984,"Americans on vacation in the Caribbean take a tour of a nearby island at night and watch a local voodoo ritual. Soon after, they find themselves stranded on the island and under attack by unseen foes. One by one they meet violent ends.",John Carter,95 mins   More at IMDb TMDB  Report this page,Horror,"David Broadnax, Rita Jenrette, George Peters",Zombie Island Massacre,1984,https://letterboxd.com/film/zombie-island-massacre/
Wild Beasts,1984,"PCP is unexplainably released into the Frankfurt water supply and sends the zoo inhabitants crazy. One evening after a malfunction of zoo security the gonzo critters rampage through the city eating and killing whatever they fancy, wreaking a night of bloody terror. It's up to regular Italian-trash whipping girl Lorraine De Selle and obnoxious Super Mario lookalike zookeeper John Aldrich to sort it out.",Franco Prosperi,92 mins   More at IMDb TMDB  Report this page,"Action, Adventure, Horror","Lorraine De Selle, John Aldrich, Ugo Bologna",Wild Beasts,1984,https://letterboxd.com/film/wild-beasts/
The Zero Boys,1986,A group of friends travel to a wilderness area to play a survival game. Soon they unexpectedly find themselves in a real-life survival situation.,Nico Mastorakis,89 mins   More at IMDb TMDB  Report this page,"Action, Horror, Thriller","Daniel Hirsch, Kelli Maroney, Nicole Rio",The Zero Boys,1986,https://letterboxd.com/film/the-zero-boys/
The Aftermath,1982,"After a lengthy space mission, two astronauts (Steve Barkett and Larry Latham) return to an Earth transformed by nuclear war. As renegade gangs and mutants rule Los Angeles, the astronauts join two pretty women and a couple of kids in a growing resistance movement. This sci-fi adventure follows the men as they battle bell-bottomed biker leader Cutter and his brutal gang.",Steve Barkett,95 mins   More at IMDb TMDB  Report this page,"Adventure, Science Fiction, Horror, Action","Steve Barkett, Lynne Margulies, Sid Haig",The Aftermath,1982,https://letterboxd.com/film/the-aftermath/
The Other Hell,1981,"A priest investigates paranormal activity at a nuns' convent where a deep, dark secret is about to resurface in the guise of murder! Could the devil be behind this, or is that just what Mother Superior wants everyone to believe?",Bruno Mattei,88 mins   More at IMDb TMDB  Report this page,"Thriller, Horror","Franca Stoppi, Carlo De Mejo, Francesca Carmeno",The Other Hell,1981,https://letterboxd.com/film/the-other-hell/
Island Claws,1980,A biological experiment in Florida goes awry. The result: 8-foot long land crabs which roar loudly and kill everything in sight.,Hernan Cardenas,90 mins   More at IMDb TMDB  Report this page,"Science Fiction, Horror","Robert Lansing, Steve Hanks, Nita Talbot",Island Claws,1980,https://letterboxd.com/film/island-claws/
Porno Holocaust,1981,"A group of castaways wash ashore on a deserted island in this Italian sex/gore movie. They are unaware that a sex-crazed radioactive monster is also on the island. He attacks and rapes several of the women, who die horrible deaths because his sperm is radioactive. The survivors must find a way to either escape the island or kill the monster.",Joe D'Amato,Adult   113 mins   More at IMDb TMDB  Report this page,Horror,"Dirce Funari, Annj Goren, Mark Shannon",Porno Holocaust,1981,https://letterboxd.com/film/porno-holocaust/
Daughters of Eve,1985,"In the remote countryside of Ilongo, various women are sexually abused by local men. Two sisters meet Simon, the most attractive man in the village, and fight over him - one constantly haunted by Catholic dogma because of the abuse she suffered previously.",Elwood Perez,125 mins   More at IMDb TMDB  Report this page,"Horror, Drama, Crime","Sarsi Emmanuelle, Maria Isabel Lopez, Myra Manibog",Daughters of Eve,1985,https://letterboxd.com/film/daughters-of-eve/
Women's Prison Massacre,1983,"Emanuelle is framed by a corrupt D.A. while investigating a drug smuggling operation and has to tough it out under lock and key, dealing with a strict warden and abusive guards.",Bruno Mattei,88 mins   More at IMDb TMDB  Report this page,"Action, Crime, Horror","Laura Gemser, Gabriele Tinti, Ursula Flores",Women's Prison Massacre,1983,https://letterboxd.com/film/womens-prison-massacre/
Transmutations,1985,"When high class hooker Nicole is kidnapped from her brothel, Rich businessman Hugo Motherskille hires her ex love Roy Bain to find her. Investigating the disappearance, he eventually finds traces that lead to Dr. Savary, who has produced a strange white powder that's coveted by a race of deformed human beings who live in the underworld in the sewers below the city.",George Pavlou,92 mins   More at IMDb TMDB  Report this page,"Horror, Action, Science Fiction, Adventure, Thriller","Denholm Elliott, Steven Berkoff, Nicola Cowper",Transmutations,1985,https://letterboxd.com/film/transmutations/
Devil's Dynamite,1987,"After spending ten years in prison Steven Cox has recently been released and his former colleagues will do anything to find out where he stashed his fortune. His former mistress now rules the underworld and she plays the various fractions against each other to maintain her power. One of the local drug lords has hired vampires to protect him and keep his drug smuggling business thriving. The vampires pop up around town as they, along with various other thugs, try to knock off Steven Cox and find the whereabouts to his gold. There is a stranger in town that dresses up like a space age super hero who aligns himself with Steven Cox as they take on together the corrupt underworld. A cut n paste movie that uses footage from The Stunning Gambling (Taiwan) and Giant of Casino (HK).",Joe Livingstone,90 mins   More at IMDb TMDB  Report this page,"Thriller, Horror, Action","Jack Suen Kwok-Ming, Shih Chung-Tien, Wang Kuan-Hsiung",Devil's Dynamite,1987,https://letterboxd.com/film/devils-dynamite/
A Night to Dismember,1983,"A woman from a ""cursed"" family is released from a mental facility, and soon dismembered corpses start turning up.",Doris Wishman,69 mins   More at IMDb TMDB  Report this page,Horror,"Samantha Fox, Diane Cummins, Saul Meth",A Night to Dismember,1983,https://letterboxd.com/film/a-night-to-dismember/
The Black Cat,1989,"When a horror film based on the same source material as Suspiria and Inferno goes into production, the evil witch the story is based upon manifests herself and not only begins to terrorise the actress set to portray her on screen, but reveals plans to wreck havoc and bloodshed throughout the world.",Luigi Cozzi,89 mins   More at IMDb TMDB  Report this page,"Drama, Fantasy, Horror","Florence Guérin, Urbano Barberini, Caroline Munro",The Black Cat,1989,https://letterboxd.com/film/the-black-cat-1989/
Beyond Death,1986,A Nazi scientist carries out secret experiments.,Sebastià d'Arbó,92 mins   More at IMDb TMDB  Report this page,Horror,"Narciso Ibáñez Menta, Tony Isbert, Berta Cabré",Beyond Death,1986,https://letterboxd.com/film/beyond-death/
The Immortalizer,1989,"A crazed scientist sends out his mutant creations to kidnap young, beautiful men and women to bring back to his lab so he can transplant their brains into the bodies of old, wealthy people.",Joel Bender,96 mins   More at IMDb TMDB  Report this page,"Science Fiction, Comedy, Horror","Ron Ray, Chris Crone, Clarke Lindsley",The Immortalizer,1989,https://letterboxd.com/film/the-immortalizer/
Necropolis,1986,"A reincarnated ""Satanic Witch"" from New Amsterdam, circa 1600's comes back to revive her cult members by sucking the life force out of people.",Bruce Hickey,77 mins   More at IMDb TMDB  Report this page,Horror,"LeeAnne Baker, Jacquie Fitz, Michael Conte",Necropolis,1986,https://letterboxd.com/film/necropolis/
Food of the Gods II,1989,"A growth hormone experiment gets out of hand, when the the resulting giant man-eating rats escape, reaking havoc on the unsuspecting campus. Much blood-letting follows.",Damian Lee,91 mins   More at IMDb TMDB  Report this page,"Science Fiction, Horror","Paul Coufos, Lisa Schrage, Réal Andrews",Food of the Gods II,1989,https://letterboxd.com/film/food-of-the-gods-ii/
Violent Stories,1985,Five surreal short stories make up this Mexican anthology film.,Daniel González Dueñas,95 mins   More at IMDb TMDB  Report this page,"Science Fiction, Crime, Horror, Drama, Thriller, Action","Pedro Armendáriz Jr., Diana Bracho, Ernesto Gómez Cruz",Violent Stories,1985,https://letterboxd.com/film/violent-stories/
Deep Space,1988,"Secretly engineered and blasted into space by government scientists, a vile monster crash-lands back on Earth and begins killing everyone it encounters. As the death toll rises, veteran cop McLemore bravely steps forward to crush the scary creature.",Fred Olen Ray,90 mins   More at IMDb TMDB  Report this page,"Horror, Science Fiction","Charles Napier, Ann Turkel, Bo Svenson",Deep Space,1988,https://letterboxd.com/film/deep-space/
Necromancer,1988,"Julie, a college student, is sexually assaulted by two fellow students. Desperate for revenge, she makes contact with a necromancer, who begins using her demonic powers to get rid of any guy Julie hates.",Dusty Nelson,88 mins   More at IMDb TMDB  Report this page,"Thriller, Horror","Elizabeth Kaitan, John Tyler, Rhonda Dorton",Necromancer,1988,https://letterboxd.com/film/necromancer/
Terror on the Midnight Train,1980,"“Terror en el tren de la medianoche” is an extremely obscure Spanish horror movie which is as rare as they come. The “Twilight Zone”-ish plot centres around middle-aged and balding station master Ruben, who is plagued by the vision of ghostly train. The train is always arriving at midnight to the accompaniment of eerie music whenever somebody in town has died. Swearing local priest Don Carmelo is skeptical. The main performance of Rafael Hernandez is competent and there is a bit of soft nudity provided by lovely Mari Paz Pondal.",Manuel Iglesias,85 mins   More at IMDb TMDB  Report this page,Horror,"Rafael Hernández, Mary Paz Pondal, José Riesgo",Terror on the Midnight Train,1980,https://letterboxd.com/film/terror-on-the-midnight-train/
Blue Monkey,1987,"While working in a greenhouse, a man receives an insect bite after touching an exotic plant. Immediately, he falls ill and is taken to an emergency room where the doctors diagnose him as suffering from an unknown bacteria, and a strange parasite which emerges from his mouth as a large slimy wormlike creature. Soon, there are more cases of bacterial infection, but the more immediate problem for the hospital is the wormlike creature which after accidental exposure to a genetic growth stimulant grows to monstrous proportions and starts a reign of terror and bloodshed in the hospitals abandoned wing.",William Fruet,96 mins   More at IMDb TMDB  Report this page,"Science Fiction, Horror","Steve Railsback, Gwynyth Walsh, John Vernon",Blue Monkey,1987,https://letterboxd.com/film/blue-monkey/
Dark Tower,1987,A partially under construction office tower is being haunted by a deadly presence which seems to target the building's architect.,Freddie Francis,92 mins   More at IMDb TMDB  Report this page,"Mystery, Horror, Thriller","Michael Moriarty, Jenny Agutter, Carol Lynley",Dark Tower,1987,https://letterboxd.com/film/dark-tower/
Graveyard Shift,1987,"Night brings out the hunger in people, especially a mysterious NY cab driver. He is a powerful vampire. And working the night shift brings a sultry array of sensuous passengers within his grasp. Embracing those ready to die, he controls an erratic but well-balanced vampire realm. Then unexpectedly, he discovers erotic human passion-unleashing a raging, terrorizing evil. When a slew of innocent citizens are senselessly slaughtered, the baffled police must solve a 350 year old mystery of unsated passion.",Jerry Ciccoritti,89 mins   More at IMDb TMDB  Report this page,Horror,"Michael A. Miranda, Helen Papas, Cliff Stoker",Graveyard Shift,1987,https://letterboxd.com/film/graveyard-shift-1987/
The Carpenter,1988,"A carpenter, who was executed in the electric chair, comes back to finish his dream house, now inhabited by a young married couple.",David Wellington,89 mins   More at IMDb TMDB  Report this page,"Thriller, Horror","Wings Hauser, Lynne Adams, Pierre Lenoir",The Carpenter,1988,https://letterboxd.com/film/the-carpenter-1988/
Hellgate,1989,"A motorcycle gang kidnaps a young woman, Josie, from a diner and brutally kills her. Many years later, the girl's father finds a magic crystal that can bring the life back to dead objects. He uses it to re-animate his daughter. He lets her seduce any young man that comes to visit the small town and then kills them. Four young students, two boys and two girls spend a vacation near the town, Hellgate. They hear about the story and get involved.",William A. Levey,91 mins   More at IMDb TMDB  Report this page,"Comedy, Horror","Ron Palillo, Abigail Wolcott, Carel Trichardt",Hellgate,1989,https://letterboxd.com/film/hellgate/
Out of the Dark,1988,A deranged killer wearing a clown mask begins preying on a group of young women working at a phone-sex company.,Michael Schroeder,89 mins   More at IMDb TMDB  Report this page,"Comedy, Thriller, Horror","Cameron Dye, Karen Black, Bud Cort",Out of the Dark,1988,https://letterboxd.com/film/out-of-the-dark/
Frightmare,1981,"Drama students decide to pay tribute to their favorite horror star by stealing his body from his crypt for a farewell party. They fail to realize their violation of the tomb has triggered powerful black magic, and Conrad hasn't taken his final bows yet.",Norman Thaddeus Vane,86 mins   More at IMDb TMDB  Report this page,"Comedy, Horror","Ferdy Mayne, Luca Bercovici, Nita Talbot",Frightmare,1981,https://letterboxd.com/film/frightmare-1981/
The Tomb,1986,An Egyptian princess rises from the dead and goes to California for the amulets she needs.,Fred Olen Ray,84 mins   More at IMDb TMDB  Report this page,"Fantasy, Horror","Cameron Mitchell, John Carradine, Sybil Danning",The Tomb,1986,https://letterboxd.com/film/the-tomb/
White Cannibal Queen,1980,A man is on safari in the jungle with his wife and daughter when the wife gets eaten and the daughter is captured by cannibals. Several years later he goes back to see if his daughter is still alive.,Jesús Franco,90 mins   More at IMDb TMDB  Report this page,"Drama, Horror","Al Cliver, Sabrina Siani, Shirley Knight",White Cannibal Queen,1980,https://letterboxd.com/film/white-cannibal-queen/
The Vineyard,1989,"Dr. Elson Po is one of the world's most famous wine growers and has a magic potion which has kept him handsome and alive for centuries. However, the magic which rejuvenates him seems to become less and less effective. As a side project, he makes movies and invites a group of young, aspiring actors to his island for a party, believing that the young, beautiful actress, Jezebel, can be his new source of life.",James Hong,95 mins   More at IMDb TMDB  Report this page,"Science Fiction, Horror","James Hong, Karen Lorre, Michael Wong",The Vineyard,1989,https://letterboxd.com/film/the-vineyard/
Teen Vamp,1989,"An unimpressive, boring high-school geek is bitten and contracts vampirical symptoms, transforming him into a confident coolio.",Samuel Bradford,90 mins   More at IMDb TMDB  Report this page,"Horror, Comedy","Karen Carlson, Clu Gulager, Angie Brown",Teen Vamp,1989,https://letterboxd.com/film/teen-vamp/
Hide and Go Shriek,1988,"A group of teenagers spend the night in a furniture shop for a graduation party. When one of them talks her boyfriend into a game of hide-and-seek, a psycho killer starts hunting them down one by one.",Skip Schoolnik,90 mins   More at IMDb TMDB  Report this page,"Horror, Thriller","George Thomas, Donna Baltron, Brittain Frye",Hide and Go Shriek,1988,https://letterboxd.com/film/hide-and-go-shriek/
The Chair,1988,"A psychologist, a psychiatrist and a prison warden open up a long-closed prison, unaware that the ghost of an electrocuted convict haunts it.",Waldemar Korzeniowsky,100 mins   More at IMDb TMDB  Report this page,"Mystery, Comedy, Horror","James Coco, Trini Alvarado, Paul Benedict",The Chair,1988,https://letterboxd.com/film/the-chair-1988/
Devil Story,1986,"After their car breaks down in the French countryside, a young couple must fend off a Nazi mutant and his gypsy mother, a mummy, and a possessed horse.",Bernard Launois,76 mins   More at IMDb TMDB  Report this page,"Horror, Fantasy","Véronique Renaud, Marcel Portier, Catherine Day",Devil Story,1986,https://letterboxd.com/film/devil-story/
Alone Against Terror,1986,"Melissa is a paralysed woman who is being taken care of by her two sisters. Their father was mysteriously killed when she was still a child. Somehow Melissa got it in her head, that her father is still able to speak to her, and wants her to punish those responsible for his death.",Jesús Franco,90 mins   More at IMDb TMDB  Report this page,Horror,"Lina Romay, Mabel Escaño, Carmen Carrión",Alone Against Terror,1986,https://letterboxd.com/film/alone-against-terror/
Entrails of a Virgin,1986,Returning from a photo shoot a crew gets lost in the fog of a mountain location. Luckily they find a remote deserted resort. Unfortunately something is stirring in the woods and it’s very angry.,Kazuo Komizu,72 mins   More at IMDb TMDB  Report this page,Horror,"Saeko Kizuki, Naomi Hagio, Megumi Kawashima",Entrails of a Virgin,1986,https://letterboxd.com/film/entrails-of-a-virgin/
Someone Is Watching You,1988,"A group of students undergoes an experiment conducted by American scientists. It consists of testing the effects of a new drug, which allows a dream generated by one person to be shared by several individuals.",Gustavo Cova,69 mins   More at IMDb TMDB  Report this page,"Fantasy, Horror, Mystery, Science Fiction","Marisa Ferrari, Horacio Erman, Ana María Pittaluga",Someone Is Watching You,1988,https://letterboxd.com/film/someone-is-watching-you/
Rocktober Blood,1984,A crazed rock singer returns from the dead to murder members of his former band.,Beverly Sebastian,88 mins   More at IMDb TMDB  Report this page,"Music, Horror","Tray Loren, Donna Scoggins, Cana Cockrell",Rocktober Blood,1984,https://letterboxd.com/film/rocktober-blood/
Alien Predators,1986,Three young friends who are on vacation in Spain and a NASA scientist must join forces to save themselves and the rest of the world from an alien menace.,Deran Sarafian,90 mins   More at IMDb TMDB  Report this page,"Drama, Horror, Science Fiction","Dennis Christopher, Martin Hewitt, Lynn-Holly Johnson",Alien Predators,1986,https://letterboxd.com/film/alien-predators/
Demonoid,1981,"A British woman visits her husband at the Mexican mine he is attempting to reopen and discovers that the workers refuse to enter the mine, fearing an ancient curse. The couple enter the mine to prove there is no danger and inadvertently release a demon which possesses people's left hands and forces them to behave in a suitably diabolical manner.",Alfredo Zacarías,80 mins   More at IMDb TMDB  Report this page,Horror,"Samantha Eggar, Stuart Whitman, Roy Jenson",Demonoid,1981,https://letterboxd.com/film/demonoid/
Elves,1989,"While conducting a pagan ritual in the woods with her friends, Kirsten inadvertently awakens the spirit of a demonic Christmas elf involved in a neo-Nazi plot to bring about the master race. After the rent-a-Santa in her department store is murdered, an unemployed, alcoholic ex-cop takes the job and the two set out to unravel the mystery.",Jeffrey Mandel,89 mins   More at IMDb TMDB  Report this page,Horror,"Dan Haggerty, Julie Austin, Deanna Lund",Elves,1989,https://letterboxd.com/film/elves/
Dogra Magra,1988,"A young man kills his bride on the day of his marriage and goes insane. He wakes up in an asylum with no memory, left in the hands of two mysterious doctors who relate his condition with his biological identity.",Toshio Matsumoto,109 mins   More at IMDb TMDB  Report this page,"Horror, Mystery, Fantasy","Yoji Matsuda, Shijaku Katsura, Hideo Murota",Dogra Magra,1988,https://letterboxd.com/film/dogra-magra/
The Vindicator,1986,"An employee of a secret company operation becomes the victim of the company's special weapons project. He is transformed into a robotic killing machine that, because of his programming must destroy anything that comes near him.",Jean-Claude Lord,93 mins   More at IMDb TMDB  Report this page,"Action, Horror, Science Fiction","David McIlwraith, Teri Austin, Richard Cox",The Vindicator,1986,https://letterboxd.com/film/the-vindicator/
The Murder Secret,1988,A family of 4 makes a long drive to Aunt Martha's house to visit her for the first time in years. Only she isn't there. Just the caretaker and his message that she will appear the next day...if they survive the night.,Mario Bianchi,88 mins   More at IMDb TMDB  Report this page,Horror,"Adriana Russo, Gabriele Tinti, Anna Maria Placido",The Murder Secret,1988,https://letterboxd.com/film/the-murder-secret/
Nightmare Sisters,1988,"Three socially awkward sorority girls invite three fraternity pledges over for a night of fun, but when the group holds a séance, the girls find themselves possessed by a shaman who transforms them into lustful, uninhibited succubi.",David DeCoteau,83 mins   More at IMDb TMDB  Report this page,"Horror, Comedy","Linnea Quigley, Brinke Stevens, Michelle Bauer",Nightmare Sisters,1988,https://letterboxd.com/film/nightmare-sisters/
The Oracle,1985,A murder victim reaches out from beyond the grave in an attempt to possess the body of a young woman who has moved into his old apartment.,Roberta Findlay,94 mins   More at IMDb TMDB  Report this page,"Mystery, Horror, Crime, Thriller","Caroline Capers Powers, Roger Neill, Pam La Testa",The Oracle,1985,https://letterboxd.com/film/the-oracle/
Pandemonium,1982,A former high school student who always wanted to be a cheerleader decides to reopen the cheerleading program at her former high school after years of closure for being targeted by a serial killer.,Alfred Sole,82 mins   More at IMDb TMDB  Report this page,"Mystery, Comedy, Horror","Carol Kane, Tom Smothers, Candice Azzara",Pandemonium,1982,https://letterboxd.com/film/pandemonium/
Nightbeast,1982,"A creature from outer space, nightbeast, crash lands in Baltimore and starts a killing spree that quickly escelates.",Don Dohler,81 mins   More at IMDb TMDB  Report this page,"Science Fiction, Horror","Tom Griffith, Jamie Zemarel, Karin Kardian",Nightbeast,1982,https://letterboxd.com/film/nightbeast/
27 Hours with the Dead,1982,A man risks experimenting with a cataleptic effects pill that seeks faking his death and then returned from the grave to take its own life insurance. But something happens and things do not go as he planned.,Jairo Pinilla,113 mins   More at IMDb TMDB  Report this page,"Drama, Horror","Júlio del Mar, Yvonne Maritza Gómez, Ana María Hurtado",27 Hours with the Dead,1982,https://letterboxd.com/film/27-hours-with-the-dead/
Door,1988,"Yasuko, a housewife, lives in an urban high-rise apartment with her husband Satoru and her son Takuto. Annoyed by spam calls and door-to-door salesmen, Yasuko slams the door on a salesman’s hand when he tries to squeeze a flyer through the apartment's chained front door. He leaves, but the next day, her nightmare starts.",Banmei Takahashi,94 mins   More at IMDb TMDB  Report this page,"Thriller, Mystery, Horror","Keiko Takahashi, Daijiro Tsutsumi, Shirō Shimomoto",Door,1988,https://letterboxd.com/film/door-1988/
Death Warmed Up,1984,A kid is hypnotized by a scientist to kill his parents and ends in a mental institution. As a grown up he returns to seek revenge over the scientist.,David Blyth,78 mins   More at IMDb TMDB  Report this page,"Science Fiction, Horror","Michael Hurst, Margaret Umbers, William Upjohn",Death Warmed Up,1984,https://letterboxd.com/film/death-warmed-up/
Deadline,1980,"A horror film about a screenwriter who loses the ability to distinguish between his fantasy world and the real world, with disastrous consequences. As he ruminates on his place in any world and loses his grip, he also loses his wife and his children's respect, and critics tear him apart. The final undoing of this screenwriter is a deadline that must be met at all costs, costs that perhaps are too great.",Mario Philip Azzopardi,90 mins   More at IMDb TMDB  Report this page,"Thriller, Drama, Horror","Stephen Young, Sharon Masters, Marvin Goldhar",Deadline,1980,https://letterboxd.com/film/deadline-1980/
Sweet Sixteen,1983,"A beautiful lonely girl named Melissa tries to make new friends from a town she's currently living in. The only problem is, each of the boys that she spends time with end up brutally murdered. Her sixteenth birthday is on the way, but Melissa turns out to be a suspect when it seems she's the last person who has seen her boyfriends alive.",Jim Sotos,90 mins   More at IMDb TMDB  Report this page,"Horror, Mystery, Crime","Bo Hopkins, Susan Strasberg, Patrick Macnee",Sweet Sixteen,1983,https://letterboxd.com/film/sweet-sixteen-1983/
Harassed,1985,"A wealthy jeweler mistreats his wife and is unfaithful to her so kills him, sets is up to where his mistress looks like she did it and prepares to inherit a fortune. Then, she starts being harassed with phone calls, sounds, and the appearance of objects that had belonged to her husband. The sexy widow is being harassed - from the grave!",Sebastià d'Arbó,90 mins   More at IMDb TMDB  Report this page,Horror,"Victoria Vera, Martín Garrido Ramis, Carlos Martos",Harassed,1985,https://letterboxd.com/film/harassed/
Revenge in the House of Usher,1983,"Upon arriving at the dilapidated estate of his mentor, Dr. Harker finds his former professor, Dr. Usher, radically changed. Instead of the reasoned scholar he once knew, a paranoid man is in his place and he's spiraling into madness.",Jesús Franco,93 mins   More at IMDb TMDB  Report this page,Horror,"Howard Vernon, Daniel White, Jean Tolzac",Revenge in the House of Usher,1983,https://letterboxd.com/film/revenge-in-the-house-of-usher/
Transylvania Twist,1989,"The nephew of a librarian must go collect a 200 year old book, ""The Book of Ulthar."" that should have never been checked out by the Evil Count Orlock cause one of the spells in it could bring about the end of the world. During his trip to the castle, he meets Marissa, a gorgeous rock star and heir to the castle's fortune. There they must confront the only other heir to the fortune and the book, Uncle Byron; and Uncle Byron and his 3 adopted nieces all have very, very, very broad smile.",Jim Wynorski,90 mins   More at IMDb TMDB  Report this page,"Fantasy, Horror, Comedy","Robert Vaughn, Teri Copley, Steve Altman",Transylvania Twist,1989,https://letterboxd.com/film/transylvania-twist/
Massacre in Dinosaur Valley,1985,"A plane crashes in the Amazon jungle, and its passengers must battle their way through cannibals, slave traders, wild animals and murderous piranha fish to safety.",Michele Massimo Tarantini,88 mins   More at IMDb TMDB  Report this page,"Action, Horror, Adventure","Michael Sopkiw, Suzane Carvalho, Milton Rodríguez",Massacre in Dinosaur Valley,1985,https://letterboxd.com/film/massacre-in-dinosaur-valley/
The Sinister Doctor Orloff,1984,The son of the infamous Dr. Orloff clashes with his father when he begins to stalk and dismember prostitutes to get parts to reanimate his dead mother.,Jesús Franco,87 mins   More at IMDb TMDB  Report this page,Horror,"Antonio Mayans, Howard Vernon, Rocío Freixas",The Sinister Doctor Orloff,1984,https://letterboxd.com/film/the-sinister-doctor-orloff/
A Stranger Is Watching,1982,A twisted man holds a TV newswoman and a girl hostage in the bowels of Grand Central Station.,Sean S. Cunningham,92 mins   More at IMDb TMDB  Report this page,"Thriller, Drama, Horror","Kate Mulgrew, Rip Torn, James Naughton",A Stranger Is Watching,1982,https://letterboxd.com/film/a-stranger-is-watching/
Blood on My Shoes,1983,Agents across the globe take turns spying on and double-crossing one another in an attempt to locate a valuable formula encrypted in the music code.,Jesús Franco,90 mins   More at IMDb TMDB  Report this page,"Thriller, Action, Comedy","Antonio Mayans, Lina Romay, Howard Vernon",Blood on My Shoes,1983,https://letterboxd.com/film/blood-on-my-shoes/
Kung Fu Zombie,1981,"A criminal comes to town in order to kill Billy Chong over a past dispute. But instead of getting his own hands dirty, he hires a Taoist wizard to animate some zombies to do the job for him. The plan goes horribly awry, and the bad guy ends up getting killed in his own trap. This pisses off the villain's spirit and he forces the priest to reincarnate him - only they can't find a suitable body. Meanwhile, an undead fiend of sorts comes to town to kill Billy's father over some other past dispute. This is where all of Billy's kung fu training comes in handy, and he manages to kill the attacker. With this, the other bad guy finally has a body to use, but the reincarnation goes wrong and the corpse is reborn as a vampire.",Hua Shan,99 mins   More at IMDb TMDB  Report this page,"Action, Horror, Comedy","Willy Dozan, Chiang Tao, Kwon Yeong-Moon",Kung Fu Zombie,1981,https://letterboxd.com/film/kung-fu-zombie/
Girls Nite Out,1982,The students of DeWitt University are preparing themselves for a night of fun and frolics in the form of an all-night scavenger hunt. Little do they know that they are in fact the ones being hunted.,Robert Deubel,96 mins   More at IMDb TMDB  Report this page,Horror,"Julia Montgomery, James Carroll, Suzanne Barnes",Girls Nite Out,1982,https://letterboxd.com/film/girls-nite-out/
It Happened at the Boarding School,1985,"Describes the internal life of a girls' school from families of strong economic position that traditionally, laziness or comfort transferred to various educational institutions responsible for the moral, intellectual, social and spiritual girls used to a life without problems, the most with terrible examples of marital relationship and behavior of their parents. Thus fall into emotional chaos, led to drugs, violence, prostitution and sexual deviations.",Emilio Vieyra,95 mins   More at IMDb TMDB  Report this page,"Drama, Thriller","María Valenzuela, Mariana Karr, Julio De Grazia",It Happened at the Boarding School,1985,https://letterboxd.com/film/it-happened-at-the-boarding-school/
Medium,1985,"Story of four people in Sopot in 1933, mysteriously brought together to an old villa to reenact a murder ritual that took place 36 years earlier.",Jacek Koprowicz,98 mins   More at IMDb TMDB  Report this page,"Horror, Thriller, Mystery","Władysław Kowalski, Michał Bajor, Jerzy Zelnik",Medium,1985,https://letterboxd.com/film/medium-1985/
Scared Stiff,1987,"Kate's a single mom rock star recovering from a nervous breakdown; David is her psychiatrist turned lover. After David buys an old Charleston mansion and Kate and her son move in with him, strange events occur including the discoveries of a secret hidden attic and the diary of the murderous slave trader who owned the home. Kate hears a piano playing by itself and sees the ghost of the slave trader who once lived there. Their relationship is strained by the bizarre events as Kate's sanity is again questioned as she insists what she's seen is real...but is it?",Richard Friedman,83 mins   More at IMDb TMDB  Report this page,Horror,"Andrew Stevens, Mary Page Keller, David Ramsey",Scared Stiff,1987,https://letterboxd.com/film/scared-stiff-1987/
The Killing of Satan,1983,"A Filipino-made horror-fantasy movie about a man who is chosen by his dead uncle to battle the forces of evil. He fights a being called ""The Prince of Magic,"" who shoots rays from his hands, makes heads spin around and hypnotizes people. He finally faces Satan himself and engages him in a battle of magic",Efren C. Piñon,90 mins   More at IMDb TMDB  Report this page,"Horror, Action","Ramon Revilla Sr., Elizabeth Oropesa, George Estregan",The Killing of Satan,1983,https://letterboxd.com/film/the-killing-of-satan/
