Título,Año,Sinopsis,Director(es),Duración,Géneros,Reparto principal,Nombre original,Año original,Enlace
King Kong,1933,"Adventurous filmmaker Carl Denham sets out to produce a motion picture unlike anything the world has seen before. Alongside his leading lady Ann Darrow and his first mate Jack Driscoll, they arrive on an island and discover a legendary creature said to be neither beast nor man. Denham captures the monster to be displayed on Broadway as King Kong, the eighth wonder of the world.","Merian C. Cooper, Ernest B. Schoedsack",100 mins,"Adventure, Fantasy, Horror","Robert Armstrong, Fay Wray, Bruce Cabot",King Kong,1933,https://letterboxd.com/film/king-kong/
The Lost World,1925,The first film adaptation of Sir Arthur Conan Doyle's classic novel about a land where prehistoric creatures still roam.,Harry O. Hoyt,104 mins,"Drama, Thriller, Science Fiction, Adventure, Fantasy, Romance, Horror","Bessie Love, Lewis Stone, Wallace Beery",The Lost World,1925,https://letterboxd.com/film/the-lost-world/
King Klunk,1933,"Pooch the Pup takes his girlfriend and an anthropomorphic camera to the jungle in search of the giant ape, King Klunk. They arrive just as the Hot-Cha tribe is offering one of their own girls to the ape as a sacrifice. King Klunk tries to bite down on her head, but even his enormous fangs can't make a dent in her hard skull. His attention turns to Pete the Pup's girl, whom he snatches up in his huge hand. The ape doesn't know what to make of her until Cupid hits him with an arrow. Suddenly, King Klunk is in love. He even battles a dinosaur to prevent her from getting devoured. During the fight, Pooch takes the opportunity to rescue her. After winning his battle, the ape takes after the fleeing pair, but they defeat him by cracking a giant egg over his head. Soon, Pooch and his girl are exhibiting the giant ape in a big-city theater. Mischievous Cupid reappears to reignite the ape's passion for the girl.",Walter Lantz,9 mins,"Comedy, Animation",,King Klunk,1933,https://letterboxd.com/film/king-klunk/
Japanese King Kong,1933,A silent 3-reel comedy short that uses the 1933 film King Kong as a backdrop to the story. It was produced by Shochiku Studios (who released the original 1933 film in Japan on behalf of RKO). It is now considered to be a lost film.,Torajirō Saitō,30 mins,"Horror, Comedy","Yasuko Koizumi, Takeshi Sakamoto, Kotarô Sekiguchi",Japanese King Kong,1933,https://letterboxd.com/film/japanese-king-kong/
The Son of Kong,1933,Beleaguered adventurer Carl Denham returns to the island where he found King Kong.,Ernest B. Schoedsack,70 mins,"Action, Adventure, Thriller, Science Fiction, Family, Horror","Robert Armstrong, Helen Mack, Frank Reicher",The Son of Kong,1933,https://letterboxd.com/film/the-son-of-kong/
The Great Buddha Arrival,1934,"The Great Buddha Arrival, also known as The Great Buddha Arrival: Chukyo Edition, is a lost 1934 independently made Japanese black-and-white kaiju film directed by Yoshiro Edamasa.",Yoshiro Edamasa,75 mins,Fantasy,"Hidemichi Ishikawa, Kazuyo Kojima, Tankai Soganoya",The Great Buddha Arrival,1934,https://letterboxd.com/film/the-great-buddha-arrival-1934/
Unknown Island,1948,Adventure-seeker Ted Osborne has convinced his finacee Carole to finance his expedition to an uncharted South Pacific island supposedly populated with dinosaurs...,Jack Bernhard,75 mins,"Science Fiction, Horror, Adventure","Virginia Grey, Phillip Reed, Richard Denning",Unknown Island,1948,https://letterboxd.com/film/unknown-island/
The King Kong That Appeared in Edo,1938,"A lost film considered one of Japan's first Tokusatsu films. The effects were done by Fuminori Ohashi, who claims to have been a modeling consultant for Godzilla 1954 (this claim is disputed by modeler Eizo Kaimai and art staff member Shinji Hiruma). The film's synopsis published in the March 1938 issue of Kinema Junpo indicates that the ""Kong"" featured in this film was not actually a giant monster.",Sôya Kumagai,50 mins,"Horror, Adventure, Action","Eizaburo Matsumoto, Fuminori Ōhashi, Reizaburo Ichikawa",The King Kong That Appeared in Edo,1938,https://letterboxd.com/film/the-king-kong-that-appeared-in-edo/
Mighty Joe Young,1949,"A young woman, Jill Young, grew up on her father's ranch in Africa, raising a large gorilla named Joe from an infant. Years later, she brings him to Hollywood to become a star.",Ernest B. Schoedsack,94 mins,"Action, Adventure, Drama, Fantasy","Terry Moore, Ben Johnson, Robert Armstrong",Mighty Joe Young,1949,https://letterboxd.com/film/mighty-joe-young/
Two Lost Worlds,1951,Shipwreck survivors land on an uncharted island inhabited by prehistoric beasts.,Norman Dawn,61 mins,"Science Fiction, Romance, Action, Adventure","James Arness, Kasey Rogers, Gloria Petroff",Two Lost Worlds,1951,https://letterboxd.com/film/two-lost-worlds/
Lost Continent,1951,"When an experimental atomic rocket crashes somewhere off-radar, its three developing scientists are joined by three Air Force men in tracking it down to a small Pacific island, where it apparently has landed on the plateau of the island's steep-walled, taboo mountain.",Sam Newfield,83 mins,"Adventure, Science Fiction","Cesar Romero, John Hoyt, Hugh Beaumont",Lost Continent,1951,https://letterboxd.com/film/lost-continent/
"The Beast from 20,000 Fathoms",1953,The controlled explosion of an atomic bomb in the Arctic Circle awakens a frozen dinosaur that will wreak havoc in New York City.,Eugène Lourié,80 mins,"Horror, Drama, Science Fiction","Paul Hubschmid, Paula Raymond, Cecil Kellaway","The Beast from 20,000 Fathoms",1953,https://letterboxd.com/film/the-beast-from-20000-fathoms/
Monster from the Ocean Floor,1954,"Julie, an American on vacation in Mexico, spots a giant, one-eyed amoeba rising from the ocean, but when she tries to tell the authorities, no one believes her. She finally teams up with a marine biologist in an attempt to destroy it.",Wyott Ordung,64 mins,"Horror, Science Fiction","Anne Kimbell, Stuart Wade, Dick Pinner",Monster from the Ocean Floor,1954,https://letterboxd.com/film/monster-from-the-ocean-floor/
Godzilla,1954,"Japan is thrown into a panic after several ships are sunk near Odo Island. An expedition to the island led by Dr. Kyohei Yamane soon discover something far more devastating than imagined in the form of a 50 meter tall monster whom the natives call Gojira. Now the monster begins a rampage that threatens to destroy not only Japan, but the rest of the world as well.",Ishirō Honda,96 mins,"Horror, Thriller, Science Fiction","Akira Takarada, Momoko Kôchi, Akihiko Hirata",Godzilla,1954,https://letterboxd.com/film/godzilla/
Them!,1954,"As a result of nuclear testing, gigantic, ferocious mutant ants appear in the American desert southwest, and a father-daughter team of entomologists join forces with the state police officer who first discovers their existence, an FBI agent and, eventually, the US Army to eradicate the menace, before it spreads across the continent — and the world.",Gordon Douglas,94 mins,"Horror, Science Fiction","James Whitmore, James Arness, Joan Weldon",Them!,1954,https://letterboxd.com/film/them/
It Came from Beneath the Sea,1955,"A giant octopus, whose feeding habits have been affected by radiation from H-Bomb tests, rises from the Mindanao Deep to terrorize the California Coast.",Robert Gordon,79 mins,"Adventure, Horror, Science Fiction","Kenneth Tobey, Faith Domergue, Donald Curtis",It Came from Beneath the Sea,1955,https://letterboxd.com/film/it-came-from-beneath-the-sea/
Godzilla Raids Again,1955,"Two fishing scout pilots make a horrifying discovery when they encounter a second Godzilla alongside a new monster named Anguirus. Without the weapon that killed the original, authorities attempt to lure Godzilla away from the mainland. But Anguirus soon arrives and the two monsters make their way towards Osaka as Japan braces for tragedy.",Motoyoshi Oda,82 mins,"Horror, Science Fiction, Action","Hiroshi Koizumi, Setsuko Wakayama, Minoru Chiaki",Godzilla Raids Again,1955,https://letterboxd.com/film/godzilla-raids-again/
King Dinosaur,1955,"In 1960, four American scientists travel to a planet that has just entered Earth's solar system to see if it's able to support an Earth colony. They find an oxygen atmosphere, a lush earth-like forest, and earth-like animals living around a potable fresh-water lake.",Bert I. Gordon,63 mins,"Horror, Adventure, Science Fiction","William Bryant, Patti Gallagher, Douglas Henderson",King Dinosaur,1955,https://letterboxd.com/film/king-dinosaur/
Beast Man Snow Man,1955,Three competing parties all race against time to track down an elusive creature known only as the Snowman.,Ishirō Honda,94 mins,"Science Fiction, Adventure, Horror","Akira Takarada, Akemi Negishi, Momoko Kôchi",Beast Man Snow Man,1955,https://letterboxd.com/film/beast-man-snow-man/
"The Phantom from 10,000 Leagues",1955,"A marine biologist and a government agent investigate mysterious deaths and rumors of a sea monster in a secluded ocean cove, and find themselves involved with a marine biology professor conducting secretive experiments, international spies trying to steal his secrets, a radioactive light on the sea bottom, and the malevolent thing which guards it.",Dan Milner,80 mins,"Science Fiction, Horror","Kent Taylor, Cathy Downs, Michael Whalen","The Phantom from 10,000 Leagues",1955,https://letterboxd.com/film/the-phantom-from-10000-leagues/
Tarantula,1955,"A rogue scientist near a small desert town arouses the suspicion of the town's doctor when his lab assistant is found dead from a case of acromegaly, which took only four days to develop. As the doctor investigates, aided by the scientist's new female assistant, they discover that something is devouring local cattle and humans in increasingly large quantities.",Jack Arnold,80 mins,"Science Fiction, Horror","John Agar, Mara Corday, Leo G. Carroll",Tarantula,1955,https://letterboxd.com/film/tarantula/
"Godzilla, King of the Monsters!",1956,"During an assignment, foreign correspondent Steve Martin spends a layover in Tokyo and is caught amid the rampage of an unstoppable prehistoric monster the Japanese call 'Godzilla'. The only hope for both Japan and the world lies on a secret weapon, which may prove more destructive than the monster itself.","Terry O. Morse, Ishirō Honda",81 mins,"Science Fiction, Horror","Raymond Burr, Takashi Shimura, Momoko Kôchi","Godzilla, King of the Monsters!",1956,https://letterboxd.com/film/godzilla-king-of-the-monsters/
The Beast of Hollow Mountain,1956,An American cowboy living in Mexico discovers his cattle is being eaten by a giant prehistoric dinosaur.,"Ismael Rodríguez, Edward Nassour",81 mins,"Science Fiction, Horror, Western","Guy Madison, Patricia Medina, Carlos Rivas",The Beast of Hollow Mountain,1956,https://letterboxd.com/film/the-beast-of-hollow-mountain/
Warning from Space,1956,"Large star-shaped aliens travel to earth in hopes of warning them about an oncoming catastrophe. To prevent panic about their appearance, one alien takes the form of a popular singer.",Kōji Shima,87 mins,"Science Fiction, Horror","Keizō Kawasaki, Toyomi Karita, Jutarō Hōjō",Warning from Space,1956,https://letterboxd.com/film/warning-from-space/
Rodan,1956,"Mining engineer Shigeru investigates the disappearance and death of his fellow coworkers when prehistoric nymphs are discovered emerging from the mines. After an attack on the local village, Shigeru heads deeper into the mines only to make a more horrifying discovery in the form a prehistoric flying creature. Soon a second monster appears as the two converge in Fukuoka.",Ishirō Honda,72 mins,"Science Fiction, Horror","Kenji Sahara, Yumi Shirakawa, Akihiko Hirata",Rodan,1956,https://letterboxd.com/film/rodan/
Rodan,1956,"Mining engineer Shigeru investigates the disappearance and death of his fellow coworkers when prehistoric nymphs are discovered emerging from the mines. After an attack on the local village, Shigeru heads deeper into the mines only to make a more horrifying discovery in the form a prehistoric flying creature. Soon a second monster appears as the two converge in Fukuoka.",Ishirō Honda,72 mins,"Science Fiction, Horror","Kenji Sahara, Yumi Shirakawa, Akihiko Hirata",Rodan,1956,https://letterboxd.com/film/rodan/
Attack of the Crab Monsters,1957,"A group of scientists travel to a remote island to study the effects of nuclear weapons tests, only to get stranded when their airplane mysteriously explodes. The team soon discovers that the tests have given rise to crabs mutated into intelligent, impervious, telepathic giants intent on increasing their numbers by breeding, then travelling to populated areas to feed, and which do not intend to be stopped by their discoverers.",Roger Corman,63 mins,"Science Fiction, Horror","Richard Garland, Pamela Duncan, Russell Johnson",Attack of the Crab Monsters,1957,https://letterboxd.com/film/attack-of-the-crab-monsters/
Kronos,1957,"Scientists investigate a huge meteor that crashes into the ocean off Mexico, and encounter a skyscraper-tall, mobile machine which is designed to syphon energy from earth, including any energy directed at it in an effort to destroy it.",Kurt Neumann,78 mins,Science Fiction,"Jeff Morrow, Barbara Lawrence, George O'Hanlon",Kronos,1957,https://letterboxd.com/film/kronos/
"Godzilla, the Monster of the Pacific Ocean",1957,Obscure French version of the original Godzilla. The film combines elements of the original Toho version and the American King of the Monsters! in a unique assemblage exclusive to the Francophone market. Released by Les Films du Verseau.,"Ishirō Honda, Terry O. Morse",92 mins,"Science Fiction, Horror","Raymond Burr, Toyoaki Suzuki, Frank Iwanaga","Godzilla, the Monster of the Pacific Ocean",1957,https://letterboxd.com/film/godzilla-the-monster-of-the-pacific-ocean/
The Deadly Mantis,1957,"When a melting iceberg releases a prehistoric giant praying mantis, a palaeontologist works alongside the military to kill it after it attacks scientific outposts on its way to Washington and New York.",Nathan Juran,79 mins,"Science Fiction, Horror","Craig Stevens, William Hopper, Alix Talton",The Deadly Mantis,1957,https://letterboxd.com/film/the-deadly-mantis/
Monster from Green Hell,1957,"A test rocket carrying wasps to outer space, to study the effects on them of weightlessness and radiations, crashes out of control back to Earth, into the jungles of Africa. The two astrobiologists in charge of the test mount an expedition to the Darkest Continent to retrieve their experiment, only to find the wasps have grown to giant size which are panicking all forms of life as they quest for food.",Kenneth G. Crane,71 mins,"Science Fiction, Horror","Jim Davis, Robert Griffin, Joel Fluellen",Monster from Green Hell,1957,https://letterboxd.com/film/monster-from-green-hell/
Half Human: The Story of the Abominable Snowman,1957,"An American scientist tells two colleagues about the finding of an abominable snowman living in the Japanese alps, where it is worshipped by a remote tribe as a god, and how it was discovered by modern man after it raided a skiers shelter following an avalanche, killing all inside. This is an adaptation of the Japanese film ""Jūjin Yuki Otoko"" (1955) with added American-made footage, narration, and music.","Kenneth G. Crane, Ishirō Honda",63 mins,"Horror, Science Fiction","John Carradine, Momoko Kôchi, Akira Takarada",Half Human: The Story of the Abominable Snowman,1957,https://letterboxd.com/film/half-human-the-story-of-the-abominable-snowman/
20 Million Miles to Earth,1957,"When the first manned flight to Venus returns to Earth, the rocket crash-lands in the Mediterranean near a small Italian fishing village. The locals manage to save Colonel Robert Calder, the mission commander. A young boy also recovers what turns out to be a specimen of an alien creature. Growing at a fantastic rate, it manages to escape and eventually threatens the city of Rome.",Nathan Juran,82 mins,"Horror, Science Fiction","William Hopper, Joan Taylor, Frank Puglia",20 Million Miles to Earth,1957,https://letterboxd.com/film/20-million-miles-to-earth/
The Giant Claw,1957,Global panic ensues when it is revealed that a mysterious UFO is actually a giant turkey-like bird that flies at supersonic speed and has no regard for life or architecture.,Fred F. Sears,74 mins,"Horror, Science Fiction","Jeff Morrow, Mara Corday, Morris Ankrum",The Giant Claw,1957,https://letterboxd.com/film/the-giant-claw/
The Monster That Challenged the World,1957,Giants Mollusks are released from the earth by an earthquake and start killing people.,Arnold Laven,84 mins,"Science Fiction, Horror","Tim Holt, Audrey Dalton, Hans Conried",The Monster That Challenged the World,1957,https://letterboxd.com/film/the-monster-that-challenged-the-world/
Beginning of the End,1957,"An attractive reporter investigating the mysterious destruction of an Illinois town stumbles upon a secret government laboratory conducting radiation experiments on vegetables. The lead scientist is eager to help find out what happened. Together they discover that giant grasshoppers are behind the devastation. Worse yet, thousands of them are headed toward Chicago! Can they be stopped... or is this the BEGINNING OF THE END?",Bert I. Gordon,73 mins,"Science Fiction, Horror","Peter Graves, Peggie Castle, Morris Ankrum",Beginning of the End,1957,https://letterboxd.com/film/beginning-of-the-end/
The Cyclops,1957,"A test pilot is missing and a search party is sent out in the jungles of Mexico; however, while searching they uncover a monster in the jungle who became this way due to a dose of radioactivity.",Bert I. Gordon,66 mins,"Science Fiction, Horror","James Craig, Gloria Talbott, Lon Chaney Jr.",The Cyclops,1957,https://letterboxd.com/film/the-cyclops/
The Black Scorpion,1957,Volcanic activity frees giant scorpions from the earth who wreak havoc in the rural countryside and eventually threaten Mexico City.,Edward Ludwig,88 mins,"Science Fiction, Horror","Richard Denning, Mara Corday, Carlos Rivas",The Black Scorpion,1957,https://letterboxd.com/film/the-black-scorpion/
The Amazing Colossal Man,1957,"Lt. Col. Glenn Manning is inadvertently exposed to a plutonium bomb blast and although he sustains burns over 90% of his body, he survives. Then he begins to grow, but as he grows he starts losing his mind. By the time he stops he is 50 ft tall, insane and is on the rampage.",Bert I. Gordon,80 mins,"Adventure, Thriller, Science Fiction","Glenn Langan, Cathy Downs, William Hudson",The Amazing Colossal Man,1957,https://letterboxd.com/film/the-amazing-colossal-man/
The Monolith Monsters,1957,Rocks from a meteor which grow when in contact with water threaten a sleepy Southwestern desert community.,John Sherwood,77 mins,"Horror, Science Fiction","Grant Williams, Lola Albright, Les Tremayne",The Monolith Monsters,1957,https://letterboxd.com/film/the-monolith-monsters/
Rodan! The Flying Monster,1957,"A mining engineer investigates the deaths of his colleagues, discovering prehistoric nymphs and a creature capable of flying - and wreaking havoc - at supersonic speeds.",Ishirō Honda,72 mins,"Horror, Science Fiction","Keye Luke, Aya Oyama, George Takei",Rodan! The Flying Monster,1957,https://letterboxd.com/film/rodan-the-flying-monster/
Tokyo 1960,1960,"A Filipino re-edit of the original Godzilla. Appears to have been edited in a similar fashion to the American King of the Monsters!, with the use of Filipino actors. No footage of this version has ever surfaced.","Teodorico C. Santos, Ishirō Honda",,"Science Fiction, Action, Horror","Tessie Quintana, Eddie Del Mar, Zaldy Zshornack",Tokyo 1960,1957,https://letterboxd.com/film/tokyo-1960/
The Mysterians,1957,"In Japan, scientifically advanced invaders from the war-destroyed planet Mysteroid cause an entire village to vanish, then send a giant robot out to storm the city by night, after which they request a small patch of land on Earth and the right to marry earthling women, claiming to be pacifists. Mankind must decide whether to capitulate or to resist.",Ishirō Honda,89 mins,"Action, Science Fiction, Drama, Thriller, War","Kenji Sahara, Yumi Shirakawa, Akihiko Hirata",The Mysterians,1957,https://letterboxd.com/film/the-mysterians/
Attack of the 50 Foot Woman,1958,"When an abused wife grows to giant size because of an alien encounter and an aborted murder attempt, she goes after her cheating husband with revenge on her mind.",Nathan Juran,66 mins,"Drama, Horror, Science Fiction","Allison Hayes, William Hudson, Yvette Vickers",Attack of the 50 Foot Woman,1958,https://letterboxd.com/film/attack-of-the-50-foot-woman/
War of the Colossal Beast,1958,"Glenn Manning, ""The Amazing Colossal Man,"" believed dead after falling from the Hoover Dam, reemerges in rural Mexico, brain damaged, disfigured, and very angry.",Bert I. Gordon,69 mins,"Science Fiction, Horror","Sally Fraser, Roger Pace, Duncan 'Dean' Parkin",War of the Colossal Beast,1958,https://letterboxd.com/film/war-of-the-colossal-beast/
The H-Man,1958,"When a narcotics deal goes sour and a suspect disappears, leaving only his clothes, Tokyo police question his wife and stake out the nightclub where she works.",Ishirō Honda,87 mins,"Science Fiction, Horror","Akihiko Hirata, Kenji Sahara, Yumi Shirakawa",The H-Man,1958,https://letterboxd.com/film/the-h-man/
Earth vs. the Spider,1958,"Teenagers from a small town and their high school science teacher join forces to battle a giant mutant spider, living in a cave nearby and getting hungry.",Bert I. Gordon,73 mins,"Horror, Science Fiction","Ed Kemmer, June Kenney, Eugene Persson",Earth vs. the Spider,1958,https://letterboxd.com/film/earth-vs-the-spider/
Varan,1958,"When a rare species of butterfly is found in a mysterious valley in Japan, a pair of entomologists go to investigate and find more. They discover Varan, a giant monster, who decides to leave the valley and head straight for Tokyo.",Ishirō Honda,87 mins,"Science Fiction, Horror","Kōzō Nomura, Ayumi Sonoda, Koreya Senda",Varan,1958,https://letterboxd.com/film/varan/
The Blob,1958,"A drive-in favorite, this sci-fi classic follows teenagers Steve and his best girl, Jane, as they try to protect their hometown from a gelatinous alien life form that engulfs everything it touches. The first to discover the substance and live to tell about it, Steve and Jane witness the blob destroying an elderly man, then it growing to a terrifying size. But no one else has seen the goo, and policeman Dave refuses to believe the kids without proof.",Irvin S. Yeaworth Jr.,82 mins,"Science Fiction, Horror","Steve McQueen, Aneta Corsaut, Earl Rowe",The Blob,1958,https://letterboxd.com/film/the-blob/
I Was a Teenage Apeman,1959,"This is about a mad scientist, Doctor Macabre who creates a teenage ape man through the by transplanting of a teenager's brain into that of an ape.",Donald F. Glut,3 mins,,,I Was a Teenage Apeman,1959,https://letterboxd.com/film/i-was-a-teenage-apeman/
The Giant Behemoth,1959,Marine atomic tests cause changes in the ocean's ecosystem resulting in dangerous blobs of radiation and the resurrection of a dormant dinosaur which threatens London.,Eugène Lourié,80 mins,"Horror, Science Fiction","Gene Evans, André Morell, Leigh Madison",The Giant Behemoth,1959,https://letterboxd.com/film/the-giant-behemoth/
Moonlight Mask: The Monster Gorilla,1959,Fourth Moonlight Mask theatrical film.,Satoru Ainoda,60 mins,"Action, Adventure, Drama","Fumitake Ōmura, Michiko Shirakawa, Yaeko Wakamizu",Moonlight Mask: The Monster Gorilla,1959,https://letterboxd.com/film/moonlight-mask-the-monster-gorilla/
"Gigantis, the Fire Monster",1959,A prehistoric monster called Gigantis emerges alongside another creature named Angurus.,"Hugo Grimaldi, Motoyoshi Oda",78 mins,"Horror, Science Fiction, Adventure, Action","Hiroshi Koizumi, Setsuko Wakayama, Minoru Chiaki","Gigantis, the Fire Monster",1959,https://letterboxd.com/film/gigantis-the-fire-monster/
The Giant Gila Monster,1959,"A small town in Texas finds itself under attack from a hungry, fifty-foot-long gila monster. No longer content to forage in the desert, the giant lizard begins chomping on motorists and train passengers before descending upon the town itself. Only Chase Winstead, a quick-thinking mechanic, can save the town from being wiped out.",Ray Kellogg,74 mins,"Horror, Science Fiction","Don Sullivan, Fred Graham, Lisa Simone",The Giant Gila Monster,1959,https://letterboxd.com/film/the-giant-gila-monster/
The Three Treasures,1959,"The legend of the birth of Shintoism. In Fourth Century Japan, the Emperor's son Ouso expects to succeed his father on the throne, but Otomo, the Emperor's vassal, prefers Ouso's stepbrother, and conspires to have Ouso die on a dangerous mission he has contrived. But Ouso prevails in the mission and returns to his father's castle under a new name, Prince Yamato Takeru. Otomo plots to have the Prince sent into even greater danger, but Otomo is unaware that the gods have favored the Prince and the outcome is far from what any of them expected.",Hiroshi Inagaki,182 mins,"Action, Drama, Fantasy","Toshirō Mifune, Takashi Shimura, Setsuko Hara",The Three Treasures,1959,https://letterboxd.com/film/the-three-treasures/
Battle in Outer Space,1959,"In 1965, the space station JSS-3 is destroyed by a fleet of UFOs, which then begin a global siege on Earth, using rays to manipulate gravity and control the minds of men. In response, a global council meeting is held to determine the source of the attacks and prepare a rocket ship armada for a counter-attack, a true battle in outer space. . . The film is a sequel of sorts to Toho's THE MYSTERIANS in the reprise of the Etsuko Shiraishi character of that film as its heroine. It was edited to 74 minutes for its American release.","Ishirō Honda, Ishirô Honda",90 mins,"Action, Science Fiction","Koreya Senda, Ryō Ikebe, Kyōko Anzai",Battle in Outer Space,1959,https://letterboxd.com/film/battle-in-outer-space/
Reptilicus,1961,"A portion of the tail of a prehistoric reptile is discovered in Denmark. It regenerates into the entire reptile, which proceeds to destroy buildings and property and generally make a nuisance of itself. It can fly, swim, and walk, and has impenetrable scales, which makes it difficult to kill.","Poul Bang, Sidney W. Pink",92 mins,"Horror, Science Fiction","Bent Mejding, Asbjørn Andersen, Ann Smyrner",Reptilicus,1961,https://letterboxd.com/film/reptilicus/
Gorgo,1961,"When an underwater volcanic eruption tears up the sea bed off the coast of Ireland, two treasure hunters make the discovery of a lifetime when they encounter a gigantic prehistoric monster that’s been unleashed from the earth’s crust. After capturing the beast, the pair transport the creature down to London where it’s given the name of “Gorgo” and put on display to an avid public. Little do they realize that Gorgo is just an infant, and that his exponentially larger mother is about to emerge from the depths to avenge the capture of her offspring.",Eugène Lourié,78 mins,"Action, Horror, Science Fiction","Bill Travers, William Sylvester, Vincent Winter",Gorgo,1961,https://letterboxd.com/film/gorgo/
Mothra,1961,"Shipwreck survivors found on the presumably uninhabited Infant Island leads to a scientific expedition that discovers a surviving native population along with the Shobijin, tiny twin fairy priestesses of the island's mythical deity called Mothra. After the fairies are kidnapped by an exploitative businessman named Clark Nelson, Mothra sets out to rescue them.",Ishirō Honda,101 mins,"Adventure, Fantasy, Science Fiction","Frankie Sakai, Hiroshi Koizumi, Kyōko Kagawa",Mothra,1961,https://letterboxd.com/film/mothra/
Gorath,1962,"In 1976, a drifting star named Gorath is discovered to be on a collision course with Earth. Although it is smaller than Earth, its enormous mass is enough to destroy the planet totally. A mission sent to observe Gorath is destroyed after the ship is drawn into the star, with a later mission barely escaping the same fate. However, Astronaut Tatsuma Kanai is left in a catatonic state due to his near death experience. Unable to destroy the invading star, Earth's scientists undertake a desperate plan to build giant rockets at the South Pole to move the planet out of Gorath's path before it is too late.",Ishirō Honda,88 mins,"Thriller, Science Fiction, Action","Ryō Ikebe, Yumi Shirakawa, Akira Kubo",Gorath,1962,https://letterboxd.com/film/gorath/
King Kong vs. Godzilla,1962,"The advertising director of Pacific Pharmaceuticals, frustrated with the low ratings of their sponsored TV program, seeks a more sensationalist approach. He orders his staff to Faro Island to capture King Kong for exploitation. As Godzilla re-emerges, a media frenzy generates with Pacific looking to capitalize off of the ultimate battle.",Ishirō Honda,97 mins,"Action, Science Fiction, Fantasy","Tadao Takashima, Kenji Sahara, Yū Fujiki",King Kong vs. Godzilla,1962,https://letterboxd.com/film/king-kong-vs-godzilla/
Konga,1961,"Dr. Decker returns from Africa after a year, presumed dead. In that year, he discovered a way of growing plants and animals to an enormous size. He brings back a baby chimpanzee to test out his theory. As he has many enemies at home, he decides to use his chimp, 'Konga', to 'get rid of them'. Then Konga grows to gigantic proportions and wreaks havoc all over London!",John Lemont,90 mins,"Science Fiction, Horror","Michael Gough, Margo Johns, Jess Conrad",Konga,1961,https://letterboxd.com/film/konga/
The Iron-Eating Monster,1962,"During the later years of Goryeo Dynasty (918-1392), a talented martial artist is murdered. His resentment makes him born again as Bulgasari, a monster that grinds and eats up iron. The monster takes his revenge on the traitors responsible for his death.",Kim Myeong-je,110 mins,"Horror, Fantasy","Choi Mu-ryong, Um Aing-ran, Gang Mi-ae",The Iron-Eating Monster,1962,https://letterboxd.com/film/the-iron-eating-monster/
King Kong vs. Godzilla,1963,"When an underhanded pharmaceutical company goes to a remote tropical island to steal King Kong for advertising purposes, they get more than they bargained for when the gigantic ape attacks an unsuspecting village and an enormous octopus.","Thomas Montgomery, Ishirō Honda",96 mins,"Adventure, Action, Science Fiction, Comedy, Fantasy","Michael Keith, Harry Holcombe, James Yagi",King Kong vs. Godzilla,1963,https://letterboxd.com/film/king-kong-vs-godzilla-1963/
Varan the Unbelievable,1962,"In an effort to find an economic means of purifying salt water, a joint U.S.-Japanese military command is set up on an isolated Japanese island where an unusual salt water lake is situated. However, their purifying experiments arouse the prehistoric monster Obaki from hibernation at the lake's bottom, and it proceeds to attack Japan. Although made by a U.S. independent film company, this film was based on a Japanese Toho monster film of 1958, ""Daikaiju Varan"", from which all of the monster effects scenes and a few incidental dramatic shots were edited into it.","Jerry A. Baerwitz, Ishirō Honda",70 mins,"Science Fiction, Horror","Myron Healey, Tsuruko Kobayashi, Clifford Kawada",Varan the Unbelievable,1962,https://letterboxd.com/film/varan-the-unbelievable/
Matango,1963,Five vacationers and two crewmen become stranded on a tropical island near the equator. The island has little edible food for them to use as they try to live in a fungus covered hulk while repairing Kessei's yacht. Eventually they struggle over the food rations which were left behind by the former crew. Soon they discover something unfriendly there...,Ishirō Honda,89 mins,"Drama, Horror, Science Fiction, Thriller, Fantasy, Mystery","Akira Kubo, Kumi Mizuno, Hiroshi Koizumi",Matango,1963,https://letterboxd.com/film/matango/
Atragon,1963,"The legendary empire of the lost continent of Mu reappears to threaten the world with domination. While countries unite to resist, an isolated World War II Captain has created the greatest warship ever seen, and possibly the surface world's only defense.",Ishirō Honda,96 mins,"Science Fiction, Fantasy, Action, Adventure","Tadao Takashima, Yōko Fujiyama, Yū Fujiki",Atragon,1963,https://letterboxd.com/film/atragon/
The Flesh Eaters,1964,"An alcoholic actress, her personal assistant, and their pilot are downed on a secluded isle by bad weather, where a renegade Nazi scientist is using ocean life to develop a solvent for human flesh. The tiny flesh-eating sea critters that result certainly give our heroes a run for their money - and lives.",Jack Curtis,87 mins,"Science Fiction, Horror","Martin Kosleck, Byron Sanders, Barbara Wilkin",The Flesh Eaters,1964,https://letterboxd.com/film/the-flesh-eaters/
Dogora,1964,A floating amorphous life-form descends from the atmosphere to consume carbon in the form of diamonds.,Ishirō Honda,83 mins,"Horror, Crime, Science Fiction","Robert Dunham, Yōsuke Natsuki, Yōko Fujiyama",Dogora,1964,https://letterboxd.com/film/dogora/
Mothra vs. Godzilla,1964,"Journalists Ichiro Sakai and Junko cover the wreckage of a typhoon when an enormous egg is found and claimed by greedy entrepreneurs. Mothra's fairies arrive and are aided by the journalists in a plea for its return. As their requests are denied, Godzilla arises near Nagoya and the people of Infant Island must decide if they are willing to answer Japan's own pleas for help.",Ishirō Honda,89 mins,"Science Fiction, Action, Drama","Akira Takarada, Yuriko Hoshi, Hiroshi Koizumi",Mothra vs. Godzilla,1964,https://letterboxd.com/film/mothra-vs-godzilla/
Frankenstein Conquers the World,1965,"During WWII, Germans obtain the immortal heart of Frankenstein's monster and transport it to Japan to prevent it being seized by the Allies. Kept in a Hiroshima laboratory, it is seeming lost when the United States destroys the city with the atomic bomb. Years later a wild boy is discovered wandering the streets of the city alone, born of the immortal heart.",Ishirō Honda,90 mins,"Horror, Science Fiction","Tadao Takashima, Nick Adams, Kumi Mizuno",Frankenstein Conquers the World,1965,https://letterboxd.com/film/frankenstein-conquers-the-world/
"Ghidorah, the Three-Headed Monster",1964,"After a meteorite unleashes a three-headed beast upon Tokyo, Mothra tries to unite with Godzilla and Rodan to battle the extraterrestrial threat.",Ishirō Honda,92 mins,"Action, Science Fiction, Fantasy","Yōsuke Natsuki, Yuriko Hoshi, Hiroshi Koizumi","Ghidorah, the Three-Headed Monster",1964,https://letterboxd.com/film/ghidorah-the-three-headed-monster/
"Gamera, the Giant Monster",1965,"A nuclear explosion in the far north unleashes Gamera, the legendary flying turtle, from his sleep under the ice. In his search for energy, Gamera wreaks havoc over the entire world, and it's up to the scientists, assisted by a young boy with a strange sympathic link to the monster, to put a stop to Gamera's rampage.",Noriaki Yuasa,79 mins,"Horror, Action, Science Fiction","Eiji Funakoshi, Junichiro Yamashita, Michiko Sugata","Gamera, the Giant Monster",1965,https://letterboxd.com/film/gamera-the-giant-monster/
Invasion of Astro-Monster,1965,"Astronauts Glenn and Fuji investigate Planet X and encounter mysterious aliens known as the Xiliens, who ask Earth's people to help save their world from ""Monster Zero"". In exchange for borrowing Godzilla and Rodan, the Xiliens offer a cure for cancer. As Glenn investigates, he develops a romance with Miss Namikawa and uncovers the Xilien's true intentions.",Ishirō Honda,96 mins,"Action, Science Fiction","Akira Takarada, Nick Adams, Kumi Mizuno",Invasion of Astro-Monster,1965,https://letterboxd.com/film/invasion-of-astro-monster/
Ultra Q,1966,"As supernatural events and monster attacks rock Japan, the military and government look to be overwhelmed. Three intrepid young investigators—two pilots and a reporter—take it upon themselves to study these unexplained phenomena in order to inform and protect the public.","Hajime Tsuburaya, Koji Kajita, Masaji Nonagase, Harunosuke Nakagawa, Toshihiro Iijima, Kazuho Mitsuta",700 mins,Mystery,"Kenji Sahara, Yasuhiko Saijō, Hiroko Sakurai",Ultra Q,1966,https://letterboxd.com/film/ultra-q/
Gogola,1966,"""An enraged Gogola charges into the city wreaking vengeance by destroying many public lives, buildings and properties…"" Pressbook synopsis. A Bollywood clone of Godzilla. While not being the only monster movie to come from India or Bollywood, it is the most recognizable despite being currently lost.",Balwant Dave,133 mins,"Science Fiction, Horror","Azaad Irani, Nayampally, Polson",Gogola,1966,https://letterboxd.com/film/gogola/
The Magic Serpent,1966,"In ancient Japan, a good lord is killed and his throne is taken by the trecherous Yuki Daijo and the evil wizard Orochi-Maru. The lords young son Ikazuki-maru is rescued from the jaws of death by a magic bird sent by a wizard. Fourteen years later, Prince Ikazuki-maru embarks on an adventure to avenge his parents with his newfound magic powers.",Tetsuya Yamanouchi,94 mins,"Action, Fantasy","Hiroki Matsukata, Tomoko Ogawa, Ryutaro Otomo",The Magic Serpent,1966,https://letterboxd.com/film/the-magic-serpent/
Daimajin,1966,A giant stone statue comes to life to protect the residents of a small town against the depradations of an evil warlord.,Kimiyoshi Yasuda,84 mins,"Fantasy, Horror, Drama","Miwa Takada, Yoshihiko Aoyama, Jun Fujimaki",Daimajin,1966,https://letterboxd.com/film/daimajin/
The Birth of Ultraman,1966,"In this recorded stage debut of the original Ultraman, self-proclaimed world's number one kaiju tamer, Eiji Tsuburaya introduces Ultraman, the Science Special Search Party (SSSP), and various kaiju.",Akio Jissoji,26 mins,Science Fiction,"Susumu Kurobe, Akiji Kobayashi, Hiroko Sakurai",The Birth of Ultraman,1966,https://letterboxd.com/film/the-birth-of-ultraman/
Gamera vs. Barugon,1966,"Gamera escapes from his rocket enclosure and makes his way back to Earth as a giant opal from New Guinea is brought back to Japan. The opal is discovered to have been an egg that births a new monster called Barugon. The creature attacks the city of Osaka by emitting a destructive rainbow ray from his back, along with a freezing spray capable of incapacitating Gamera.",Shigeo Tanaka,106 mins,"Science Fiction, Action, Fantasy","Kōjirō Hongō, Kyōko Enami, Yūzō Hayakawa",Gamera vs. Barugon,1966,https://letterboxd.com/film/gamera-vs-barugon/
Ultraman,1966,"Hayata is a member of the Science Patrol, an organization tasked with investigating bizarre anomalies. He is mortally wounded when accidently encountering an alien being from Land of Light, who grants Hayata new life as the two are merged into one. Now, whenever a threat arises that is too great for the Science Patrol to handle, Hayata activates the beta capsule and becomes the hero known as Ultraman.","Hajime Tsuburaya, Toshihiro Iijima, Masaji Nonagase, Kazuho Mitsuta, Akio Jissoji, Yuzo Higuchi, Toshitsugu Suzuki",975 mins,Mystery,"Susumu Kurobe, Akiji Kobayashi, Sandayuu Dokumamushi",Ultraman,1966,https://letterboxd.com/film/ultraman-1966/
Return of Daimajin,1966,"The tyrannical Lord Danjo Mikoshiba covets the rich, fertile lands surrounding Lake Yakumo. During a memorial ceremony for the late Chigusa lord, Mikoshiba launches an attack, overthrowing the honorable Lord Juro. Just when all seems lost, Daimajin rises from Lake Yakumo to settle a score of his own.",Kenji Misumi,79 mins,"Horror, Fantasy, Drama","Kōjirō Hongō, Shiho Fujimura, Taro Marui",Return of Daimajin,1966,https://letterboxd.com/film/return-of-daimajin/
The War of the Gargantuas,1966,"Gaira, a humanoid sea beast spawned from the discarded cells of Frankenstein's monster, attacks the shores of Tokyo. While the Japanese military prepares to take action, Gaira's Gargantua brother, Sanda, descends from the mountains to defend his kin. A battle between good and evil ensues, leaving brothers divided and a city in ruins.",Ishirō Honda,88 mins,"Science Fiction, Horror, Action","Kenji Sahara, Kumi Mizuno, Russ Tamblyn",The War of the Gargantuas,1966,https://letterboxd.com/film/the-war-of-the-gargantuas/
Wrath of Daimajin,1966,"In a mountainous region of Japan, Lord Arakawa kidnaps the men of nearby villages to use as slave labor, producing gunpowder from his sulfur pits. A band of young boys decide to rescue their enslaved fathers on their own.",Kazuo Mori,87 mins,"Horror, Adventure, Fantasy","Hideki Ninomiya, Chikara Hashimoto, Shinji Hori",Wrath of Daimajin,1966,https://letterboxd.com/film/wrath-of-daimajin-1966/
Gammera the Invincible,1966,"An atomic explosion awakens Gammera, a giant fire breathing turtle monster from his millions of years of hibernation.","Sandy Howard, Noriaki Yuasa",86 mins,"Science Fiction, Horror, Action","Albert Dekker, Brian Donlevy, Diane Findlay",Gammera the Invincible,1966,https://letterboxd.com/film/gammera-the-invincible/
Gamera vs. Gyaos,1967,"Unusual volcanic activity in Japan awakens Gyaos, a bloodthirsty flying monster with the power to slice things in half with an ultrasonic ray. While scientists and the military scramble to devise a way to stop this new threat, a young boy forms an alliance with Gamera; a monster no one else seems to trust.",Noriaki Yuasa,86 mins,"Action, Science Fiction, Adventure, Horror","Kōjirō Hongō, Kichijirō Ueda, Reiko Kasahara",Gamera vs. Gyaos,1967,https://letterboxd.com/film/gamera-vs-gyaos/
"Ebirah, Horror of the Deep",1966,"Searching for his brother, Ryota stows away on a boat belonging to a criminal alongside two other teenagers. The group shipwrecks on Letchi island and discover the Infant Island natives have been enslaved by a terrorist organization controlling a crustacean monster. Finding a sleeping Godzilla, they decide to awaken him to defeat the terrorists and liberate the natives.",Jun Fukuda,87 mins,"Science Fiction, Action, Fantasy","Akira Takarada, Kumi Mizuno, Akihiko Hirata","Ebirah, Horror of the Deep",1966,https://letterboxd.com/film/ebirah-horror-of-the-deep/
The X from Outer Space,1967,"The spaceship AAB-Gamma is dispatched from FAFC headquarters in Japan to make a landing on the planet Mars and investigate reports of UFOs in the area. As they near the red planet, they encounter a mysterious UFO that coats the ship's hull with unusual spores. Taking one of the specimens back to earth, it soon develops and grows into a giant chicken-lizard-alien monster that tramples Japan.",Kazui Nihonmatsu,89 mins,"Horror, Science Fiction","Shunya Wazaki, Itoko Harada, Shinichi Yanagisawa",The X from Outer Space,1967,https://letterboxd.com/film/the-x-from-outer-space/
"Gappa, the Triphibian Monster",1967,"An expedition in the South Pacific lands on a tropical island where the natives worship the mysterious deity Gappa. An earthquake opens up an underground cavern and a baby reptile is discovered inside. The natives warn the foreigners to leave the hatching alone, but they don't listen and take it back to a zoo in Japan. Soon after, moma and papa Gappa start smashing Tokyo looking for their kidnapped child.",Haruyasu Noguchi,84 mins,"Science Fiction, Action, Horror","Tamio Kawachi, Yōko Yamamoto, Yuji Okada","Gappa, the Triphibian Monster",1967,https://letterboxd.com/film/gappa-the-triphibian-monster/
The Space Giants,1967,"The monster Rodak has been conquering planets throughout the universe. He sees Earth and wants it, as it is the best he has ever seen. Goldar & Silvar are sent from another planet to protect Earth from Rodak. This series follows Rodak's attempts to take over the earth and destroy Goldar.",,81 mins,Science Fiction,,The Space Giants,1967,https://letterboxd.com/film/the-space-giants/
Space Monster Wangmagwi,1967,A space creature named Wangmagwi lands on Earth in a flying saucer with plans to dominate the planet. Koreans of every corner of the world battle against the colossal invader as it wreaks havoc across the land.,Kwon Hyeok-Jin,82 mins,"Science Fiction, Horror","Namkoong Won, Kim Hea-kyung, Jeon Sang-cheol",Space Monster Wangmagwi,1967,https://letterboxd.com/film/space-monster-wangmagwi/
King Kong Escapes,1967,"An adaptation of the Rankin/Bass cartoon, ""The King Kong Show"". King Kong is brought in by the evil Dr. Who to dig for Element X in a mine when the robot Mechani-Kong is unable to do the task. This leads to the machine and the real Kong engaging in a tremendous battle atop Tokyo Tower.",Ishirō Honda,104 mins,"Action, Science Fiction, Horror, Fantasy","Akira Takarada, Mie Hama, Rhodes Reason",King Kong Escapes,1967,https://letterboxd.com/film/king-kong-escapes/
Ultraman: Monster Movie Feature,1967,"The film consists of re-edited material from the original television series Ultraman. Episodes 1, 8, 26, and 27 were used for the film. They were narrated by Hikari Urano as an ""Ultraman Documentary"". Allegedly only one new scene was shot, and that some parts of the movie where shot in black and white for unknown reasons. The movie screened at the same time as the Toho movie King Kong Escapes.",Hajime Tsuburaya,79 mins,"Action, Adventure, Science Fiction","Akiji Kobayashi, Susumu Kurobe, Hiroko Sakurai",Ultraman: Monster Movie Feature,1967,https://letterboxd.com/film/ultraman-monster-movie-feature/
"Yongary, Monster from the Deep",1967,"Earthquakes in central Korea turn out to be the work of Yongary, a prehistoric gasoline-eating reptile that soon goes on a rampage through Seoul.",Kim Kee-duk,79 mins,"Science Fiction, Horror","Oh Yeong-il, Nam Jeong-im, Lee Soon-jae","Yongary, Monster from the Deep",1967,https://letterboxd.com/film/yongary-monster-from-the-deep/
Ultraseven,1967,"In the not-too-distant future, the Earth finds itself constantly under attack from extraterrestrial threats. The Terrestrial Defense Force establishes the Ultra Garrison, a team of six elite members who utilize high-tech vehicles and weaponry. Joining their fight is the mysterious Dan Moroboshi, secretly an alien from the Land of Light in Nebula M-78, who transforms into his true form in times of crisis, Ultraseven.","Hajime Tsuburaya, Masaji Nonagase, Kazuho Mitsuta, Toshitsugu Suzuki, Akio Jissoji, Toshihiro Iijima, Tatsumi Andō",225 mins,Family,"Kohji Moritsugu, Shoji Nakayama, Sandayuu Dokumamushi",Ultraseven,1967,https://letterboxd.com/film/ultraseven/
Phantom Monster Agon,1968,"A re-edit of the 1968 Agon miniseries created by screenwriter Shinichi Sekizawa, who wrote the majority of the original Showa Godzilla films. It was released by Toho Video in the 1980's and on DVD in 2005.","Norio Mine, Fuminori Ōhashi",96 mins,"Science Fiction, Fantasy","Shinji Hirota, Asao Matsumoto, Yasuhiko Shima",Phantom Monster Agon,1968,https://letterboxd.com/film/phantom-monster-agon/
Son of Godzilla,1967,Reporter Goro Maki stumbles upon scientists conducting weather experiments on Sollgel Island in the South Seas. He discovers the island is inhabited by giant mantis and a woman named Saeko who's been cast away since the death of her father. The pair soon find a helpless infant monster that Godzilla must adopt and learn to raise as one of his own.,Jun Fukuda,86 mins,"Adventure, Science Fiction, Fantasy","Tadao Takashima, Bibari Maeda, Akira Kubo",Son of Godzilla,1967,https://letterboxd.com/film/son-of-godzilla/
Gamera vs. Viras,1968,"As alien invaders plot to conquer the Earth, two Boy Scouts steal a mini-submarine and discover Gamera in their midst. Transported to the alien's spaceship, the Scouts are menaced by the evil inhabitants, including Viras, a squid-like monster that grows to colossal size to battle Gamera.",Noriaki Yuasa,81 mins,"Action, Family, Science Fiction, Adventure","Kōjirō Hongō, Tôru Takatsuka, Carl Craig",Gamera vs. Viras,1968,https://letterboxd.com/film/gamera-vs-viras/
Destroy All Monsters,1968,"At the turn of the century, all of the Earth's monsters have been rounded up and kept safely on Monsterland. Chaos erupts when a race of she-aliens known as the Kilaaks unleash the monsters across the world.",Ishirō Honda,89 mins,"Science Fiction, Action","Akira Kubo, Jun Tazaki, Yukiko Kobayashi",Destroy All Monsters,1968,https://letterboxd.com/film/destroy-all-monsters/
Gamera vs. Guiron,1969,"Two young boys sneak aboard a spaceship and find themselves whisked away to the mysterious planet Terra. There, they encounter Gamera's old foe Gyaos and two female aliens with a taste for human brains. Gamera must save the children and battle the new monster Guiron, whose entire body is a deadly living weapon.",Noriaki Yuasa,82 mins,"Action, Adventure, Science Fiction, Family","Nobuhiro Kajima, Christopher Murphy, Miyuki Akiyama",Gamera vs. Guiron,1969,https://letterboxd.com/film/gamera-vs-guiron/
Bambi Meets Godzilla,1969,"A deer, disillusioned by the consumerism that defines his life. A lizard, ostracized from society, forever wandering. A chance meeting in the middle of a field. Who will survive? And who will transcend existence? Preserved by the Academy Film Archive in 2009.",Marv Newland,2 mins,"Comedy, Animation",,Bambi Meets Godzilla,1969,https://letterboxd.com/film/bambi-meets-godzilla/
The Mighty Gorga,1969,A circus owner and a hunter's daughter go into an African jungle in order to capture a giant gorilla named Gorga just so that he can be used as an attraction for the former's circus.,David L. Hewitt,84 mins,"Adventure, Fantasy, Horror","Anthony Eisley, Scott Brady, Kent Taylor",The Mighty Gorga,1969,https://letterboxd.com/film/the-mighty-gorga/
All Monsters Attack,1969,"Ichiro Miki is a child living in the industrial district of Kawasaki, where his parents' constant struggle to make ends meet often leaves the schoolboy alone. Constantly teased by a bully nicknamed Gabara, his only friends are toy consultant Shinpei and fellow classmate Sachiko. Ichiro turns to escapist dreams of Monster Island where he befriends the equally bullied Minilla.",Ishirō Honda,70 mins,"Science Fiction, Fantasy","Kenji Sahara, Machiko Naka, Tomonori Yazaki",All Monsters Attack,1969,https://letterboxd.com/film/all-monsters-attack/
Latitude Zero,1969,"A massive underwater volcano erupts and puts a group of investigative scientists in danger. They are rescued by an atomic super submarine named The Alpha under the command of Captain McKenzie. The group is quickly taken to a vast underwater city known as Latitude Zero, a fantastic, Atlantean type utopia, a world beneath the ocean with its own sun. It is soon discovered that Captain McKenzie is at war with the evil Dr. Malic, a cruel scientist who wishes to rule mankind all the while conducting genetic experiments on humans and animals. Malic sends his agents to kidnap Dr. Okada, a human scientist who has created a serum that can immunize exposure to radiation.",Ishirō Honda,105 mins,"Adventure, Action, Science Fiction","Joseph Cotten, Cesar Romero, Akira Takarada",Latitude Zero,1969,https://letterboxd.com/film/latitude-zero/
Gamera vs. Jiger,1970,"When a giant stone statue on Wester Island is disturbed, the legendary monster Jiger appears and heads for Japan. Gamera tries to stop this new rival, only to be injured when Jiger lays eggs inside of him. As two boys in a submarine go on a dangerous quest inside of Gamera's body to save him, Jiger threatens the Expo '70 world's fair in Osaka.",Noriaki Yuasa,83 mins,"Family, Action, Science Fiction, Adventure, Fantasy","Tsutomu Takakuwa, Kelly Varis, Katherine Murphy",Gamera vs. Jiger,1970,https://letterboxd.com/film/gamera-vs-jiger/
Space Amoeba,1970,"When a space probe crash-lands on a far-flung Pacific atoll, the craft's alien stowaways decide to take over their new world one creature at a time. Soon, the parasitic life forms latch onto three indigenous critters -- a squid, a crab and a snapping turtle -- and transform them into colossal mutant monsters.",Ishirō Honda,84 mins,"Adventure, Horror, Science Fiction","Akira Kubo, Atsuko Takahashi, Yukiko Kobayashi",Space Amoeba,1970,https://letterboxd.com/film/space-amoeba/
Gamera vs. Zigra,1971,A moon base is destroyed by a spaceship from Zigra which is looking to take over the planet earth to use its oceans for its ocean-dwelling denizens. Gamera must once again come to the aid of the human race while all of Japan roots him on.,Noriaki Yuasa,87 mins,"Family, Action, Science Fiction, Adventure","Eiko Yanami, Reiko Kasahara, Mikiko Tsubouchi",Gamera vs. Zigra,1971,https://letterboxd.com/film/gamera-vs-zigra/
Devil Fighter,1970,,Pan Lei,,Fantasy,"Ko Pa, Yee Hung, Chin Shih",Devil Fighter,1970,https://letterboxd.com/film/devil-fighter/
Octaman,1971,"A scientific team in Mexico discover a pool of unusual baby ""octopus-like"" specimens. Gathering a few for analysis back at the lab, it is soon discovered that the critters belong to a gangly six-foot half man/half octopus-like creature, that's pretty angry and wants her 'babies' returned…",Harry Essex,76 mins,"Science Fiction, Horror","Pier Angeli, Kerwin Mathews, Jeff Morrow",Octaman,1971,https://letterboxd.com/film/octaman/
Godzilla vs. Hedorah,1971,"An ever evolving alien life-form arrives on a comet from the Dark Gaseous Nebula and proceeds to consume pollution. Spewing mists of sulfuric acid and corrosive sludge, neither humanity nor Godzilla may be able to defeat this toxic menace.",Yoshimitsu Banno,85 mins,"Action, Science Fiction, Horror","Akira Yamanouchi, Hiroyuki Kawase, Toshie Kimura",Godzilla vs. Hedorah,1971,https://letterboxd.com/film/godzilla-vs-hedorah/
Godzilla vs. Gigan,1972,"Manga artist Gengo Odaka lands a job with the World Children's Land amusement park only to become suspicious of the organization when a garbled message is discovered on tapes. As Gengo and his team investigate, Godzilla and Anguirus quickly decipher the message and begin their own plan of action.",Jun Fukuda,89 mins,"Action, Adventure, Science Fiction","Hiroshi Ishikawa, Tomoko Umeda, Yuriko Hishimi",Godzilla vs. Gigan,1972,https://letterboxd.com/film/godzilla-vs-gigan/
Mirrorman,1972,A theatrical release of the 1st episode of Mirrorman as part of the 1972 Spring Toho Champion Festival.,Ishirō Honda,25 mins,"Fantasy, Science Fiction","Nobuyuki Ishida, Yōko Ichiji",Mirrorman,1972,https://letterboxd.com/film/mirrorman-1972/
Return of Ultraman: Terror of the Waterspout Monsters,1971,"A theatrical release of The Return of Ultraman episodes 13-14. It was released on December 12, 1971 as part of the Toho Champion Festival along with Godzilla, Mothra, King Ghidorah: Earth's Greatest Battle (edited from Ghidorah, the Three-Headed Monster) and shorter versions of The Adventures of Hutch the Honeybee, and The Little Match Girl.",Yoshiharu Tomita,48 mins,"Family, Fantasy, Adventure, Science Fiction","Jiro Dan, Nobuo Tsukamoto, Shunsuke Ikeda",Return of Ultraman: Terror of the Waterspout Monsters,1971,https://letterboxd.com/film/return-of-ultraman-terror-of-the-waterspout-monsters/
Mirrorman: Dinosaur Aroza Rises from the Dead,1972,Theatrical compilation film of episodes from the Mirror Man series released as part of the Toho Champion Festival.,Toshitsugu Suzuki,24 mins,"Fantasy, Science Fiction","Nobuyuki Ishida, Yōko Ichiji",Mirrorman: Dinosaur Aroza Rises from the Dead,1972,https://letterboxd.com/film/mirrorman-dinosaur-aroza-rises-from-the-dead/
Return of Ultraman: Jiro Rides a Monster,1972,"A theatrical release of Return of Ultraman episode 29 as part of the Spring Toho Champion Festival along with other films like Godzilla vs. Gigan, The Adventures of Hutch the Honeybee, Mirrorman, and Mock the Oak Tree.",Yoshiharu Tomita,25 mins,,"Jiro Dan, Shunsuke Ikeda, Ken Nishida",Return of Ultraman: Jiro Rides a Monster,1972,https://letterboxd.com/film/return-of-ultraman-jiro-rides-a-monster/
Daigoro vs. Goliath,1972,"An inventor and his family try to raise funds to feed a giant monster named Daigoro so that he doesn't shrink. Meanwhile, a meteor lands into the sea bringing with it another giant monster named Goliath. Will Daigoro be able to stop Goliath?",Toshihiro Iijima,85 mins,"Action, Fantasy, Family","Akiji Kobayashi, Shinsuke Minami, Kazuya Kosaka",Daigoro vs. Goliath,1972,https://letterboxd.com/film/daigoro-vs-goliath/
Godzilla vs. Megalon,1973,"Inventor Goro Ibuki creates a humanoid robot named Jet Jaguar. It is soon seized by an undersea race of people called the Seatopians. Using Jet Jaguar as a guide, the Seatopians send Megalon as vengeance for the nuclear tests that have devastated their society.",Jun Fukuda,78 mins,"Adventure, Action, Science Fiction","Katsuhiko Sasaki, Yutaka Hayashi, Hiroyuki Kawase",Godzilla vs. Megalon,1973,https://letterboxd.com/film/godzilla-vs-megalon/
Godzilla vs. Mechagodzilla,1974,"An Okinawan prophecy that foretells the destruction of the Earth is seeming fulfilled when Godzilla emerges to return to his destructive roots. But not all is what it seems after Godzilla breaks his ally Anguirus's jaw. Matters are further complicated when a second Godzilla emerges, revealing the doppelgänger as a mechanical weapon.",Jun Fukuda,84 mins,"Action, Science Fiction, Adventure","Masaaki Daimon, Kazuya Aoyama, Reiko Tajima",Godzilla vs. Mechagodzilla,1974,https://letterboxd.com/film/godzilla-vs-mechagodzilla/
Yak Wat Jaeng Meets Jumborg Ace,1974,"When aliens steal the Suriyatras diamond and combine it with the power of the sun to make a beam that can destroy the Earth, a robot and an ancient god must join forces and fight the alien invaders to get the diamond back. This film was the first collaboration between Tsuburaya Productions of Japan and Chaiyo Productions of Thailand and is based on the final episodes of the Jumborg Ace TV series","Sompote Sands, Shohei Tôjô",98 mins,"Science Fiction, Action, Fantasy","Chaiya Suriyun, Aranya Namwong, Sanit Kaewadee",Yak Wat Jaeng Meets Jumborg Ace,1974,https://letterboxd.com/film/yak-wat-jaeng-meets-jumborg-ace/
Tah Tien,1973,"Tah Tien is ostensibly a retelling of an old Thai folk tale about a battle between two giants, Yak Wat Jaeng and Yak Wat Pho.",Sompote Sands,103 mins,"Horror, Fantasy, Comedy","Sombat Metanee, Supak Likitkul, Sompong Pongmit",Tah Tien,1973,https://letterboxd.com/film/tah-tien/
The Land That Time Forgot,1974,"During World War I, a German U-boat sinks a British passenger ship and takes the survivors aboard. After getting lost in fog, the submarine surfaces near the unknown island of Caprona, a lost world where they find dinosaurs and Neanderthals.",Kevin Connor,90 mins,"Science Fiction, Adventure, Action","Doug McClure, John McEnery, Susan Penhaligon",The Land That Time Forgot,1974,https://letterboxd.com/film/the-land-that-time-forgot/
Terror of Mechagodzilla,1975,"A submarine expedition to salvage the remains of Mechagodzilla is thwarted by a massive dinosaur named Titanosaurus. An Interpol investigation leads biologist Ichinose to uncover the work of Dr. Mafune and his mysterious daughter Katsura. Aligned with the Black Hole Aliens, Katsura's life becomes entwined with the resurrected machine.",Ishirō Honda,83 mins,"Science Fiction, Drama, Action","Katsuhiko Sasaki, Tomoko Ai, Akihiko Hirata",Terror of Mechagodzilla,1975,https://letterboxd.com/film/terror-of-mechagodzilla/
Hanuman and the Seven Ultramen,1974,"After a valiant Thai boy is brutally murdered by a gang of archeological looters, his soul is joined with the Hindu god Hanuman, who teams up with Ultraman and his brethren against familiar Ultra-foes unleashed by a weather control experiment gone awry, in this influential Thai-Japanese co-production.","Sompote Sands, Shohei Tôjô",103 mins,"Action, Fantasy, Science Fiction","Sanit Kaewadee, Ouab Somchat, Yodchai Meksuwan",Hanuman and the Seven Ultramen,1974,https://letterboxd.com/film/hanuman-and-the-seven-ultramen/
The Super Inframan,1975,"The surface of the Earth is under attack, thousands of people are killed in this unprovoked attacked. The cause, Princess Dragonmon and her army of monsters have decided to invade. Princess Dragonmon is an alien whose race has been hiding under us for centuries waiting to attack at the time is right. A doctor has been preparing for something like this and turns his assistant Rayma into the cyborg hero known as Inframan. Now only Inframan stands between the Earth and Princess Dragonmon but when a close friend is captured and brainwashed, can she be stopped with this inside man feeding her info?",Hua Shan,90 mins,"Adventure, Action, Science Fiction","Danny Lee Sau-Yin, Wang Hsieh, Terry Lau Wai-Yue",The Super Inframan,1975,https://letterboxd.com/film/the-super-inframan/
The Giant Spider Invasion,1975,"A black hole hits North Wisconsin and opens a door to other dimensions. Giant 15 meter spiders emerge from it, who have an appetite for human flesh! Two NASA scientists try to save the world.",Bill Rebane,79 mins,"Science Fiction, Horror","Steve Brodie, Barbara Hale, Robert Easton",The Giant Spider Invasion,1975,https://letterboxd.com/film/the-giant-spider-invasion/
The Super Rider V3,1975,"The leader of Satan Organization creates a new syndicate, Desmoron, which sees the total destruction of the world with General Scorpion in charge. Chen Ying-Jie, a man who saw one of their victims, is hunted down by the syndicate and after his parents are killed and himself badly wounded, the Super Riders save him by transforming him into their newest member, Super Rider V3. Now a superman, Chen now seeks revenge on Desmoron with the fate of the world on the balance.","Lin Chong-Guang, Minoru Yamada",91 mins,"Action, Science Fiction","Woo Gwan, Sung I-Fang, Wen Chiang-Lung",The Super Rider V3,1975,https://letterboxd.com/film/the-super-rider-v3/
Grizzly,1976,"An eighteen-foot grizzly bear figures out that humans make for a tasty treat. As a park ranger tries rallying his men to bring about the bear's capture or destruction, his efforts are thwarted by the introduction of dozens of drunken hunters into the area.",William Girdler,91 mins,"Horror, Adventure, Thriller","Christopher George, Andrew Prine, Richard Jaeckel",Grizzly,1976,https://letterboxd.com/film/grizzly/
The Food of the Gods,1976,"Morgan and his friends are on a hunting trip on a remote Canadian island when they are attacked by a swarm of giant wasps. Looking for help, Morgan stumbles across a barn inhabited by an enormous killer chicken. After doing some exploring, they discover the entire island is crawling with animals that have somehow grown to giant size. The most dangerous of all of these, however, are the rats, who are mobilizing to do battle with the human intruders.",Bert I. Gordon,88 mins,"Science Fiction, Horror","Marjoe Gortner, Pamela Franklin, Ralph Meeker",The Food of the Gods,1976,https://letterboxd.com/film/the-food-of-the-gods/
A*P*E,1976,A newly discovered 36-foot gorilla escapes from a freighter off the coast of Korea. At the same time an American actress is filming a movie in the country. Chaos ensues as the ape kidnaps her and rampages through Seoul.,Paul Leder,87 mins,"Science Fiction, Horror, Adventure","Alex Nicol, Joanna Kerns, Lee Nak-hoon",A*P*E,1976,https://letterboxd.com/film/ape/
King Kong,1976,An oil company expedition disturbs the peace of a giant ape and brings him back to New York to exploit him.,John Guillermin,134 mins,"Horror, Adventure","Jeff Bridges, Jessica Lange, Charles Grodin",King Kong,1976,https://letterboxd.com/film/king-kong-1976/
Queen Kong,1976,"A female film crew journeys to Africa where a giant ape, Queen Kong, falls in love with the crew's male star.",Frank Agrama,87 mins,"Adventure, Comedy","Robin Askwith, Rula Lenska, Valerie Leon",Queen Kong,1976,https://letterboxd.com/film/queen-kong/
The Last Dinosaur,1977,"Wealthy big game hunter (Boone), along with his group, gets trapped in pre-historic times where they are stalked by a ferocious dinosaur.","Alexander Grasshoff, Tsugunobu Kotani",106 mins,"Science Fiction, Adventure, TV Movie","Richard Boone, Joan Van Ark, Steven Keats",The Last Dinosaur,1977,https://letterboxd.com/film/the-last-dinosaur/
Tentacles,1977,"Several people disappear from and at the sea. Their bodies are found gnawed to the skeleton, even the marrow is missing. The scientists have no idea which animal could do such things. Dr. Turner begins to suspect that the company which builds a tunnel beneath the bay might have poisoned the environment and caused an octopus to mutate to giant dimensions...",Ovidio G. Assonitis,102 mins,"Science Fiction, Action, Adventure, Horror","John Huston, Shelley Winters, Bo Hopkins",Tentacles,1977,https://letterboxd.com/film/tentacles/
Godzilla,1977,"A re-edited Italian-language dubbed version of the original Godzilla, using as a basis the U.S. version, ""Godzilla, King of the Monsters!"" (1956), plus WWII newsreel footage and clips from other science fiction films. The re-edited film was then colorized via a process called ""Spectrorama 70"" consisting of applying various colored gels to the black and white footage. The film's opening and ending also features new music composed by musicians Fabio Frizzi, Franco Bixio, and Vince Tempera (under the pseudonym Magnetic System).","Luigi Cozzi, Ishirō Honda, Terry O. Morse",96 mins,"Science Fiction, Horror","Raymond Burr, Akira Takarada, Akihiko Hirata",Godzilla,1977,https://letterboxd.com/film/godzilla-1977/
Legend of Dinosaurs and Monster Birds,1977,A Japanese geologist discovers that dinosaurs still exist in caves beneath the surface of a volcanic lake.,Junji Kurata,92 mins,"Science Fiction, Horror","Tsunehiko Watase, Shōtarō Hayashi, Yōko Koizumi",Legend of Dinosaurs and Monster Birds,1977,https://letterboxd.com/film/legend-of-dinosaurs-and-monster-birds/
Empire of the Ants,1977,"A Florida real estate developer and her captain lure investors to a property in the Everglades called Dreamland Shores, under false pretenses that the swampland will soon be developed. After the group arrives on a small island, they find it has been overrun by giant mutated ants, brought on by the dumping of toxic waste in the area.",Bert I. Gordon,89 mins,"Science Fiction, Horror","Joan Collins, Robert Lansing, John David Carson",Empire of the Ants,1977,https://letterboxd.com/film/empire-of-the-ants/
Costinha e o King Mong,1977,"A band of criminals attempt to capture King Mong, a giant gorilla who lives in the jungle, where a tribe worships him as a god. The criminals offer Costinha, the king of the jungle, as a gift to please the god. A mess ensues and all of the inhabitants of the jungle end up in a Brazilian circus. A parody of the 1976 King Kong remake.",Alcino Diniz,85 mins,Comedy,"Costinha, Ferrugem, Wilza Carla",Costinha e o King Mong,1977,https://letterboxd.com/film/costinha-e-o-king-mong/
The Mighty Peking Man,1977,"Word of a monster ape ten stories tall living in the Himalayas reaches fortune hunters in Hong Kong. They travel to India to capture it, but wild animals and quicksand dissuade all but Johnny, an adventurer with a broken heart. He finds the monster and discovers it's been raising a scantily-clad woman, Samantha, since she survived a plane crash years before that killed her parents. In the idyllic jungle, Johnny and Samantha fall in love. Then Johnny asks her to convince ""Utam"" to go to Hong Kong. Lu Tien, an unscrupulous promoter, takes over: Utam is in chains for freak show exhibitions. When Lu Tien assaults Samantha, Utam's protective instincts take over: havoc in Hong Kong.",Ho Meng-Hua,90 mins,"Fantasy, Action, Horror, Adventure","Evelyne Kraft, Danny Lee Sau-Yin, Ku Feng",The Mighty Peking Man,1977,https://letterboxd.com/film/the-mighty-peking-man/
Yeti: The Giant of the 20th Century,1977,Professor Wassermann is asked by industry magnate Morgan Hunnicut to lead an expedition to study the giant Yeti creature found frozen in a large ice block on Newfoundland's coast. The professor does not know that Hunnicut intends to use the prehistoric creature as a trademark of its multinational industrial group. A very big mistake.,Gianfranco Parolini,96 mins,"Science Fiction, Adventure, Mystery, Crime, Fantasy","Antonella Interlenghi, Mimmo Crao, Jim Sullivan",Yeti: The Giant of the 20th Century,1977,https://letterboxd.com/film/yeti-the-giant-of-the-20th-century/
Akio Jissoji's Ultraman,1979,Akio Jissoji's Ultraman is a 1979 Japanese tokusatsu kaiju film directed by Akio Jissoji. It is a compilation film made up of scenes from Jissoji's episodes of the original Ultraman TV series.,Akio Jissoji,102 mins,"Science Fiction, Action, Adventure","Akiji Kobayashi, Susumu Kurobe, Sandayuu Dokumamushi",Akio Jissoji's Ultraman,1979,https://letterboxd.com/film/akio-jissojis-ultraman/
The Bermuda Depths,1978,Scientists pursuing the mysteries of the deep are threatened by a beautiful girl who seems to have returned from the dead and by a prehistoric sea creature that dwells in the deadly Bermuda Triangle.,Tsugunobu Kotani,97 mins,"Fantasy, Science Fiction, Adventure, TV Movie, Thriller","Leigh McCloskey, Carl Weathers, Connie Sellecca",The Bermuda Depths,1978,https://letterboxd.com/film/the-bermuda-depths/
Up from the Depths,1979,The staff and vacationers at a first-class resort on the island of Maui are beginning to mysteriously disappear. A biologist believes that an underwater earthquake has caused a giant and very hungry dormant prehistoric fish to be released from its slumber. The fish voraciously helps itself to a tourist buffet. Now it is open season for the local fishermen to find and kill the creature.,Charles B. Griffith,85 mins,Horror,"Sam Bottoms, Susanne Reed, Virgil Frye",Up from the Depths,1979,https://letterboxd.com/film/up-from-the-depths/
Ultraman: Great Monster Decisive Battle,1979,"A 1979 Japanese tokusatsu kaiju film produced by Tsuburaya Productions, consisting of re-edited material from the original television series Ultraman. Ultraman: The Great Decisive Battle was the 1st movie of the third Showa phase (Jissouji's Ultraman being first and Ultra Brothers vs. The Monster Army being second) and because of this Tsuburaya decided to make this a reunion of the last 12 Ultras (aside from Ultraman 80 which hadn't come out yet). Tsuburaya decided to give this a different tone than Jissouji's Ultraman, having more new scenes and appealing to the all-Ultra fan.","Noriko Shishikura, Hajime Tsuburaya, Toshihiro Iijima",100 mins,"Action, Adventure, Science Fiction","Susumu Kurobe, Akiji Kobayashi, Hiroko Sakurai",Ultraman: Great Monster Decisive Battle,1979,https://letterboxd.com/film/ultraman-great-monster-decisive-battle/
Attack of the Galactic Monsters,1983,"A bizarre edited movie that contains footage from the Japanese sci-fi film ""War in Space"" and Godzilla scenes from the TV series ""Zone Fighter."" Reported to be made for Hawaiian TV.",Jun Fukuda,55 mins,Science Fiction,"Toru Kawai, Kensaku Morita, Yuko Asano",Attack of the Galactic Monsters,1983,https://letterboxd.com/film/attack-of-the-galactic-monsters/
Gamera Super Monster,1980,"As a massive alien craft heads to Earth to do evil, three good and powerful superwomen befriend a young boy who has a special connection to Gamera. The alien Zanon launches a battery of familiar foes against Gamera, who might have to give the ultimate sacrifice to defeat the alien invader.",Noriaki Yuasa,92 mins,"Action, Family, Science Fiction","Mach Fumiake, Yaeko Kojima, Yoko Komatsu",Gamera Super Monster,1980,https://letterboxd.com/film/gamera-super-monster/
The Ivory Ape,1980,"An ivory ape escapes from a freighter and makes its way to Bermuda. Two anthropologists want to save it, but the local authorities hire a big-game hunter to track it down and kill it.",Tsugunobu Kotani,104 mins,"TV Movie, Adventure, Action, Drama","Jack Palance, Steven Keats, Cindy Pickett",The Ivory Ape,1980,https://letterboxd.com/film/the-ivory-ape/
The Loch Ness Horror,1982,Hunters set out to catch the legendary Scottish monster that has defied explanation and eluded capture since the 1940s.,Larry Buchanan,89 mins,Horror,"Sandy Kenyon, Miki McKenzie, Barry Buchanan",The Loch Ness Horror,1982,https://letterboxd.com/film/the-loch-ness-horror/
Q: The Winged Serpent,1982,"A fleeing gangland flunky discovers the New York nest of Aztec deity Quetzalcoatl, the man-eating flying serpent.",Larry Cohen,93 mins,"Horror, Mystery, Crime","Michael Moriarty, Candy Clark, David Carradine",Q: The Winged Serpent,1982,https://letterboxd.com/film/q-the-winged-serpent/
Wolfman vs. Godzilla,1983,"A high production fan film directed and produced by Shizuo Nakajima and several former Toho filmmakers in 1983. Principal photography on Wolfman vs. Godzilla began in 1983 and concluded in the mid 1980's. Post-production (""editing, sound design, and visual effects"") is ongoing.",Shizuo Nakajima,40 mins,"Horror, Comedy, Science Fiction","Shitosi Shima, Ema Ishihara, Fuyuki Shinada",Wolfman vs. Godzilla,1983,https://letterboxd.com/film/wolfman-vs-godzilla/
The Adventures of Ultraman,1983,"A feature-length film produced by Tsuburaya Productions specifically for the English-language market. Composed of edited footage from several episodes, the storyline was rewritten for this adaptation with a new script and score. Based on Episodes 47 through 50 and 19 through 21.",,84 mins,"Fantasy, Animation, Action, Adventure, Science Fiction",,The Adventures of Ultraman,1983,https://letterboxd.com/film/the-adventures-of-ultraman/
Attack of the Super Monsters,1983,"In the near future it's discovered that the dinosaurs did not die off, but instead live on near the center of the Earth. The evil lord Tyrannus uses the mutated dinosaurs descendents to attack Earth in his effort to rule the world. Can Gemini Force, a group of four superpowered teens who've pledged to protect the Earth, stop his plans? Written by Mike Konczewski 70 millions years ago, the creatures known as dinosaurs mysteriously disappeared from planet Earth. Until now, it was assumed they were extinct. In reality, they had burrowed deep into the Earth and evolved into supermonsters. In the year 2000, the people from planet Earth were amazed and terrified by the greatest catastrophe ever known to mankind: the re-appearance of the dinosaurs. Under the direction of their emperor, Tyrannus, the creatures now seek to destroy mankind.","Tom Wyner, Toru Sotoyama",78 mins,"Science Fiction, Animation, Fantasy, Action, Adventure","Tom Wyner, Dan Woren, Robin Levenson",Attack of the Super Monsters,1983,https://letterboxd.com/film/attack-of-the-super-monsters/
Ultraman II: The Further Adventures of Ultraman,1983,"When, prehistoric monsters attack the earth, Commander Adams is asked to head up a paramilitary scientific team, which he agrees on the condition that he is provided with the general's new high-tech space craft. Glen, the creator of the craft, insists on being part of the team, as does a bumbling fool named Marconi. Biologist Lieutenant Ann Johnson comes on as a surprise to these two chauvinists, and finally, Lieutenant Harris, who has been appointed the host of Ultraman, joins the team upon his arrivial.","Tom Wyner, Masahisa Ishida, Junyasu Furukawa, Takao Yotsutsuji, Eikichi Oga",84 mins,"Animation, Action, Science Fiction","Barbara Goodson, Gary Morgan, Steven Kramer",Ultraman II: The Further Adventures of Ultraman,1983,https://letterboxd.com/film/ultraman-ii-the-further-adventures-of-ultraman/
Godzilla Fantasia,1984,"Akira Ifukube has arranged music from his fantastic films into a three-movement symphony, presented here with scenes from the films the music was originally written for. The second half features Makoto Inoue's synthesizer arrangements of Ifukube's music. In this portion, all the music is by Ifukube, but it shows scenes from films Ifukube did not work on. Showcases footage from various monster and science fiction films from Ishiro Honda as well as scenes from Senkichi Taniguchi's Adventure of Kigan Castle.","Ishirō Honda, Senkichi Taniguchi",135 mins,"Science Fiction, Music, Fantasy",,Godzilla Fantasia,1984,https://letterboxd.com/film/godzilla-fantasia/
Ultraman Zoffy: Ultra Warriors vs. the Giant Monster Army,1984,"Ultraman Zoffy explains to the audience about the history of the Ultra series alongside Pigmon, while having to fight off with various seijin foes.",Koichi Takano,85 mins,"Science Fiction, Adventure, Action","Hikaru Urano, Kenyu Horiuchi, Shinya Ôtaki",Ultraman Zoffy: Ultra Warriors vs. the Giant Monster Army,1984,https://letterboxd.com/film/ultraman-zoffy-ultra-warriors-vs-the-giant-monster-army/
Ultraman Story,1984,"The film centers around Ultraman Taro growing up, and wanting to join the Ultra Brothers in battle. His family, however, thinks he is too young. Taro eventually proves himself after saving the 5 Ultra Brothers from the evil Grand King, created by Juda.",Koichi Takano,93 mins,"Science Fiction, Adventure, Family, Action","Yoshio Kanauchi, Hiroya Ishimaru, Masako Ikeda",Ultraman Story,1984,https://letterboxd.com/film/ultraman-story/
Daicon Film's Return of Ultraman,1983,The final fan-made Ultraman short film directed by Hideaki Anno. Based on The Return of Ultraman series.,Hideaki Anno,28 mins,"Action, Science Fiction","Hideaki Anno, Shuichi Hayashi, Yasuhiro Takeda",Daicon Film's Return of Ultraman,1983,https://letterboxd.com/film/daicon-films-return-of-ultraman/
The Return of Godzilla,1984,"After a fishing boat is attacked, the sole surviving crew member realizes it is none other than a resurrected Godzilla. However, efforts to bring the story to light are suppressed by the Japanese government amid growing political tensions between the United States and the Soviet Union, who are both willing to bomb Japan to stop the monster.",Koji Hashimoto,103 mins,"Action, Horror, Science Fiction","Keiju Kobayashi, Ken Tanaka, Yasuko Sawaguchi",The Return of Godzilla,1984,https://letterboxd.com/film/the-return-of-godzilla/
War of the God Monsters,1985,"After Dr. Kim is gone missing trying to find dinosaurs traces, the young and pretty reporter Kang Ok-hi is sent by her chief editor to investigate on Dr. Kim's new theory. She disguises as a maid and searches Dr. Kim’s house to steal his thesis. During the day, Dr. Kim investigates about some archeological work nearby the coast and manages to discover dinosaurs footprints. Suddenly, a mysterious giant bird (who looks like a prehistoric bird with a chicken head) appears and some disastrous incidents occur one after another. Dr. Kim believes that the only way to prevent those is by destroying the bird’s eggs. He then starts to search for the eggs as new monsters appear and rampage the nearby cities.",Kim Jeong-Yong,85 mins,"Horror, Science Fiction","Kim Ki-joo, Nam Hye-gyeong, Kim Da-hye",War of the God Monsters,1985,https://letterboxd.com/film/war-of-the-god-monsters/
Godzilla 1985,1985,"Originally released in Japan as ""The Return of Godzilla"" in 1984, this is the heavily re-edited, re-titled ""Godzilla 1985"". Adding in new footage of Raymond Burr, this 16th Godzilla film ignores all previous sequels and serves as a direct follow-up to the 1956 ""Godzilla King of the Monsters"", which also featured scenes with Burr edited into 1954's ""Godzilla"". This film restores the darker tone of the original, as we witness the nuclear destruction of giant lizard terrorizing Japan.","R.J. Kizer, Koji Hashimoto",87 mins,"Thriller, Science Fiction, Action","Raymond Burr, Keiju Kobayashi, Ken Tanaka",Godzilla 1985,1985,https://letterboxd.com/film/godzilla-1985/
Pulgasari,1986,"In feudal Korea, a group of starving villagers grow weary of the orders handed down to them by their controlling king and set out to use a deadly monster under their control to push his armies back.","Shin Sang-ok, Chong Gon Jo",95 mins,"Drama, Horror, Fantasy","Chang Son Hui, Ham Gi Sop, Jong-uk Ri",Pulgasari,1986,https://letterboxd.com/film/pulgasari/
The Demon Within,1985,"A journalist becomes possessed by a gakidama, a spirit of the dead. Unknown to the man, a demon is now incubating in his stomach, and a mysterious stranger seem to know what afflicts him.",Masayoshi Sukita,54 mins,"Mystery, Fantasy, Horror","Kazuyo Matsui, Kyōzō Nagatsuka, Ichirō Ogura",The Demon Within,1985,https://letterboxd.com/film/the-demon-within-1985/
Choushinsei Flashman: The Movie,1986,The Flashman find themselves protecting a puppy targeted by Mess due to it being the weakness of a chimera Beast Warrior.,Minoru Yamada,20 mins,"Fantasy, Science Fiction, Adventure, Action","Touta Tarumi, Kihachirō Uemura, Tsutomu Kitagawa",Choushinsei Flashman: The Movie,1986,https://letterboxd.com/film/choushinsei-flashman-the-movie/
King Kong Lives,1986,"After falling from the Twin Towers, Kong lies in a coma for ten years. When his heart begins to fail, scientists engineer an artificial heart, and a giant female ape is captured to serve as a source for a blood transfusion. When Kong awakens following his heart transplant, he senses the nearby presence of the female ape and the two escape to wreak havoc together.",John Guillermin,105 mins,"Action, Fantasy, Adventure","Linda Hamilton, Brian Kerwin, Peter Elliott",King Kong Lives,1986,https://letterboxd.com/film/king-kong-lives/
King of Snake,1987,"A research lab has developed ""The Formula"", a box that allows living organic material to grow hundreds of times its original size. Criminals invade the lab to steal it, but it's thrown off the side of the road. There it's found by a girl who decides it will be the perfect home for Mosler, the snake she has adopted. Mosler immediately outgrows the box, springing to the ground like a pile of novelty dog poo. Gang members see the girl and her huge snake frolicking outside and put two and two together. Mosler thwarts their first attempt to snatch her, but when they do succeed he goes on a rampage trying to find his friend",Hsu Yu-Lung,88 mins,"Science Fiction, Action, Horror, Fantasy, Adventure","Danny Lee Sau-Yin, Liang Hsiu-shen, Wu Feng",King of Snake,1987,https://letterboxd.com/film/king-of-snake/
Princess from the Moon,1987,"Two poor, married farmers have recently lost their only child; after a freak visitation, they pry open an alien cocoon to greet their new daughter.",Kon Ichikawa,121 mins,"Science Fiction, Adventure, Drama","Toshirō Mifune, Ayako Wakao, Yasuko Sawaguchi",Princess from the Moon,1987,https://letterboxd.com/film/princess-from-the-moon/
Ganjasaurus Rex,1987,A giant tyrannosaur terrorizes a band of California marijuana growers.,Ursi Reynolds,88 mins,"Comedy, Science Fiction","Paul Bassis, David Fresh, Rosie Jones",Ganjasaurus Rex,1987,https://letterboxd.com/film/ganjasaurus-rex/
Ultraman: The Adventure Begins,1987,"The lives of three stunt pilots (Scott, Chuck, and Beth) are changed when they gain the ability to transform into three new Ultra-beings, and form the Ultra Force, to battle four giant Sorkin Monsters.","Mitsuo Kusakabe, Ray Patterson",78 mins,"Adventure, TV Movie, Animation, Science Fiction, Action","Adrienne Barbeau, Chad Everett, Michael Lembeck",Ultraman: The Adventure Begins,1987,https://letterboxd.com/film/ultraman-the-adventure-begins/
Tokyo: The Last Megalopolis,1988,A demonic reincarnation of a Japanese general from the 10th century appears in the early 20th century Tokyo with a mission to destroy the blooming city.,Akio Jissoji,135 mins,"Thriller, Fantasy, Horror","Shintarō Katsu, Kyusaku Shimada, Mieko Harada",Tokyo: The Last Megalopolis,1988,https://letterboxd.com/film/tokyo-the-last-megalopolis/
Thunder of Gigantic Serpent,1988,"A secret formula that can cause plants and animals to expand a thousand-fold in size is stolen by a terrorist group. During a wild chase and shoot-out, the formula is lost. It's found by a little girl who accidently gives the formula to her pet snake. After the snake grows to an immense size, it follows and protects her. When the terrorists go after the girl, the snake begins destroying everything in its path. Hong Kong cut and paste edit of the 1987 Taiwanese film ""大蛇王"" (King of Snake) with new scenes.",Lee Chiu,89 mins,"Drama, Action, Science Fiction, Horror","Pierre Kirby, Edowan Bersma, Danny Raisebeck",Thunder of Gigantic Serpent,1988,https://letterboxd.com/film/thunder-of-gigantic-serpent/
The Blob,1988,"In Arborville, California, three high school students try to protect their hometown from a gelatinous alien life form that engulfs everything it touches.",Chuck Russell,95 mins,"Science Fiction, Thriller, Horror","Kevin Dillon, Shawnee Smith, Donovan Leitch",The Blob,1988,https://letterboxd.com/film/the-blob-1988/
Godzilla vs. Biollante,1989,"After the previous Godzilla attack, a miniature arms race ensues to collect his cells. Concerned over Godzilla's possible return, the Japanese government uses the cells to create a new bio-weapon, ANEB (Anti-Nuclear Energy Bacteria). They seeks the aid of geneticist Genshiro Shiragami, who's experiments result in a new mutation.",Kazuki Ōmori,105 mins,"Science Fiction, Horror, Action","Kunihiko Mitamura, Yoshiko Tanaka, Masanobu Takashima",Godzilla vs. Biollante,1989,https://letterboxd.com/film/godzilla-vs-biollante/
Tremors,1990,"Val McKee and Earl Bassett are in a fight for their lives when they discover that their desolate town has been infested with gigantic, man-eating creatures that live below the ground.",Ron Underwood,96 mins,"Horror, Science Fiction, Comedy","Kevin Bacon, Fred Ward, Finn Carter",Tremors,1990,https://letterboxd.com/film/tremors/
Ultra Q The Movie: Legend of the Stars,1990,A series of serial murders occurred in a historic ruins where a TV crew is shooting a documentary.,Akio Jissoji,112 mins,"Horror, Thriller, Science Fiction, Adventure","Toshio Shiba, Keiko Oginome, Mio Takaki",Ultra Q The Movie: Legend of the Stars,1990,https://letterboxd.com/film/ultra-q-the-movie-legend-of-the-stars/
Ultraman Great: The Battle for Earth,1990,"The second and final compilation films for Ultraman Great (aka Ultraman: Towards the Future). Jack Shindo is an astronaut doing research on the planet Mars. On a routine mission to survey the desolate landscape, he discovers mankind's greatest threat, Gudis, whose monsters have been ordered to kill all life on Earth. Jack must work with the mysterious colossal alien Ultraman and the Universal Multipurpose Agency to save humanity from extinction!",Andrew Prowse,95 mins,"Fantasy, TV Movie, Science Fiction","Dore Kraus, Gia Carides, Ralph Cotterill",Ultraman Great: The Battle for Earth,1990,https://letterboxd.com/film/ultraman-great-the-battle-for-earth/
Ultraman Great: The Alien Invasion,1990,"The first of two compilation films for Ultraman Great (aka Ultraman: Towards the Future). Jack Shindo is an astronaut doing research on the planet Mars. On a routine mission to survey the desolate landscape, he discovers mankind's greatest threat, Gudis, whose monsters have been ordered to kill all life on Earth. Jack must work with the mysterious colossal alien Ultraman and the Universal Multipurpose Agency to save humanity from extinction!",Andrew Prowse,95 mins,"Science Fiction, Fantasy, TV Movie","Dore Kraus, Gia Carides, Ralph Cotterill",Ultraman Great: The Alien Invasion,1990,https://letterboxd.com/film/ultraman-great-the-alien-invasion/
Gamera Special,1991,An hour long best of compilation of Gamera from series director Noriaki Yuasa.,Noriaki Yuasa,60 mins,"TV Movie, Science Fiction, Family, Action","Teruo Aragaki, Umenosuke Izumi",Gamera Special,1991,https://letterboxd.com/film/gamera-special/
Class of Nuke 'Em High 2: Subhumanoid Meltdown,1991,"At the Tromaville Institute of Technology's nuclear plant, Prof. Holt has perfected ""subhumanoids"": living beings without emotions who perform menial tasks. When school reporter Roger Smith meets a beautiful subhumanoid named Victoria, they fall in love and he becomes determined to save her and the school from a giant mutant squirrel, Tromie.",Eric Louzil,95 mins,"Horror, Comedy, Science Fiction","Brick Bronsky, Lisa Gaye, Leesa Rowland",Class of Nuke 'Em High 2: Subhumanoid Meltdown,1991,https://letterboxd.com/film/class-of-nuke-em-high-2-subhumanoid-meltdown/
Godzilla vs. King Ghidorah,1991,"The Futurians, time-travelers from the 23rd century, arrive in Japan to warn them of the nation's destruction under Godzilla. They offer to help erase Godzilla from history by preventing his creation. With Godzilla seemingly gone, a new monster emerges as the Futurians' true intentions are revealed.",Kazuki Ōmori,103 mins,"Adventure, Science Fiction, Action","Katsuhiko Sasaki, Kosuke Toyohara, Anna Nakagawa",Godzilla vs. King Ghidorah,1991,https://letterboxd.com/film/godzilla-vs-king-ghidorah/
Ultraman - The Alien Invasion,1993,"Jack Shindo and Stanley Haggard are astronauts doing research on the planet Mars. On a routine mission to survey the desolate landscape, they found out that there are other living creatures on the planet! Their biggest threat is Goudis, whose monsters have been ordered to kill all life on earth. Returning from a mission on Mars, the Ultraman has to take on Goudis to save the planet and all the human beings on Earth!",Andrew Prowse,94 mins,Science Fiction,"Dore Kraus, Gia Carides, Ralph Cotterill",Ultraman - The Alien Invasion,1993,https://letterboxd.com/film/ultraman-the-alien-invasion/
Godzilla vs. Mothra,1992,"Mothra's dark counterpart, Battra, emerges to eliminate humanity on behalf of the Earth. Two tiny fairies called the Cosmos offer their help by calling Mothra to battle the creature. Unfortunately a meteorite has awoken a hibernating Godzilla as a three way battle for the Earth begins.",Takao Okawara,102 mins,"Science Fiction, Adventure, Action","Tetsuya Bessho, Satomi Kobayashi, Takehiro Murata",Godzilla vs. Mothra,1992,https://letterboxd.com/film/godzilla-vs-mothra/
Godzilla vs. Mechagodzilla II,1993,"The U.N.G.C.C. (United Nations Godzilla Countermeasure Center) recovers the remains of Mecha-King Ghidorah and construct Mechagodzilla as a countermeasure against Godzilla. Meanwhile, a giant egg is discovered along with a new monster called Rodan. The egg is soon found to be none other than an infant Godzillasaurus.",Takao Okawara,108 mins,"Adventure, Science Fiction, Action","Masahiro Takashima, Ryoko Sano, Megumi Odaka",Godzilla vs. Mechagodzilla II,1993,https://letterboxd.com/film/godzilla-vs-mechagodzilla-ii/
Kamen Rider ZO,1993,"Masaru Aso was the lab assistant of geneticist Doctor Mochizuki, used as one of his experiments related the creation of the Neo Organism, enabling him to transform into a grasshopper-like being called Kamen Rider ZO. He fled into the mountainside and went into a coma before he was awakened by a telepathic call two years later with an unconscious urge to protect Hiroshi Mochizuki, the son of Doctor Mochizuki.",Keita Amemiya,50 mins,"Action, Science Fiction, Adventure","Hiroshi Tsuchikado, Isao Sasaki, Shohei Shibata",Kamen Rider ZO,1993,https://letterboxd.com/film/kamen-rider-zo/
Attack of the 50 Foot Hooker,1994,Leena and her friends get up to all sorts of high jinks at a bachelor party before Leena is miraculously transformed into a 50 foot woman. She then decides to take revenge on all the men in her life who have abused her. Two versions were released for the home video market: an 88 minute hardcore version and a 60 minute softcore version.,Teri Diver,88 mins,"Fantasy, Comedy","Leena, Sahara Sands, Steve Drake",Attack of the 50 Foot Hooker,1994,https://letterboxd.com/film/attack-of-the-50-foot-hooker/
Monster Planet of Godzilla,1994,"A former 3D theme park attraction at Sanrio Puroland. A spaceship called Earth is dispatched to investigate the disappearance of its counterpart on a monster-filled planet beyond our Solar System. Once there, it quickly spots the downed craft, and is promptly attacked by Mothra and Rodan. It spots Godzilla and opens fire on him, giving the Planet enough time to escape.",Koichi Kawakita,18 mins,Science Fiction,"Megumi Odaka, Kenpachirō Satsuma, Megumi Hayashibara",Monster Planet of Godzilla,1994,https://letterboxd.com/film/monster-planet-of-godzilla/
Attack of the 50 Ft. Woman,1993,"When an abused heiress grows to giant size because of her encounter with aliens, she decides to get revenge on her cheating husband and those who looked down on her.",Christopher Guest,85 mins,"Science Fiction, TV Movie, Comedy","Daryl Hannah, Daniel Baldwin, William Windom",Attack of the 50 Ft. Woman,1993,https://letterboxd.com/film/attack-of-the-50-ft-woman/
Kamen Rider World,1994,"Kamen Rider World is a short 3-D film produced by Toei Company based on the Kamen Rider Series that premiered on August 6, 1994 and was shown in amusement parks and special events nationwide in Japan. It was shown as a triple feature alongside Super Sentai World and Toei Hero Daishugō (a crossover between Tokusou Robo Janperson and Blue Swat which also used footage from Super Sentai World).",Katsuya Watanabe,8 mins,"Science Fiction, Action, Adventure","Yuuta Mochizuki, Hiroshi Tsuchikado, Rikako Aikawa",Kamen Rider World,1994,https://letterboxd.com/film/kamen-rider-world/
"Orochi, the Eight-Headed Dragon",1994,"After killing his brother, Prince Yamato is banished from his father's kingdom until he can bring his dangerous powers under control. On his journey, he meets and joins with the magical priestess Oto, and together they go to fight against an evil god that has been ravaging the Earth in the form of an enormous hydra. Will Yamato ever return home to reclaim his rightful place on the throne?",Takao Okawara,105 mins,"Adventure, Fantasy, Action","Masahiro Takashima, Yasuko Sawaguchi, Hiroshi Abe","Orochi, the Eight-Headed Dragon",1994,https://letterboxd.com/film/orochi-the-eight-headed-dragon/
Godzilla vs. SpaceGodzilla,1994,"A mysterious extraterrestrial being resembling Godzilla rapidly approaches Earth. The monster, dubbed SpaceGodzilla, lands to challenge the King of the Monsters.",Kensho Yamashita,108 mins,"Adventure, Action, Science Fiction","Jun Hashizume, Megumi Odaka, Zenkichi Yoneyama",Godzilla vs. SpaceGodzilla,1994,https://letterboxd.com/film/godzilla-vs-spacegodzilla/
Gamera: Guardian of the Universe,1995,"A ship runs aground on a mysterious atoll leading to an investigation by insurance representative Kusanagi, who discovers an ancient bead that he gives to his daughter Asagi. Meanwhile, ornithologist Nagamine investigates reports of a new species of large bird named Gyaos. As the Gyaos begin to attack, an ancient guardian with a bond to Asagi emerges.",Shusuke Kaneko,96 mins,"Science Fiction, Action, Fantasy, Horror","Tsuyoshi Ihara, Shinobu Nakayama, Ayako Fujitani",Gamera: Guardian of the Universe,1995,https://letterboxd.com/film/gamera-guardian-of-the-universe/
Neon Genesis Evangelion,1995,"At the turn of the century, the Angels returned to Earth, seeking to wipe out humanity in an apocalyptic fury. Devastated, mankind's last remnants moved underground to wait for the day when the Angels would come back to finish the job. Fifteen years later, that day has come... but this time, humanity is ready to fight back with terrifying bio-mechanical weapons known as the Evangelions. Watch as Shinji, Rei, Asuka and the rest of the mysterious shadow agency Nerv battle to save earth from total annihilation.","Kazuya Tsurumaki, Hiroyuki Ishido, Tsuyoshi Kaga, Keiichi Sugiyama, Seiji Mizushima, Tetsuya Watanabe, Tensai Okamura, Masahiko Otsuka, Ken Ando, Naoyasu Habu, Minoru Ohara, Masayuki, Akira Takamura, Hideaki Anno, Shoichi Masuo",615 mins,"Animation, Drama","Megumi Ogata, Kotono Mitsuishi, Megumi Hayashibara",Neon Genesis Evangelion,1995,https://letterboxd.com/film/neon-genesis-evangelion/
Godzilla vs. Destoroyah,1995,"A burning Godzilla, on the verge of meltdown, emerges to lay siege to Hong Kong. At the same time horrifying new organisms are discovered in Japan. These crustacean-like beings are seemingly born of the Oxygen Destroyer, the weapon that killed the original Godzilla.",Takao Okawara,103 mins,"Horror, Science Fiction, Action","Takuro Tatsumi, Yoko Ishino, Yasufumi Hayashi",Godzilla vs. Destoroyah,1995,https://letterboxd.com/film/godzilla-vs-destoroyah/
Super Atragon,1995,"At the end of World War II, a top-secret Japanese submarine and an American submarine have a fatal encounter and both are lost. Fifty years later the descendants of the submarines' officers are sent by the United Nations in a new secret submarine to investigate mysterious incidents in the Antarctics that could be linked to the old submarines' disappearances, and could also be the precursor to an invasion by aliens from deep inside the Earth.","Keiichi Sugimoto, Kazuyoshi Katayama",,Animation,Koji Ochiai,Super Atragon,1995,https://letterboxd.com/film/super-atragon-1995/
Ultraman Zearth,1996,"Ultraman Zearth hails from The Land of Pikari in Nebula Z95. He has a big red face and dislikes dirt, and will go to great lengths to wash it off his hands. His goal is to clean the polluted Earth. He transforms with an electric toothbrush, which is consistent with his hygiene fixation. He's not quite adept at being a superhero, but at least he tries his best.",Shinya Nakajima,51 mins,"Science Fiction, Adventure, Action, Family","Masaharu Sekiguchi, Takaaki Ishibashi, Noritake Kinashi",Ultraman Zearth,1996,https://letterboxd.com/film/ultraman-zearth/
Godzilla vs. the Netherlands,1996,"In the middle of the computer era, Holland receives a visit from an old-fashioned Japanese film monster. A devastating tourist visit.",Sietske​ ​Tjallingii,6 mins,,,Godzilla vs. the Netherlands,1996,https://letterboxd.com/film/godzilla-vs-the-netherlands/
Tremors 2: Aftershocks,1996,"Earl Bassett's celebrity after defeating the Graboid attack against the town of Perfection has proved short-lived, until he's recruited by a Mexican oil company whose workers have found more than they bargained for under the soil.",S.S. Wilson,100 mins,"Comedy, Horror, Science Fiction","Fred Ward, Helen Shaver, Chris Gartin",Tremors 2: Aftershocks,1996,https://letterboxd.com/film/tremors-2-aftershocks/
Zarkorr! The Invader,1996,"An ""average"" postal worker is informed by a tiny alien hologram which looks like a teenage girl that he is the ""choosen one"" to destroy a giant reptile to save the Earth.",Aaron Osborne,80 mins,Science Fiction,"Franklin A. Vallette, Don Yanan, Peter Looney",Zarkorr! The Invader,1996,https://letterboxd.com/film/zarkorr-the-invader/
Gamera 2: Advent of Legion,1996,"A strange meteor lands in Japan and unleashes hundreds of insect-like ""Legion"" creatures bent on colonizing the Earth. When the military fails to control the situation, Gamera shows up to deal with the ever-evolving space adversary. However the battle may result in Gamera losing his bond with both Asagi and humanity.",Shusuke Kaneko,99 mins,"Horror, Science Fiction, Fantasy","Toshiyuki Nagashima, Miki Mizuno, Tamotsu Ishibashi",Gamera 2: Advent of Legion,1996,https://letterboxd.com/film/gamera-2-advent-of-legion/
Rebirth of Mothra,1996,A new Mothra takes to the air and battles against Desghidorah to save all of humanity.,Okihiro Yoneda,104 mins,"Fantasy, Action, Science Fiction, Family, Adventure","Megumi Kobayashi, Sayaka Yamaguchi, Aki Hano",Rebirth of Mothra,1996,https://letterboxd.com/film/rebirth-of-mothra/
Neon Genesis Evangelion: Death and Rebirth,1997,"Originally a collection of clips from the Neon Genesis Evangelion TV series, Death was created as a precursor to the re-worked ending of the series. Rebirth was intended as that re-worked ending, but after production overruns Rebirth became only the first half of the first part of The End of Evangelion, with some minor differences.","Hideaki Anno, Masayuki, Kazuya Tsurumaki, Ken Ando, Naoyasu Habu, Hiroyuki Ishido, Tsuyoshi Kaga, Shoichi Masuo, Seiji Mizushima, Tensai Okamura, Akira Takamura, Tetsuya Watanabe, Minoru Ohara, Masahiko Otsuka, Keiichi Sugiyama",101 mins,"Science Fiction, Drama, Animation","Megumi Ogata, Megumi Hayashibara, Yuko Miyamura",Neon Genesis Evangelion: Death and Rebirth,1997,https://letterboxd.com/film/neon-genesis-evangelion-death-and-rebirth/
Ultraman Zearth 2: Superhuman Big Battle - Light and Shadow,1997,"Ultraman Shadow, Ultraman Zearth's most terrifying adversary yet, is brought to Earth by the murderous alien, Lady Benzen to be Ultraman Zearth's assassin. Ultraman Shadow is a warrior of darkness equipped with mysterious powers. Prepare to witness the ultimate showdown, colossus versus mighty colossus, the battle ground: Planet Earth!",Kazuya Konaka,65 mins,"Action, Family, Science Fiction, Adventure","Masaharu Sekiguchi, Kohji Moritsugu, Ichirôta Miyakawa",Ultraman Zearth 2: Superhuman Big Battle - Light and Shadow,1997,https://letterboxd.com/film/ultraman-zearth-2-superhuman-big-battle-light-and-shadow/
Neon Genesis Evangelion: The End of Evangelion,1997,"SEELE orders an all-out attack on NERV, aiming to destroy the Evas before Gendo can advance his own plans for the Human Instrumentality Project. Shinji is pushed to the limits of his sanity as he is forced to decide the fate of humanity.","Hideaki Anno, Kazuya Tsurumaki",87 mins,"Fantasy, Animation, Action, Science Fiction, Drama","Megumi Ogata, Megumi Hayashibara, Kotono Mitsuishi",Neon Genesis Evangelion: The End of Evangelion,1997,https://letterboxd.com/film/neon-genesis-evangelion-the-end-of-evangelion/
Galgameth,1997,"The kingdom of Donnegold is being subverted from within, and young prince Davin must defend against the traitors with the help of a legendary, metal-eating dragon called Galgameth.",Sean McNamara,110 mins,"Fantasy, Family, Adventure","Devin Oatway, Stephen Macht, Lou Wagner",Galgameth,1997,https://letterboxd.com/film/galgameth/
Moon Over Tao: Makaraga,1997,A retired warrior comes to see his former lord and learns that someone is making indestructible swords from some unknown metal. He is sent together with a swordsman to investigate the source. Along the way they meet a young girl working as a beekeeper. She is later witness to the appearance of three strange females from another dimension. They are searching for a lost weapon that has landed on earth and as one of them lay dying she enlists the girl to help them control the strange beast/weapon. Meanwhile the warrior and the swordsman learn that an old nemesis has created the swords from the shell that surrounded the alien weapon. Soon the alien beast/weapon is awakened and battle for control ensues.,Keita Amemiya,96 mins,"Fantasy, Science Fiction, Action","Toshiyuki Nagashima, Hiroshi Abe, Yûko Moriyama",Moon Over Tao: Makaraga,1997,https://letterboxd.com/film/moon-over-tao-makaraga/
Rebirth of Mothra II,1997,"The fairies from Infant Island discover a lost city, as well as a giant monster that is attracted to environmental calamities.",Kunio Miyoshi,97 mins,"Science Fiction, Fantasy, Family, Adventure, Action","Sayaka Yamaguchi, Megumi Kobayashi, Aki Hano",Rebirth of Mothra II,1997,https://letterboxd.com/film/rebirth-of-mothra-ii/
EVANGELION: DEATH (TRUE)²,1998,"A highly experimental film presenting a story out of chronological order taking place 15 years after a near-apocalyptic catastrophe, about four traumatized 14 year olds who are tasked with piloting massive humanoid decisive weapons called Evangelion, the psychologically maladjusted adults who handle and command them, and the events and forces that affect them or which they take part in as they engage massive hostile invaders known as ""Angels.""","Masayuki, Hideaki Anno, Ken Ando, Naoyasu Habu, Kazuya Tsurumaki, Hiroyuki Ishido, Tsuyoshi Kaga, Shoichi Masuo, Seiji Mizushima, Tensai Okamura, Akira Takamura, Tetsuya Watanabe, Minoru Ohara, Masahiko Otsuka, Keiichi Sugiyama",69 mins,"Action, Drama, Animation, Science Fiction","Megumi Ogata, Kotono Mitsuishi, Megumi Hayashibara",EVANGELION: DEATH (TRUE)²,1998,https://letterboxd.com/film/evangelion-death-true/
Revival of Evangelion,1998,"Revival of Evangelion is a re-edit of the Neon Genesis Evangelion films , released in 1998. It consists of Evangelion: Death (which was essentially a clip show that summarized the entire regular series) and The End of Evangelion , re-edited together to make a version that tells the entire story of Evangelion. It is considered to be the final form of the Evangelion films.","Masayuki, Kazuya Tsurumaki, Akira Takamura, Tsuyoshi Kaga, Ken Ando, Minoru Ohara, Seiji Mizushima, Naoyasu Habu, Masahiko Otsuka, Shoichi Masuo, Hiroyuki Ishido, Tensai Okamura, Tetsuya Watanabe, Hideaki Anno, Keiichi Sugiyama",160 mins,"Science Fiction, Animation, Action, Drama","Megumi Ogata, Kotono Mitsuishi, Megumi Hayashibara",Revival of Evangelion,1998,https://letterboxd.com/film/revival-of-evangelion/
Ultraman Tiga & Ultraman Dyna: Warriors of the Star of Light,1998,"The members of the Super GUTS force, one of whom is secretly Ultraman Dyna, are in the middle of a losing battle against an enormous monster on the surface of the moon, when suddenly a spaceship appears and saves them by zapping the beast. The crew of the ship claim to members of the world peace force that originally created the Super GUTS force, and they invite the GUTS members to enter their brainwave patterns into the ship's battle computer so it can be a more effective fighting system. It sounds like a good idea, but could they have some other plan up their sleeves?",Kazuya Konaka,67 mins,"Science Fiction, Family, Adventure, Action","Takeshi Tsuruno, Ryô Kinomoto, Toshikazu Fukawa",Ultraman Tiga & Ultraman Dyna: Warriors of the Star of Light,1998,https://letterboxd.com/film/ultraman-tiga-ultraman-dyna-warriors-of-the-star-of-light/
Godzilla,1998,"French nuclear tests irradiate an iguana into a giant monster that viciously attacks freighter ships in the Pacific Ocean. A team of experts, including Niko Tatopoulos, conclude that the oversized reptile is the culprit. Before long, the giant lizard is loose in Manhattan as the US military races to destroy the monster before it reproduces and it's spawn takes over the world.",Roland Emmerich,138 mins,"Thriller, Action, Science Fiction","Matthew Broderick, Jean Reno, Maria Pitillo",Godzilla,1998,https://letterboxd.com/film/godzilla-1998/
The Mighty Kong,1998,"The classic story of the mighty Eighth Wonder of the World is given a musical update, utilizing the talents of Disney musical giants The Sherman Brothers. Boosting this family-friendly take on the 1933 film are the acting talents of Jodi Benson and Dudley Moore.",Art Scott,71 mins,"Adventure, Family, Animation","Dudley Moore, Jodi Benson, Randy Hamilton",The Mighty Kong,1998,https://letterboxd.com/film/the-mighty-kong/
Kraa! The Sea Monster,1998,"Lord Doom, evil master of Proyas, the Dark Planet, sends Kraa the Sea Monster to Earth as part of his plan to dominate the galaxy. To keep the meddling hands of the Planet Patrol out of his scheme, he incapacitates their nearby space station. Fortunately, the alien agent Mogyar is on hand to land on Earth to stop the giant sea-beast. Accidentally landing in New Jersey rather than Italy (where scientists could have helped Mogyar build a weapon to stop Kraa), Mogyar must overcome his stereotypical Italian accent and strange appearance in order to ally with nearby humans to save the day.",Aaron Osborne,69 mins,"Action, Science Fiction","Michael Guerin, Jerry Lentz, Jon Simanton",Kraa! The Sea Monster,1998,https://letterboxd.com/film/kraa-the-sea-monster/
A Giant Monster Appears in Tokyo,1998,"A large, dinosaur-like monster has risen from Tokyo Bay and attacked the city. As the government collapses into chaos, the people of a rural town in Fukui Prefecture, from whose perspective we see the entire movie, watch as the events unfold on TV. Some decide to run for their lives, some take it as a sign of the apocalypse, some go completely crazy, but most of the townspeople wait and watch, and wonder where the monster will head next.",Takeshi Miyasaka,102 mins,Comedy,"Kaori Momoi, Hirotaro Honda, Kazue Tsunogae",A Giant Monster Appears in Tokyo,1998,https://letterboxd.com/film/a-giant-monster-appears-in-tokyo/
Rebirth of Mothra III,1998,"To save the world, Mothra goes back in time in an attempt to defeat a younger King Ghidorah.",Okihiro Yoneda,99 mins,"Science Fiction, Action, Fantasy","Megumi Kobayashi, Misato Tate, Aki Hano",Rebirth of Mothra III,1998,https://letterboxd.com/film/rebirth-of-mothra-iii/
Mighty Joe Young,1998,"As a child living in Africa, Jill Young saw her mother killed while protecting wild gorillas from poachers led by Andrei Strasser. Now an adult, Jill cares for an orphaned gorilla named Joe -- who, due to a genetic anomaly, is 15 feet tall. When Gregg O'Hara arrives from California and sees the animal, he convinces Jill that Joe would be safest at his wildlife refuge. But Strasser follows them to the U.S., intent on capturing Joe for himself.",Ron Underwood,114 mins,"Family, Adventure, Action, Fantasy","Charlize Theron, Bill Paxton, Rade Šerbedžija",Mighty Joe Young,1998,https://letterboxd.com/film/mighty-joe-young-1998/
Gamera 3: Revenge of Iris,1999,"With the Gyaos re-emerging, Gamera's ties to humanity have been severed with his bond to Asagi broken. Nagamine and Asagi investigate while an orphaned girl named Ayana discovers a new creature she names Iris. Nagamine and Asagi must reach Ayana before she takes her revenge on Gamera, who she blames for the death of her family.",Shusuke Kaneko,108 mins,"Horror, Fantasy, Science Fiction","Ai Maeda, Shinobu Nakayama, Aki Maeda",Gamera 3: Revenge of Iris,1999,https://letterboxd.com/film/gamera-3-revenge-of-iris/
Ultraman Tiga & Ultraman Dyna & Ultraman Gaia: The Battle in Hyperspace,1999,"A young boy discovers a magical rock that can make any wish come true. But the rock is stolen by a school bully who uses it to create a powerful and dangerous monster. The only way to stop the beast is to enlist the help of superhero Ultraman Gaia. The boy does everything he can to help the XIG Team, a brave group of humans who have direct contact with Ultraman Gaia as well as Ultraman Dyna and Ultraman Tiga.",Kazuya Konaka,74 mins,"Action, Science Fiction, Adventure","Takeshi Yoshioka, Gaku Hamada, Hiroyuki Watanabe",Ultraman Tiga & Ultraman Dyna & Ultraman Gaia: The Battle in Hyperspace,1999,https://letterboxd.com/film/ultraman-tiga-ultraman-dyna-ultraman-gaia-the-battle-in-hyperspace/
Yonggary,1999,"A team of scientists working on a remote dig site find the buried body of an enormous monster, perfectly preserved even after 200 million years. As soon as the beast is uncovered, however, an alien spacecraft suddenly appears above them and brings the monster back to life! The creature immediately sets about levelling the surrounding urban landscape and shrugging off the best firepower the military can throw at it. A lone scientist, working on decrypting an ancient set of hieroglyphics, may be on the verge of finding the aliens' weak point, but will it be too late?",Shim Hyung-rae,98 mins,"Fantasy, Science Fiction, Adventure, Action","Dan Cashman, Bruce Cornwell, Dennis Howard",Yonggary,1999,https://letterboxd.com/film/yonggary/
Ultraman Tiga: The Final Odyssey,2000,"Ultraman Tiga: The Final Oddysey was sort of an epilogue of the Ultraman Tiga series. Just when we thought that the world is safe, it's under attack again! A TPC excursion (including GUTS' Captain Megumi Iruma) headed to an old ruins and unintentionally woke up three evil ancient giants whom Daigo, later on, has visions of. What's so haunting about his visions is that they're not only three but four evil giants, including Ultraman Tiga in a very dark physique and a very evil aura. After a series of visions, Daigo was able to meet the three evils who beat him up and left the Black Spark Lens to him. Later on, the ultimate battle begins in the ancient ruins. Daigo as Ultraman Tiga, who is supposed to be the warrior of light, must use his powers, however dark, in order to defeat the three evils.",Hirochika Muraishi,98 mins,"Action, Fantasy, Science Fiction, Adventure, Family","Hiroshi Nagano, Takami Yoshimoto, Mio Takaki",Ultraman Tiga: The Final Odyssey,2000,https://letterboxd.com/film/ultraman-tiga-the-final-odyssey/
Godzilla 2000: Millennium,1999,An independent group of researchers called the Godzilla Prediction Network (GPN) actively track Godzilla as he makes landfall in Nemuro. Matters are further complicated when a giant meteor is discovered in the Ibaragi Prefecture. The mysterious rock begins to levitate as it's true intentions for the world and Godzilla are revealed.,Takao Okawara,107 mins,"Action, Science Fiction, Adventure","Takehiro Murata, Hiroshi Abe, Naomi Nishida",Godzilla 2000: Millennium,1999,https://letterboxd.com/film/godzilla-2000-millennium/
Sakuya: The Slayer of Demons,2000,"The eruption of Mt. Fuji in 1707 released hordes of demons from deep inside the earth. Sakuya, the young daughter of a samurai killed fighting these demons, accepts a mission to travel to Mt. Fuji and defeat the evil spirits. Accompanying her on her journey are two veteran warriors who served her father, and Tarō, a young kappa, or river spirit, whom she has adopted as her little brother. Along the way, the two warriors have doubts about Tarō’s loyalties, and the young kappa himself must decide if he will stand with his own species or with the humans who have cared for him.",Tomoo Haraguchi,88 mins,"Fantasy, Adventure","Nozomi Ando, Kyusaku Shimada, Keiko Matsuzaka",Sakuya: The Slayer of Demons,2000,https://letterboxd.com/film/sakuya-the-slayer-of-demons/
Godzilla vs. Megaguirus,2000,"In an alternate timeline the original Godzilla is never defeated and repeatedly reemerges to feed on Japan's energy sources. A new inter-dimensional weapon called the Dimension Tide is created with the intent of eliminating Godzilla. However, the new weapon might also serve as a gateway to something far more sinister.",Masaaki Tezuka,105 mins,"Thriller, Action, Horror, Science Fiction","Misato Tanaka, Shosuke Tanihara, Masanobu Katsumura",Godzilla vs. Megaguirus,2000,https://letterboxd.com/film/godzilla-vs-megaguirus/
Ultraman Tiga Gaiden: Revival of the Ancient Giant,2001,"Set many years after the end of the original Ultraman Tiga series, in which Daigo Madoka (human host of Ultraman Tiga) has a son with Rena, named Tsubasa Madoka. Tsubasa is a member of a new team, Neo Super GUTS, the successor to the original Super GUTS.",Hirochika Muraishi,45 mins,"Action, Adventure, Science Fiction","Shôgo Yamaguchi, Yuri Yamazaki, Toshikazu Fukawa",Ultraman Tiga Gaiden: Revival of the Ancient Giant,2001,https://letterboxd.com/film/ultraman-tiga-gaiden-revival-of-the-ancient-giant/
Ultraman Dyna: The Return of Hanejiro,2001,"Hanejiro returned to Earth in the form of an yellow egg, which fell into the hands of the bumbling Alien Meji Trio. The three, despite being villains, were very protective of him and protected him from prying eyes until Hanejiro returned to Super GUTS. After Dyna was defeated by Wanzetto, Hanejiro helped to destroy the menace by dropping Pudgy Garaon into the monster's brain case. Hanejiro was later taken away once again by the Alien Fabiras",Masaki Harada,47 mins,"Science Fiction, Action, Family, Adventure","Takeshi Tsuruno, Ryô Kinomoto, Risa Saito",Ultraman Dyna: The Return of Hanejiro,2001,https://letterboxd.com/film/ultraman-dyna-the-return-of-hanejiro/
Ultraman Gaia: Once Again Gaia,2001,"After the battle against Zogu was over, both Gamu and Fujimiya began to live normal lives until another threat arrives on Earth - a surviving monster soldier of Zogu's army named Gakuzom.",Takeshi Yagi,60 mins,"Action, Science Fiction, Adventure, Fantasy","Takeshi Yoshioka, Hassei Takano, Hiroyuki Watanabe",Ultraman Gaia: Once Again Gaia,2001,https://letterboxd.com/film/ultraman-gaia-once-again-gaia/
Ultraman Cosmos: The First Contact,2001,"Musashi is a 10 year old boy with big dreams. He wants to grow up to be an astronaut so he can fly through the stars and meet his hero Ultraman. His mother worries that Musashi daydreams too much, but his police officer father thinks a little bit of daydreaming never hurts anyone.",Toshihiro Iijima,90 mins,"Family, Adventure, Action, Science Fiction","Taiyo Sugiura, Kounosuke Tokai, Ikkei Watanabe",Ultraman Cosmos: The First Contact,2001,https://letterboxd.com/film/ultraman-cosmos-the-first-contact/
Tremors 3: Back to Perfection,2001,"Survivalist Burt Gummer returns home to Perfection, to find that the little town has been shaken up again by morphing, man-eating Graboids.",Brent Maddock,104 mins,"Horror, Science Fiction, Comedy","Michael Gross, Shawn Christian, Susan Chuang",Tremors 3: Back to Perfection,2001,https://letterboxd.com/film/tremors-3-back-to-perfection/
New Alcatraz,2001,"Paleontologist Robert Trenton is called to Northeastern Antarctica near the Indian Ocean to help the FBI build an underground maximum-security military base and prison for the world's most dangerous criminals and terrorists, which is dubbed ""New Alcatrax"" by the staff. While building the prison, the staff accidentally awaken and unleash a prehistoric Boa Constrictor from its 200 year hibernation.",Phillip J. Roth,95 mins,"Science Fiction, Action, Horror","Dean Cain, Lisa Lackey, Mark Sheppard",New Alcatraz,2001,https://letterboxd.com/film/new-alcatraz/
"Godzilla, Mothra and King Ghidorah: Giant Monsters All-Out Attack",2001,"Godzilla has become a distant memory for Japan when the destruction of a US submarine raises alarms for Admiral Tachibana. His estranged daughter Yuri investigates the legend of the guardian monsters, who must rise to protect Japan against the vengeful spirits within Godzilla that seek to destroy both the nation and its people for the suffering they inflicted in the Pacific conflict.",Shusuke Kaneko,105 mins,"Adventure, Horror, Science Fiction, Action, Fantasy","Chiharu Niiyama, Ryudo Uzaki, Masahiro Kobayashi","Godzilla, Mothra and King Ghidorah: Giant Monsters All-Out Attack",2001,https://letterboxd.com/film/godzilla-mothra-and-king-ghidorah-giant-monsters-all-out-attack/
Patlabor WXIII the Movie,2002,"Set in the year 2000, when the level of Labor accidents begin to escalate around Tokyo Bay, police detectives Kusumi and Hata are assigned to investigate. What they discover leads to a series of government cover-ups, conspiracy concerning a new biological weapon entitled WXIII-Wasted Thirteen and a tragic, personal connection to Hata. The only hope to stop this threat is to cooperate with the military and lead WXIII into a showdown with the Labors of Special Vehicle Division 2.","Fumihiko Takayama, Takuji Endo",107 mins,"Thriller, Action, Animation, Science Fiction","Hiroaki Hirata, Katsuhiko Watabiki, Atsuko Tanaka",Patlabor WXIII the Movie,2002,https://letterboxd.com/film/patlabor-wxiii-the-movie/
Eight Legged Freaks,2002,"The residents of a rural mining town discover that an unfortunate chemical spill has caused hundreds of little spiders to mutate overnight to the size of SUVs. It's then up to mining engineer Chris McCormack and Sheriff Sam Parker to mobilize an eclectic group of townspeople, including the Sheriff's young son, Mike, her daughter, Ashley, and paranoid radio announcer Harlan, into battle against the bloodthirsty eight-legged beasts.",Ellory Elkayem,99 mins,"Horror, Thriller, Comedy, Action","David Arquette, Kari Wührer, Doug E. Doug",Eight Legged Freaks,2002,https://letterboxd.com/film/eight-legged-freaks/
Ultraman Cosmos 2: The Blue Planet,2002,"When he returns to Earth to attend the wedding of his friend in Saipan, Musashi meets a beautiful girl named Shau who claims to come from the bottom of the sea. Just then, Monster Scorpis reappears in the sky above the island and Musashi faces the monster in order to protect the girl. What is the girl's true form? And what is the strange shadowy form that follows the monster Scorpis?",Tsugumi Kitaura,75 mins,"Science Fiction, Action, Adventure, Family","Taiyo Sugiura, Miho Kaneko, Masatoshi Matsuo",Ultraman Cosmos 2: The Blue Planet,2002,https://letterboxd.com/film/ultraman-cosmos-2-the-blue-planet/
New Century Ultraman Legend,2002,"New Century Ultraman Legend (新世紀ウルトラマン伝説 Shinseki Urutoraman Densetsu) is a short movie that was simultaneously shown alongside Ultraman Cosmos 2: The Blue Planet. It stars all the Ultras who had been introduced up to and including Ultraman Cosmos, including the animated Ultras.",Kiyoshi Suzuki,15 mins,"Action, Science Fiction, Music, Fantasy","Toshikazu Fukawa, Hiromi Ono, Kubokanji",New Century Ultraman Legend,2002,https://letterboxd.com/film/new-century-ultraman-legend/
Godzilla Against MechaGodzilla,2002,"JSDF pilot Akane has a fateful encounter when a new Godzilla emerges in Tateyama. As a countermeasure, a cyborg named Kiryu is constructed from the remains of the original. The machine is discovered to harbor the restless soul of the original monster as Akane must learn to find value in her own life as well.",Masaaki Tezuka,88 mins,"Action, Thriller, Science Fiction","Yumiko Shaku, Shin Takuma, Kana Onodera",Godzilla Against MechaGodzilla,2002,https://letterboxd.com/film/godzilla-against-mechagodzilla/
Ultraman Cosmos vs. Ultraman Justice: The Final Battle,2003,"Once again, Musashi has encounter Ultraman Cosmos. Now Ultraman Cosmos has gained some new modes to defeat Scropis. Musashi has joined Team Sea to save the Blue Area. But there is mysterious evil monster, Sandros, who wants to destroy the Earth. Now it is up Musashi and Ultraman Cosmos to defeat Sandros and who’s the other Ultraman?",Tsugumi Kitaura,77 mins,"Science Fiction, Adventure, Family, Action","Taiyo Sugiura, Kounosuke Tokai, Kazue Fukiishi",Ultraman Cosmos vs. Ultraman Justice: The Final Battle,2003,https://letterboxd.com/film/ultraman-cosmos-vs-ultraman-justice-the-final-battle/
New Century 2003 Ultraman Legend: THE KING'S JUBILEE,2003,"New Century 2003 Ultraman Legend: THE KING'S JUBILEE is a short movie that was simultaneously shown alongside Ultraman Cosmos Vs Ultraman Justice: The Final Battle. It features all the Ultras who had been introduced up to and including Ultraman Justice. The movie is about the Ultras celebrating Ultraman King's 300,000th birthday.",Kiyoshi Suzuki,20 mins,"Action, Science Fiction, Fantasy, Music",,New Century 2003 Ultraman Legend: THE KING'S JUBILEE,2003,https://letterboxd.com/film/new-century-2003-ultraman-legend-the-kings-jubilee/
Godzilla: Tokyo S.O.S.,2003,"Mothra and her fairies return to Japan to warn mankind that they must return Kiryu to the sea, for the dead must not be disturbed. However Godzilla has survived to menace Japan leaving Kiryu as the nation's only defense.",Masaaki Tezuka,91 mins,"Adventure, Action, Science Fiction, Fantasy","Noboru Kaneko, Miho Yoshioka, Mitzuki Koga",Godzilla: Tokyo S.O.S.,2003,https://letterboxd.com/film/godzilla-tokyo-sos/
Arachnia,2003,"When a small research plane carrying a group of science students and their professor crash-lands in the middle of nowhere, the survivors go to a nearby farmhouse to look for help but soon find themselves besieged by giant mutant spiders.",Brett Piper,82 mins,"Science Fiction, Horror","Rob Monkiewicz, Irene Joseph, David Bunce",Arachnia,2003,https://letterboxd.com/film/arachnia/
Tremors 4: The Legend Begins,2004,"In 1889, seventeen men die under mysterious circumstances, and spooked by recent events, the miners who populate the town leave in droves until there's nothing left but a shell of a community.",S.S. Wilson,101 mins,"Science Fiction, Western, Comedy, Horror","Michael Gross, Sara Botsford, Billy Drago",Tremors 4: The Legend Begins,2004,https://letterboxd.com/film/tremors-4-the-legend-begins/
Monster Island,2004,"Mutant radioactive bugs attack VJs, Carmen Electra and an island full of MTV contest winners in this tongue-in-cheek tribute to B-movies, monster flicks and even MTV. MTV Original Movies presents Monster Island, a flick with old school effects mixed with hot new celebrities. There’s action, romance and big bugs--now is that something you really want to miss?",Jack Perez,88 mins,"TV Movie, Adventure, Horror, Comedy","Daniel Letterle, Mary Elizabeth Winstead, Chelan Simmons",Monster Island,2004,https://letterboxd.com/film/monster-island/
Garuda,2004,"In Bangkok, construction workers come across a rock which cannot be drilled, and discover dinosaur-like fossils of a creature resembling the Garuda from Thai-Hindu mythology. Two American archeologists investigate, awakening the creature which then goes on a rampage.",Monthon Arayangkoon,113 mins,"Science Fiction, Action, Thriller","Sornram Theppitak, Sara Legge, Dan Fraser",Garuda,2004,https://letterboxd.com/film/garuda/
Boa vs. Python,2004,"After an overly ambitious businessman transports an 80-foot python to the United States, the beast escapes and starts to leave behind a trail of human victims. An FBI agent and a snake specialist come up with a plot to combat the creature by pitting it against a bioengineered, 70-foot boa constrictor. It's two great snakes that snake great together!",David Flores,92 mins,"Horror, Science Fiction","David Hewlett, Jaime Bergman, Kirk B.R. Woller",Boa vs. Python,2004,https://letterboxd.com/film/boa-vs-python/
Ultraman: The Next,2004,"First Lieutenant Shun'ichi Maki of the Japan Air Self-Defense Force is a prestigious F-15 Eagle jet pilot (or ""driver"" as he is called in the film). A lifelong fan of flying since he was a child, being a pilot is his ultimate dream. Unfortunately, his duties distance himself from his wife, Yoko, who always ends up being neglected, and his son, Tsugumu, who has a congenital blood disease and has a high risk of dying at a young age.Maki decides to quit the Air Force to devote more time to his family and to spend whatever is left for his son. He takes a part-time job as a commercial tour guide run by a kindly group of people who allow him time to work and to also take care of his family.",Kazuya Konaka,97 mins,"Science Fiction, Action, Family, Adventure","Tetsuya Bessho, Kyooko Tooyama, Kenya Osumi",Ultraman: The Next,2004,https://letterboxd.com/film/ultraman-the-next/
Godzilla: Final Wars,2004,"Humanity finally rids themselves of Godzilla, imprisoning him in an icy tomb in the South Pole. All is peaceful until various monsters emerge to lay waste to Earth's cities. Overwhelmed, humanity is seemingly saved by a race of benevolent aliens known as Xiliens. But not all is what it seems with these bizarre visitors. If humanity wishes to survive, they must reluctantly resurrect their most hated enemy, Godzilla.",Ryûhei Kitamura,125 mins,"Science Fiction, Action, Adventure, Thriller, Fantasy","Masahiro Matsuoka, Rei Kikukawa, Don Frye",Godzilla: Final Wars,2004,https://letterboxd.com/film/godzilla-final-wars/
Ultraman Hayata: The Lost Films,2005,"This DVD set have all The Ultraman pre-release lost films, recorded in 8mm, and release officialy in 2005 with a photobook.",,20 mins,"Action, Fantasy",,Ultraman Hayata: The Lost Films,2005,https://letterboxd.com/film/ultraman-hayata-the-lost-films/
The Naked Monster,2005,"Using soundtracks and extensive footage from many old movies, this spoof/homage of 1950's science-fiction films brings back many favorite actors from these classic movies, some reprising their former roles, to help destroy a giant stop-motion monster that is threatening to destroy Los Angeles.","Ted Newsom, Wayne Berwick",100 mins,"Comedy, Horror, Science Fiction","Kenneth Tobey, Brinke Stevens, John Agar",The Naked Monster,2005,https://letterboxd.com/film/the-naked-monster/
Komodo vs. Cobra,2005,"A team of environmentalists, including a reporter, her camera man, and an environmentalist's famous girlfriend charter a boat and with the captain, sail to a military island. They suspect the island is hosting to illegal activities. Upon arrival, however, they find no one. They finally reach a deserted house, where they find Dr. Susan Richardson, who tells them that everyone on the island is dead, including her father. Richardson's team were working on a compound that could make edible plants grow to super size, however the military intervened with plans of their own. They wanted to test the compound's effects on animals, and proceeded to feed it to several komodo dragons and cobras.",Jim Wynorski,94 mins,"TV Movie, Science Fiction, Horror","Michael Paré, Michelle Borth, Ryan McTavish",Komodo vs. Cobra,2005,https://letterboxd.com/film/komodo-vs-cobra/
The Call of Cthulhu,2005,"A dying professor leaves his great-nephew a collection of documents pertaining to the Cthulhu Cult. The nephew begins to learn why the study of the cult so fascinated his grandfather. Bit-by-bit he begins piecing together the dread implications of his grandfather's inquiries, and soon he takes on investigating the Cthulhu cult as a crusade of his own.",Andrew Leman,47 mins,"Thriller, Horror, Fantasy, Science Fiction","Matt Foyer, John Bolen, Ralph Lucas",The Call of Cthulhu,2005,https://letterboxd.com/film/the-call-of-cthulhu/
Negadon: The Monster from Mars,2005,"It is the near future, in the 100th year of Showa (year 2025). The population of world is more than 10 billion, and a world-class space development project called ""Mars Terraforming Project"" is in process. One day, a spaceship ""Izanami"" crashes in Japan on the way from Mars, and it revives the monster Negadon, which was captured by the spaceship. Can the human race knock down the monster !? Under the desperate situation, a middle age man Ryuichi Narasaki rises up against the monster. He is a robotics expert who lost his daughter in an accident during his experiments. Now, the desperate struggle between Narasaki and Negadon begins!!",Jun Awazu,27 mins,"Animation, Action, Science Fiction","Takuma Sasahara, Dai Shimizu, Akane Yumoto",Negadon: The Monster from Mars,2005,https://letterboxd.com/film/negadon-the-monster-from-mars/
Kong: King of Atlantis,2005,"Gigantic Kong, who has reborn from the original King Kong DNA and the DNA from his human 'brother' Jason, is the king of the island where it lives. But now, according to an ancient prophecy, the ancient civilization of Atlantis has resurfaced from the seabed and its evil queen wants him to govern with him to become again Kong: King of Atlantis. But Jason and his brave friends try to prevent the plans of the queen facing soldiers, enormous animals, many obstacles, puzzles and enemies. In the midst of exciting action-packed adventures, Jason will have to use his special powers of cyber-union so that he and Kong will become a single hero. Only together can save Kong Island ...",Patrick Archibald,69 mins,"Animation, Adventure, Family, Science Fiction","Kirby Morrow, Saffron Henderson, Scott McNeil",Kong: King of Atlantis,2005,https://letterboxd.com/film/kong-king-of-atlantis/
King Kong,2005,"In 1933 New York, an overly ambitious movie producer coerces his cast and hired ship crew to travel to mysterious Skull Island, where they encounter Kong, a giant ape who is immediately smitten with the leading lady.",Peter Jackson,188 mins,"Action, Adventure, Drama","Naomi Watts, Adrien Brody, Jack Black",King Kong,2005,https://letterboxd.com/film/king-kong-2005/
King of the Lost World,2005,"In this modern retelling of Sir Arthur Conan Doyle's fantasy action-adventure classic, a commercial airliner crashes deep in the heart of the Amazon. Now, the survivors must face a mysterious and hostile world inhabited by giant scorpions, dragons, and a simian beast that stands ten stories tall.",Leigh Scott,85 mins,"Drama, Action, Thriller, Science Fiction","Bruce Boxleitner, Sarah Lieving, Rhett Giles",King of the Lost World,2005,https://letterboxd.com/film/king-of-the-lost-world/
Super Star Fleet Sazer-X the Movie: Fight! Star Warriors,2005,"The Sazer-X team find a mysterious boy who claims to have amnesia, meanwhile, an ancient evil has awakened and begins consuming the people of earth. Bosquito, an extremely powerful evil being from ancient times has absorbed the power of the Justirisers and is using it to fuel its own minions. Sazer-X, the Justirisers, and the Gransazers must work together to defeat this villain and save the planet.",Kazuki Ōmori,70 mins,"Fantasy, Science Fiction, Family, Action, Adventure","Ryosuke Takahashi, Gaku Shindou, Ryosuke Miura",Super Star Fleet Sazer-X the Movie: Fight! Star Warriors,2005,https://letterboxd.com/film/super-star-fleet-sazer-x-the-movie-fight-star-warriors/
Mirrorman Reflex,2006,"After dying in battle, Japanese soldier Akira Kageyama (Karato) is resurrected as a ‘mirror demon’ a supernatural agent capable of growing to enormous size. He uses his new abilities to defend the Manifest Realm from evil spirits.",Kazuya Konaka,105 mins,Science Fiction,"Ryo Karato, Miku Ishida, Nobuyuki Ishida",Mirrorman Reflex,2006,https://letterboxd.com/film/mirrorman-reflex/
The Host,2006,"A teenage girl is captured by a giant mutated squid-like creature that appears from Seoul's Han River after toxic waste was dumped in it, prompting her family into a frantic search for her.",Bong Joon Ho,120 mins,"Drama, Science Fiction, Horror","Song Kang-ho, Byun Hee-bong, Park Hae-il",The Host,2006,https://letterboxd.com/film/the-host/
Ultraman Mebius & Ultra Brothers,2006,"In the beginning of the movie, 20 years ago, on the moon, the 4 Ultra brothers, Ultraman, Seven, Jack, and Ace were fighting a deadly foe known as Yapool, a monster that was several times their size. As they fought, Yapool had a clear advantage and used his several claws to grasp the brothers, although, they managed to clear from the claws through there powers and used a combined Specium Ray to no avail. The monster then flies off to Earth to dodge the attack and the brothers follow. The brothers were barely able to defeat Yapool but the monster still needed to be sealed. However, to seal Yapool away they were forced to give up the ability to transform, and took up jobs to be in the area of Kobe in case the monster ever returned.",Kazuya Konaka,93 mins,"Adventure, Action, Science Fiction","Shunji Igarashi, Susumu Kurobe, Kohji Moritsugu",Ultraman Mebius & Ultra Brothers,2006,https://letterboxd.com/film/ultraman-mebius-ultra-brothers/
Gamera the Brave,2006,"A young boy in a peaceful seaside town gets more than he bargained for when he takes home a mysterious egg. When it hatches, out comes a baby turtle that grows into a new version of Gamera. But will it become powerful enough in time to defeat the rampaging monster Zedus?",Ryuta Tasaki,96 mins,"Science Fiction, Action, Fantasy, Family, Adventure","Ryo Tomioka, Kaho, Kanji Tsuda",Gamera the Brave,2006,https://letterboxd.com/film/gamera-the-brave/
Big Man Japan,2007,"Daisato, a second-rate, third-generation superhero, annoys his neighbors with the noise and destruction he causes on the job. But a heroic public image is the least of his concerns. Besides defending Japan from bizarre monsters, he must deal with an agent seeking to brand him with ads, a superhero grandfather with Alzheimer's and a family embarrassed by his incompetence.",Hitoshi Matsumoto,113 mins,"Comedy, Action, Science Fiction","Hitoshi Matsumoto, UA, Itsuji Itao",Big Man Japan,2007,https://letterboxd.com/film/big-man-japan/
Kong: Return to the Jungle,2006,Hunters transport a great ape from his island habitat to a zoo in New York.,Stuart Evans,81 mins,"Family, Animation","Kirby Morrow, Scott McNeil, Saffron Henderson",Kong: Return to the Jungle,2006,https://letterboxd.com/film/kong-return-to-the-jungle/
Dragon Wars: D-War,2007,"Ethan learns he carries the spirit of a warrior who battled dragons in 16th-century Korea -- and one day he'll find a tattooed girl carrying the spirit of that warrior's beloved. Years later, he meets Sarah and dragons soon descend on Los Angeles seeking out the two souls of the ancient lovers.",Shim Hyung-rae,90 mins,"Drama, Horror, Fantasy, Action, Science Fiction, Thriller","Jason Behr, Amanda Brooks, Robert Forster",Dragon Wars: D-War,2007,https://letterboxd.com/film/dragon-wars-d-war/
Evangelion: 1.0 You Are (Not) Alone,2007,"After the Second Impact, Tokyo-3 is being attacked by giant monsters called Angels that seek to eradicate humankind. The child Shinji’s objective is to fight the Angels by piloting one of the mysterious Evangelion mecha units. A remake of the first six episodes of GAINAX’s famous 1996 anime series. The film was retitled “Evangelion: 1.01” for its DVD release and “Evangelion: 1.11” for a release with additional scenes.","Kazuya Tsurumaki, Masayuki, Hideaki Anno",101 mins,"Animation, Drama, Action, Science Fiction","Megumi Ogata, Megumi Hayashibara, Kotono Mitsuishi",Evangelion: 1.0 You Are (Not) Alone,2007,https://letterboxd.com/film/evangelion-10-you-are-not-alone/
Always: Sunset on Third Street 2,2007,"A year has passed in postwar Tokyo, and struggling writer Chagawa enters the Akutagawa Prize competition in hopes of securing a better future for the boy in his care, while the Suzuki family unexpectedly take in a new relative who looks down on their humble way of life.",Takashi Yamazaki,146 mins,"Drama, Comedy","Hidetaka Yoshioka, Shinichi Tsutsumi, Koyuki",Always: Sunset on Third Street 2,2007,https://letterboxd.com/film/always-sunset-on-third-street-2/
Cloverfield,2008,"Five young New Yorkers throw their friend a going-away party the night that a monster the size of a skyscraper descends upon the city. Told from the point of view of their video camera, the film is a document of their attempt to survive the most surreal, horrifying event of their lives.",Matt Reeves,85 mins,"Action, Thriller, Horror, Science Fiction","Lizzy Caplan, Jessica Lucas, T.J. Miller",Cloverfield,2008,https://letterboxd.com/film/cloverfield/
100 Million BC,2008,"A scientist from the failed Philadelphia Experiment leads a team of Navy SEALs back in time to the Cretaceous Period to rescue the first team he sent back during the 1940s. Things go wildly awry though, when on his return he accidentally brings a giant, man-eating dinosaur back through the portal and into modern-day, downtown Los Angeles.",Griff Furst,85 mins,"Science Fiction, TV Movie, Adventure, Action","Michael Gross, Christopher Atkins, Greg Evigan",100 Million BC,2008,https://letterboxd.com/film/100-million-bc/
Reigo: King of the Sea Monsters,2008,"Set in World War II, the film depicts the story of the real-life Japanese battleship, the Yamato, which is confronted in the Pacific Ocean by giant monsters, including the most fearsome of them all, Reigo.",Shinpei Hayashiya,81 mins,"Science Fiction, Fantasy","Yukijiro Hotaru, Miyu Oriyama, Mao Urata",Reigo: King of the Sea Monsters,2008,https://letterboxd.com/film/reigo-king-of-the-sea-monsters/
Ultraman Mebius Side Story: Armored Darkness - STAGE I: The Legacy of Destruction,2008,"The first of a 2-part sequel to the 2006 TV Series Ultraman Mebius. After the death of Alien Empera, the sentient being known as Armored Darkness is activated to carry out the Emperor's Plan B. To make its presence known, Armored Darkness revives the monsters Saramandora, Roberuga, Mukadender, and Cherubim.",Tomoki Sano,24 mins,"Science Fiction, Adventure, Family, Action","Shunji Igarashi, Daisuke Watanabe, Ryuuzaburou Ootomo",Ultraman Mebius Side Story: Armored Darkness - STAGE I: The Legacy of Destruction,2008,https://letterboxd.com/film/ultraman-mebius-side-story-armored-darkness-stage-i-the-legacy-of-destruction/
Ultraman Mebius Side Story: Armored Darkness - STAGE II: The Immortal Wicked Armor,2008,"While the Subordinate weeped, Mirai informed him that Ryu was alive, saved by the power of Ultraman King. He revealed that after Alien Emperor's defeat, Armored Darkness had been known for some time and Ultraman Hikari was sent by Ultraman King to destroy it before it could reach Earth, but the Armor's strength overpowered him and possessed him.",Tomoki Sano,24 mins,"Action, Family, Science Fiction, Adventure","Shunji Igarashi, Minoru Tanaka, Daisuke Watanabe",Ultraman Mebius Side Story: Armored Darkness - STAGE II: The Immortal Wicked Armor,2008,https://letterboxd.com/film/ultraman-mebius-side-story-armored-darkness-stage-ii-the-immortal-wicked-armor/
Superior Ultra 8 Brothers,2008,"Ultraman Mebius is joined once again by Ultraman, Ultra Seven, Ultraman Jack, and Ultraman Ace, as well as three later Ultramen (Tiga, Dyna, and Gaia) to fight more powerful versions of familiar Ultra Monsters.",Takeshi Yagi,98 mins,"Comedy, Drama, Science Fiction, Fantasy, Family, Action","Hiroshi Nagano, Takeshi Tsuruno, Takeshi Yoshioka",Superior Ultra 8 Brothers,2008,https://letterboxd.com/film/superior-ultra-8-brothers/
The Monster X Strikes Back: Attack the G8 Summit,2008,"When heads of state gather at the G8 summit in Japan, Guilala -- the intergalactic monster that had been banished from the earth in The X from Outer Space -- returns to ravage the Japanese countryside and threaten the world leaders. Military strikes prove futile against the beast, but a reporter learns that one rural community possesses a strange ritual that might influence the creature. Minoru Kawasaki directs this campy satire.",Minoru Kawasaki,98 mins,"Comedy, Horror, Science Fiction","Natsuki Kato, Kazuki Kato, Hide Fukumoto",The Monster X Strikes Back: Attack the G8 Summit,2008,https://letterboxd.com/film/the-monster-x-strikes-back-attack-the-g8-summit/
Geharha: The Dark and Long-Haired Monster,2009,"A fishing boat is attacked at sea by a gigantic, hairy monster. After examining the sole survivor (Kanji Tsuda), scientific adviser Dr Murakami (Shiro Sano) suspects the culprit is a “Keukegen spectre”, a shaggy supernatural beast from Japanese folklore. The announcement leads reporter Hideo Akihara (Ken Osawa) to a forest shrine dedicated to the Keukegen Geharha, where he finds several worshipers and learns that an ancient seal containing the monster has been broken.",Kiyotaka Taguchi,15 mins,"Fantasy, Action, Horror, Science Fiction, Comedy","Ken Osawa, Mina Fujii, Mitsuko Oka",Geharha: The Dark and Long-Haired Monster,2009,https://letterboxd.com/film/geharha-the-dark-and-long-haired-monster/
Space Monster DEMEKING,2009,"Junior high school student Hiroshi, who will only play with younger children, meets the young, taciturn Hachiya as he rides his bike. Shortly after, a strange friendship begins to blossom between them. But then Hachiya disappears, leaving behind only the puzzling words, ""I am going to fight Demeking.""",Kotaro Terauchi,99 mins,"Action, Adventure","Takeshi Nadagi, Manami Honjo, Guts Ishimatsu",Space Monster DEMEKING,2009,https://letterboxd.com/film/space-monster-demeking/
Monsters vs Aliens,2009,"When Susan Murphy is unwittingly clobbered by a meteor full of outer space gunk on her wedding day, she mysteriously grows to 49-feet-11-inches. The military jumps into action and captures Susan, secreting her away to a covert government compound. She is renamed Ginormica and placed in confinement with a ragtag group of Monsters...","Rob Letterman, Conrad Vernon",94 mins,"Family, Science Fiction, Animation, Adventure","Reese Witherspoon, Seth Rogen, Hugh Laurie",Monsters vs Aliens,2009,https://letterboxd.com/film/monsters-vs-aliens/
Mega Shark vs. Giant Octopus,2009,The California coast is terrorized by two enormous prehistoric sea creatures as they battle each other for supremacy of the sea.,Jack Perez,90 mins,"Science Fiction, Horror","Lorenzo Lamas, Debbie Gibson, Sean Lawlor",Mega Shark vs. Giant Octopus,2009,https://letterboxd.com/film/mega-shark-vs-giant-octopus/
Evangelion: 2.0 You Can (Not) Advance,2009,"Under constant attack by monstrous creatures called Angels that seek to eradicate humankind, U.N. Special Agency NERV introduces two new EVA pilots to help defend the city of Tokyo-3: the mysterious Makinami Mari Illustrous and the intense Asuka Langley Shikinami. Meanwhile, Gendo Ikari and SEELE proceed with a secret project that involves both Rei and Shinji.","Masayuki, Kazuya Tsurumaki, Hideaki Anno",112 mins,"Action, Animation, Drama, Science Fiction","Megumi Ogata, Megumi Hayashibara, Yuko Miyamura",Evangelion: 2.0 You Can (Not) Advance,2009,https://letterboxd.com/film/evangelion-20-you-can-not-advance/
Deep Sea Monster Raiga,2009,"When the Earth's ecosystem is disrupted due to global warming, a plethora of prehistoric sea monsters wage war on Japan. Led by the powerful Raiga, the monsters ravage the city of Asakusa.",Shinpei Hayashiya,80 mins,"Action, Fantasy","Yukijiro Hotaru, Miyu Oriyama, Mao Urata",Deep Sea Monster Raiga,2009,https://letterboxd.com/film/deep-sea-monster-raiga/
Mega Monster Battle: Ultra Galaxy Legends The Movie,2009,"Ultraman and his comrades from M-78 (including a new Ultraman, Zero, the son of Ultra Seven) join forces with other allies to fight a massive army of giant monsters led by the evil Ultraman Belial.",Koichi Sakamoto,96 mins,"Adventure, Science Fiction, Action, Animation","Shota Minami, Susumu Kurobe, Kohji Moritsugu",Mega Monster Battle: Ultra Galaxy Legends The Movie,2009,https://letterboxd.com/film/mega-monster-battle-ultra-galaxy-legends-the-movie/
Monsters,2010,"Six years ago NASA discovered the possibility of alien life within our solar system. A probe was launched to collect samples, but crashed upon re-entry over Central America. Soon after, new life forms began to appear and half of Mexico was quarantined as an infected zone. Today, the American and Mexican military still struggle to contain ""the creatures,"" while a journalist agrees to escort a shaken tourist through the infected zone in Mexico to the safety of the U.S. border.",Gareth Edwards,94 mins,"Drama, Science Fiction, Thriller","Scoot McNairy, Whitney Able, Mario Zuniga Benavides",Monsters,2010,https://letterboxd.com/film/monsters/
Death Kappa,2010,"When military experiments go haywire and trigger an atomic bomb, the consequences are of epic proportions. A monster arrives in the midst of the nuclear fallout, and Japan's defenses are helpless against it. Mankind's only savior is an irradiated water goblin from Japanese folklore called the ""Death Kappa."" The two rival monsters must go head-to-head in the ultimate battle between good and evil!",Tomoo Haraguchi,79 mins,"Comedy, Horror, Fantasy, Action, Science Fiction","Misato Hirata, Mika Kimura, Ryûki Kitaoka",Death Kappa,2010,https://letterboxd.com/film/death-kappa/
Mega Piranha,2010,"When a science experiment goes horribly wrong, gigantic fish gain appetites for human flesh.","Eric Forsberg, Stuart Gillard",92 mins,"Science Fiction, Action, Adventure","Paul Logan, Tiffany, Barry Williams",Mega Piranha,2010,https://letterboxd.com/film/mega-piranha/
Troll Hunter,2010,"A group of students investigates a series of mysterious bear killings, but learns that there are much more dangerous things going on. They start to follow a mysterious hunter, learning that he is actually a troll hunter.",André Øvredal,104 mins,"Fantasy, Horror","Otto Jespersen, Glenn Erland Tosterud, Johanna Mørck",Troll Hunter,2010,https://letterboxd.com/film/troll-hunter/
2010: Moby Dick,2010,"That infamous whale is bigger, badder and a whole lot stronger in this sci-fi reimagining of Herman Melville’s classic tale of the battle between man, sea and sea creature starring “Xena” alum Rene O’Connor as the (traditionally male) narrator. But the boat — now a high-tech submarine — is also bigger, and Capt. Ahab is as determined as ever to settle the score and take down the mighty sea mammal that maimed him.",Trey Stokes,87 mins,"Action, Adventure","Barry Bostwick, Renée O'Connor, Veronika Kurshinskaya",2010: Moby Dick,2010,https://letterboxd.com/film/2010-moby-dick/
Mega Shark vs. Crocosaurus,2010,"When the prehistoric warm-water beast the Crocosaurus crosses paths with that cold-water monster the Mega Shark, all hell breaks loose in the oceans as the world's top scientists explore every option to halt the aquatic frenzy. Swallowing everything in their paths -- including a submarine or two -- Croc and Mega lead an explorer and an oceanographer on a wild chase. Eventually, the desperate men turn to a volcano for aid.",Christopher Ray,90 mins,"Science Fiction, Action, Horror","Jaleel White, Sarah Lieving, Gary Stretch",Mega Shark vs. Crocosaurus,2010,https://letterboxd.com/film/mega-shark-vs-crocosaurus/
Mega Python vs. Gatoroid,2011,"A fanatical animal rights activist releases giant pythons into the Everglades, believing the wild animals should be set free. When they start decimating the native animal population, an over-zealous park ranger feeds experimental steroids to wild alligators so they can fight back. The giant pythons and gargantuan alligators go on a killing spree, and it is now left up to the two feuding women to put aside their differences to put a stop to the creatures and the destruction.",Mary Lambert,90 mins,"Science Fiction, Adventure, Action","Tiffany, Debbie Gibson, A Martinez",Mega Python vs. Gatoroid,2011,https://letterboxd.com/film/mega-python-vs-gatoroid/
Ultraman Zero: The Revenge of Belial,2010,"Ultraman Zero, the rookie Ultraman from Tsuburaya Productions’ 2009 theatrical movie returns, and getting full-fledged. However, he is confronted with the empowered Kaiser Belial, back from the evil Ultraman Belial whom he and other Ultraman warriors battled so hard on the m-78 Planet. Can Ultraman Zero live to the expectations of his legendary father Ultra Seven? Check it out in the latest Tsuburaya Productions’ action packed movie.",Yūichi Abe,99 mins,"Action, Family, Adventure, Science Fiction","Mamoru Miyano, Tatsuomi Hamada, Yu Koyanagi",Ultraman Zero: The Revenge of Belial,2010,https://letterboxd.com/film/ultraman-zero-the-revenge-of-belial/
The God of Clay,2011,"A 2011 tokusatsu kaiju short film produced by Dream Planet Japan and Marbling Fine Arts. Initially directed by Nobuaki Sugimoto, it was completed by Koichi Kawakita. It is based on the 1993 children's book of the same name by Masamoto Nasu. This was Koichi Kawakita's final film before his death in 2014.","Nobuaki Sugimoto, Koichi Kawakita, Hiromasa Mitsudome",11 mins,Science Fiction,,The God of Clay,2011,https://letterboxd.com/film/the-god-of-clay/
Giant Heroine Sigma Lady,2011,"Very amusing and well made spoof of Ultraman. The titular heroine gets molested by an alien, a giant monster and her evil clone.",,65 mins,Science Fiction,"Kawakami Yuu, Yoshikazu Ishii",Giant Heroine Sigma Lady,2011,https://letterboxd.com/film/giant-heroine-sigma-lady/
Monster High: Escape from Skull Shores,2012,"It's officially Spring Break at Monster High, and Lagoona takes her gilfriends across the sea to the Great Barrier Reef, but they are ship wrecked and end up on a mysterious skull shaped island. At Skull Shores, they enjoy the local hospitality until they realize that they are being used by a slippery showman named Farnum to lure the rarest, most mysterious monster of them all, ""the Beast.”",Steve Ball,45 mins,"Fantasy, Animation, Family","Kate Higgins, Laura Bailey, Salli Saffioti",Monster High: Escape from Skull Shores,2012,https://letterboxd.com/film/monster-high-escape-from-skull-shores/
Ultraman Saga,2012,"Ultraman Saga opens with a powerful apocalyptic vision of Tokyo, buildings destroyed and the city seemingly devoid of life. We are soon introduced to the Earth Defense Force (EDF), Team U (played by members of the female idol group AKB48). They and a group of young children and the last survivors on planet Earth after the world was invaded by the evil Alien Bat, the rest of the human population having been abducted.",Hideki Oka,90 mins,"Family, Science Fiction, Adventure, Action","Takeshi Tsuruno, DAIGO, Taiyo Sugiura",Ultraman Saga,2012,https://letterboxd.com/film/ultraman-saga/
Bigfoot,2012,"A rock concert awakens the legendary monster, who goes on a rampage. The event's organizer plans to kill the beast and create a tourist attraction around its stuffed body, but an environmentalist realizes the creature is the last of its species, and is determined to make sure it does not become extinct.",Bruce Davison,89 mins,"Science Fiction, TV Movie, Adventure, Horror","Barry Williams, Howard Hesseman, Sherilyn Fenn",Bigfoot,2012,https://letterboxd.com/film/bigfoot-2012/
Giant God Warrior Appears in Tokyo,2012,"The short focuses on the God Warrior from Nausicaa of The Valley of The Wind (1984). Super-powered bio-weapons in ceramic armor begin attacking Tokyo, annihilating human civilization.",Shinji Higuchi,10 mins,"Horror, Science Fiction, Animation, Action","Megumi Hayashibara, Hayao Miyazaki",Giant God Warrior Appears in Tokyo,2012,https://letterboxd.com/film/giant-god-warrior-appears-in-tokyo/
Evangelion: 3.0 You Can (Not) Redo,2012,"Fourteen years after Third Impact, Shinji Ikari awakens to a world he does not remember. He hasn't aged. Much of Earth is laid in ruins, NERV has been dismantled, and people who he once protected have turned against him. Befriending the enigmatic Kaworu Nagisa, Shinji continues the fight against the angels and realizes the fighting is far from over, even when it could be against his former allies. The characters' struggles continue amidst the battles against the angels and each other, spiraling down to what could inevitably be the end of the world.","Hideaki Anno, Kazuya Tsurumaki, Masayuki, Mahiro Maeda",96 mins,"Animation, Science Fiction, Action, Drama","Megumi Ogata, Yuko Miyamura, Akira Ishida",Evangelion: 3.0 You Can (Not) Redo,2012,https://letterboxd.com/film/evangelion-30-you-can-not-redo/
Spiders,2013,"After a Soviet space station crashes into a New York City subway tunnel, a species of venomous spiders is discovered, and soon they mutate to gigantic proportions and wreak havoc on the city.",Tibor Takács,89 mins,"Science Fiction, Thriller","Patrick Muldoon, Christa Campbell, William Hope",Spiders,2013,https://letterboxd.com/film/spiders-2013/
Jack the Giant Killer,2013,"A giant beanstalk brings Jack to a land in the clouds filled with snarling, evil beasts. When the creatures make their way to the ground, Jack must figure out how to get back down before they destroy earth and everyone in it.",Mark Atkins,87 mins,"Fantasy, Action, Adventure","Ben Cross, Jane March, Jamie Atkins",Jack the Giant Killer,2013,https://letterboxd.com/film/jack-the-giant-killer-2013/
Kamen Rider × Super Sentai × Space Sheriff: Super Hero Wars Z,2013,"A new evil organization known as Space Shocker, which are led by the magic-using Space Ikadevil and Space Spider Man, threatens the Earth by causing an unknown phenomenon. The Space Sheriffs Gavan type-G and Sharivan are sent to execute all magic-users on Earth in response to the threat and begins to attack Kamen Riders Wizard and Beast. The Space Crime Syndicate Madou, who were once defeated by the original Sharivan return, to cause even more havoc in the world. During this, Yoko finds a mysterious little robot called Psycholon, which Space Shocker and the Madou are after for unknown reasons.",Osamu Kaneda,92 mins,"Action, Adventure, Science Fiction","Yuma Ishigaki, Junya Ikeda, Arisa Komiya",Kamen Rider × Super Sentai × Space Sheriff: Super Hero Wars Z,2013,https://letterboxd.com/film/kamen-rider-super-sentai-space-sheriff-super-hero-wars-z/
Atlantic Rim,2013,"When monsters suddenly appear from the bottom of the Atlantic Ocean, a special team pilots giant robots to combat the new threat.",Jared Cohn,85 mins,"Action, Science Fiction","Graham Greene, David Chokachi, Jackie Moore",Atlantic Rim,2013,https://letterboxd.com/film/atlantic-rim/
Pacific Rim,2013,"Using massive piloted robots to combat the alien threat, earth's survivors take the fight to the invading alien force lurking in the depths of the Pacific Ocean. Nearly defenseless in the face of the relentless enemy, the forces of mankind have no choice but to turn to two unlikely heroes who now stand as earth's final hope against the mounting apocalypse.",Guillermo del Toro,131 mins,"Science Fiction, Action, Adventure","Charlie Hunnam, Rinko Kikuchi, Idris Elba",Pacific Rim,2013,https://letterboxd.com/film/pacific-rim/
Ultraman Ginga Theater Special,2013,This is the first film adaptation of the Ultraman Ginga TV series. It was released as a double-bill with Mega Monster Rush: Ultra Frontier - Dino-Tank Hunting. Chronologically it takes place between Episode 6 & 7 of the Ultraman Ginga TV show.,Yūichi Abe,37 mins,"Family, Action, Adventure, Science Fiction","Hiroya Ishimaru, Takuya Negishi, Mio Miyatake",Ultraman Ginga Theater Special,2013,https://letterboxd.com/film/ultraman-ginga-theater-special/
Age of Dinosaurs,2013,"Using breakthrough flesh-regeneration technology, a biotech firm creates a set of living dinosaurs. But when the creatures escape their museum exhibit and terrorize Los Angeles, a former firefighter must rescue his teenage daughter from the chaos brought on by the Age of Dinosaurs",Joseph J. Lawson,88 mins,"Action, Horror, Science Fiction","Treat Williams, Ronny Cox, Jillian Rose Reed",Age of Dinosaurs,2013,https://letterboxd.com/film/age-of-dinosaurs/
Big Ass Spider!,2013,"When a giant alien spider escapes from a military lab and rampages across the city of Los Angeles, it is up to one clever exterminator and his security guard sidekick to kill the creature before the entire city is destroyed.",Mike Mendez,81 mins,Science Fiction,"Greg Grunberg, Lombardo Boyar, Clare Kramer",Big Ass Spider!,2013,https://letterboxd.com/film/big-ass-spider/
Earth Defense Widow,2014,"Dan is a former geisha, now working as an ace pilot for the Earth Defense Troops. Her fiance was killed by the space monster Bemurasu which consumes nuclear waste. To save Planet Earth, Dan attacks Bemurasu, but whenever she does, she feels ecstasy. Can she save Planet Earth?",Minoru Kawasaki,84 mins,"Science Fiction, Comedy","Mitsu Dan, Yûsuke Fukuda, Hide Fukumoto",Earth Defense Widow,2014,https://letterboxd.com/film/earth-defense-widow/
Mega Shark vs. Mecha Shark,2014,"When another Mega Shark returns from the depths of the sea, world militaries go on high alert. Ocean traffic grinds to a standstill as everyone lives in fear of the insatiable beast. Out of options, the US government unleashes the top secret Mecha Shark project -- a mechanical shark built to have the same exact characteristics as Mega. A pair of scientists pilot the mechanical creature as they fight Mega in a pitched battle to save the planet. But when faulty mechanics cause the Mecha to go after humans, the scientists must somehow guide Mega to Mecha in hopes that the two titans will kill each other - or risk untold worldwide destruction.",Emile Edwin Smith,86 mins,"Thriller, Action, Science Fiction","Christopher Judge, Elisabeth Röhm, Debbie Gibson",Mega Shark vs. Mecha Shark,2014,https://letterboxd.com/film/mega-shark-vs-mecha-shark/
Ultraman Ginga Theater Special: Ultra Monster ☆ Hero Battle Royal!,2014,"Tomoya leisurely sketches the Ultra Monsters in his sketchbook but an unknown forces suddenly radiated the book. Misuzu, Kenta and Chigusa discover several Spark Dolls, which were thought to be sent into outer space but somehow returned to Earth. Hikaru soon arrives, and soon the group are transported into a virtual room by Tomoya's Gunpad. The room itself has several Spark Dolls in its collection. Tomoya introduces them to the Livepad, a tablet which allows its user to use UltLive simulations by simply scanning the Spark Doll via the tip of its pointer pen. The group begins experimenting with the new technology.",Tomoo Haraguchi,51 mins,"Adventure, Action, Science Fiction","Takuya Negishi, Mio Miyatake, Mizuki Ohno",Ultraman Ginga Theater Special: Ultra Monster ☆ Hero Battle Royal!,2014,https://letterboxd.com/film/ultraman-ginga-theater-special-ultra-monster-hero-battle-royal/
Godzilla,2014,"Ford Brody, a Navy bomb expert, has just reunited with his family in San Francisco when he is forced to go to Japan to help his estranged father, Joe. Soon, both men are swept up in an escalating crisis when an ancient alpha predator arises from the sea to combat malevolent adversaries that threaten the survival of humanity. The creatures leave colossal destruction in their wake, as they make their way toward their final battleground: San Francisco.",Gareth Edwards,123 mins,"Drama, Action, Science Fiction","Aaron Taylor-Johnson, Elizabeth Olsen, Juliette Binoche",Godzilla,2014,https://letterboxd.com/film/godzilla-2014/
Day of the Kaiju,2014,"One month after total offensive on the monster which suddenly appeared, the body drifted down to the beach in a local town. The marine biologist, Nagamine was summoned to research the body and eventually knew the mayor and the government officials were planning to build a storage facility covering the monsters body in the beach. Is the monster really dead? Nagamine had doubt. Considering to build the facility near town was too dangerous, he suggested to abort the plan Tangling of political axes to grid by the government and the local authority, Nagamine find himself to struggle to abort the plan with the town people.",Kazuhiro Nakagawa,30 mins,"Science Fiction, Horror, Drama","Satoshi Iwagô, Teruaki Matsuzawa, Terutoki Matsuzawa",Day of the Kaiju,2014,https://letterboxd.com/film/day-of-the-kaiju/
Attack on Titan: Crimson Bow and Arrow,2014,"When man-eating Titans first appeared 100 years ago, humans found safety behind massive walls that stopped the giants in their tracks. But the safety they have had for so long is threatened when a colossal Titan smashes through the barriers, causing a flood of the giants into what had been the humans' safe zone.",Tetsuro Araki,118 mins,"Action, Adventure, Fantasy, Animation","Yuki Kaji, Marina Inoue, Yui Ishikawa",Attack on Titan: Crimson Bow and Arrow,2014,https://letterboxd.com/film/attack-on-titan-crimson-bow-and-arrow/
Attack on Titan: No Regrets,2014,"Many years before becoming the famed captain of the Survey Corps, a young Levi struggles to survive in the capital's garbage dump, the Underground. As the boss of his own criminal operation, Levi attempts to get by with meager earnings while aided by fellow criminals, Isabel Magnolia and Farlan Church. With little hope for the future, Levi accepts a deal from the anti-expedition faction leader Nicholas Lobov, who promises the trio citizenship aboveground if they are able to successfully assassinate Erwin Smith, a squad leader of the Survey Corps.","Masashi Koizuka, Shintaro Itoga, Masayuki Miyaji, Tetsuro Araki",54 mins,Animation,"Hiroshi Kamiya, Daisuke Ono, Koji Yusa",Attack on Titan: No Regrets,2014,https://letterboxd.com/film/attack-on-titan-no-regrets/
Jurassic City,2015,"When a top-secret laboratory is unexpectedly breached, thousands of rampaging raptors are unleashed on Los Angeles! A black-ops unit is mobilized to contain the creatures before they cause city-wide chaos. Simultaneously, a truckload of raptors is rerouted to a nearby prison. Upon their escape, these ferocious flesh-eaters are beyond containment. This is Jurassic judgment night for smoking hot sorority girls, sinister scientists, muscle-bound military and doomed death-row inmates! It's about to get bloody in Jurassic City!",Sean Cain,88 mins,"Action, Horror, Science Fiction","Ray Wise, Kevin Gage, Vernon Wells",Jurassic City,2015,https://letterboxd.com/film/jurassic-city/
Ultraman Ginga S the Movie: Showdown! The 10 Ultra Warriors!,2015,"The Super Dimensional Demon Etelgar forces a beautiful young alien princess to use her magic to trap Ultraman all across the galaxy! In order to stop Etelgar and save their fellow Ultra Heroes, two brave young men named Hikaru and Sho must transform into Ultraman Ginga and Ultraman Victory. But will even their combined powers be enough to defeat Etelgar and his army?",Koichi Sakamoto,63 mins,"Action, Fantasy, Science Fiction","Takuya Negishi, Kiyotaka Uji, Takuya Kusakawa",Ultraman Ginga S the Movie: Showdown! The 10 Ultra Warriors!,2015,https://letterboxd.com/film/ultraman-ginga-s-the-movie-showdown-the-10-ultra-warriors/
Mega Shark vs. Kolossus,2015,"In search of a new energy source, Russia accidentally reawakens the Kolossus - a giant robot doomsday device from the Cold War. At the same time, a new Mega Shark appears, threatening global security.",Christopher Ray,89 mins,"Horror, Science Fiction, Action, Mystery, Thriller","Illeana Douglas, Amy Rider, Brody Hutzler",Mega Shark vs. Kolossus,2015,https://letterboxd.com/film/mega-shark-vs-kolossus/
Lavalantula,2015,"Giant lava breathing tarantulas – Lavalantulas – erupt out of ancient volcanos in the Santa Monica Mountains, raining death and destruction upon Los Angeles. With the City of Angels on the verge of incineration, only a washed up ‘90s action hero actor stands in the way of this monstrous swarm of bloodthirsty creatures who burn their victims alive.",Mike Mendez,83 mins,"Science Fiction, Thriller, Horror","Steve Guttenberg, Nia Peeples, Patrick Renna",Lavalantula,2015,https://letterboxd.com/film/lavalantula/
Attack on Titan: Wings of Freedom,2015,"As the Trost District is reclaimed from the Titans, Eren is taken under the wing of Captain Levi and his squad, who decide to try and teach him to master his mysterious abilities.",Tetsuro Araki,120 mins,"Action, Adventure, Fantasy, Animation","Yuki Kaji, Yui Ishikawa, Marina Inoue",Attack on Titan: Wings of Freedom,2015,https://letterboxd.com/film/attack-on-titan-wings-of-freedom/
Attack on Titan: Counter Rockets,2015,The daily lives and secrets of the soldiers of the Scout Regiment.,"Kimiyoshi Adachi, Katsuro Onoue, Yoshihiro Nishimura",114 mins,,"Satomi Ishihara, Hitomi Miyauchi, Rina Takeda",Attack on Titan: Counter Rockets,2015,https://letterboxd.com/film/attack-on-titan-counter-rockets/
Attack on Titan,2015,"100 years ago, titans suddenly appeared on Earth. Soon, human civilization veered on collapse due to the titans. Humans then built a giant wall to defend themselves. Within the giant walls, humans lived in peace, but, 100 years later, the giant wall is broken.",Shinji Higuchi,98 mins,"Action, Science Fiction, Horror","Haruma Miura, Kiko Mizuhara, Kanata Hongo",Attack on Titan,2015,https://letterboxd.com/film/attack-on-titan/
Attack on Titan II: End of the World,2015,"Eren Yeager leaves to restore a break in the wall destroyed by a Titan. He comes under attack by the Titans and is cornered. Shikishima comes to his aid. The titans never stops attacking. Eren is now injured and tries to protect Armin, but is swallowed by a titan. A Titan with black hair appears and begins to expel the other titans.",Shinji Higuchi,87 mins,"Science Fiction, Action, Horror","Haruma Miura, Kiko Mizuhara, Kanata Hongo",Attack on Titan II: End of the World,2015,https://letterboxd.com/film/attack-on-titan-ii-end-of-the-world/
KillerSaurus,2015,A scientist desperate for funding accepts an offer from a shadowy organization. In exchange for funding they demand that he create an unimaginable weapon for them: a killer dinosaur.,Steve Lawson,75 mins,"Science Fiction, Horror","Julian Boote, Adam Collins, Steven Dolton",KillerSaurus,2015,https://letterboxd.com/film/killersaurus/
Queen Crab,2015,"A young girl steals her dad's growth experiment infused grapes and feeds them to a pet crab. Years later, the now gigantic crustacean attacks the town!",Brett Piper,90 mins,"Science Fiction, Horror","Michelle Simone Miller, Kathryn Metz, Rich Lounello",Queen Crab,2015,https://letterboxd.com/film/queen-crab/
Tremors 5: Bloodlines,2015,"When Gummer is hired to capture a deadly creature terrorizing South Africa, he and his new sidekick, Travis Welker, engage in another battle of survival against the fiercely aggressive Graboids.",Don Michael Paul,99 mins,"Horror, Comedy, Science Fiction","Michael Gross, Jamie Kennedy, Pearl Thusi",Tremors 5: Bloodlines,2015,https://letterboxd.com/film/tremors-5-bloodlines/
Gamera,2015,GAMERA is a kaiju short film first released as a celebration of the 50th anniversary of Gamera's debut film.,Katsuhito Ishii,4 mins,"Science Fiction, Horror","Rui Takahashi, Kankuro Kudo",Gamera,2015,https://letterboxd.com/film/gamera/
Outer Man,2015,"For 50 years, ""Outer Man"" has been a cultural icon in Japan, a superhero TV series as ingrained in the national psyche as Ultraman. Generations have grown up watching the heroic Outer Man defend Earth from the monstrous Sylvie Seijin. But the line between fiction and reality blurs when a giant alien, identical to Outer Man, descends upon Tokyo.",Minoru Kawasaki,82 mins,"Comedy, Science Fiction, Action","Shun Shioya, Yasuhisa Furuhara, Junki Tozuka",Outer Man,2015,https://letterboxd.com/film/outer-man/
Ultraman X The Movie: Here He Comes! Our Ultraman,2016,"When realty TV host Carlos Kurozaki breaks into a mysterious underground pyramid for a television event, he removes a special gem. . . and unwittingly releases a diabolical monster called Zaigorg! The evil creature wants Kurozaki's gem, so it spawns an army of giant kaijus to get it! It's up to the famous superheroes Ultraman X, Ultraman Tiga, and the one and only original Ultraman to stop the worldwide monster war!",Kiyotaka Taguchi,73 mins,"Action, Fantasy, Science Fiction","Kensuke Takahashi, Akane Sakanoue, Yoshihiko Hosoda",Ultraman X The Movie: Here He Comes! Our Ultraman,2016,https://letterboxd.com/film/ultraman-x-the-movie-here-he-comes-our-ultraman/
Terrordactyl,2016,"When a meteor shower rains down outside Los Angeles, Jonas and Lars, two friends stuck in tired, boring lives, head out to find a meteor and strike it rich. After recovering one, they start being stalked by terrordactyls, ancient flying reptiles that launch a full-on assault on the city. Trying to survive, they go on the run...","Geoff Reisner, Don Bitters III",98 mins,"Science Fiction, Action, Comedy","Jason Tobias, Christopher John Jennings, Candice Nunes",Terrordactyl,2016,https://letterboxd.com/film/terrordactyl/
Kaiju Mono,2016,"When a giant monster attacks Japan, the country's only hope is a research assistant who's become monstrously big himself. But there might be a price.",Minoru Kawasaki,93 mins,"Action, Science Fiction, Comedy","Saki Akai, Bin Furuya, Shinzō Hotta",Kaiju Mono,2016,https://letterboxd.com/film/kaiju-mono/
Shin Godzilla,2016,"When a massive, gilled monster emerges from the deep and tears through the city, the government scrambles to save its citizens. A rag-tag team of volunteers cuts through a web of red tape to uncover the monster's weakness and its mysterious ties to a foreign superpower. But time is not on their side - the greatest catastrophe to ever befall the world is about to evolve right before their very eyes.","Shinji Higuchi, Hideaki Anno",120 mins,"Action, Horror, Science Fiction","Hiroki Hasegawa, Yutaka Takenouchi, Satomi Ishihara",Shin Godzilla,2016,https://letterboxd.com/film/shin-godzilla/
2 Lava 2 Lantula!,2016,"When an unprecedented amount of sinkholes erupt all over Florida, a new nest of fire spitting LAVALANTULAS is awakened… wreaking their fiery havoc all over the sunshine state.",Nick Simon,85 mins,"Thriller, Horror, Science Fiction","Steve Guttenberg, Michael Winslow, Michele Weaver",2 Lava 2 Lantula!,2016,https://letterboxd.com/film/2-lava-2-lantula/
Kong: Skull Island,2017,"Explore the mysterious and dangerous home of the king of the apes as a team of explorers ventures deep inside the treacherous, primordial island.",Jordan Vogt-Roberts,118 mins,"Action, Adventure, Fantasy","Tom Hiddleston, Samuel L. Jackson, John Goodman",Kong: Skull Island,2017,https://letterboxd.com/film/kong-skull-island/
Colossal,2016,A woman discovers that severe catastrophic events are somehow connected to the mental breakdown from which she's suffering.,Nacho Vigalondo,109 mins,"Science Fiction, Drama, Fantasy","Anne Hathaway, Jason Sudeikis, Austin Stowell",Colossal,2016,https://letterboxd.com/film/colossal-2016/
Ultraman Orb: Lend Me the Power of Bonds!,2017,"Ultraman Orb teams up with Ultraman X to battle the evil witch, Mulnau, who seeks to add Earth to her jewelry collection, with the help of Orb's long-time rival, Jugglas Juggler!",Kiyotaka Taguchi,72 mins,"Fantasy, Science Fiction, Action","Hideo Ishiguro, Miyabi Matsuura, Takaya Aoyagi",Ultraman Orb: Lend Me the Power of Bonds!,2017,https://letterboxd.com/film/ultraman-orb-lend-me-the-power-of-bonds/
Tetsudon: the kaiju dream match,2017,A compilation of 28 short films about kaijus.,"Ikki, Kiyoto Naruse, Yoshihiro Nishimura, Tomohiko Iwasaki, Hideki Oka, Taisuke Aoi, Kiyotaka Taguchi, Takashi Iitsuka, Satoshi Imai, Hikaru Tsukuda, Akira Nobi, Sen'ichi Tamura, HAYATOMARU, Devi Kobayashi, Hideo Okamoto, Yuuki Mizuno, artegg-yumi, Ulises Ulicardo Guzmán, Chung-Man Leung, Keita Kinoshita, Kenji Nakama, Tomo Hyakutake, Hiroyuki Keitora, Kazuki Kiyomoto, Akira Ishida, Shu Kageyama, Kensaku Tanizawa, Kengo Okuno, Bueno",115 mins,Comedy,,Tetsudon: the kaiju dream match,2017,https://letterboxd.com/film/tetsudon-the-kaiju-dream-match/
Dragon Force: So Long Ultraman,2017,"Dragon Force: So Long, Ultraman is a Chinese action animated film animated by BlueArc Animation in cooperation with Le Vision Pictures, TIGA Entertainment and UM Corporation. It is based on the 2012 3D animated series Dragon Force created by Kazuya Hatazawa and a sequel to the 2013 movie of the same name.",Tommy Wong,89 mins,"Animation, Science Fiction, Adventure, Drama, Family, Action","Qu Zheming, Luo Yunxi, Qu Jingjing",Dragon Force: So Long Ultraman,2017,https://letterboxd.com/film/dragon-force-so-long-ultraman/
Attack on Titan: Lost Girls,2017,"Shingeki no Kyojin OVA that is bundled with manga volumes 24, 25, and 26. Several hundred years ago, mankind was nearly extinct because of the Titans. The Titans are big, have no intellect, hate people, and worst of all, they think of humans as food. The survivors of the humans built a very high wall to protect them from the Titans.",Masashi Koizuka,75 mins,"Animation, Drama","Yu Shimamura, Yui Ishikawa, Jouji Nakata",Attack on Titan: Lost Girls,2017,https://letterboxd.com/film/attack-on-titan-lost-girls/
Godzilla: Planet of the Monsters,2017,"A desperate group of refugees attempts to recolonize Earth 20,000 years after Godzilla took over. But one young man wants revenge above all else.","Hiroyuki Seshita, Kobun Shizuno",89 mins,"Action, Animation, Science Fiction","Mamoru Miyano, Takahiro Sakurai, Kana Hanazawa",Godzilla: Planet of the Monsters,2017,https://letterboxd.com/film/godzilla-planet-of-the-monsters/
Attack on Titan: The Roar of Awakening,2018,"Eren Yeager and others of the 104th Training Corps have just begun to become full members of the Survey Corps. As they ready themselves to face the Titans once again, their preparations are interrupted by the invasion of Wall Rose—but all is not as it seems as more mysteries are unraveled. As the Survey Corps races to save the wall, they uncover more about the invading Titans and the dark secrets of their own members.","Tetsuro Araki, Masashi Koizuka",120 mins,"Action, Fantasy, Animation, Adventure","Yuki Kaji, Yui Ishikawa, Marina Inoue",Attack on Titan: The Roar of Awakening,2018,https://letterboxd.com/film/attack-on-titan-the-roar-of-awakening/
Atlantic Rim: Resurrection,2018,"When huge bio-mechanical monsters descend upon the earth ready to destroy the entire city of Los Angeles, a whole new team of top notch ""M-bot"" pilots take control of their supercharged robot warriors and try to save the world from being reduced to rubble.",Jared Cohn,90 mins,"Action, Science Fiction","Steve Richard Harris, Teagan Sirset, Terry Woodberry",Atlantic Rim: Resurrection,2018,https://letterboxd.com/film/atlantic-rim-resurrection/
Gamera vs Gyaos: Aerial Figure Battle!,2018,"This is stop-motion animation produced, with respect to the masterpiece of japanese KAIJU film ""Gamera: Guardian of The Universe (1995) "".",Rihito Ue,3 mins,"Animation, Science Fiction",,Gamera vs Gyaos: Aerial Figure Battle!,2018,https://letterboxd.com/film/gamera-vs-gyaos-aerial-figure-battle/
Ultraman Geed the Movie: Connect! The Wishes!!,2018,"The Giant Artificial Brain Gilbaris is trying to eliminate all intellectual life forms throughout the universe. Ultraman Geed confronts the harsh fate against a mighty enemy who withstands the power of Ultra Warriors' light. Ultraman Orb, Jugglus Juggler, and Ultraman Zero rush to the crisis! And the heated feelings inside Riku awakens Geed's Ultimate form - Ultimate Final!",Koichi Sakamoto,73 mins,"Science Fiction, Action","Tatsuomi Hamada, Chihiro Yamamoto, Shintaro Asanuma",Ultraman Geed the Movie: Connect! The Wishes!!,2018,https://letterboxd.com/film/ultraman-geed-the-movie-connect-the-wishes/
Pacific Rim: Uprising,2018,"It has been ten years since The Battle of the Breach and the oceans are still, but restless. Vindicated by the victory at the Breach, the Jaeger program has evolved into the most powerful global defense force in human history. The PPDC now calls upon the best and brightest to rise up and become the next generation of heroes when the Kaiju threat returns.",Steven S. DeKnight,111 mins,"Action, Fantasy, Science Fiction, Adventure","John Boyega, Scott Eastwood, Cailee Spaeny",Pacific Rim: Uprising,2018,https://letterboxd.com/film/pacific-rim-uprising/
Rampage,2018,"Primatologist Davis Okoye shares an unshakable bond with George, the extraordinarily intelligent, silverback gorilla who has been in his care since birth. But a rogue genetic experiment gone awry mutates this gentle ape into a raging creature of enormous size. To make matters worse, it’s soon discovered there are other similarly altered animals. As these newly created alpha predators tear across North America, destroying everything in their path, Okoye teams with a discredited genetic engineer to secure an antidote, fighting his way through an ever-changing battlefield, not only to halt a global catastrophe but to save the fearsome creature that was once his friend.",Brad Peyton,107 mins,"Action, Adventure, Science Fiction","Dwayne Johnson, Naomie Harris, Malin Åkerman",Rampage,2018,https://letterboxd.com/film/rampage-2018/
Tremors: A Cold Day in Hell,2018,Burt Gummer and Travis Welker find themselves in a fight for survival after investigating deadly giant worm attacks in the Canadian arctic.,Don Michael Paul,98 mins,"Adventure, Science Fiction, Action, Horror","Michael Gross, Jamie Kennedy, Tanya van Graan",Tremors: A Cold Day in Hell,2018,https://letterboxd.com/film/tremors-a-cold-day-in-hell/
Godzilla: City on the Edge of Battle,2018,"Humanity's desperate battle to reclaim the Earth from Godzilla continues. The key to defeating the King of the Monsters may be Mechagodzilla, a robotic weapon thought to have been lost nearly 20,000 years ago.","Hiroyuki Seshita, Kobun Shizuno",101 mins,"Science Fiction, Animation","Mamoru Miyano, Yuki Kaji, Tomokazu Sugita",Godzilla: City on the Edge of Battle,2018,https://letterboxd.com/film/godzilla-city-on-the-edge-of-battle/
The Meg,2018,"A deep sea submersible pilot revisits his past fears in the Mariana Trench, and accidentally unleashes the seventy foot ancestor of the Great White Shark believed to be extinct.",Jon Turteltaub,113 mins,"Science Fiction, Horror, Action","Jason Statham, Li Bingbing, Rainn Wilson",The Meg,2018,https://letterboxd.com/film/the-meg/
SSSS.GRIDMAN,2018,"Yuta Hibiki can’t remember who he is, and now he’s seeing and hearing things that others don’t! A voice from an old computer tells him to remember his calling, and he sees a massive, unmoving creature in the distance. Nothing’s making sense—until the behemoth springs to life! Suddenly, Yuta is pulled into a computer, reappearing in reality as the colossal hero—Gridman!","Yoshihiro Miyajima, Masato Nakazono, Hiroyuki Takashima, Tatsumi Fujii, Yoshiyuki Kaneko, Hideyuki Satake",288 mins,Animation,"Hikaru Midorikawa, Yuya Hirose, Reina Ueda",SSSS.GRIDMAN,2018,https://letterboxd.com/film/ssssgridman/
Bodzilla,2018,The ancient monster Bodzilla awakens and begins to destroy Russia.,,10 mins,"Comedy, Action",,Bodzilla,2018,https://letterboxd.com/film/bodzilla/
Godzilla: The Planet Eater,2018,"With no means for defeating Godzilla Earth, mankind watches as King Ghidorah, clad in a golden light, descends on the planet. The heavens and earth shake once again as the war moves to a higher dimension.","Hiroyuki Seshita, Kobun Shizuno",91 mins,"Action, Adventure, Animation, Science Fiction","Mamoru Miyano, Takahiro Sakurai, Kana Hanazawa",Godzilla: The Planet Eater,2018,https://letterboxd.com/film/godzilla-the-planet-eater/
The Great Buddha Arrival,2018,"An all-star reboot of the lost classic 1934 film, The Giant Buddha Statue's Travel Through The Country, made with the cooperation of director Yoshiro Edamasa's grandson. From Japan, a modern kaiju story based on what may be the first kaiju film.",Hiroto Yokokawa,60 mins,"Fantasy, Science Fiction","Akira Takarada, Yuki Morita, Toshi Toda",The Great Buddha Arrival,2018,https://letterboxd.com/film/the-great-buddha-arrival/
Dream Challenge: Godzilla Appears in Sukagawa,2019,"A short film produced by Toho Eizo Bijutsu available exclusively at the Eiji Tsuburaya Museum in Sukagawa, Japan. It depicts Godzilla's rampage through the hometown of the legendary special effects director.",Kenji Suzuki,14 mins,Science Fiction,Kenya Saitou,Dream Challenge: Godzilla Appears in Sukagawa,2019,https://letterboxd.com/film/dream-challenge-godzilla-appears-in-sukagawa/
Dragon Force: Rise of Ultraman,2019,"The crisis of Genesis Crystal is imminent, and Evan begins the crazy countdown to ruin the world. Ultraman needs to maximize his abilities in order to stop the Earth from being destroyed. He choses [sic] a little boy as his representative in the world and vanishes soon, leaving a magic cube to encourage him and hope it will help motivate his strong power. Everyone is trying every possible way to open up the magic cube. Dr. J even finds that tge little boy's fart is the key to set up a series of laugh-out ""fart-induced"" experiments to try to figure out the secret.",Tommy Wong,90 mins,"Action, Adventure, Comedy, Drama, Animation, Family, Science Fiction",Hou Yong,Dragon Force: Rise of Ultraman,2019,https://letterboxd.com/film/dragon-force-rise-of-ultraman/
Hedorah Silent Spring,2019,"A man collects Hedorah's tadpoles and unleashes them in the heart of Tokyo. An entry for GEMSTONE's Creators Audition, a collaborative project between Toho Co., Ltd. and AlphaBoat in which Japanese artists and filmmakers competed in a challenge to create new works inspired by the Godzilla series.",Hiroto Yokokawa,5 mins,"Science Fiction, Drama",Kazuma Yoneyama,Hedorah Silent Spring,2019,https://letterboxd.com/film/hedorah-silent-spring/
Ultraman R/B The Movie: Select! The Crystal of Bond,2019,"The mysterious Ultraman, Tregear, has suddenly appeared in Ayaka City. Tregear asks what one would do to make their dreams come true, prompting Katsumi to search for his own dream. As a monster appears for the first time in a year, Ultraman Blu and Ultraman Rosso are joined by Ultraman Geed to face off against this new threat. Walking towards their dream with the heart of the Minato family in hand, Ultraman Gruebe is born.",Masayoshi Takesue,72 mins,"Action, Science Fiction, Family","Yuya Hirata, Ryosuke Koike, Arisa Sonohara",Ultraman R/B The Movie: Select! The Crystal of Bond,2019,https://letterboxd.com/film/ultraman-r-b-the-movie-select-the-crystal-of-bond/
Godzilla: King of the Monsters,2019,"Follows the heroic efforts of the crypto-zoological agency Monarch as its members face off against a battery of god-sized monsters, including the mighty Godzilla, who collides with Mothra, Rodan, and his ultimate nemesis, the three-headed King Ghidorah. When these ancient super-species, thought to be mere myths, rise again, they all vie for supremacy, leaving humanity's very existence hanging in the balance.",Michael Dougherty,132 mins,"Science Fiction, Action","Kyle Chandler, Vera Farmiga, Millie Bobby Brown",Godzilla: King of the Monsters,2019,https://letterboxd.com/film/godzilla-king-of-the-monsters-2019/
Zillafoot,2019,"A UFO lands on Earth, unleashing a giant monster that is half lizard, half gorilla - Zillafoot! The monster rampages, decimating any military response and even awakening a strange dinosaur. Now it’s up to scientists and the final member of the famed Ultrasquad to face the new threats and save humanity in this epic kaiju homage to the Toho monsters and Tsuburaya heroes!",Anthony Polonia,81 mins,"Thriller, Adventure, Fantasy, Science Fiction, Action","Dave Fife, Cassandra Hayes, Wayne W. Johnson",Zillafoot,2019,https://letterboxd.com/film/zillafoot/
Monster Island,2019,Gigantic monsters threaten to destroy everything in their path as mankind remains defenseless,Mark Atkins,99 mins,"Science Fiction, TV Movie","Adrian Bouchet, Natalie Robbie, Chris Fisher",Monster Island,2019,https://letterboxd.com/film/monster-island-2019/
Away,2019,"After suffering a plane crash on a mysterious island, a young man embarks on an epic journey through forests, deserts and mountains trying to escape the shadow of a huge dark spirit.",Gints Zilbalodis,75 mins,"Drama, Animation, Adventure, Fantasy",Bille Caról,Away,2019,https://letterboxd.com/film/away-2019/
Howl from Beyond the Fog,2019,"Set during the Meiji reformation era in a small village in Kyushu, Japan. The story revolves around a young boy named Izana and a blind woman named Takiri, the two encounter the large monster Nebula who since ancient times was feared as the god of lake Amenosagiri. Theme of the film focuses on the Japanese concept of light and darkness, as told by puppetry and model miniaturization of the films’ world with practical special effects by Keizo Murase.",Daisuke Sato,35 mins,"Animation, Fantasy","Suguru Inoue, Akane Kanamori, Michiyo Ishimito",Howl from Beyond the Fog,2019,https://letterboxd.com/film/howl-from-beyond-the-fog/
Notzilla,2019,"A Japanese scientist accidentally releases a giant monster in the U.S., and must save it-and Cincinnati-before a crazed nuclear physicist destroys both.",Mitch Teemley,79 mins,"Comedy, Science Fiction","Frederic Eng-Li, Tifani Ahren Davis, Tim Bensch",Notzilla,2019,https://letterboxd.com/film/notzilla/
Yagon the Water Monster,2019,"In the near future after state-owned farms produce genetically modified crops, a giant mutated insectoid creature is discovered living in the wetlands of Japan. After several civilians are killed, the military steps in to end the creature's reign of terror. This is a student film project from Musashino Art University.",Koyo Sugita,44 mins,"Science Fiction, Horror",,Yagon the Water Monster,2019,https://letterboxd.com/film/yagon-the-water-monster/
Attack of the Giant Teacher,2019,"ATTACK OF THE GIANT TEACHER is a classic style tokusatsu film that tells the story of Kenzo Miyazawa, an earnest teacher who works at a night school. His class is filled with unique and slightly odd students. Suddenly, the night school witnesses a drop in student numbers and has no choice but to shut down by the end of the year. Mr. Miyazawa’s class decides to create a musical for the school’s last festival. Then, an alien beast invades Earth and begins destroying the town. Mr. Miyazawa challenges the alien beast to a fight.",Yoshikazu Ishii,70 mins,"Fantasy, Science Fiction, Comedy","Makoto Kojima, Naomi Hase, Takashi Toyoda",Attack of the Giant Teacher,2019,https://letterboxd.com/film/attack-of-the-giant-teacher/
Shinkansen Henkei Robo Shinkalion The Movie: The Marvelous Fast ALFA-X That Comes From the Future,2019,"The new enemies, Nahane and Ohanefu, along with the mysterious new Giant Monstrous Beings appear from space to take over the Earth! Holding the key to these events is Shinkalion ALFA-X, which was secretly developed by the Ultra Evolution Institute...!? For Hayato and Team Shinkalion, who had been living in peace, the battle begins again.",Takahiro Ikezoe,79 mins,"Science Fiction, Action, Animation, Adventure","Ayane Sakura, Rie Kugimiya, Kei Shindo",Shinkansen Henkei Robo Shinkalion The Movie: The Marvelous Fast ALFA-X That Comes From the Future,2019,https://letterboxd.com/film/shinkansen-henkei-robo-shinkalion-the-movie-the-marvelous-fast-alfa-x-that-comes-from-the-future/
The Great Beast of Shennong,2020,"Seven adventurers including Shanhe were invited to the exploration this time. Yet these unexpected visitors disturbed a huge prehistoric worm in the isolated and dangerous forest where numerous unknown creatures were lurking. As the adventurers were killed by the prehistoric worm one by one, they met a mysterious old lady and the secrets of the worm as well as the Wild men unfolded…","Lu Qi, Huang Siyuan",70 mins,,"Zhang Bonan, Zhao Shuai, Feng Weiqiang",The Great Beast of Shennong,2020,https://letterboxd.com/film/the-great-beast-of-shennong/
Grizzly II: Revenge,2020,"All hell breaks loose when a giant grizzly, reacting to the slaughter of her cubs by poachers, attacks a massive rock concert in the National Park. [This sequel to ""Grizzly"" (1976) was left unfinished after production wrapped prematurely in 1983, and was not officially released until 2020, though a bootleg workprint version had been in circulation for some years prior to this.]",André Szöts,74 mins,"Horror, Music, Thriller","Steve Inwood, Deborah Raffin, John Rhys-Davies",Grizzly II: Revenge,2020,https://letterboxd.com/film/grizzly-ii-revenge/
Jurassic Island,2020,"Dinosaur-ridden island adventure, with a battle-royale esque twist.",Wang Xin,70 mins,"Adventure, Action","Wang Wanzhong, Li Ning, Liu Beige",Jurassic Island,2020,https://letterboxd.com/film/jurassic-island/
God Raiga Vs. King Ohga,2020,"The giant monster Raiga returns, rising in Atami Harbor and attacking the city. A second kaiju, Ohga, soon joins the chaos, and the two monsters clash, destroying large sections of the city. Defense forces launch two new weapons, the giant tank Kamikaze and the drill tank Gokumei, to meet the the monster invasion head on. But as the beasts work their way to Tokyo, will they be enough to stop the monsters from laying waste to the city?",Shinpei Hayashiya,84 mins,"Science Fiction, Action, Adventure","Makoto Inamiya, Wasabi Yanagiya, Hayashiya Anko",God Raiga Vs. King Ohga,2020,https://letterboxd.com/film/god-raiga-vs-king-ohga/
Coming Out,2020,A story of pride and acceptance told through the characters of Godzilla and Little Godzilla.,Cressa Maeve Áine,2 mins,"Animation, Fantasy, Family",,Coming Out,2020,https://letterboxd.com/film/coming-out-2020/
Monster SeaFood Wars,2020,"Yuta, a young master at the Tsukiji Fish Market, accidentally drops his meal of mixed seafood into the Sumida River. Some time afterwards a gigantic mutated squid monster arises from the depths and begins to wreak havoc upon an awe-stricken Tokyo. Attempts by the Japan Self-Defense Forces to stop the creature prove futile. As it seems things couldn’t get any worse an enormous mutant octopus monster emerges from the deep and heads into a clash of the titans with the gargantuan squid! As a last ditch effort, the government forms the “Seafood Monster Attack Team (SMAT)” and an all-new plan of attack is immediately put into action. But just as the tide appears to be turning in humanity’s favor, a colossal crab monster appears, joining in the Monster Seafood Wars and plunging the world into culinary chaos…",Minoru Kawasaki,84 mins,"Science Fiction, Action, Comedy","Keisuke Ueda, Ayano Christie Yoshida, Yūya Asato",Monster SeaFood Wars,2020,https://letterboxd.com/film/monster-seafood-wars/
Ultraman Taiga The Movie: New Generation Climax,2020,"The time of the New Generation Heroes is drawing to a close. Hiroyuki is being targeted by a dark power, forcing the other Ultra Heroes, from Ginga to R/B to appear and help the Tri-Squad battle these evil forces. But among them is Taiga's father? What has happened to Ultraman Taro?!",Ryuichi Ichino,72 mins,"Adventure, Science Fiction, Action","Yuki Inoue, Chiharu Niiyama, Kô Nanase",Ultraman Taiga The Movie: New Generation Climax,2020,https://letterboxd.com/film/ultraman-taiga-the-movie-new-generation-climax/
Attack on Titan: Chronicle,2020,"In the fourth recap movie, episodes 1 to 59 of the anime are retold, compiling the first Three seasons of Attack on Titan into a two-hour event.","Tetsuro Araki, Masashi Koizuka",122 mins,"Action, Fantasy, Drama, Animation","Yuki Kaji, Marina Inoue, Yui Ishikawa",Attack on Titan: Chronicle,2020,https://letterboxd.com/film/attack-on-titan-chronicle/
Bigfoot vs the Illuminati,2020,"Advanced AI robots have drained the Earth of its natural resources. A rebel human alliance in space with no planet to call home, calls on Bigfoot to do battle with humanity's greatest enemies, the Illuminati.",BC Fourteen,76 mins,"Horror, Animation, Science Fiction","Marco Guzmán, Ashley Tod, Edson Camacho",Bigfoot vs the Illuminati,2020,https://letterboxd.com/film/bigfoot-vs-the-illuminati/
Konga TNT,2020,"After becoming injected with a formula derived from an alien ship, a lab gorilla escapes from his containment and befriends two young boys. The alien formula causes the gorilla to grow to gargantuan size and rampage throughout the city and the boys must find a way to save their simian friend before the army takes him down.",Brett Kelly,73 mins,"Action, Science Fiction, Horror, Comedy","John Migliore, Chance Kelly, Grayson Kelly",Konga TNT,2020,https://letterboxd.com/film/konga-tnt/
Love and Monsters,2020,"Seven years since the Monsterpocalypse began, Joel Dawson has been living underground in order to survive. But after reconnecting over radio with his high school girlfriend Aimee, Joel decides to venture out to reunite with her, despite all the dangerous monsters that stand in his way.",Michael Matthews,109 mins,"Comedy, Adventure, Fantasy","Dylan O'Brien, Jessica Henwick, Michael Rooker",Love and Monsters,2020,https://letterboxd.com/film/love-and-monsters/
Godzilla Interception Operation Awaji,2020,"A short film shown exclusively to visitors of the Godzilla museum and Shin Godzilla statue at Awaji Island. The legendary figure of Godzilla was first confirmed at the beginning of the Meiji era when a typhoon hit Awaji Island. Godzilla, who appeared among the high waves, roamed the island, leaving tremendous damage in its wake.",Kazuhiro Nakagawa,7 mins,Science Fiction,"Jun Hashizume, Hirona Yamazaki, Satoru Matsuo",Godzilla Interception Operation Awaji,2020,https://letterboxd.com/film/godzilla-interception-operation-awaji/
Tremors: Shrieker Island,2020,"When a group of hunters genetically modify Graboid eggs, they face an all-out war against the larger, terrifyingly intelligent creatures, and swiftly multiplying Shriekers!",Don Michael Paul,102 mins,"Science Fiction, Comedy, Horror","Michael Gross, Jon Heder, Caroline Langrishe",Tremors: Shrieker Island,2020,https://letterboxd.com/film/tremors-shrieker-island/
Godzilla Appears at Godzilla Fest,2020,A short film made exclusively for Toho's Online Godzilla Fest 2020. Godzilla rampages through the city before approaching a reporter standing in the street.,Kazuhiro Nakagawa,2 mins,Science Fiction,"Shinsuke Kasai, Hirona Yamazaki",Godzilla Appears at Godzilla Fest,2020,https://letterboxd.com/film/godzilla-appears-at-godzilla-fest/
Monster Hunter,2020,"A portal transports Cpt. Artemis and an elite unit of soldiers to a strange world where powerful monsters rule with deadly ferocity. Faced with relentless danger, the team encounters a mysterious hunter who may be their only hope to find a way home.",Paul W. S. Anderson,103 mins,"Adventure, Fantasy, Action","Milla Jovovich, Tony Jaa, Ron Perlman",Monster Hunter,2020,https://letterboxd.com/film/monster-hunter-2020/
Nezura 1964,1964,"A biopic based on the production of Daiei's Giant Horde Beast Nezura, the scrapped precursor to Gamera.",Hiroto Yokokawa,55 mins,"Drama, Comedy, History","Yukijiro Hotaru, Mai Saito, Mach Fumiake",Nezura 1964,2020,https://letterboxd.com/film/nezura-1964/
Ebola Rex Versus Murder Hornets,2021,"The diseased Dinosaur battles to the death with the Murder Hornets during a zombie outbreak that is hit by several ""firenados"" containing flaming spiders.",Dustin Ferguson,70 mins,Horror,"Brinke Stevens, Mel Novak, Lilian Mortis",Ebola Rex Versus Murder Hornets,2021,https://letterboxd.com/film/ebola-rex-versus-murder-hornets/
Evangelion: 3.0+1.0 Thrice Upon a Time,2021,"In the aftermath of the Fourth Impact, stranded without their Evangelions, Shinji, Asuka and Rei find refuge in one of the rare pockets of humanity that still exist on the ruined planet Earth. There, each lives a life far different from their days as an Evangelion pilot. However, the danger to the world is far from over. A new impact is looming on the horizon—one that will prove to be the true end of Evangelion.","Katsuichi Nakayama, Kazuya Tsurumaki, Mahiro Maeda, Hideaki Anno",155 mins,"Drama, Science Fiction, Action, Animation","Megumi Ogata, Yuko Miyamura, Maaya Sakamoto",Evangelion: 3.0+1.0 Thrice Upon a Time,2021,https://letterboxd.com/film/evangelion-3010-thrice-upon-a-time/
Godzilla vs. Kong,2021,"In a time when monsters walk the Earth, humanity’s fight for its future sets Godzilla and Kong on a collision course that will see the two most powerful forces of nature on the planet collide in a spectacular battle for the ages.",Adam Wingard,114 mins,"Science Fiction, Adventure, Action","Alexander Skarsgård, Rebecca Hall, Kaylee Hottle",Godzilla vs. Kong,2021,https://letterboxd.com/film/godzilla-vs-kong/
SSSS.DYNAZENON,2021,"Sequel to the 2018 animated series SSSS.Gridman and the third installment of the Gridman multimedia franchise. When Yomogi Asanaka, a first-year student at Fujiyokidai High School, meets Gauma, he claims to be a ""kaiju user."" But the appearance of a kaiju followed by the entry of the gigantic robot, Dynazenon, backs up his mysterious words. After ending up in the wrong place at the wrong time; they get dragged into the desperate fight against the kaiju!","Yoshiyuki Kaneko, Noboru Furukawa, Yuichi Shimodaira, Tatsumi Fujii, Hideyuki Satake, Yoshihiro Miyajima, Mai Owada, Keita Nagahara",288 mins,Animation,"Daiki Hamano, Junya Enoki, Shion Wakayama",SSSS.DYNAZENON,2021,https://letterboxd.com/film/ssssdynazenon/
Varanus Priscus,2021,"On a deserted island the crew, led by ex-soldier Cao Yue, filming TV reality show about survival. They meet tidal waves of insects on their way, battling hermit crabs and fights to the death against the ancient giant lizard, the real dragon.",Li Yifan,85 mins,"Horror, Action","Shi Nan, Yuan Fufu, Yang Senhuan",Varanus Priscus,2021,https://letterboxd.com/film/varanus-priscus/
The Great Yokai War: Guardians,2021,"Fifth grader Kei Watanabe has inherited the hunter's blood to hunt yōkai. To save the world from destruction, Kei challenges a war against the yōkai.",Takashi Miike,118 mins,"Horror, Family, Fantasy, Adventure","Kokoro Terada, Hana Sugisaki, Ray Inomata",The Great Yokai War: Guardians,2021,https://letterboxd.com/film/the-great-yokai-war-guardians/
Ape vs. Monster,2021,"An ape crash-lands on Earth, which creates a sludge that makes him and a passing lizard grow to giant-size, resulting in a fight for dominance.",Daniel Lusko,90 mins,"Science Fiction, TV Movie, Adventure, Action","Eric Roberts, Arianna Scott, Katie Sereika",Ape vs. Monster,2021,https://letterboxd.com/film/ape-vs-monster/
Ultraman Sorta vs. Godzilla Starring Matt Frank: The Movie,2021,"Despite repeatedly being told not to, famed kaiju illustrator Matt Frank presses a button. He shouldn't have pressed the button.",Jared P. Foust,6 mins,"Comedy, Science Fiction","Matt Frank, Clayton Koski, Billy Dubose",Ultraman Sorta vs. Godzilla Starring Matt Frank: The Movie,2021,https://letterboxd.com/film/ultraman-sorta-vs-godzilla-starring-matt-frank-the-movie/
The Suicide Squad,2021,"Supervillains Harley Quinn, Bloodsport, Peacemaker and a collection of nutty cons at Belle Reve prison join the super-secret, super-shady Task Force X as they are dropped off at the remote, enemy-infused island of Corto Maltese.",James Gunn,132 mins,"Action, Comedy, Adventure","Margot Robbie, Idris Elba, John Cena",The Suicide Squad,2021,https://letterboxd.com/film/the-suicide-squad/
Monsters of War,2021,"Something has awoken, and a group of strangers must work together before prehistoric monsters and other deadly creatures take back the planet.",Jack Peter Mundy,80 mins,"Drama, Action, Horror","Chelsea Greenwood, Sofia Lacey, Chrissie Wunna",Monsters of War,2021,https://letterboxd.com/film/monsters-of-war/
Godzilla vs. Hedorah,2021,"A short sequel to Godzilla Appears at Godzilla Fest, released on G-Fest 2021 and dedicated to the 50th anniversary of original Godzilla vs. Hedorah (1971).",Kazuhiro Nakagawa,5 mins,Science Fiction,"Naoya Matsumoto, Hikaru Yoshida",Godzilla vs. Hedorah,2021,https://letterboxd.com/film/godzilla-vs-hedorah-2021/
Shin Ultraman,2022,"The Japanese government sets up a special task force to fight the giant creatures suddenly appearing across the country. Soon, the squad unexpectedly meets a giant silver humanoid who starts appearing every time a space monster attacks!",Shinji Higuchi,112 mins,"Action, Science Fiction","Takumi Saitoh, Masami Nagasawa, Hidetoshi Nishijima",Shin Ultraman,2022,https://letterboxd.com/film/shin-ultraman/
Monster Portal,2022,"A young woman inherits her estranged father's estate after his mysterious death. Once she and her friends arrive at the mansion, they discover that the home is on an old cemetery, which has the power of opening a portal to another realm, which contains the creatures foretold to the world by writer H.P. Lovecraft.",Matthew B.C.,80 mins,"Fantasy, Mystery, Horror","Sian Altman, Sarah Alexandra Marks, Louis James",Monster Portal,2022,https://letterboxd.com/film/monster-portal/
Nope,2022,"Residents in a lonely gulch of inland California bear witness to an uncanny, chilling discovery.",Jordan Peele,130 mins,"Science Fiction, Horror, Thriller","Daniel Kaluuya, Keke Palmer, Brandon Perea",Nope,2022,https://letterboxd.com/film/nope/
Troll,2022,"When an explosion in the Norwegian mountains awakens an ancient troll, officials appoint a fearless paleontologist to stop it from wreaking deadly havoc.",Roar Uthaug,104 mins,"Action, Fantasy, Adventure","Ine Marie Wilmann, Kim S. Falck-Jørgensen, Mads Sjøgård Pettersen",Troll,2022,https://letterboxd.com/film/troll-2022/
2025 Armageddon,2022,A militant alien race launches an attack on Earth using gigantic creatures and geological disasters all based on those found on The Asylum's Movie Channel signal which reached their planet.,Michael Su,90 mins,"Science Fiction, Action, TV Movie, Horror","Lindsey Marie Wilson, Jolene Andersen, Phillip Andre Botello",2025 Armageddon,2022,https://letterboxd.com/film/2025-armageddon/
Ape vs Mecha Ape,2023,"Recognizing the destructive power of its captive giant Ape, the military makes its own battle-ready A.I., Mecha Ape. But its first practical test goes horribly wrong, leaving the military no choice but to release the imprisoned giant ape to stop the colossal robot before it destroys downtown Chicago.",Marc Gottlieb,80 mins,"Science Fiction, TV Movie, Action","Tom Arnold, Anna Telfer, Lisa Ellee",Ape vs Mecha Ape,2023,https://letterboxd.com/film/ape-vs-mecha-ape/
Attack on Titan The Final Chapters: Special 1,2023,"As The Rumbling advances, the remaining members of the scout regiment race against the clock with their Marleyan and Azumabito allies to catch up to Eren and stop The Rumbling before the rest of the world is crushed under the Wall Titans' feet.","Jun Shishido, Yuichiro Hayashi",61 mins,Animation,"Yuki Kaji, Yui Ishikawa, Marina Inoue",Attack on Titan The Final Chapters: Special 1,2023,https://letterboxd.com/film/attack-on-titan-the-final-chapters-special-1-2023/
Minore,2023,"When mysterious creatures invade a Greek seaside port, a misfit band of musicians, tourists, bodybuilders, and grannies unite to save the city in this quirky action-comedy.",Konstantinos Koutsoliotas,111 mins,"Comedy, Horror, Action, Fantasy","Davide Tucci, Daphne Alexander, Constantin Symsiris",Minore,2023,https://letterboxd.com/film/minore/
Meg 2: The Trench,2023,An exploratory dive into the deepest depths of the ocean of a daring research team spirals into chaos when a malevolent mining operation threatens their mission and forces them into a high-stakes battle for survival.,Ben Wheatley,116 mins,"Action, Horror, Science Fiction","Jason Statham, Wu Jing, Shuya Sophia Cai",Meg 2: The Trench,2023,https://letterboxd.com/film/meg-2-the-trench/
Godzilla Minus One,2023,"In postwar Japan, Godzilla brings new devastation to an already scorched landscape. With no military intervention or government help in sight, the survivors must join together in the face of despair and fight back against an unrelenting horror.",Takashi Yamazaki,125 mins,"Horror, Science Fiction, Action","Ryunosuke Kamiki, Minami Hamabe, Yuki Yamada",Godzilla Minus One,2023,https://letterboxd.com/film/godzilla-minus-one/
Attack on Titan The Final Chapters: Special 2,2023,"As Eren ruthlessly tramples every inch of the outside world, the Alliance arrives at Fort Salta to intercept the Founder and stop the Rumbling. Although Eren feels immense remorse over his horrific invasion, he believes to harbor noble intentions: he believes the path ahead is the only way to save his friends and, to a greater extent, his people. The opposing battalions spiral toward an inevitable final clash that may claim the lives of billions. Though they face an army of monsters beyond anything they could have previously imagined, Mikasa, Armin, and their allies stand brave in the face of certain doom.","Jun Shishido, Yuichiro Hayashi",85 mins,Animation,"Yuki Kaji, Yui Ishikawa, Hiroshi Kamiya",Attack on Titan The Final Chapters: Special 2,2023,https://letterboxd.com/film/attack-on-titan-the-final-chapters-special-2/
Attack on Titan: THE LAST ATTACK,2024,"A colossal-sized omnibus film bringing together the last two episodes of Attack on Titan in the franchise's first-ever theatrical experience. After venturing beyond the walls and separated from his comrades, Eren finds himself inspired by this new truth and plots the ""Rumbling,"" a terrifying plan to eradicate every living thing in the world. With the fate of the world hanging in the balance, a motley crew of Eren's former comrades and enemies scramble to halt his deadly mission. The only question is, can they stop him?",Yuichiro Hayashi,145 mins,"Adventure, Drama, Animation, Action","Yuki Kaji, Yui Ishikawa, Marina Inoue",Attack on Titan: THE LAST ATTACK,2024,https://letterboxd.com/film/attack-on-titan-the-last-attack/
Godzilla × Kong: The New Empire,2024,"Following their explosive showdown, Godzilla and Kong must reunite against a colossal undiscovered threat hidden within our world, challenging their very existence – and our own.",Adam Wingard,115 mins,"Science Fiction, Adventure, Action","Rebecca Hall, Brian Tyree Henry, Dan Stevens",Godzilla × Kong: The New Empire,2024,https://letterboxd.com/film/godzilla-kong-the-new-empire/
Ape X Mecha Ape: New World Order,2024,"A group of world leaders awakens a creature beneath the ocean floor, and mankind's only hope rests on an alliance between the giant ape and his mechanical arch-nemesis.",Marc Gottlieb,90 mins,"Action, Fantasy, Science Fiction","Ashley Ahlquist, Sean Young, Eric Rolland",Ape X Mecha Ape: New World Order,2024,https://letterboxd.com/film/ape-x-mecha-ape-new-world-order/
GEMNIBUS Volume 1,2024,"An anthology collection of four short films from Gemstone Creative Label, Toho's digital production brand.","China, Hirase Ryotaro, Takuya Uenishi",96 mins,"Science Fiction, Action, Animation, Drama","Shirou Saitou, Mutsumi Tamura, Kenji Sakamoto",GEMNIBUS Volume 1,2024,https://letterboxd.com/film/gemnibus-volume-1/
King Kong is Coming Back,2024,"After being lost in the forest as a child, Gu Yao is rescued by a kind-hearted giant gorilla and grows up isolated from human society. Fifteen years later, he encounters Ma Ke and her family during an expedition. As outside forces become aware of Gu Yao and the gorilla, tensions rise, leading to a dramatic series of events that explore the relationship between humans and nature.",柳航,90 mins,"Action, Science Fiction","Dong Shaohui, Yang Chengming, Ning Yue",King Kong is Coming Back,2024,https://letterboxd.com/film/king-kong-is-coming-back/
Kaiju No. 8: Mission Recon,2025,"In a Kaiju-filled Japan, Kafka Hibino works in monster disposal. After reuniting with his childhood friend Mina Ashiro, a rising star in the anti-Kaiju Defense Force, he decides to pursue his abandoned dream of joining the Force, when he suddenly transforms into the powerful ""Kaiju No. 8."" An action-packed recap of the first season of Kaiju No. 8 and a new original episode, Hoshina's Day Off.","Shigeyuki Miya, Tomomi Kamiya",110 mins,"Action, Animation, Science Fiction","Masaya Fukunishi, Wataru Katoh, Fairouz Ai",Kaiju No. 8: Mission Recon,2025,https://letterboxd.com/film/kaiju-no-8-mission-recon/
Kraken,2025,"A Russian missile submarine disappears without trace during a secret mission in the Greenland Sea. A vessel is deployed to search for it, captained by the brother of the missing submarine’s commander. The search crew is tasked with locating the submarine and preventing a top-secret weapon from falling into enemy hands. Meanwhile, a geological research operation at the North Pole awakens the Kraken, a giant deep-water monster with an incredible ability to camouflage and an uncanny intelligence. As the search party narrows in on the missing submarine, they will encounter the legendary creature of the deep.",Nikolay Lebedev,134 mins,"Adventure, Drama, Science Fiction","Alexander Petrov, Aleksey Guskov, Victor Dobronravov",Kraken,2025,https://letterboxd.com/film/kraken-2025/
Troll 2,2025,"When a dangerous new troll unleashes devastation across their homeland, Nora, Andreas and Major Kris embark on their most perilous mission yet.",Roar Uthaug,102 mins,"Thriller, Action, Fantasy","Ine Marie Wilmann, Kim S. Falck-Jørgensen, Mads Sjøgård Pettersen",Troll 2,2025,https://letterboxd.com/film/troll-2-2025/
Kraken,2026,"A marine biologist is doing research on a fish farm when she encounters several strange occurrences. Along with the brutal deaths of two teenagers, all signs point to the deep fjord; can there be more to the depths than the eye can see?",Pål Øie,94 mins,"Horror, Action, Thriller","Sara Khorami, Mikkel Bratt Silset, Ingvild Holthe Bygdnes",Kraken,2026,https://letterboxd.com/film/kraken-2026/
Godzilla Minus Zero,2026,"War reduced Japan to zero, and Godzilla plunged it into minus. Two years have passed since then, and the country has faced agonizing struggles to achieve recovery and finally reclaim its daily life. Just as humanity managed to cling to a hard-won peace, a new threat strikes, crushing hope in an instant.",Takashi Yamazaki,135 mins,"Action, Horror, Science Fiction","Ryunosuke Kamiki, Minami Hamabe, Yuki Yamada",Godzilla Minus Zero,2026,https://letterboxd.com/film/godzilla-minus-zero/
Attack of the 50 Foot Woman,,An abused woman grows to giant size following an alien encounter and sets out for revenge against her husband who tried to kill her.,Tim Burton,,Science Fiction,Margot Robbie,Attack of the 50 Foot Woman,,https://letterboxd.com/film/attack-of-the-50-foot-woman-1/
