Título,Año,Sinopsis,Director(es),Duración,Géneros,Reparto principal,Nombre original,Año original,Enlace
Found Alive,2026,"Reeve LeClaire is still haunted by when she was held captive as a teenager by a sadistic man, but when her psychiatrist asks her to mentor a newly rescued survivor, she’s pulled into a chilling game of cat-and-mouse—one that threatens to drag her back into the nightmare she barely escaped.",Carlota Pereda,96 mins,Thriller,"Chloë Grace Moretz, Rupert Friend, Keith Jardine",Found Alive,2026,https://letterboxd.com/film/found-alive-2026/
Wicker,2026,"On the outskirts of a village by the sea, lives a Fisherwoman; smelly, single and perpetually ridiculed. One day, fed up with her stuffy, small-minded neighbours, she commissions herself a husband to be made from wicker. In an otherwise conservative town, this unconventional romance sparks outrage, jealousy and chaos.","Eleanor Wilson, Alex Huston Fischer",105 mins,"Fantasy, Comedy, Romance","Olivia Colman, Alexander Skarsgård, Peter Dinklage",Wicker,2026,https://letterboxd.com/film/wicker/
11,2026,"Follow a group of eight explorers and two leaders who reach a mountain refuge in the Pyrenees, only to be cut off by a snowstorm. When they take a headcount, they discover an extra child that no one remembers.","Paula Serra, Clàudia Serra",89 mins,"Horror, Thriller","Jael Borràs, Mia Sala-Patau, Pablo Scapigliati",11,2026,https://letterboxd.com/film/11-2026-3/
Onslaught,2026,"When a rogue squad of genetically engineered super soldiers break loose in the desert, a badass Army sniper must unleash hell to protect her young daughter.",Adam Wingard,92 mins,"Action, Thriller, Horror","Adria Arjona, Dan Stevens, Eric Wareheim",Onslaught,2026,https://letterboxd.com/film/onslaught-2026/
Blades of the Guardians,2026,"Dao Ma, the ""second most wanted fugitive,"" is entrusted by his benefactor, the chief of Mo family clan, to take on a mysterious escort mission-escorting the ""most wanted fugitive"" to Chang'an.",Yuen Woo-ping,126 mins,"Adventure, Action","Wu Jing, Nicholas Tse Ting-Fung, Chen Lijun",Blades of the Guardians,2026,https://letterboxd.com/film/blades-of-the-guardians/
Colony,2026,"Professor Se-jeong is thrust into a bloody nightmare when a rapidly mutating virus is released during a biotech conference causing authorities to seal the facility. Trapped inside with no escape, Se-jeong along with a small group of survivors must fight to stay alive while the infected undergo horrific transformations.",Yeon Sang-ho,123 mins,"Action, Horror, Science Fiction","Gianna Jun, Koo Kyo-hwan, Ji Chang-wook",Colony,2026,https://letterboxd.com/film/colony-2026/
Company,2026,"A mysterious traveler tells a story that spans generations, drawing together the lives of three wounded souls struggling to choose between vengeance and forgiveness.",Casey Affleck,92 mins,"Drama, Mystery, Thriller","Nick Nolte, Adelaide Clemens, Ben Mendelsohn",Company,2026,https://letterboxd.com/film/company-2026/
Buddy,2026,"A magical, singing orange unicorn holds his cast hostage in a surreal TV-show dimension, as he becomes more and more demented.",Casper Kelly,95 mins,"Comedy, Fantasy, Horror","Keegan-Michael Key, Cristin Milioti, Delaney Quinn",Buddy,2026,https://letterboxd.com/film/buddy-2026/
Drag,2026,A routine robbery at a rural house turns into a nightmare for two amateur burglars when one of them throws their back out. Things spiral out of control as they try to make it out before the homeowner returns.,"Raviv Ullman, Greg Yagolnitzer",86 mins,"Comedy, Horror, Thriller","Lizzy Caplan, Lucy DeVito, John Stamos",Drag,2026,https://letterboxd.com/film/drag-2026/
DreamQuil,2026,"Set in the not so distant future when poor air quality leads to people living mostly virtual lives. Carol is a dissatisfied career mother, struggling to find connection within her marriage to Gary and her child. With the day to day familiarity of their home and lives feeling increasingly claustrophobic, and worried she could be heading towards divorce, Carol leaps at the chance to get her life back on track by signing up for ""DreamQuil"", an avant-garde digital wellness retreat. When Carol returns home however, she discovers her family has been living with ""Carol 2"", a robot the corporation sent designed to help in her absence, and things take a mysterious and sinister turn.",Alex Prager,89 mins,"Horror, Mystery, Thriller","Elizabeth Banks, John C. Reilly, Juliette Lewis",DreamQuil,2026,https://letterboxd.com/film/dreamquil/
Frost,2026,"A rational, and emotionally distant female police detective investigates the disappearance of a girl in a region famous for black magic and pagan heritage. Her investigation gradually becomes a journey into a mythical world.",Pavle Vučković,109 mins,"Crime, Thriller, Fantasy, Mystery, Drama","Kamka Tocinovski, Lara Dragović, Vesna Trivalić",Frost,2026,https://letterboxd.com/film/frost-2026/
The Outside,2026,"In the near future, astronaut Ana lives at a space training base in the middle of an arid and desolate landscape on Earth. She is undergoing a long isolation drill to prepare for a possible mission to Mars. At the same time, Ana is receiving treatment to prepare her body for pregnancy in zero gravity.",Víctor Moreno,113 mins,Science Fiction,"Daniela Brown, Rina Ota",The Outside,2026,https://letterboxd.com/film/the-outside-2026/
Ghost in the Cell,2026,"A notorious prison, an invisible force begins killing inmates brutally, compelling enemy gangs and corrupt guards to work together as they try to survive the mounting bloodshed.",Joko Anwar,106 mins,"Thriller, Horror, Comedy","Abimana Aryasatya, Bront Palarae, Dimas Danang",Ghost in the Cell,2026,https://letterboxd.com/film/ghost-in-the-cell/
Full Phil,2026,"Wealthy American industrialist Philip Doom attempts to reconnect with his daughter Madeleine during a luxurious trip to Paris. Unfortunately, French cuisine, a 1950s horror film, and an intrusive hotel employee disrupt their stay.",Quentin Dupieux,78 mins,"Drama, Comedy","Woody Harrelson, Kristen Stewart, Charlotte Le Bon",Full Phil,2026,https://letterboxd.com/film/full-phil/
Hot Spot,2026,"Set in a near future society ruled by sentient A.I., a private eye investigates a murder case only to discover a rebel group capable of undermining the digital overlord. As the detective's identity slowly unravels, his world enters a state of hypnotic meltdown.",Agnieszka Smoczyńska,101 mins,"Crime, Thriller, Action, Fantasy, Science Fiction","Andrzej Konopka, Noomi Rapace, Reika Kirishima",Hot Spot,2026,https://letterboxd.com/film/hot-spot-2026/
The Birthday Party,2026,"Thomas, Nora and their teenage daughter Ida live on remote marshland. Social contact is limited, as they only have one neighbour, Cristina, an Italian painter. As the two households plan a surprise birthday party for Nora, strange disturbances begin to occur and unease rolls over the marsh.",Léa Mysius,114 mins,Thriller,"Hafsia Herzi, Benoît Magimel, Bastien Bouillon",The Birthday Party,2026,https://letterboxd.com/film/the-birthday-party-2026/
Sheep in the Box,2026,"In the near future, architect Otone Komoto is married to Kensuke, who runs a construction company. The married couple decide to welcome a humanoid robot into their home as their son.",Hirokazu Kore-eda,126 mins,"Science Fiction, Drama","Haruka Ayase, Daigo Yamamoto, Kuwaki Rimu",Sheep in the Box,2026,https://letterboxd.com/film/sheep-in-the-box/
Las Hijas,2026,"A twenty-year-old girl wakes up in a house in the woods after a night of partying. Three young women greet her as the daughters of her kidnapper. They too were kidnapped, and their isolation led them to embrace this community as idyllic.",Daniel Romero,,Horror,"Yune Nogueiras, Jone Laspiur, Edurne Azkarate",Las Hijas,2026,https://letterboxd.com/film/las-hijas/
Leviticus,2026,Two teenage boys must escape a violent entity that takes the form of the person they desire most — each other.,Adrian Chiarella,88 mins,"Horror, Romance","Joe Bird, Stacy Clausen, Mia Wasikowska",Leviticus,2026,https://letterboxd.com/film/leviticus-2026/
Los Vampires,2026,"In 1930 Hollywood, a Spanish actor is cast in the night shoot of a soon-to-be-legendary vampire film, forced to imitate the English-speaking star who performs the same role by day. The two actors regularly meet at the transitory hours of their shoots, and a rivalry stirs between them. All the while, a string of murders are occurring on and around the soundstage.",Craig Mitchell,105 mins,"Thriller, Mystery, Horror","Henry Ian Cusick, Thomas Kretschmann, Daniela Couso",Los Vampires,2026,https://letterboxd.com/film/los-vampires/
Never After Dark,2026,"A traveling psychic who helps lost souls cross over encounters a powerful entity at a remote house. While investigating its origins, she uncovers dark secrets and faces a deadly threat from an unexpected source.",Dave Boyle,104 mins,Horror,"Moeka Hoshi, Kurumi Inagaki, Kento Kaku",Never After Dark,2026,https://letterboxd.com/film/never-after-dark/
Mutter: The Diary of a Mother,2026,"On the fog-drenched Black Sea coast, a woman gives birth to a being that defies nature. As her body and mind begin to unravel, love becomes both her devotion and her disease.",Alphan Eşeli,99 mins,"Thriller, Drama, Horror, Mystery","Hazar Ergüçlü, Güven Kıraç, Erdeniz Kurucan",Mutter: The Diary of a Mother,2026,https://letterboxd.com/film/mutter-the-diary-of-a-mother/
No Rest for the Wicked,2026,"1862. Baldur lives a fisherman’s life on the isolated Faroe Islands far to the north in the Atlantic Ocean. His world is turned upside down when a stranger arrives: Helge, a rugged whaler, who awakens deep emotions within him. A mutual attraction starts to grow. When tragedy strikes, their forbidden passion unleashes natural forces so disturbing that the villagers rally to keep evil at bay. But Baldur and Helge refuse to let their love be buried. They will fight till the end – and after.",Kasper 'Kalle' Skovsbøl,103 mins,"Romance, Drama, Fantasy, Horror","Egor Venned, Pilou Asbæk, Sofia Nolsøe Mikkelsen",No Rest for the Wicked,2026,https://letterboxd.com/film/no-rest-for-the-wicked-2026/
Nightborn,2026,"In Finnish forest, Saga and her husband Jon embark on a new chapter as parents. But Saga's joy is overshadowed by a chilling suspicion about their newborn, unbeknownst to Jon, causing a rift as she alone grapples with the disturbing truth.",Hanna Bergholm,92 mins,Horror,"Rupert Grint, Seidi Haarla, Pamela Tola",Nightborn,2026,https://letterboxd.com/film/nightborn/
River,2026,"After being stranded in a boat on a country river, three siblings are stalked by a faceless killer.",Joshua Giuliano,92 mins,"Thriller, Horror","Jane Levy, Jessica Rothe, Max Mattern",River,2026,https://letterboxd.com/film/river-2026-1/
Carapace,2026,"When her teenage daughter decides to leave home to study, Maite feels the world she has built begin to fall apart. As the fear of losing her takes hold, a strange presence begins to spread through the house, contaminating both the space and the bond between mother and daughter.",Norma Vila,88 mins,Horror,"Nagore Aranburu, Haizea Carneros",Carapace,2026,https://letterboxd.com/film/carapace-2026/
Titanic Ocean,2026,"Kyoko, a young Japanese girl training to become a professional mermaid, is saved by her coach's mouth-to-mouth ""kiss of life"". Desire awakens within her, she finds her mermaid voice and discovers the devastating effects of her singing, which will lead her to face the other side of the world.",Konstantina Kotzamani,130 mins,"Science Fiction, Fantasy, Drama","Arisa Sasaki, Melina Mardini, Haruna Matsui",Titanic Ocean,2026,https://letterboxd.com/film/titanic-ocean/
Species,2026,"Margot, a young intern at the country's most competitive ER, struggles in the high-pressure environment. When multiple patients her age arrive with strange symptoms, her own body begins experiencing alarming transformations.",Marion Le Corroller,103 mins,"Horror, Science Fiction","Mara Taquin, Karin Viard, Kim Higelin",Species,2026,https://letterboxd.com/film/species-2026/
The End of It,2026,"In a near-future world where ageing can be cured and death is now optional, Claire, a former provocative artist approaching her 250th birthday, decides she’s had enough, she wants to die.",Maria Martinez Bayona,102 mins,Science Fiction,"Rebecca Hall, Noomi Rapace, Gael García Bernal",The End of It,2026,https://letterboxd.com/film/the-end-of-it/
The Incomer,2026,"On an Orkney isle, siblings Isla and Sandy hunt birds and talk to mythical beings while fighting off outsiders. Their lives change when Daniel, an awkward official, arrives to relocate them. For more information about the Northeastern Scottish Council and their land recovery acts, please email evictions@highlandsgovuk.com.",Louis Paxton,102 mins,"Drama, Comedy","Domhnall Gleeson, Gayle Rankin, Grant O'Rourke",The Incomer,2026,https://letterboxd.com/film/the-incomer/
The Face of Horror,2026,"In medieval England, the beautiful Eleanor pines away for her errant husband, the handsome but adulterous knight Edward. When Edward’s treachery culminates in a tragedy that robs Eleanor first of her beauty and then of her life, she returns as a ghost to eke bloody revenge on Edward and his new bride.",Anna Biller,120 mins,"Horror, Romance","Kristine Froseth, Jonah Hauer-King, Bella Heathcote",The Face of Horror,2026,https://letterboxd.com/film/the-face-of-horror/
The Ones Who Grieve,2026,"At the end of the 19th century, on an isolated farm, Zélie is trapped under the authority of her father, Jacob, a deeply religious man. As a mysterious disease known as the “Black Veil” ravages the surrounding countryside and faith begins to blur with madness, she must fight to preserve her humanity and claim her freedom.",Quarxx,116 mins,"Fantasy, Drama, History","Thierry Frémont, Zélie Rixhon, Jean-Baptiste Maunier",The Ones Who Grieve,2026,https://letterboxd.com/film/the-ones-who-grieve/
The Spiral,2026,"On a stormy night in Rome, Anna arrives at her daughter Alice’s apartment with a devastating confession: their entire family history is built on a lie. Twenty years earlier, after a horrific accident that nearly cost Alice her leg, Anna claims she made a pact with a mysterious Stranger to save her. But the miracle came at a price. What she believed was a single desperate bargain has in fact unleashed a spiraling chain reaction — a domino effect of increasingly dark events that have haunted their lives ever since. Now, the Stranger has come to collect. And Anna is convinced that only Alice can break the spiral and set things right. But at what cost?",Paolo Strippoli,115 mins,"Drama, Thriller","Jasmine Trinca, Romana Maggiora Vergano, Adriano Giannini",The Spiral,2026,https://letterboxd.com/film/the-spiral-2026/
Upiro,2026,"Spain, 1755. Ana is sent to a cloistered monastery where several nuns are afflicted by a mysterious disease. With the help of an unorthodox priest, the young novice uncovers an ancient legend and malevolent force: a bloodthirsty upiro.",Oscar Martín,,"Horror, Thriller","Pauline Brisy, Javier Botet, Diego Anido",Upiro,2026,https://letterboxd.com/film/upiro/
We Are Aliens,2026,"One summer in the third grade, a quiet boy named Tsubasa meets Gyotaro, a boy everyone in the class looked up to, and the two become close friends. Within their small world, they share irreplaceable moments—until a small incident suddenly tears them apart.",Kohei Kadowaki,117 mins,"Animation, Drama","Ryota Bando, Amane Okayama, Ten Yamasaki",We Are Aliens,2026,https://letterboxd.com/film/we-are-aliens-2026/
Victorian Psycho,2026,"When eccentric young governess Winifred Notty arrives at a remote Gothic manor, a string of unsettling events leads the household to suspect she isn't who she claims to be—but the truth may be far more dangerous than they imagine.",Zachary Wigon,102 mins,"Horror, Thriller","Maika Monroe, Thomasin McKenzie, Ruth Wilson",Victorian Psycho,2026,https://letterboxd.com/film/victorian-psycho/
Wildwood,2026,"Prue and her classmate Curtis are drawn into a magical forest filled with enchanted creatures, loyal allies, and formidable adversaries as they embark on a desperate quest to rescue Prue’s abducted baby brother from a murder of crows led by a mysterious woman named Alexandra.",Travis Knight,132 mins,"Animation, Fantasy, Adventure","Peyton Elizabeth Lee, Jacob Tremblay, Carey Mulligan",Wildwood,2026,https://letterboxd.com/film/wildwood-2026/
5 More Minutes,2026,"An on-the-rocks couple retreat to a secluded countryside home for the weekend in an effort to repair their marriage. They're greeted by the singular head of the real estate agency who shows them around the place and hands over the keys. Just before he leaves, however, the entire world slips into a time loop, and the last five minutes begin to repeat endlessly.",Javier Ruiz Caldera,92 mins,"Fantasy, Comedy","Berto Romero, Belén Cuesta, Javier Cámara",5 More Minutes,2026,https://letterboxd.com/film/5-more-minutes-2026/
Teenage Sex and Death at Camp Miasma,2026,"After years of slapdash sequels and waning fandom, the Camp Miasma slasher franchise is handed over to an enthusiastic young director for resurrection. But when she visits the original's star, a now-reclusive actress shrouded in mystery, the two women fall into a blood-soaked world of desire, fear, and delirium.",Jane Schoenbrun,112 mins,"Horror, Comedy, Romance","Hannah Einbinder, Gillian Anderson, Amanda Fix",Teenage Sex and Death at Camp Miasma,2026,https://letterboxd.com/film/teenage-sex-and-death-at-camp-miasma/
Beware Boiúna,2026,"Deep in the Amazon, a medical mission spirals into a fight for survival when Boiúna, a colossal ancient predator, awakens to reclaim her domain. In the jungle where nature holds absolute power, she decides who lives and who dies.",Mike P. Nelson,104 mins,"Horror, Thriller","Logan Marshall-Green, Kiana Madeira, Jessica Rothe",Beware Boiúna,2026,https://letterboxd.com/film/beware-boiuna/
Crawlers,2026,Tenants at Paradiso Palms apartments fight a deadly spider invasion while the cunning building manager might be their only hope for survival.,Ángel Gómez Hernández,80 mins,"Horror, Thriller","Matilda Lutz, Gregg Sulkin, Melina Matthews",Crawlers,2026,https://letterboxd.com/film/crawlers-2026/
Apocalypse Z: New World,2026,"The Canary Islands have become Europe’s last refuge following the outbreak of the TSJ virus. When a special mission sets out for the mainland in search of vital supplies, Roberto joins the team with questionable intentions. The dangerous operation turns into a desperate race for survival, and Roberto and his companions find themselves caught between hordes of infected and divided loyalties.",Carles Torrens,,"Thriller, Horror","Carlos Alcaide, Julia Martínez, Mónica López",Apocalypse Z: New World,2026,https://letterboxd.com/film/apocalypse-z-new-world/
Family Movie,2026,"The Smiths have gathered once again on their quaint family farm to make the latest in a string of low-budget horror movies. No, the movies aren't particularly ""successful."" Some might even call them ""bad."" But at least the family is together, and that's what matters to Jack and Ellen. Their adult children, on the other hand - Trent and Ula - are working up the courage to leave this particular family tradition behind. Simmering family dysfunction turns to pure chaos when a real dead body shows up on set. Can they come together to keep the movie on track, or will this be the Smith family's final act?","Kyra Sedgwick, Kevin Bacon",81 mins,"Horror, Comedy","Kevin Bacon, Kyra Sedgwick, Sosie Bacon",Family Movie,2026,https://letterboxd.com/film/family-movie/
Half,2026,Twin half-blooded vampires wage war with desert highway hijackers.,Samjad P S,96 mins,"Horror, Action, Thriller","Ranjith Sajeev, Aiswarya Raj, Amala Paul",Half,2026,https://letterboxd.com/film/half-2026/
Her Private Hell,2026,"When a mysterious mist engulfs a futuristic metropolis, unleashing a deadly and elusive entity, a troubled young woman searches for her father. Her quest collides with an American GI on a harrowing odyssey to rescue his daughter from Hell.",Nicolas Winding Refn,110 mins,"Horror, Science Fiction, Thriller","Sophie Thatcher, Charles Melton, Havana Rose Liu",Her Private Hell,2026,https://letterboxd.com/film/her-private-hell-2026/
Inherit,2026,"A prominent, affluent family’s meticulously engineered public facade systematically implodes when an ancient centipede spirit infiltrates their genetic bloodline, violently exposing deep-seated ancestral anomalies and transgressive secrets.",Banjong Pisanthanakun,128 mins,"Mystery, Horror","Davika Hoorne, Thitiya Jirapornsilp, Sinjai Plengpanich",Inherit,2026,https://letterboxd.com/film/inherit-2026/
Hope,2026,"In the remote South Korean village of Hope Harbor, police chief Bum-seok and officer Sung-ae are called to investigate a mysterious creature wreaking havoc on the community. But all is not as it seems, and perceptions can be misleading. What begins as ignorance plants the seed of disaster, escalating through human conflict into a tragedy of cosmic proportions.",Na Hong-jin,157 mins,"Action, Science Fiction, Mystery","Hwang Jung-min, Zo In-sung, Hoyeon",Hope,2026,https://letterboxd.com/film/hope-2026/
Shaun the Sheep: The Beast of Mossy Bottom,2026,"On Halloween Eve at Mossy Bottom Farm, excitement turns to dismay when the clumsy Farmer ruins the pumpkin patch. Shaun tries fixing it with science experiments, but things go wrong when a wild beast appears in the woods.","Steve Cox, Matthew Walker",81 mins,"Family, Comedy, Animation, Adventure, Horror","Justin Fletcher, John Sparkes, Nina Sosanya",Shaun the Sheep: The Beast of Mossy Bottom,2026,https://letterboxd.com/film/shaun-the-sheep-the-beast-of-mossy-bottom/
Rain Catcher,2026,"In rainy, nocturnal London, photographer Miles obsessively captures unforgiving, morbid portraits of oblivious strangers. When not selling them, he shares them online as 'Rain Catcher'. But soon he notices something unsettling: a mysterious woman watching him and photographing him—turning the lens back on Miles. As her gaze closes in, his world fractures—his work is sabotaged, his name defamed, his loved ones endangered. Consumed by paranoia, he spirals into a dark, delirious obsession to uncover the truth behind her motives. Based on the 2018 short film of the same name.",Michele Fiascaris,110 mins,"Drama, Thriller, Mystery","Dudley O'Shaughnessy, Jessie Mei Li, Lorenzo Richelmy",Rain Catcher,2026,https://letterboxd.com/film/rain-catcher-2026/
Red Snow,2026,"In Finland, sixteen-year-old emo teen Johanna dreams of a glittering Twilight vampire prince. What she gets instead is Martti — a balding, beer-bellied 49-year-old bloodsucker who slips into a Santa suit to gain entry to homes and devour entire families. When Johanna crosses paths with Martti on Christmas Eve, she thinks her dark fairy tale has come true, buy instead of eternal romance, she finds herself trapped in a bloody and horrific nightmare of aging masculine toxicity, family trauma, and festive slaughter.",Ilja Rautsi,92 mins,"Comedy, Horror","Hannu-Pekka Björkman, Anni Iikkanen, Tommi Korpela",Red Snow,2026,https://letterboxd.com/film/red-snow-2026/
Sacrifice,2025,"During a star-studded charity gala brimming with celebrities, billionaires and empty speeches, a movie star in the midst of an existential crisis is taken hostage by a radical warrior and her devoted followers. As the night descends into chaos, both an inward journey and an outward adventure ensue, where the line between performance and belief, salvation and sacrifice, begins to blur.",Romain Gavras,103 mins,"Comedy, Action, Adventure","Chris Evans, Anya Taylor-Joy, Vincent Cassel",Sacrifice,2025,https://letterboxd.com/film/sacrifice-2025/
Rogue Trooper,2026,"Rogue is a ""Genetic Infantryman"", a genetically-engineered, blue-skinned, manufactured super soldier who, alongside his three comrades, is searching for the Traitor General. His comrades are with him in the form of biochips—onto which a G.I.'s entire personality is downloaded at the time of death for later retrieval—and are named Gunnar (mounted on Rogue's rifle), Bagman (on his backpack) and Helm (on his helmet). Rogue is designed to be immune to almost all known toxins, can submerge in strong acid unaffected, and is able to withstand a vacuum on his bare skin.",Duncan Jones,123 mins,"Action, Science Fiction, Animation, Adventure","Aneurin Barnard, Jack Lowden, Hayley Atwell",Rogue Trooper,2026,https://letterboxd.com/film/rogue-trooper/
The Carpenter's Son,2025,"A remote village in Roman-era Egypt explodes into spiritual warfare when a carpenter, his wife and their child are targeted by supernatural forces.",Lotfy Nathan,94 mins,"Fantasy, Horror","Nicolas Cage, Noah Jupe, FKA twigs",The Carpenter's Son,2025,https://letterboxd.com/film/the-carpenters-son/
The Cycle,2026,"A daughter unravels her father's dark past after his body, missing for 36 years, is found at a horrific crime scene.",Jordan Downey,111 mins,"Horror, Thriller","Deborah Ann Woll, Jeffrey Donovan, Gretchen Corbett",The Cycle,2026,https://letterboxd.com/film/the-cycle-2026-2/
The House on the Moon,2026,"Chang Er, a fairy maiden, embarks on a journey to the dark side of the moon to search for her lover Ho Yi, a sun-shooting archer who vanished on his quest to save the dying sun.",Nelson Yeo,99 mins,"Science Fiction, Fantasy","Lim Shi-An, Dominick Rustam-Chartrand, Akira Huang",The House on the Moon,2026,https://letterboxd.com/film/the-house-on-the-moon-2026/
The Mage,2026,"A series of deaths suddenly occurs in the city. Police officer Wong Ming realizes that at the scene of each death, there is the figure of a woman who collects garbage. In the course of investigation, Wong discovers that this woman, Lan Pui Ching (played by Josie HO), has the mysterious ability to collect the souls of the accidental deaths from the garbage and help these souls to enter the reincarnation. This all started with a story that happened to her 13 years ago. Meanwhile, the murders continue to happen. Lan Pui Ching deduces that these murders are related to a mysterious cult ritual, and she and Wong Ming will be the next victims of this ritual. Wong Ming decides to cooperate with Lan Pui Ching to find out the mastermind behind the scene.","Danny Pang Phat, Oxide Pang Chun",97 mins,Horror,"Josie Ho, Carlos Chan Ka-Lok, German Cheung Man-Kit",The Mage,2026,https://letterboxd.com/film/the-mage/
The Mouths,2026,"Seeking a late-night thrill, four university friends visit a legendary cursed tree in a haunted cemetery. When one of them disappears and the others are haunted by terrifying visions of a ghostly woman, they discover some legends demand a deadly price. Feature-length adaptation of Sesuji's ""Kuchi ni Kansuru Ankēto"".",Takashi Shimizu,89 mins,Horror,"Rihito Itagaki, Keito Tsuna, Ai Yoshikawa",The Mouths,2026,https://letterboxd.com/film/the-mouths/
The Swallow,2026,"Ziggy and her four friends journey out on a camping trip to a picturesque remote forest. But trespassing into an off-limits area, they awaken an uncanny terror in the woods... and a ravenous hunger from within the Earth. Soon, the ground itself is trying to swallow anything and anyone it comes into contact with and Ziggy and her friends have nowhere to run as every trembling step they take could be their last.","Dennis Widmyer, Kevin Kölsch",82 mins,Horror,"Grace Van Dien, Jack Wright, Tayler Buck",The Swallow,2026,https://letterboxd.com/film/the-swallow-2026/
V/H/S/Mixtape,2026,"V/H/S/MIXTAPE cranks the volume on horror with a blood-soaked collection of cursed music videos, terrifying performances, and found footage. Press play. Pray it stops.","David Moreau, Renee Zhan, RZA, Ernest R. Dickerson, Flying Lotus, Tobias Forge",98 mins,"Horror, Thriller, Music","Mike Derks, Michael BIshop, Brad Roberts",V/H/S/Mixtape,2026,https://letterboxd.com/film/v-h-s-mixtape/
Whalefall,2026,"Following the death of his father, Jay Gardiner goes diving off the central Coast of California in search of his remains, but is swallowed by a massive sperm whale. While trapped inside its belly with only one hour of oxygen left, Jay comes to realize that the hard-earned lessons his father imparted may be the key to his escape.",Brian Duffield,98 mins,Thriller,"Austin Abrams, Josh Brolin, Elisabeth Shue",Whalefall,2026,https://letterboxd.com/film/whalefall/
Bad Lieutenant: Tokyo,2026,A corrupt gambler in the Metropolitan Police Force finds himself thrown into a tangled case after an enigmatic FBI agent arrives in Tokyo to investigate the disappearance of a politician’s daughter.,Takashi Miike,108 mins,"Action, Thriller, Crime","Shun Oguri, Lily James, Gionna Daddio",Bad Lieutenant: Tokyo,2026,https://letterboxd.com/film/bad-lieutenant-tokyo/
Arrested Memory,2026,"Lee is a superstar police detective in Taipei. After losing his team during a crime investigation, he is haunted by guilt and transferred to a rural police station. Traumatized by the incident, Lee develops amnesia—but is determined to keep it a secret. Soon, he is assigned a new case: the kidnapping of the son of an influential Japanese businessman. As his memory continues to fade, Lee can only rely on his instincts—which, against all odds, lead him to the criminals.",SABU,100 mins,"Comedy, Drama, Action","Ethan Juan, Moon Lee, Reika Kirishima",Arrested Memory,2026,https://letterboxd.com/film/arrested-memory/
Chapter 51,2025,"An elusive serial killer known as the Hollywood Killer turns a high-profile film production into a grisly crime scene, murdering three actresses and casting a dark shadow over the troubled project. As fear, speculation, and chaos spread behind the cameras, the production becomes forever linked to a case that shocks Hollywood and remains unresolved. Years later, former FBI agent Thomas Scott reopens the cold case, revisiting the events surrounding the murders and uncovering secrets that refuse to stay buried.",Tyler Shields,97 mins,"Comedy, Mystery, Crime","Abigail Breslin, Colman Domingo, Allie Marie Evans",Chapter 51,2025,https://letterboxd.com/film/chapter-51/
Cold War 1994,1994,"In 1994, a tycoon's kidnapping shook Hong Kong, threatening its financial standing. Police pursued personal gain while OCID Superintendent Li Wenbin risked everything to navigate conflicting interests and expose the truth.",Leung Lok-Man,117 mins,"Crime, Drama, Action","Daniel Wu, Terrance Lau Chun-Him, Wu Kang-ren",Cold War 1994,2026,https://letterboxd.com/film/cold-war-1994/
Dante,2026,"Responding to an emergency call, a young paramedic unwittingly finds himself thrust into the middle of a war between two crime lords, triggering an escalating series of gruesome twists and turns over the course of one crazy night.",Hugo Ruíz,89 mins,Thriller,"Chino Darín, Ester Expósito, Vicente Romero Sánchez",Dante,2026,https://letterboxd.com/film/dante-2026-1/
El retorno de Júpiter,2026,,Maggie Civantos,83 mins,,"Maggie Civantos, Nadia de Santiago, Felipe Pariente",El retorno de Júpiter,2026,https://letterboxd.com/film/el-retorno-de-jupiter/
The Samurai and the Prisoner,2026,"When Lord Murashige rises up against the tyrannical Oda, he finds himself besieged within the walls of his own castle. Isolated, he is confronted with a series of mysterious crimes that shatter the fragile order of his court, plunging the fortress into fear and suspicion. With Oda's army closing in and a traitor hiding among his ranks, Murashige is forced into an uneasy alliance with Kanbei, a brilliant and dangerous strategist held prisoner in the dungeon, as he must outwit his enemies and uncover the truth before time runs out.",Kiyoshi Kurosawa,147 mins,"Drama, Mystery, History","Masahiro Motoki, Masaki Suda, Yuriko Yoshitaka",The Samurai and the Prisoner,2026,https://letterboxd.com/film/the-samurai-and-the-prisoner/
Father Joe,2026,"Set in 1990s Manhattan, the film will see Sutherland play a priest who declares a one-man war on the city’s criminal underworld. Pacino steps into the role of a powerful mob boss whose empire collides with Father Joe’s violent crusade, while Anderson plays a young woman caught between danger and redemption under the priest’s protection.",Barthélémy Grossmann,116 mins,"Thriller, Crime, Action","Kiefer Sutherland, Al Pacino, Ever Anderson",Father Joe,2026,https://letterboxd.com/film/father-joe/
Ikatan Darah,2025,"A former martial arts athlete must face a network of loan sharks to save her younger brother, who is trapped in online gambling debt and risking their family’s safety.",Sidharta Tata,119 mins,"Action, Thriller, Crime","Livi Ciananta, Derby Romero, Ismi Melinda",Ikatan Darah,2025,https://letterboxd.com/film/ikatan-darah/
Karma,2026,"In a village in northern Spain, Jeanne tries to rebuild her life with Daniel, who knows nothing about her troubled past. One day, Jeanne's six-year-old godson mysteriously disappears and Jeanne becomes the main suspect.",Guillaume Canet,140 mins,Thriller,"Marion Cotillard, Denis Ménochet, Leonardo Sbaraglia",Karma,2026,https://letterboxd.com/film/karma-2026/
Gummy,2026,A serial killer goes out one night in search of a new victim and ends up encountering his worst nightmare.,J. Prada,82 mins,Horror,"Javier Botet, Clara Alvarado, Jan Cornet",Gummy,2026,https://letterboxd.com/film/gummy-2026/
Kill Me,2026,"Jimmy wakes up in a bathtub after having tried to kill himself. Or, at least, that’s what it looks like to his friends and family. Jimmy is pretty sure he didn’t do it… maybe. Together with Margot, the 911 operator who took his call, Jimmy sets out on a mission to solve a vitally important whodunit: did someone try to kill him, or are they chasing the spectre of depression?",Peter Warren,104 mins,"Comedy, Mystery","Charlie Day, Allison Williams, Giancarlo Esposito",Kill Me,2026,https://letterboxd.com/film/kill-me-2026/
Sicko,2025,"In Almaty, a cash-strapped couple hatch a plan to solve their money troubles, but soon become embroiled in a toxic web of social media, violent criminality and spiralling greed.",Aitore Zholdaskali,101 mins,"Drama, Thriller","Ayan Utepbergen, Dilnaz Kurmangali, Azat Zhumadil",Sicko,2025,https://letterboxd.com/film/auru/
Summer War,2026,"Chile, 1989: the Pinochet regime is on the decline and tabletop wargame champion Udo Berger is vacationing with his girlfriend at a coastal resort. When a friend suddenly vanishes, Udo invites a mysterious local to join him for a game in this effortlessly stylish adaptation of Roberto Bolaño’s “The Third Reich.”",Alicia Scherson,104 mins,"Mystery, Drama, Thriller","Dan Beirne, Lux Pascal, David Gaete",Summer War,2026,https://letterboxd.com/film/summer-war/
Tokyo Burst: Crime City,2026,"Rookie detective Aiba, a native of Tokyo's red-light district (with all the attitude and methods that entails), must team up with Cho, a counterpart from Seoul with equally questionable practices, to track down a dangerous criminal spreading terror across Japan, Korea, and the Philippines. While the relationship between the two investigators is frosty at first, they'll have to learn to work together quickly in the face of such a formidable adversary.",Eiji Uchida,116 mins,"Crime, Action","Koshi Mizukami, U-KNOW Yunho, Uhm Ki-joon",Tokyo Burst: Crime City,2026,https://letterboxd.com/film/tokyo-burst-crime-city/
Too Many Beasts,2026,"In the French countryside, wild boars ravaging crops spark an open war between farmers and members of a gentlemen’s hunting club, who feed the game between hunts. Brun, a bankrupt farmer, struggles to keep his farm afloat. When the club’s president pushes him to his limits, Brun shoots him and disappears. A year later, Fulda, a volatile police officer just transferred to the region, leads the investigation. Still struggling after a recent breakup, and as wild boars proliferate across the region, he is pushed to the brink of sanity.",Sarah Arnold,95 mins,"Comedy, Mystery, Crime","Alexis Manenti, Ella Rumpf, Vincent Dedienne",Too Many Beasts,2026,https://letterboxd.com/film/too-many-beasts/
Vintage Violence,2026,"When a disgraced livestreamer discovers a trove of rare vintage denim in a Colorado mine, he follows it to Tokyo and straight into the arms of a woman who may be using him. Caught between desire and betrayal, he soon finds himself entangled in black-market turf wars, yakuza, and a past that refuses to stay buried.",Eugene Kotlyarenko,105 mins,"Action, Comedy, Crime","Cole Sprouse, Kiko Mizuhara, Nijiro Murakami",Vintage Violence,2026,https://letterboxd.com/film/vintage-violence/
Abandoned,2026,"Chasing a viral video to save their channel and friendship, two urban explorers break into a derelict facility scarred by sinister experiments. Trapped among its secrets, they enter a nightmare where history manifests as evil.",Joby Stephens,82 mins,"Thriller, Horror","Grace Gallagher, Cameron Wight, Sofie Dossi",Abandoned,2026,https://letterboxd.com/film/abandoned-2026/
American Dollhouse,2026,"Caught between a grotesque Christmas fantasy and her own childhood trauma, a woman's search for a fresh start in her hometown is violently interrupted by a psychopathic neighbor.",John Valley,87 mins,"Thriller, Horror","Hailley Lauren, Kelsey Pribilski, Tinus Seaux",American Dollhouse,2026,https://letterboxd.com/film/american-dollhouse/
Bloody Tennis,2026,"Sophie joins a prestigious tennis academy, where the brutality of competitive sports is taken to its extreme and only the hungriest survive.",Nikias Chryssos,94 mins,"Horror, Thriller","Sandra Guldberg Kampp, Elina Löwensohn, Tracy Gotoas",Bloody Tennis,2026,https://letterboxd.com/film/bloody-tennis/
Big Baby,2025,"A nightmare involving a maniac killer in a baby mask serves as inspiration for horror screenwriter Adam Lewis's new script. As more nightmares, visions, and real life terror being to challenge Adam's sanity, he finds himself in a desperate struggle to control his writing, his reality, and who will be Big Baby's next victim.",Spider One,103 mins,Horror,"Brandon Scott, Krsy Fox, Adam Marcinowski",Big Baby,2025,https://letterboxd.com/film/big-baby-2025/
Ferine,2025,"A tragic event shatters a rich art collector's life, awakening her primal nature. She destroys her privileged existence to build a new concept of family, leading her on a path of destruction and animalistic transformation.",Andrea Corsini,105 mins,"Drama, Horror","Carolyn Bracken, Caroline Goodall, Paola Lavini",Ferine,2025,https://letterboxd.com/film/ferine-2025/
Breeder,2026,"An eccentric poodle breeder lures a broke college student to her remote ranch with a promise of research funding. But, as he soon learns, there’s a catch.",Alex Goyette,97 mins,"Thriller, Horror","Daniel Doheny, Dot-Marie Jones, Maddie Phillips",Breeder,2026,https://letterboxd.com/film/breeder-2026-1/
Grind,2026,"Four interconnected stories center around the gig economy, hustle culture, and evils of late-stage capitalism.","Ed Dougherty, Brea Grant, Chelsea Stardust",104 mins,Horror,"James Paxton, Christopher Rodriguez Marquette, Rob Huebel",Grind,2026,https://letterboxd.com/film/grind-2026/
Forbidden Fruits,2026,"Free Eden employee Apple secretly runs a witchy femme cult in the basement of the mall store after hours - with fellow fruits Cherry and Fig. But when new hire Pumpkin challenges their performative sisterhood, the women are forced to face their own poisons or succumb to a bloody fate.",Meredith Alloway,103 mins,"Comedy, Horror","Lili Reinhart, Alexandra Shipp, Victoria Pedretti",Forbidden Fruits,2026,https://letterboxd.com/film/forbidden-fruits-2026/
Hungry,2026,A group of holidaymakers must fight for their lives against a rampaging hippo on the loose after becoming lost in the Louisiana swamplands.,James Nunn,93 mins,"Thriller, Horror","Madison Davenport, Tracey Bonner, Joaquim de Almeida",Hungry,2026,https://letterboxd.com/film/hungry-2026-1/
Ithaqua,2026,"During the decline of the fur trade, a mercenary struggles to unite the survivors of a famine-stricken outpost plagued by a dark force that leaves its victims with an insatiable hunger.",Casey Walker,97 mins,"Action, History, Horror, Thriller","Kevin Durand, Michael Pitt, Luke Hemsworth",Ithaqua,2026,https://letterboxd.com/film/ithaqua/
Imposters,2026,"After a couple's baby is taken, the desperate mother learns of a way to ""get their baby back."" However, the husband begins to suspect that what she brought back isn't their son.",Caleb J. Phillips,102 mins,"Drama, Horror, Science Fiction, Thriller","Jessica Rothe, Charlie Barnett, Yul Vazquez",Imposters,2026,https://letterboxd.com/film/imposters/
Dreadful Mother,2026,"Victoria awakens with a broken arm in a country house after being kidnapped. A doctor and nun care for her, but as she gradually uncovers their secrets, she realizes things aren't what they seem.",Alicia Albares,88 mins,"Horror, Thriller","Jordi Aguilar, Thaïs Blume, Lluna Aldasoro",Dreadful Mother,2026,https://letterboxd.com/film/dreadful-mother/
Kraken,2026,"In a housing project, an abandoned tower fuels rumors. As strange disappearances multiply, five young people have no choice but to enter once again. Trapped in a deadly snare, they will soon realize that escaping will be impossible…","Théo Jourdain Rhodes, Mohamed Chabane",95 mins,Horror,"Manon Bresch, Alassane Diong, Guillaume Gouix",Kraken,2026,https://letterboxd.com/film/kraken-2026-1/
Oddities,2026,"Two self-destructive best friends accidentally kill someone. After finding refuge in a roadside antique shop, an older woman initially offers help, but things soon take a dark turn.",Tyler Savage,,"Thriller, Horror","Lovie Simone, Lilimar, Adrienne Barbeau",Oddities,2026,https://letterboxd.com/film/oddities-2026/
Only Child,2026,A childless couple goes on vacation to a country house in the middle of the forest where they will have to face a sinister situation.,Bálint Szentgyörgyi,85 mins,Thriller,"Attila Ifj. Vidnyánszky, Júlia Szász, Szirmai Marcell",Only Child,2026,https://letterboxd.com/film/only-child-2026/
Pacific,2026,A group of young travelers are stranded on an island in the Pacific where they struggle to escape an evil presence kept hidden from mankind for centuries.,Gonzalo Gutiérrez,105 mins,"Horror, Science Fiction","María Gabriela de Faría, Manolo Cardona, Claudio Cataño",Pacific,2026,https://letterboxd.com/film/pacific-2026/
Posthumous,2026,"After returning to her childhood home, Zoe discovers a mysterious videotape that unravels everything she thought she knew about her birth and her mother's death, awakening an unimaginable horror.",Josh Tanner,110 mins,"Horror, Drama","Sophie Lowe, David Roberts, Doris Younane",Posthumous,2026,https://letterboxd.com/film/posthumous-2026-1/
Salmokji: Whispering Water,2026,"An incident unfolds when a film crew goes to a reservoir to update the road view where an unidentified figure was filmed, and they encounter something in the dark, deep waters.",Lee Sang-min,96 mins,"Horror, Thriller","Kim Hye-yoon, Lee Jong-won, Kim Jun-han",Salmokji: Whispering Water,2026,https://letterboxd.com/film/salmokji-whispering-water/
Rock Springs,2026,"After her father's death, a grieving young girl moves to Rock Springs, Wyoming with her mother and grandmother, only to discover something monstrous hidden in the town’s history and the woods behind their new house.",Vera Miao,96 mins,"Horror, Drama","Kelly Marie Tran, Benedict Wong, Jimmy O. Yang",Rock Springs,2026,https://letterboxd.com/film/rock-springs-2026/
Sleep No More,2026,"As two sisters clash over whether their mother’s sudden death at a wig factory was suicide or demonic possession, their brother's supernatural body-regenerative gift attracts a wandering ghost searching for a human host.",Edwin,96 mins,"Horror, Fantasy","Rachel Amanda, Lutesha, Iqbaal Ramadhan",Sleep No More,2026,https://letterboxd.com/film/sleep-no-more-2026/
Split Rock,2026,A team of geologists uncover a strange anomaly buried deep in the remote badlands and fall prey to a sinister force of destruction.,Ryan Glover,98 mins,"Horror, Thriller","Clark Backo, Drew Ray Tanner, Olivia Luccardi",Split Rock,2026,https://letterboxd.com/film/split-rock/
The Fox,2025,An affable foxhunter encounters a talking Fox who offers him an opportunity to transform his fiancée into the perfect woman.,Dario Russo,90 mins,"Fantasy, Comedy","Jai Courtney, Emily Browning, Olivia Colman",The Fox,2026,https://letterboxd.com/film/the-fox-2025/
The Eyes,2026,"Seo-jin, a renowned photographer, is shattered by the sudden and mysterious death of her twin sister and sets out to uncover the truth. As her investigation deepens, an unseen presence begins to close in, twisting reality and driving her into a spiral of paranoia as her vision fades away. Now trapped in encroaching darkness, Seo-jin faces a terrifying revelation that shatters everything she thought she knew.",Yeom Ji-ho,106 mins,"Horror, Thriller","Shin Min-a, Kim Nam-hee, Kim Young-ah",The Eyes,2026,https://letterboxd.com/film/the-eyes-2026/
The Heretiks,2026,"On Halloween night, a disaffected teenage girl must team up with a renegade witch to protect her little sister from a murderous coven hellbent on sacrificing her in an apocalyptic ritual.",Gregg Bishop,89 mins,"Thriller, Horror","Kimberly Epstein, Josie Juliette Wert, Ava Mae Seidensticker",The Heretiks,2026,https://letterboxd.com/film/the-heretiks/
The Saviors,2026,A suburban couple whose life spirals out of control when they rent their garage to mysterious tenants.,Kevin Hamedani,,"Comedy, Thriller","Adam Scott, Danielle Deadwyler, Greg Kinnear",The Saviors,2026,https://letterboxd.com/film/the-saviors/
The Tale of the Red Demon,2026,The plot follows the sorrow of a woman born as a “red demon” and her struggle for identity and connection in a world that fears her.,Hidenori Inoue,,,,The Tale of the Red Demon,2026,https://letterboxd.com/film/the-tale-of-the-red-demon/
The Village of Eight Gravestones,2026,Follows a young man with a dark family past who visits the village of his late mother and encounters a private eye hired by hostile villagers as a killing spree unfolds.,Takashi Shimizu,114 mins,"Horror, Mystery","Matsuya Onoe, Tomoya Oku, Mayu Hotta",The Village of Eight Gravestones,2026,https://letterboxd.com/film/the-village-of-eight-gravestones/
"Trauma, or Monsters All",2026,"An aspiring author gets more than she bargained for when she writes an article for the local paper about her small town’s dark history, prompting unwanted speculation on what monsters may lie within.",Larry Fessenden,118 mins,Horror,"Addison Timlin, Alex Hurt, Alex Breaux","Trauma, or Monsters All",2026,https://letterboxd.com/film/trauma-or-monsters-all/
Wash Away,2026,A couple's relaxing trip to a remote lakeside resort turns into a nightmare when they unknowingly become entangled in the resort’s bizarre belief that its water can purify human souls.,Takuya Miyahara,77 mins,"Thriller, Horror","Jingi Irie, Makoto Tanaka, Kyusaku Shimada",Wash Away,2026,https://letterboxd.com/film/wash-away-2026/
What Happened to Doris?,2026,"In 1974 LA suburbs, a single mom faces violent attacks by an invisible entity. When no one believes her, she seeks help from paranormal investigators, sparking a notorious documented supernatural case.",Nick Simon,92 mins,"Thriller, Horror","Heather Graham, Marcus Coloma, Morgan Peter Brown",What Happened to Doris?,2026,https://letterboxd.com/film/what-happened-to-doris/
A Prayer for the Dying,2026,"In 1870 Friendship, Wisconsin, a small town of Scandinavian settlers still suffering the repercussions of the recent Civil War. When faced with a new and even deadlier threat, one man is forced to make a harrowing choice: save his young family or defend the community that gave him a second chance at life and meaning.",Dara Van Dusen,95 mins,"Drama, Thriller","Johnny Flynn, John C. Reilly, Kristine Kujath Thorp",A Prayer for the Dying,2026,https://letterboxd.com/film/a-prayer-for-the-dying-2026/
Anima,2026,A young woman and an old man embark on a road trip to preserve his consciousness at an experimental facility.,Brian Tetsuro Ivie,90 mins,"Comedy, Science Fiction, Drama","Sydney Chandler, Takehiro Hira, Tom McCarthy",Anima,2026,https://letterboxd.com/film/anima-2026/
Corpus,2026,"It’s the summer of 1998 in New York City; Sayo, a soulful nightlife photographer and small-time drug dealer, is invited to a party upstate by his longtime friend and unrequited love, a movie star on the rise: Vince Marlowe. Together with their rowdy friend Ross, they drive to a remote, bucolic manor in hopes of some summer debauchery. But when they arrive, they discover that the promise of a party is actually three mysterious women — Billie, Wren, and Cata — whose disturbing agenda draws the boys into a dark web of seduction and terror.",Corrin Evans,102 mins,"Thriller, Horror","Jeffrey Wahlberg, Brodie Townsend, Michael Vlamis",Corpus,2026,https://letterboxd.com/film/corpus-2026-1/
Ciudad de muertos,2026,"Enrique Metinides, renowned crime photographer, discovers his passion as a child when his camera captures a haunting image of death. This obsession with documenting tragedy shapes his career and transforms his work into art. But as a mysterious figure begins appearing in his photographs, Enrique unravels a chilling secret linking his lens to the shadows of politics and the supernatural.",José Manuel Cravioto,102 mins,"Drama, Thriller","Jero Medina, Gerardo Trejoluna, Gustavo Sánchez Parra",Ciudad de muertos,2026,https://letterboxd.com/film/city-of-the-dead-2026/
Demons,2026,"In the 1990s, Slavik, a homeless drifter from Russia with a blurred past, wanders into a remote village in central Ukraine. Nina, a strong and independent woman much older than him takes the stranger into her home. At first, their strange companionship resembles an unlikely love story. But as their relationship unfolds, love turns into betrayal, and the village begins to reveal its hidden rules: a place where witches may live next door and the dead sometimes speak with the living.",Nataliia Vorozhbyt,110 mins,"Drama, Mystery","Ruslan Harmash, Oleksandra Kovalenko, Ruslana Pysanka",Demons,2026,https://letterboxd.com/film/demons-2026/
Family Fears Another Night of Terror,2026,"Every night, a family of four faces the terror of living in a haunted house. Except the house is not really a house, but a television set where darkness reigns instead of walls. If existence is merely a grotesque performance, who is hiding behind the camera?",Cristian Ponce,83 mins,Horror,"Nadia Lozano, Diego Velázquez, Mora Magnarelli",Family Fears Another Night of Terror,2026,https://letterboxd.com/film/family-fears-another-night-of-terror/
Girl in the Night,2026,"To cut through the mundanity of his night shifts, Rok keeps himself busy by stealing chocolate bars at the gas station where he works. One night, he meets a mysterious girl with severe bruises on her face. She only appears at night, is all about saving crime, and claims to possess super powers. If he wants to meet her again, Rok will have to come up with a cunning plan – so he decides to steal her bike.",Luka Marčetič,94 mins,"Drama, Comedy, Thriller","Urban Kuntarič, Lara Wolf, Rok Roudi",Girl in the Night,2026,https://letterboxd.com/film/girl-in-the-night/
Future Tense,2026,"Cape Town, South Africa. In a near future on the brink of climate collapse, Lwando and his girlfriend Tara are among the privileged few who win the opportunity to travel back to 1647 and a pre-colonial past to experience nature in its wildest form. Lwando is an underground activist who dreams of changing the course of history. Tara wants to save her relationship with him. Together, the couple must choose whether to risk life as they know it for a potentially better world.",Jenna Cato Bass,96 mins,"Romance, Science Fiction, Thriller","Lawrence Maleka, Kristen Raath",Future Tense,2026,https://letterboxd.com/film/future-tense-2026/
Gregor,2026,"The discovery of a human skull fragment plunges Gregor into a hallucinatory thriller blending violence, power, and extreme fantasies...",Manu Gómez,79 mins,"Thriller, Drama, Animation","Ronald Beurms, Jean-Henri Compère, Thierry de Coster",Gregor,2026,https://letterboxd.com/film/gregor/
Heat of Madness,2026,"On the verge of becoming a father, Scola is hoping to make it big with one final heist. However, betrayed by his accomplices and blinded by the obsession to recover his loot, he embarks on a vengeful quest that leads him into a supernatural world.",Karim Ouelhaj,103 mins,"Thriller, Fantasy","Olivier Picard, Julie Carroll, Claudio Dos Santos",Heat of Madness,2026,https://letterboxd.com/film/heat-of-madness-2026/
have you seen me?,2026,"After his beloved cat disappears amidst a global pandemic, a lonely man turns to his neighbor for help. As isolation takes hold, their search becomes a surreal descent into loneliness, longing, and dimensional dissolution.",Ryan McDuffie,80 mins,Horror,"Ryan McDuffie, Victoria Elder",have you seen me?,2026,https://letterboxd.com/film/have-you-seen-me-2026/
I Love Boosters,2026,A fearless crew of inventive young women turn shoplifting into a radical act of defiance.,Boots Riley,113 mins,"Crime, Science Fiction, Comedy","Keke Palmer, Naomi Ackie, Taylour Paige",I Love Boosters,2026,https://letterboxd.com/film/i-love-boosters/
Hen,2025,"After a gruesome massacre, Dawid discovers a feral boy hidden in a chest on an isolated farm. Driven by duty, Dawid and his wife, Hanna, take the boy in. But Lukas is not an ordinary child. Though innocent, he carries an inexplicable curse.",Nico Scheepers,108 mins,Horror,"Dawian van der Westhuizen, Amalia Uys, Stian Bam",Hen,2025,https://letterboxd.com/film/hen-2025-1/
You're It,2026,"At an amusement park, a group of children and teenagers are trapped in a curse that connects them to a parallel world.","Ramiro García Bogliano, Adrián García Bogliano",72 mins,,"Asia García Oliva, Babette Wallovits, Ennio García Oliva",You're It,2026,https://letterboxd.com/film/youre-it-2026/
Interior,2025,"Kasimir uses a hollow couch to infiltrate houses. Once inside, he secretly films the owners’ lives. A few days later the couch is picked up again, with Kasimir inside: “Delivery Error“. He delivers the tapes to the brain surgeon Dr. Liebermann, who is trying to learn how to feel human emotions. While Kasimir provides him with more footage of further break-ins to prove his love, the doctor, unimpressed, prepares an awake surgery in his cellar for a young musician. Broken by unre­quited love, Kasimir begins to deviate from Liebermann‘s dogma: never intervene in what happens in front of the camera. An unforgivable breach of trust for Liebermann and so he de­cides to determine Kasimir’s fate.",Pascal Schuh,96 mins,"Thriller, Drama","Knut Berger, Daniil Kremkin, Andreas Nickl",Interior,2025,https://letterboxd.com/film/interior-2025/
La muerte de Drácula,2026,"Through a story that combines horror, humor and fantasy, the film starts with the disappearance of Bram Stoker's mythical vampire to discover what happens when one of history's greatest monsters ceases to exist and its legacy passes into the hands of a new generation.","Juan González, Burnin' Percebes, Nando Martínez",64 mins,"Comedy, Horror","Javier Botet, Laura Weissmahr",La muerte de Drácula,2026,https://letterboxd.com/film/la-muerte-de-dracula/
Motherwitch,2026,"Cyprus, 1882: Eleni, an outcast painter, tries to resurrect her dead children but instead unleashes mythical creatures upon her village. Only by becoming a good mother to a talented, but abused child can she reverse the curse.",Minos Papas,104 mins,"Fantasy, Horror","Margarita Zachariou, Miltos Yerolemou, Jason Hughes",Motherwitch,2026,https://letterboxd.com/film/motherwitch/
Phillip Philadelphia,2026,"British screenwriter Phillip Philadelphia conducts a retiring life of fantasy, delusion and tawdry eroticism from a Gold Coast motel; meanwhile the ghosts of love and past glory begin to erode his web of reverie.",Adam C. Briggs,72 mins,"Drama, Comedy","Geoffrey Vagg, Oliver Cameron, Sam Dixon",Phillip Philadelphia,2026,https://letterboxd.com/film/phillip-philadelphia/
Sender,2026,"After receiving a series of packages containing unnervingly personal items, a woman tumbles down a paranoid rabbit hole to find her mysterious sender.",Russell Goldman,94 mins,Thriller,"Britt Lower, Rhea Seehorn, Jamie Lee Curtis",Sender,2026,https://letterboxd.com/film/sender-2026/
Sick,2026,"During the summer holidays, sixteen-year-old Maks and his older sister Emmaare sent to the Polish countryside to care for their ailing grandmother. Trapped together in the heavy, stifling isolation of the summer heat, the siblings’ bond begins to shift into something unsettling and difficult to define. As tensions rise and boundaries begin to blur, their grandmother’s frail presence takes on an increasingly disturbing quality, turning a once-idyllic summer into a haunting passage into adulthood.",Agata Trzebuchowska,90 mins,"Horror, Drama","Konrad Kąkol, Katarzyna Łubik, Monika Niemczyk",Sick,2026,https://letterboxd.com/film/sick-2026/
The Arrow at Rest at Every Instant of its Flight,2026,Three seemingly disconnected stories unfold across New York City.,Theodore Schaefer,81 mins,"Drama, Comedy","Gus Birney, Constance Shulman, Daniel Zolghadri",The Arrow at Rest at Every Instant of its Flight,2026,https://letterboxd.com/film/the-arrow-at-rest-at-every-instant-of-its/
Sour Minnows,2026,"Two friends stumble upon an unusual sight: six men sensually licking the pavement on an empty L.A. street. For Ricky, this moment ruptures something. As reality grows porous and memory begins to slip, a delirious new logic takes hold.",Harrison Atkins,83 mins,"Comedy, Fantasy","David Brown, Chase Williamson, Suzanna Son",Sour Minnows,2026,https://letterboxd.com/film/sour-minnows/
The Glorious Dead,2026,"A small-town sheriff and her deputy awaken to a changed world where blood drips from taps, people and pets vanish, fleshy creatures roam the woods, and the hamlet descends into chaos. By noon, the skies turn white with snow, and the dirt cannot keep the dead down as the shattered community buckles under the pressure, and as the sun sets, all hell has frozen over.","Toby Poser, John Adams",81 mins,Horror,"Zelda Adams, Toby Poser, Judith Roberts",The Glorious Dead,2026,https://letterboxd.com/film/the-glorious-dead/
The Difficult Bride,2026,"Zai, a bride-to-be in present-day Dhaka, is in love with her groom and dreams of a fairytale wedding, but secretly struggles with her body’s resistance to wedding rituals. As stress and emotional pain intensify, a mysterious woman with long hair begins appearing in Novera’s imagination.",Rubaiyat Hossain,87 mins,"Fantasy, Drama, Thriller, Horror","Zaineen Karim Chowdhury, Reekita Nondine Shimu, Sunerah Binte Kamal",The Difficult Bride,2026,https://letterboxd.com/film/the-difficult-bride/
Turn It Up!,2026,"An indie rock band struggling to make its mark finds a possible meal ticket in an infectious new guitar riff. Unfortunately, it’s also a cursed melody that just so happens to open a portal to another, much scarier dimension.",Sam Scott,91 mins,"Horror, Comedy","Justine Nelson, Gwenlyn Cumyn, Jonathan Craig",Turn It Up!,2026,https://letterboxd.com/film/turn-it-up-2026/
Vertiginous,2026,Jacques goes to his friend Bruno's house to tell him some big news: the entire human race is living in a simulation...,Quentin Dupieux,67 mins,"Animation, Science Fiction, Comedy","Alain Chabat, Jonathan Cohen, Anaïs Demoustier",Vertiginous,2026,https://letterboxd.com/film/vertiginous/
Yellow Cake,2026,"When radical science backfires, miners and researchers confront apocalypse in Tiago Melo’s pulpy, politically charged sci-fi fusing local myth, dark humour, working-class grit and radioactivity in Brazil’s Northeast.",Tiago Melo,97 mins,"Drama, Comedy, Science Fiction","Rejane Faria, Tânia Maria, Alli Willow",Yellow Cake,2026,https://letterboxd.com/film/yellow-cake-2026/
Zi,2026,"In Hong Kong, a young woman haunted by visions of her future self meets a stranger who changes the course of her night -- and possibly her life.",Kogonada,99 mins,"Drama, Romance, Science Fiction","Michelle Mao, Haley Lu Richardson, Jin Ha",Zi,2026,https://letterboxd.com/film/zi-2026/
Astrolatry,2026,An obsessive loner's infatuation with a beauty cream model propels him into violent delusions after an alien meteor crash-lands onto his rooftop.,David Gordon,103 mins,Horror,"Ethan Daniel Corbett, Milena Abilova, Isabel Fugatt",Astrolatry,2026,https://letterboxd.com/film/astrolatry/
Black Sheeps,2026,A young scientist who is convinced that a dangerous new pathogen threatens the population and tracks it back to her hometown – which is located in the shadow of the remote sheep station where the macabre events of the original Black Sheep unfolded.,Jonathan King,97 mins,"Comedy, Horror","Nathan Meister, Joe Witkowski, Tabatha Killick",Black Sheeps,2026,https://letterboxd.com/film/black-sheeps/
Corporate Retreat,2026,"Blending the dread of survival horror with dark laughs and shocking twists, ""Corporate Retreat"" centers around a group of young executives whose luxury team-building trip descends into a bloody fight for survival against a vengeful retreat leader.",Aaron Fisher,89 mins,"Thriller, Horror, Comedy","Odeya Rush, Sasha Lane, Elias Kacavas",Corporate Retreat,2026,https://letterboxd.com/film/corporate-retreat/
The Demon Among Us,2026,"""The Demon Among Us"" is inspired by the 1980s film ""The Other Hell."" The production features special effects by David Bracci and music by Pino Donaggio.",Claudio Fragasso,85 mins,Horror,"Stefano Molinari, Romano Talevi, Alessandro Lazzerini",The Demon Among Us,2026,https://letterboxd.com/film/the-demon-among-us/
Faces of Death,2026,"A woman, employed as a website content moderator, comes across a series of violent videos reproducing death scenes from a film.",Daniel Goldhaber,97 mins,"Crime, Horror","Barbie Ferreira, Dacre Montgomery, Josie Totah",Faces of Death,2026,https://letterboxd.com/film/faces-of-death-2026/
FLAPJAX,2026,"An over-eager fast-food manager is tasked with reviving a highly addictive menu item called ""FLAPJAX"" to save his fast-food company from bankruptcy. He pulls his estranged mother, a faded pop-star known as Popo, out of retirement to promote the item. However, he soon becomes ensnared by the company's true intentions and his deeply rooted mommy issues.",Rocko Zevenbergen,98 mins,"Science Fiction, Comedy, Horror","Gabriel Cagan, Georgia Kate Haege, Madeline Barbush",FLAPJAX,2026,https://letterboxd.com/film/flapjax/
Frogman Returns,2025,"There’s unfinished business in Loveland. Dallas, Amy, and Frogman are back to settle the score in FROGMAN RETURNS.",Anthony Cousins,78 mins,Horror,"Nathan Tymoshuk, Alexis Allotta, Natalie Tran",Frogman Returns,2025,https://letterboxd.com/film/frogman-returns/
Get Undressed,2026,"After years without seeing each other, Tsumugi goes camping with her former track and field teammates. Their excitement at the reunion fades when a conflict they were never able to resolve resurfaces. What no one can imagine is that they're sleeping on the site of an ancient execution ground, where centuries ago villagers were crucified naked. At night, their spirits emerge to hunt down the campers. And then Tsumugi discovers the only way to survive: by undressing.",Seiji Chiba,71 mins,Horror,"Yuri Minamino, Yua Tsutsui, Shibu Asuka",Get Undressed,2026,https://letterboxd.com/film/get-undressed/
Hallowarrior,2026,"Pumpkin, the last girl on earth and sole survivor of a humanity-ending plague, scavenging the wasteland for supplies on the eve of Halloween. Pumpkin’s lonely holiday ritual is interrupted by the arrival of a savage gang of raiders at her doorstep, led by the fearsome Thalia. Outnumbered and armed with candy, wit and weapons, Pumpkin must ferociously fight back to survive the night.",Ben Sottak,,"Horror, Thriller","Milly Shapiro, Shannyn Sossamon, Ajani Russell",Hallowarrior,2026,https://letterboxd.com/film/hallowarrior/
Gator Face,2026,A Florida vacation becomes a blood-soaked fight for survival when a group of friends are hunted through the swamps by a savage cult that feeds its victims to ravenous alligators in the name of an ancient reptilian god.,Padraig Reynolds,80 mins,"Thriller, Horror","Kiara Mitjans, Ellie Shaddix, Amariah Dionne",Gator Face,2026,https://letterboxd.com/film/gator-face/
HIGUMA!! The Killer Bear,2025,"Deep in the forest, as Sora is pressured to finish a high-paying kidnapping gig, a monstrous bear suddenly appears. A chaos-driven fight for survival erupts.",Eisuke Naito,100 mins,"Crime, Horror","Fuku Suzuki, Wan Marui, Yu Uemura",HIGUMA!! The Killer Bear,2025,https://letterboxd.com/film/higuma-the-killer-bear/
Hot Spring Shark Attack 2: Great Kyushu Showdown,2026,"A massive swarm of clone sharks rises from hot springs and volcanoes, leading to a jaw-dropping showdown that throws all of Kyushu into total chaos! The story follows a high school girl and her bond with an Onsen Shark.",Morihito Inoue,88 mins,"Action, Comedy, Horror",,Hot Spring Shark Attack 2: Great Kyushu Showdown,2026,https://letterboxd.com/film/hot-spring-shark-attack-2-great-kyushu-showdown/
I Love Paris,2026,"After being transformed into a vampire, a Parisian singer pursues stardom at the cost of her soul.",Nicky Murphy,120 mins,"Drama, Music, Comedy, Horror","Aminata Thiboult, Leonor Oberson, Louiza Aura",I Love Paris,2026,https://letterboxd.com/film/i-love-paris/
Insectasy,2026,"Sadie struggles to find balance as she juggles work, her social life and her erotic fascination with insects.",Angus Silver,83 mins,Drama,"Tirion Healy, Lyndall Huber, Emmett Roiko",Insectasy,2026,https://letterboxd.com/film/insectasy/
Kick On,2026,"When a night of partying leads four friends to kick on, at the extravagant drug-fueled lair of a mobster's reckless son, they find themselves fighting for their lives amidst a brutal spiral of paranoia, violence and ultimate betrayal.",Nick Kozakis,91 mins,"Horror, Action, Thriller","Markella Kavenagh, Nikolai Nikolaeff, Jacek Koman",Kick On,2026,https://letterboxd.com/film/kick-on/
Kung Fu Deadly,2026,"Danny and Frank, two bumbling pest exterminators, cross paths with the enigmatic Lien, a Taoist guardian hunting an ancient Chinese jiangshi in Dublin. Together they set out to deal with this menace the only way they know how: extermination.",Fergal Costello,96 mins,"Comedy, Action, Adventure","Steven He, Michael Tient, Gemma Chua-Tran",Kung Fu Deadly,2026,https://letterboxd.com/film/kung-fu-deadly/
Penny Lane Is Dead,2025,"Set in 1986, during a scorching Aussie summer, three best friends' celebration at a beach house turns into a blood-soaked fight for survival when a prank goes horribly wrong.",Mia'Kate Russell,91 mins,"Comedy, Horror, Thriller","Bailey Spalding, Sophia Wright-Mendelsohn, Ben O'Toole",Penny Lane Is Dead,2025,https://letterboxd.com/film/penny-lane-is-dead/
"Mum, I'm Alien Pregnant",2026,"When a messy underachiever accidentally gets alien-pregnant, she must overcome skeptical doctors, a useless baby daddy, and her oversharing mum in order to survive and reclaim her life.","Jordan Mark Windsor, Sean Wallace",95 mins,"Horror, Science Fiction, Comedy","Hannah Lynch, Yvette Parsons, Arlo Green","Mum, I'm Alien Pregnant",2026,https://letterboxd.com/film/mum-im-alien-pregnant/
The Tao Exorcist,2026,"Late at night, a father throws his children into a kiln, muttering, “They’re no longer ours.” Their screams fade into the flames. Young exorcist Xiao Tuo suspects his classmate Nianqi is possessed, uncovering her stepfather Zhen-Kai’s use of dark rituals. As her siblings show disturbing behavior, Zhen-Kai plans a deadly purge. Xiao Tuo links the evil spirit to his own injured father, and together with Nianqi, uncovers a horrifying truth tied to a missing persons case from fifteen years ago.",Chiou Hau-jou,108 mins,Horror,"Tsao Yu-ning, Tien Hsin, Kaiser Chuang",The Tao Exorcist,2026,https://letterboxd.com/film/the-tao-exorcist/
Unholy Night,2026,"The film centers on Gino, whose traditional Italian family Christmas Eve celebration descends into chaos when his deceased grandmother returns from the dead and embarks on a killing spree. As more dead relatives begin appearing throughout the neighborhood, Gino must find a way to eliminate the holiday revenants and make it through the family gathering alive.",Michael Gabriele,91 mins,"Horror, Comedy","Marc Bendavid, Shailene Garnett, Jacqueline Robbins",Unholy Night,2026,https://letterboxd.com/film/unholy-night-2026/
Chimney Town: Frozen in Time,2026,"After losing his friend Poupelle, young Lubicchi wanders into a mysterious realm where a clock in a tower is frozen at 11:59. To return home, he must restart it – and find the courage to believe again.",Yusuke Hirota,98 mins,"Fantasy, Drama, Adventure, Animation","Masataka Kubota, Mana Ashida, Yuzuna Nagase",Chimney Town: Frozen in Time,2026,https://letterboxd.com/film/chimney-town-frozen-in-time/
ghost - end of night,2026,"I want to know what is ＜real＞. Set in the near future where labor is no longer necessary, this is the story of Neekei, a girl who continues seeking the “real” while resisting the order of a content society.",Shingo Natsume,110 mins,"Drama, Science Fiction, Animation","Mayu Hotta, Issey Takahashi",ghost - end of night,2026,https://letterboxd.com/film/ghost-end-of-night/
GROTESQQQUE,2026,"Anthology film made up of 3 separate segments: Æliens, 4649Girl, and Nocturn: En Cette Nuit Grotesque.","Atsushi Nishigori, Takahiro Miura",104 mins,"Animation, Science Fiction, Action, Drama","Kana Ichinose, Gen Hoshino, Sara Minami",GROTESQQQUE,2026,https://letterboxd.com/film/grotesqqque/
Lucy Lost,2026,"Set in 1915 in the Isles of Scilly just off the Cornish coast, a young girl named Lucy is raised by a clan of fishermen she knows not to be hers. However, she remembers little else about her past, and as the Great War rages down on the continent, a chance encounter with the mysterious girl her own age soon helps Lucy put back the pieces of her own life’s story and come to better understand her place in the world.",Olivier Clert,85 mins,"War, Family, Fantasy, Animation, Adventure","Charlie Rosenzweig, Zach Valentin-Dattas, Jessica Monceau",Lucy Lost,2026,https://letterboxd.com/film/lucy-lost/
Long Long Night,2026,"The last rhino of his kind forms an unlikely bond with a penguin born from an abandoned egg. Together, they set out on a heartwarming journey toward the ocean.",Youm Kyu-bock,99 mins,"Drama, Animation, Adventure, Family","Park Ki-wook, Kim Kyu-na, Suzy",Long Long Night,2026,https://letterboxd.com/film/long-long-night/
Monster Mia,2026,"12-year-old Mia and her scruffy pet rat Quentin are sent to the mysterious Rotwood Academy after one too many problems at school. The new school gives her the creeps, and Mia needs to figure a way out before the students realize she isn't a monster like them! But the vice principal Van Vlad hosts a particular dislike for humans, and Mia is scared he has seen through her act...",Verena Fels,82 mins,"Animation, Fantasy, Family","Maresa Sedlmeir, Matthias Klie, Sebastian Griegel",Monster Mia,2026,https://letterboxd.com/film/monster-mia/
Peleliu: Guernica of Paradise,2025,"In 1944 on Peleliu, Tamaru writes fake heroic tales of Japanese soldiers' deaths to families. In the hell of bombs, hunger, thirst and disease, he bonds with Yoshiki. Together they cling to life in this atrocious war of attrition. Only 34 survive. What do these two young men witness in the madness?",Goro Kuji,106 mins,"Drama, Animation, War","Rihito Itagaki, Tomoya Nakamura, Hirosato Amano",Peleliu: Guernica of Paradise,2025,https://letterboxd.com/film/peleliu-guernica-of-paradise/
Nobody,2025,"The Little Pig Yao decides to leave Langlang Mountain to join the pilgrimage. On the journey west, what trials will the little monsters face? In the end, will they achieve their dreams and live as they truly desire?",Yu Shui,118 mins,"Animation, Fantasy, Comedy, Adventure","Chen Ziping, Lu Yang, Dong Wenliang",Nobody,2025,https://letterboxd.com/film/nobody-2025/
Spacetime Chronicles,2025,"A man drifts through a liminal space between reality and dream, guided by a cat who embodies his conscience. Moving through fragmented memories, symbolic encounters, and suspended moments, he confronts fear, desire, and identity. Spacetime Chronicles is an instrospective animated journey about uncertainly, repetition, and the quiet beauty found along the path rather than at its end.",Stefano Bertelli,70 mins,Animation,,Spacetime Chronicles,2025,https://letterboxd.com/film/spacetime-chronicles/
Soul Shift,2026,"We follow Evolution Managers shaping life across the universe. When Dew Blue and Sunny-Yellow enter a cosmic contest, it turns into a wild battle that tests their strategy and friendship.",Christian Franz Schmidt,106 mins,,,Soul Shift,2026,https://letterboxd.com/film/soul-shift/
The Misconceived,2026,"A failed filmmaker turned single dad tries to make a living while retaining his sense of self, in James N. Kienitz Wilkins’ experimental 3D-rendered home renovation comedy, which doubles as an acidic treatise on working conditions for the contemporary creative.",James N. Kienitz Wilkins,88 mins,"Drama, Comedy, Animation","Jesse Wakeman, John Magary, Callie Hernandez",The Misconceived,2026,https://letterboxd.com/film/the-misconceived/
The Upside Down River,2027,"The Upside Down River tells the story of Tomek and Hannah’s encounter during their journey toward the Qjar River. Hannah hopes to obtain a magical drop that might save her bird; Tomek, on the other hand, sets out on a journey to discover the vast world. Their adventures unfold one after another, intertwine, and ultimately complement each other.",Paul Leluc,85 mins,"Animation, Fantasy",,The Upside Down River,2027,https://letterboxd.com/film/the-upside-down-river/
Welcome to Dolly's House,2026,"A young YouTuber, Princess Maria, is determined to reveal the enigmatic secrets of Madame Dolly, a sorceress who can turn lifeless dolls into human beings. But as Princess Maria delves deeper, suppressed and painful memories resurface within her…","Rady Fu, Tree Muta, Seven YCH",85 mins,"Adventure, Animation, Fantasy","Teresa Daley, Yao Ai-ning, Bruce Chiu",Welcome to Dolly's House,2026,https://letterboxd.com/film/welcome-to-dollys-house/
ZsaZsa Zaturnnah vs The Amazonistas of Planet X,2026,"Ada is a shy gay man living in a small town in the Philippines. After many heartbreaks over many years, he has committed himself to a simple and single life. But when a magical stone from outer space transforms him into a flamboyant female superhero, Ada is forced to face fantastic challenges. From fighting zombies to stopping invading Amazonistas from Planet X, to the even more difficult task of risking his heart to love again.",Avid Liongoren,86 mins,"Science Fiction, Action, Comedy, Animation",Phi Palmos,ZsaZsa Zaturnnah vs The Amazonistas of Planet X,2026,https://letterboxd.com/film/zsazsa-zaturnnah-vs-the-amazonistas-of-planet/
Puella Magi Madoka Magica the Movie -Walpurgisnacht: Rising-,2026,"After the events of Rebellion, the world appears to be in balance—but that peace is fragile. As a new threat connected to Walpurgisnacht emerges, Homura Akemi is forced to face the consequences of her choices and question how far she is willing to go to protect Madoka.","Yukihiro Miyamoto, Akiyuki Shinbo",120 mins,"Drama, Mystery, Animation, Fantasy","Aoi Yuuki, Chiwa Saito, Eri Kitamura",Puella Magi Madoka Magica the Movie -Walpurgisnacht: Rising-,2026,https://letterboxd.com/film/puella-magi-madoka-magica-the-movie-walpurgisnacht/
Kubrick's War: The Making of Full Metal Jacket,,"An in-depth documentary on the 1987 classic Full Metal Jacket, shaped around over thirty new interviews with Kubrick collaborators, including Matthew Modine, Vincent D’Onofrio, and Arliss Howard, as well as previously unheard audio interviews with Kubrick and never-before-released audio of the director rehearsing with the film’s actors at Pinewood Studios in 1986.",Stephen Rigg,124 mins,"War, Drama, Documentary","Stanley Kubrick, Matthew Modine, Vincent D'Onofrio",Kubrick's War: The Making of Full Metal Jacket,,https://letterboxd.com/film/kubricks-war-the-making-of-full-metal-jacket/
Boorman and the Devil,2025,"Featuring commentary from surviving participants, as well as other filmmakers and critics, this documentary chronicles the career of director John Boorman and the tumultuous production of his film Exorcist II: The Heretic, exploring its critical and commercial failure, how it changed the industry, and the importance of risk-taking in art.",David Kittredge,112 mins,Documentary,"John Boorman, Louise Fletcher, Karyn Kusama",Boorman and the Devil,2025,https://letterboxd.com/film/boorman-and-the-devil/
Earth to Michael,2025,"Before an astronaut leaves Earth to usher in a new era of spaceflight, his son asks him to explore the unresolved space between them. Michael last went to space when Nico was six. During his time in orbit, their family broke apart. Although Michael returned to Earth, he never came home. Now he’s headed back to space, 15 years later. Can Nico bridge the distance before he leaves? Equal parts interstellar and intimate, this coming-of-age story confronts two men of different generations, asking us what sacrifices we’ll make for our loved ones to achieve their dreams.","Nico López-Alegría, ZZ",87 mins,Documentary,,Earth to Michael,2025,https://letterboxd.com/film/earth-to-michael/
"Fantasy Art. Luis Royo, Romulo Royo, Goya",2026,"Luis Royo, one of the world's leading fantasy art illustrators -an artistic style that encompasses sword-and-sorcery, science fiction, strange creatures, and the grotesque- and Romulo Royo, an internationally renowned painter, embark on a journey to Italy inspired by the most fantastic side of Francisco de Goya. We enter a universe of beauty, struggles, heroes, and heroines that goes beyond his canvases.",Mirella R. Abrisqueta,71 mins,Documentary,"Luis Royo, Romulo Royo, Sara Frazzetta","Fantasy Art. Luis Royo, Romulo Royo, Goya",2026,https://letterboxd.com/film/fantasy-art-luis-royo-romulo-royo-goya/
Dernsie: The Amazing Life of Bruce Dern,2026,"DERNSIE is an intimate portrait of Bruce Dern—tireless, uncompromising, and one of the last living legends of his generation—whose endurance has shaped both a turbulent life and one of Hollywood’s most enduring careers. A relentless runner on and off screen, Dern has outlasted the very industry that defined him.",Mike Mendez,111 mins,Documentary,"Bruce Dern, Laura Dern, Quentin Tarantino",Dernsie: The Amazing Life of Bruce Dern,2026,https://letterboxd.com/film/dernsie-the-amazing-life-of-bruce-dern/
Full Moon Rising: The Charles Band Story,2026,A brand new feature documentary about the incredible life and career of prolific film producer and director Charles Band.,Sarah Appleton,97 mins,Documentary,"John Carpenter, Richard Band, Charles Band",Full Moon Rising: The Charles Band Story,2026,https://letterboxd.com/film/full-moon-rising-the-charles-band-story/
Hungry,2026,"A mysterious Being in a near future investigates a world devoid of human life and determines to unravel what led to the elimination of almost all lifeforms by using voice recordings they retrieved from the past – interviews made by filmmaker Susanne Brandstätter with prominent international experts and scientists before the elimination events. Each interview discloses new clues indicating what led to the deterioration of the environment, to the biosphere, to crops and finally to the extinction of humankind. Yet though Hungry’s visuals show a possible and grim future, the interviews deliver a positive argument for action: this vicious cycle can be broken before it’s too late.",Susanne Brandstätter,95 mins,"Documentary, Science Fiction","Jack Gilbert, Heribert Hirt, Michelle Meagher",Hungry,2026,https://letterboxd.com/film/hungry-2026/
Nostalgia for the Future,2026,"Guided by the evocative narration of Charlotte Rampling, Nostalgia for the Future is a descent into the labyrinthine world of Chris Marker, the “best-known author of unknown films,” who spent a lifetime concealing himself behind a veil of pseudonyms and images of cats. Moving through a constellation of personal documents and film fragments, an archivist attempts to decode the man through the material traces he left behind. By repurposing and recontextualizing Marker’s own body of work, the film treats his images as “time machines,” transforming the archive into a landscape of living memory. Nostalgia for the Future is a meditation on memory, identity, and the power our past images hold over the futures we imagine.",Brecht Debackere,75 mins,Documentary,"Charlotte Rampling, Chris Marker, Yves Montand",Nostalgia for the Future,2026,https://letterboxd.com/film/nostalgia-for-the-future-2026/
Rubberhead: The Life & Monsters of Steve Johnson,2026,"Known for his intense work ethic, perfectionism, and obsession with breaking new ground, Steve Johnson has created iconic creatures and effects for some of the most beloved genre films in cinema history, working with everyone from John Carpenter, David Cronenberg, and Sam Raimi to James Cameron, Steven Spielberg, and Guillermo del Toro. His drive and ambition also led to heartbreaking acts of self-sabotage, divorce, and a serious drug addiction.",Nick Taylor,105 mins,Documentary,"Steve Johnson, Linnea Quigley, Matt Winston",Rubberhead: The Life & Monsters of Steve Johnson,2026,https://letterboxd.com/film/rubberhead-the-life-monsters-of-steve-johnson/
Sell Your House,2026,"A first-time director convinces his best friend to sell his house in order to fund their debut feature film. Everything goes really well. A documentary following the making of ""The Last Stop in Yuma County.""","Eric Foss, Brandon Pickering",95 mins,"Comedy, Documentary","Francis Galluppi, James Claeys, Faizon Love",Sell Your House,2026,https://letterboxd.com/film/sell-your-house/
Serling,2026,"The definitive and authorized documentary on Rod Serling, the creator of the iconic Twilight Zone.",Jonah Tulis,98 mins,Documentary,,Serling,2026,https://letterboxd.com/film/serling/
The Hanging of Stuart Cornfeld,2025,"The Hanging of Stuart Cornfeld is an intimate portrait of what it means to expose oneself. At its center is the iconoclastic film producer Stuart Cornfeld (1952-2020) sharp-tongued, outspoken, irreverent, and true to himself. The film unfolds through the eyes of an artist who, in Stuart’s final years, paints multiple portraits while speaking with him and those who knew him best (friends, collaborators, actors, film directors and, film producers) tracing the life of a man who embraced misfits because he, too, never quite fit in.",Joan Bofill Amargós,90 mins,Documentary,"Stuart Cornfeld, Jack Black, Mel Brooks",The Hanging of Stuart Cornfeld,2025,https://letterboxd.com/film/the-hanging-of-stuart-cornfeld/
THE ORIGIN OF ULTRAMAN,2026,"The landmark Japanese Tokusatsu TV series Ultraman became a massive social phenomenon upon its debut in 1966, reaching a staggering peak viewership rating of 42.8%. Six decades later, Tsuburaya Productions continues to introduce new entries into the Ultraman series, expanding its unique universe to a global audience across generations. This documentary brings together leading voices from the fields of cinema, Tokusatsu, and design. Witness profound testimonies from an international assembly of creators, including: Guillermo del Toro, Hirokazu Kore-eda, Hideo Kojima, Hideaki Anno, Shinji Higuchi, and Nicolas Winding Refn.","Yu Nakamura, Kazuki Yoshida",105 mins,Documentary,"Guillermo del Toro, Hirokazu Kore-eda, Hideo Kojima",THE ORIGIN OF ULTRAMAN,2026,https://letterboxd.com/film/the-origin-of-ultraman/
The Sixty Year Mission: How Star Trek Changed Television and the World,2026,"This epic documentary reveals how bold artistic choices, behind-the-scenes conflicts, and groundbreaking ideas came together to create an enduring television classic. Through exclusive interviews and never-before-seen archival materials, The Sixty-Year Mission uncovers that truth is indeed stranger than science-fiction.",Mark A. Altman,,Documentary,"William Shatner, George Takei, Walter Koenig",The Sixty Year Mission: How Star Trek Changed Television and the World,2026,https://letterboxd.com/film/the-sixty-year-mission-how-star-trek-changed/
Twist & Shoot: Mister Suzuki,2026,"Seijun Suzuki became a cinema legend in the 1960s with a handful of pop-art films. So how can you make a portrait of this iconoclastic director without also adopting a 'style to kill' documentary convention, as well as testimonies from a variety of leading figures in contemporary Japanese and international filmmakers.",Yves Montmayeur,93 mins,Documentary,"Seijun Suzuki, John Woo, Mika Ninagawa",Twist & Shoot: Mister Suzuki,2026,https://letterboxd.com/film/twist-shoot-mister-suzuki/
Love Massacre,1981,"Set in San Francisco, Love Massacre follows college student Ivy as she tries to help her friend Joy recover from a breakup. Ivy soon becomes involved with Joy's married brother Chu Chung, who spirals into senseless violence as he breaks into Ivy's dormitory and goes on a delirious killing spree.",Patrick Tam Kar-Ming,91 mins,"Horror, Romance, Drama, Thriller, Mystery","Brigitte Lin, Chang Kuo-Chu, Charlie Chin Chiang-Lin",Love Massacre,1981,https://letterboxd.com/film/love-massacre/
Dead Mountaineer's Hotel,1979,"The police get a call-out to a lonely hotel in the Alps. When an officer gets to the hotel everything seems to be alright. Suddenly, an avalanche cuts them off from the rest of the world and strange things start happening.",Grigori Kromanov,84 mins,"Horror, Drama, Science Fiction, Crime","Uldis Pūcītis, Jüri Järvet, Lembit Peterson",Dead Mountaineer's Hotel,1979,https://letterboxd.com/film/dead-mountaineers-hotel/
Mystery,1980,A soap opera actor is mixed in a real drama very similar to what he represents in his work.,Marcela Fernández Violante,75 mins,"Drama, Mystery","Juan Ferrara, Helena Rojo, Víctor Junco",Mystery,1980,https://letterboxd.com/film/mystery-1980/
The Bullet Train,1975,"A Japanese bullet train is threatened with a bomb that will explode automatically if the train slows below 80 km/h, unless a ransom is paid. Police race to find the bombers so the train crew can learn how to defuse the bomb.",Junya Satō,152 mins,"Drama, Thriller, Action, Crime","Ken Takakura, Sonny Chiba, Kei Yamamoto",The Bullet Train,1975,https://letterboxd.com/film/the-bullet-train/
The Quiet Earth,1985,"After a top-secret experiment misfires, a scientist may be the only man left alive in the world.",Geoff Murphy,91 mins,"Drama, Thriller, Science Fiction","Bruno Lawrence, Alison Routledge, Anzac Wallace",The Quiet Earth,1985,https://letterboxd.com/film/the-quiet-earth/
Office Killer,1997,"When Dorine Douglas' job as proofreader for Constant Consumer magazine is turned into an at-home position during a downsizing, she doesn't know how to cope. But after accidentally killing one of her co-workers, she discovers that murder can quench the loneliness of her home life, as a macabre office place forms in her basement, populated by dead co-workers.",Cindy Sherman,82 mins,"Thriller, Horror, Comedy","Carol Kane, Molly Ringwald, Jeanne Tripplehorn",Office Killer,1997,https://letterboxd.com/film/office-killer/
Battered Flesh,1978,"Berta, imprisoned in Franco's Spain on fraud charges, learns to navigate the indignities of prison, spreading her own brand of kindness and empathy to the other inmates, but she unwillingly learns a valuable lesson when she falls in love with one of them.",Javier Aguirre,99 mins,Drama,"Esperanza Roy, Bárbara Rey, Terele Pávez",Battered Flesh,1978,https://letterboxd.com/film/battered-flesh/
Braindead,1992,"When a Sumatran rat-monkey bites Lionel Cosgrove's mother, she's transformed into a zombie and begins killing (and transforming) the entire town while Lionel races to keep things under control.",Peter Jackson,103 mins,"Comedy, Horror","Timothy Balme, Diana Peñalver, Elizabeth Moody",Braindead,1992,https://letterboxd.com/film/braindead-1992/
Dracula,1958,"After Jonathan Harker attacks Dracula at his castle, the vampire travels to a nearby city, where he preys on the family of Harker's fiancée. The only one who may be able to protect them is Dr. van Helsing, Harker's friend and fellow-student of vampires, who is determined to destroy Dracula, whatever the cost.",Terence Fisher,82 mins,Horror,"Peter Cushing, Christopher Lee, Michael Gough",Dracula,1958,https://letterboxd.com/film/dracula-1958/
Bloody Moon,1981,"After being released from a mental asylum, a disfigured man becomes obsessed with a student at his sister’s boarding school while grappling with his dark past.",Jesús Franco,90 mins,"Thriller, Horror","Olivia Pascal, Christoph Moosbrugger, Nadja Gerganoff",Bloody Moon,1981,https://letterboxd.com/film/bloody-moon/
The Ghost Galleon,1974,"After a pair of models go missing from a boat, a rescue party discover an empty galleon carrying the coffins of the long dead Knights Templar. The rescue party board the galleon and then discover their own boat has vanished. The survivors struggle to fight off the spectral knights with what little knowledge they have of them.",Amando de Ossorio,89 mins,Horror,"Maria Perschy, Jack Taylor, Bárbara Rey",The Ghost Galleon,1974,https://letterboxd.com/film/the-ghost-galleon/
Cannibal Holocaust,1980,A New York University professor returns from a rescue mission to the Amazon rainforest with the footage shot by a lost team of documentarians who were making a film about the area's local cannibal tribes.,Ruggero Deodato,96 mins,Horror,"Robert Kerman, Francesca Ciardi, Perry Pirkanen",Cannibal Holocaust,1980,https://letterboxd.com/film/cannibal-holocaust/
Faces of Death,1978,"What question has plagued mankind more than the mystery—and terror—of death? This forbidden pursuit has driven Dr. Frances B. Gröss to the brink of madness, but in his obsession, he has amassed a uniquely comprehensive collection of films that depict life in its final, grueling moments. From the savagery of cold-blooded murder to the perverse realities of war, tragic accidents, and the everyday lives of those who collect, dissect, and bury the dead, this descent into morbidity lays bare a truth that all of us will one day face.",John Alan Schwartz,109 mins,"Documentary, Horror","Michael Carr, Samuel Berkowitz, Mary Ellen Brighton",Faces of Death,1978,https://letterboxd.com/film/faces-of-death/
Lady Snowblood,1973,Yuki's family is nearly wiped out before she is born due to the machinations of a band of criminals. These criminals kidnap and brutalize her mother but leave her alive. Later her mother ends up in prison with only revenge to keep her alive. She creates an instrument for this revenge by purposefully getting pregnant. Yuki never knows the love of a family but only killing and revenge.,Toshiya Fujita,97 mins,"Crime, Drama, Action","Meiko Kaji, Toshio Kurosawa, Masaaki Daimon",Lady Snowblood,1973,https://letterboxd.com/film/lady-snowblood/
King Kong,1976,An oil company expedition disturbs the peace of a giant ape and brings him back to New York to exploit him.,John Guillermin,134 mins,"Horror, Adventure","Jeff Bridges, Jessica Lange, Charles Grodin",King Kong,1976,https://letterboxd.com/film/king-kong-1976/
Master of the Flying Guillotine,1976,"A one-armed martial arts master is being stalked by an Imperial assassin, the master of two fighters killed in the previous film. When the One-Armed Boxer is invited to attend a martial arts tournament, his efforts to lay low are unsuccessful, and the assassin soon tracks him down with the help of his three subordinates: a Thai boxer, a yoga master, and a kobojutsu user.",Jimmy Wang Yu,93 mins,"Action, Fantasy, Drama","Jimmy Wang Yu, Doris Lung Chun-Erh, Sham Chin-Bo",Master of the Flying Guillotine,1976,https://letterboxd.com/film/master-of-the-flying-guillotine/
The Devils,1971,"A charismatic 17th-century French priest becomes the target of a sexually obsessed nun’s witchcraft accusations, which corrupt church and state officials are all too happy to exploit.​​​​​​​​​​​​​​​​",Ken Russell,112 mins,"Drama, History, Horror","Vanessa Redgrave, Oliver Reed, Dudley Sutton",The Devils,1971,https://letterboxd.com/film/the-devils/
The Witch,2015,"In 1630, a farmer relocates his family to a remote plot of land on the edge of a forest where strange, unsettling things happen. With suspicion and paranoia mounting, each family member's faith, loyalty and love are tested in shocking ways.",Robert Eggers,92 mins,"Mystery, Horror, Fantasy","Anya Taylor-Joy, Ralph Ineson, Kate Dickie",The Witch,2015,https://letterboxd.com/film/the-witch-2015/
Threads,1984,"Documentary style account of a nuclear holocaust and its effect on the working class city of Sheffield, England; and the eventual long run effects of nuclear war on civilization.",Mick Jackson,117 mins,"Drama, War, Science Fiction","Karen Meagher, Reece Dinsdale, David Brierly",Threads,1984,https://letterboxd.com/film/threads/
Thesis,1996,"While working on a thesis about audiovisual violence, film student Ángela finds a snuff video where a girl is tortured until death. Soon she discovers that she was a former student in her university, and that the authors of the video are not very far either.",Alejandro Amenábar,125 mins,"Thriller, Horror","Ana Torrent, Fele Martínez, Eduardo Noriega",Thesis,1996,https://letterboxd.com/film/thesis/
Carrie,1976,"Withdrawn and sensitive teenager Carrie White faces bullying from classmates and abuse from her fanatically pious mother. When she begins to suspect that she has supernatural powers, things take a dark and violent turn.",Brian De Palma,98 mins,"Horror, Thriller","Sissy Spacek, Piper Laurie, Amy Irving",Carrie,1976,https://letterboxd.com/film/carrie-1976/
X: The Man with the X-Ray Eyes,1963,"A doctor uses special eye drops to give himself x-ray vision, but the new power has disastrous consequences.",Roger Corman,79 mins,"Horror, Thriller, Science Fiction","Ray Milland, Diana Van der Vlis, Harold J. Stone",X: The Man with the X-Ray Eyes,1963,https://letterboxd.com/film/x-the-man-with-the-x-ray-eyes-1963/
Firestarter,1984,"Charlene ""Charlie"" McGee has the amazing ability to start fires with just a glance. Can her psychic power and the love of her father save her from the threatening government agency which wants to destroy her?","Mark L. Lester, John Carpenter’s ‘Firestarter’,",114 mins,"Horror, Science Fiction, Thriller","Drew Barrymore, David Keith, Freddie Jones",Firestarter,1984,https://letterboxd.com/film/firestarter/
Scanners,1981,"After a man with extraordinary, and frighteningly destructive, telepathic abilities is nabbed by agents from a mysterious rogue corporation, he discovers he is far from the only possessor of such strange powers. Some of the other “scanners” have their minds set on world domination, while others are trying to stop them.",David Cronenberg,103 mins,"Horror, Science Fiction","Stephen Lack, Jennifer O'Neill, Michael Ironside",Scanners,1981,https://letterboxd.com/film/scanners/
Patrick,1978,A comatose hospital patient harasses and kills through his powers of telekinesis to claim his private nurse as his own.,Richard Franklin,113 mins,"Horror, Thriller, Science Fiction","Robert Thompson, Susan Penhaligon, María Mercedes",Patrick,1978,https://letterboxd.com/film/patrick/
The Shout,1978,"A traveller by the name of Crossley forces himself upon a musician and his wife in a lonely part of Devon, and uses the aboriginal magic he has learned to displace his host.",Jerzy Skolimowski,86 mins,"Mystery, Thriller, Horror","Alan Bates, Susannah York, John Hurt",The Shout,1978,https://letterboxd.com/film/the-shout/
The Sender,1982,A disturbed telepathic man is able to transmit his dreams and visions into the minds of the people around him.,Roger Christian,91 mins,"Thriller, Horror, Science Fiction","Kathryn Harrold, Željko Ivanek, Shirley Knight",The Sender,1982,https://letterboxd.com/film/the-sender/
Cathy's Curse,1977,"A young girl is possessed by the spirit of her dead aunt, who died in a car accident. Soon members of her family begin to mysteriously die off.",Eddy Matalon,82 mins,Horror,"Randi Allen, Alan Scarfe, Beverly Murray",Cathy's Curse,1977,https://letterboxd.com/film/cathys-curse/
The Power,1968,One by one members of a special project team are being killed by telekinesis - the ability to move things with the power of the mind alone. The race is on to determine which of the remaining team members is the murderer and to stop them.,Byron Haskin,108 mins,"Science Fiction, Thriller","George Hamilton, Suzanne Pleshette, Richard Carlson",The Power,1968,https://letterboxd.com/film/the-power-1968/
Psychic Killer,1975,"Hospitalized for a murder he didn't commit, Arnold Masters learns astral projection–the art of leaving one's physical body and transporting the soul elsewhere. Upon release, Arnold uses his new powers to take out those he holds responsible for his arrest, his mother's death while imprisoned, and the price of meat!",Ray Danton,89 mins,Horror,"Jim Hutton, Paul Burke, Julie Adams",Psychic Killer,1975,https://letterboxd.com/film/psychic-killer/
The Fury,1978,"When a devious plot separates CIA agent Peter Sandza from his son, Robin, the distraught father manages to see through the ruse. Taken because of his psychic abilities, Robin is being held by Ben Childress, who is studying people with supernatural powers in hopes of developing their talents as weapons. Soon Peter pairs up with Gillian, a teen who has telekinesis, to find and rescue Robin.",Brian De Palma,118 mins,"Thriller, Science Fiction, Horror","Kirk Douglas, Amy Irving, John Cassavetes",The Fury,1978,https://letterboxd.com/film/the-fury/
Matilda,1996,"Matilda Wormwood is an brilliant and intelligent little girl. Unfortunately, her parents, Harry and Zinnia, fail to see that fact. As time passes, she finally starts school and has a kind teacher, loyal friends, and a terrifying, sadistic headmistress. As she becomes fed up with the constant cruelty, she discovers she has a special gift that she just might be able to use to outwit the unruly adults around her.",Danny DeVito,98 mins,"Family, Comedy, Fantasy","Mara Wilson, Danny DeVito, Rhea Perlman",Matilda,1996,https://letterboxd.com/film/matilda/
Stigma,1980,"The death of Sebastian's father engenders in him pathological fears and hallucinations. His death wishes seem to cause horrible accidents, which he is unable to control. When his older brother dies, he feels that he has caused it. He undergoes hypnosis, but his apparent supernatural powers continue. As his own life nears its end, he becomes even more violent and sadistic.",José Ramón Larraz,91 mins,Horror,"Christian Borromeo, Alexandra Bastedo, Emilio Gutiérrez Caba",Stigma,1980,https://letterboxd.com/film/stigma-1980/
Devil Times Five,1974,"Five extremely disturbed, sociopathic children escape from their psychiatric transport and are taken in unwittingly by a group of adult villagers on winter vacation.",Sean MacGregor,88 mins,Horror,"Sorrell Booke, Gene Evans, Taylor Lacher",Devil Times Five,1974,https://letterboxd.com/film/devil-times-five/
The Plague,2006,"Ten years have passed since the world's children fell into a coma. Tonight they're waking up and all hell is breaking loose. An unholy battle between the generations is being waged, and time is not on the side of adults.",Hal Masonberg,88 mins,"Horror, Thriller","James Van Der Beek, Ivana Miličević, Brad Hunt",The Plague,2006,https://letterboxd.com/film/the-plague-2006/
Who Can Kill a Child?,1976,"A couple of English tourists arrive at the island of Almanzora, off the Spanish Mediterranean coast, where they discover that there are no adults in a small fishing village, only some children who stare at them and smile mysteriously.",Chicho Ibáñez Serrador,112 mins,"Horror, Thriller, Drama","Lewis Fiander, Prunella Ransome, Antonio Iranzo",Who Can Kill a Child?,1976,https://letterboxd.com/film/who-can-kill-a-child/
The Children,1980,A nuclear-plant leak turns a bus-load of children into murderous atomic zombies with black fingernails.,Max Kalmanowicz,93 mins,"Horror, Science Fiction","Martin Shakar, Gil Rogers, Gale Garnett",The Children,1980,https://letterboxd.com/film/the-children-1980/
Refuge of Fear,1974,"North America, in the near future. Two married couples and a son live in a strange apartment that is actually a fallout shelter. The world has been devastated by a nuclear war, and the group waits impatiently for the radioactivity to disappear, growing more and more antagonistic towards each other in the interim.",José Ulloa,96 mins,"Science Fiction, Drama, Thriller","Craig Hill, Patty Shepard, Teresa Gimpera",Refuge of Fear,1974,https://letterboxd.com/film/refuge-of-fear/
Punku,2025,"Iván is found unconscious with an injured eye in the jungle. As Meshia reunites him and his family, she is drawn into a foreboding journey. A disturbing look at Peru’s cultural contradictions shot on a coarse mix of analogue and digital formats.",J.D. Fernández Molero,132 mins,Drama,"Marcelo Quino, Maritza Kategari, Ricardo Delgado",Punku,2025,https://letterboxd.com/film/punku/
Videophilia (and Other Viral Syndromes),2015,"Internet cafés and slackers, not-so-innocent schoolgirls and amateur porn using Google Glass: things in Lima, the Peruvian capital, are pretty similar to contemporary reality, virtual or otherwise, in the rest of the world. Cinema meets digital psychedelia.",J.D. Fernández Molero,112 mins,"Horror, Fantasy, Mystery, Drama, Comedy","Muki Sabogal, Terom, Liliana Albonoz",Videophilia (and Other Viral Syndromes),2015,https://letterboxd.com/film/videophilia-and-other-viral-syndromes/
La Mujer que soñaba bajo el agua,2026,"Following the sudden death of their third newborn child, the Rangel family takes refuge in their lakeside home. Desperate to escape reality, Olga suffers a psychotic episode and begins to suspect that her husband and children have been replaced by imposters. Convinced that her real family has been abducted, she will stop at nothing to get them back.","Carla Sierra, Ale García",106 mins,Thriller,"Mabel Cadena, Pablo Cruz Guerrero, Lisa Rivas",La Mujer que soñaba bajo el agua,2026,https://letterboxd.com/film/la-mujer-que-sonaba-bajo-el-agua/
The Awakening,2026,"An elite military unit ventures into the South American tropical jungle on a mission to eliminate an enemy target. What begins as a tactical operation quickly turns into a nightmare when they encounter supernatural forces emerging from the depths of the jungle. Five hundred years earlier, a Spanish conquistador expedition was consumed by the same relentless force. Separated by centuries but connected by the same hostile territory, both incursions discover something hidden in the jungle: an ancient presence that cannot be controlled.",Jaime Osorio Márquez,96 mins,"Action, War, Horror","Claudio Cataño, Alejandro Buitrago, Hector Sánchez",The Awakening,2026,https://letterboxd.com/film/the-awakening-2026/
Don't Come Out,2026,"After her girlfriend's death, Liz hides her true self until a weekend trip awakens forbidden desires. When her sexuality is exposed, paranoia and violence consume the group as her secret becomes deadly.",Victoria Linares Villegas,105 mins,"Drama, Horror","Cecile van Welie, Gabriela Cortés, Camila Issa",Don't Come Out,2026,https://letterboxd.com/film/dont-come-out/
