Título,Año,Sinopsis,Director(es),Duración,Géneros,Reparto principal,Nombre original,Año original,Enlace
Halloween,1978,"Fifteen years after murdering his sister on Halloween Night 1963, Michael Myers escapes from a mental hospital and returns to the small town of Haddonfield, Illinois to kill again.",John Carpenter,91 mins   More at IMDb TMDB  Report this page,"Thriller, Horror","Donald Pleasence, Jamie Lee Curtis, Nancy Kyes",Halloween,1978,https://letterboxd.com/film/halloween-1978/
Black Christmas,1974,"As the residents of the Pi Kappa Sigma sorority house prepare for the festive season, a stranger begins to harass them with a series of obscene phone calls.",Bob Clark,98 mins   More at IMDb TMDB  Report this page,"Horror, Mystery","Olivia Hussey, Keir Dullea, Margot Kidder",Black Christmas,1974,https://letterboxd.com/film/black-christmas/
The Texas Chain Saw Massacre,1974,"Five friends head out to rural Texas to visit the grave of a grandfather. On the way, they stumble across what appears to be a deserted house, only to discover something sinister within. Something armed with a chainsaw.",Tobe Hooper,83 mins   More at IMDb TMDB  Report this page,Horror,"Marilyn Burns, Allen Danziger, Paul A. Partain",The Texas Chain Saw Massacre,1974,https://letterboxd.com/film/the-texas-chain-saw-massacre/
A Nightmare on Elm Street,1984,"Teenagers in a small town are dropping like flies, apparently in the grip of mass hysteria causing their suicides. A cop's daughter, Nancy Thompson, traces the cause to child molester Fred Krueger, who was burned alive by angry parents many years before. Krueger has now come back in the dreams of his killers' children, claiming their lives as his revenge. Nancy and her boyfriend, Glen, must devise a plan to lure the monster out of the realm of nightmares and into the real world...",Wes Craven,91 mins   More at IMDb TMDB  Report this page,Horror,"Heather Langenkamp, Robert Englund, Johnny Depp",A Nightmare on Elm Street,1984,https://letterboxd.com/film/a-nightmare-on-elm-street/
Scream,1996,"A year after the murder of her mother, a teenage girl is terrorized by a masked killer who targets her and her friends by using scary movies as part of a deadly game.",Wes Craven,112 mins   More at IMDb TMDB  Report this page,"Mystery, Crime, Horror","David Arquette, Neve Campbell, Courteney Cox",Scream,1996,https://letterboxd.com/film/scream/
Blood and Black Lace,1964,"Isabella, a young model, is murdered by a mysterious masked figure at a fashion house in Rome. When her diary, which details the house employees' many vices, disappears, the masked killer begins killing off all the models in and around the house to find it.",Mario Bava,88 mins   More at IMDb TMDB  Report this page,"Horror, Thriller, Mystery","Cameron Mitchell, Eva Bartok, Thomas Reiner",Blood and Black Lace,1964,https://letterboxd.com/film/blood-and-black-lace/
Grindhouse,2007,"Grindhouse combines Robert Rodriguez's Planet Terror, a horror comedy about a group of survivors who battle zombie-like creatures, and Quentin Tarantino's Death Proof, an action thriller about a murderous stuntman who kills young women with modified vehicles. It is presented as a double feature with fictitious exploitation trailers preceding each segment.",Quentin Tarantino,191 mins   More at IMDb TMDB  Report this page,"Thriller, Action, Horror","Kurt Russell, Rose McGowan, Zoë Bell",Grindhouse,2007,https://letterboxd.com/film/grindhouse/
Death Proof,2007,"Austin's hottest DJ, Jungle Julia, sets out into the night to unwind with her two friends Shanna and Arlene. Covertly tracking their moves is Stuntman Mike, a scarred rebel leering from behind the wheel of his muscle car, revving just feet away.",Quentin Tarantino,113 mins   More at IMDb TMDB  Report this page,"Thriller, Action","Kurt Russell, Zoë Bell, Rosario Dawson",Death Proof,2007,https://letterboxd.com/film/death-proof/
A Nightmare on Elm Street 3: Dream Warriors,1987,"During a hallucinatory incident, Kristen Parker has her wrists slashed by dream-stalking monster, Freddy Krueger. Her mother, mistaking the wounds for a suicide attempt, sends her to a psychiatric ward, where she joins a group of similarly troubled teens.",Chuck Russell,96 mins   More at IMDb TMDB  Report this page,"Thriller, Fantasy, Horror","Heather Langenkamp, Patricia Arquette, Craig Wasson",A Nightmare on Elm Street 3: Dream Warriors,1987,https://letterboxd.com/film/a-nightmare-on-elm-street-3-dream-warriors/
Friday the 13th,1980,Camp counselors are stalked and murdered by an unknown assailant while trying to reopen a summer camp that was the site of a child's drowning.,Sean S. Cunningham,95 mins   More at IMDb TMDB  Report this page,Horror,"Adrienne King, Betsy Palmer, Kevin Bacon",Friday the 13th,1980,https://letterboxd.com/film/friday-the-13th/
My Bloody Valentine,1981,"Twenty years after a Valentine's Day tragedy claimed the lives of five miners, Harry Warden returns for a vengeful massacre among teen sweethearts gearing up for another party.",George Mihalka,90 mins   More at IMDb TMDB  Report this page,"Thriller, Horror","Paul Kelman, Lori Hallier, Neil Affleck",My Bloody Valentine,1981,https://letterboxd.com/film/my-bloody-valentine/
High Tension,2003,"Best friends Marie and Alexia decide to spend a quiet weekend at Alexia's parents' secluded farmhouse. But on the night of their arrival, the girls' idyllic getaway turns into an endless night of horror.",Alexandre Aja,91 mins   More at IMDb TMDB  Report this page,"Mystery, Horror, Thriller","Cécile de France, Maïwenn, Philippe Nahon",High Tension,2003,https://letterboxd.com/film/high-tension/
The Burning,1981,"A caretaker at a summer camp is burned when a prank goes tragically wrong. After several years of intensive treatment at hospital, he is released back into society, albeit missing some social skills. What follows is a bloody killing spree with the caretaker making his way back to his old stomping ground to confront one of the youths that accidentally burned him.",Tony Maylam,91 mins   More at IMDb TMDB  Report this page,Horror,"Brian Matthews, Leah Ayres, Brian Backer",The Burning,1981,https://letterboxd.com/film/the-burning-1981/
Behind the Mask: The Rise of Leslie Vernon,2006,"The next great psycho horror slasher has given a documentary crew exclusive access to his life as he plans his reign of terror over the sleepy town of Glen Echo, all the while deconstructing the conventions and archetypes of the horror genre for them.",Scott Glosserman,92 mins   More at IMDb TMDB  Report this page,"Comedy, Thriller, Horror","Nathan Baesel, Angela Goethals, Robert Englund",Behind the Mask: The Rise of Leslie Vernon,2006,https://letterboxd.com/film/behind-the-mask-the-rise-of-leslie-vernon/
Halloween II,1981,"After failing to kill stubborn survivor Laurie and taking a bullet or six from former psychiatrist Dr. Sam Loomis, Michael Myers has followed Laurie to the Haddonfield Memorial Hospital, where she's been admitted for Myers' attempt on her life. The institution proves to be particularly suited to serial killers, however, as Myers cuts, stabs and slashes his way through hospital staff to reach his favorite victim.",Rick Rosenthal,92 mins   More at IMDb TMDB  Report this page,"Thriller, Horror","Jamie Lee Curtis, Donald Pleasence, Charles Cyphers",Halloween II,1981,https://letterboxd.com/film/halloween-ii-1981/
New Nightmare,1994,Cast and crew from A Nightmare on Elm Street are terrorized by Freddy Krueger and his razor-fingered glove as he crosses over into the real world.,Wes Craven,112 mins   More at IMDb TMDB  Report this page,"Fantasy, Mystery, Horror","Heather Langenkamp, Robert Englund, Miko Hughes",New Nightmare,1994,https://letterboxd.com/film/new-nightmare/
You're Next,2011,"When the Davison family comes under attack during their wedding anniversary getaway, the gang of mysterious killers soon learns that one of their victims harbors a secret talent for fighting back.",Adam Wingard,94 mins   More at IMDb TMDB  Report this page,"Thriller, Mystery, Horror","Sharni Vinson, Nicholas Tucci, Wendy Glenn",You're Next,2011,https://letterboxd.com/film/youre-next/
Candyman,1992,"The Candyman, a murderous soul with a hook for a hand, is accidentally summoned to reality by a skeptic grad student researching the monster's myth.",Bernard Rose,100 mins   More at IMDb TMDB  Report this page,"Thriller, Horror, Drama","Virginia Madsen, Tony Todd, Xander Berkeley",Candyman,1992,https://letterboxd.com/film/candyman/
A Bay of Blood,1971,"An elderly heiress is killed by her husband who wants control of her fortunes. What ensues is an all-out murder spree as relatives and friends attempt to reduce the inheritance playing field, complicated by some teenagers who decide to camp out in a dilapidated building on the estate.",Mario Bava,85 mins   More at IMDb TMDB  Report this page,"Thriller, Horror","Claudine Auger, Luigi Pistilli, Claudio Camaso",A Bay of Blood,1971,https://letterboxd.com/film/a-bay-of-blood/
Sleepaway Camp,1983,"After a terrible boating accident, Angela Baker is sent to Camp Arawak, where a series of bizarre and violent ""accidents"" begin to claim the lives of various campers.",Robert Hiltzik,84 mins   More at IMDb TMDB  Report this page,Horror,"Felissa Rose, Jonathan Tiersten, Karen Fields",Sleepaway Camp,1983,https://letterboxd.com/film/sleepaway-camp/
Friday the 13th: The Final Chapter,1984,"After his revival in a hospital morgue, Jason fixes his vengeful attention on the Jarvis family and a group of hitherto carefree teenagers.",Joseph Zito,91 mins   More at IMDb TMDB  Report this page,"Thriller, Horror","Judie Aronson, Kimberly Beck, Joan Freeman",Friday the 13th: The Final Chapter,1984,https://letterboxd.com/film/friday-the-13th-the-final-chapter/
Friday the 13th Part VI: Jason Lives,1986,"Tommy Jarvis, tormented by the fear that maybe Jason isn't really dead, unwittingly resurrects the mass murderer for another bloody rampage.",Tom McLoughlin,86 mins   More at IMDb TMDB  Report this page,"Thriller, Horror","Thom Mathews, Jennifer Cooke, Darcy DeMoss",Friday the 13th Part VI: Jason Lives,1986,https://letterboxd.com/film/friday-the-13th-part-vi-jason-lives/
Child's Play,1988,An innocent-looking doll is inhabited by the soul of a serial killer who refuses to die.,Tom Holland,87 mins   More at IMDb TMDB  Report this page,Horror,"Alex Vincent, Brad Dourif, Catherine Hicks",Child's Play,1988,https://letterboxd.com/film/childs-play/
The Texas Chainsaw Massacre 2,1986,A radio host is victimised by the notorious cannibal family while a former Texas Marshal hunts them.,Tobe Hooper,100 mins   More at IMDb TMDB  Report this page,"Comedy, Horror","Dennis Hopper, Caroline Williams, Bill Johnson",The Texas Chainsaw Massacre 2,1986,https://letterboxd.com/film/the-texas-chainsaw-massacre-2/
Friday the 13th Part 2,1981,"Five years after the horrible bloodbath at Camp Crystal Lake, new counselors roam the area, not sensing the ominous lurking presence that proves that the grisly legend is real.",Steve Miner,86 mins   More at IMDb TMDB  Report this page,"Thriller, Horror","Ari Lehman, Adrienne King, Betsy Palmer",Friday the 13th Part 2,1981,https://letterboxd.com/film/friday-the-13th-part-2/
Pearl,2022,"Trapped on her family’s isolated farm, Pearl must tend to her ailing father under the bitter and overbearing watch of her devout mother. Lusting for a glamorous life like she’s seen in the movies, Pearl’s ambitions, temptations, and repressions collide.",Ti West,102 mins   More at IMDb TMDB  Report this page,"Horror, Thriller","Mia Goth, David Corenswet, Tandi Wright",Pearl,2022,https://letterboxd.com/film/pearl-2022/
April Fool's Day,1986,"As soon as Muffy St. John and her college friends arrive on her parents' secluded island, someone starts trimming the guest list... one murder at a time.",Fred Walton,88 mins   More at IMDb TMDB  Report this page,"Horror, Mystery","Amy Steel, Ken Olandt, Deborah Foreman",April Fool's Day,1986,https://letterboxd.com/film/april-fools-day/
The Funhouse,1981,"Rebellious teen Amy defies her parents by going to a trashy carnival that has pulled into town. In tow are her boyfriend, Buzz, and their friends Liz and Richie. Thinking it would be fun to spend the night in the campy ""Funhouse"" horror ride, the teens witness a murder by a deformed worker wearing a mask. Locked in, Amy and her friends must evade the murderous carnival workers and escape before it leaves town the next day.",Tobe Hooper,96 mins   More at IMDb TMDB  Report this page,Horror,"Elizabeth Berridge, Cooper Huckabee, Kevin Conway",The Funhouse,1981,https://letterboxd.com/film/the-funhouse/
Pieces,1982,A frustrated Boston detective searches for the maniac responsible for mutilating a number of university coeds.,Juan Piquer Simón,85 mins   More at IMDb TMDB  Report this page,"Horror, Thriller","Christopher George, Lynda Day George, Frank Braña",Pieces,1982,https://letterboxd.com/film/pieces/
Motel Hell,1980,"Farmer Vincent Smith and his sister Ida run a motel attached to a farm where they capture unsuspecting travelers, bury them alive, fatten them up and then harvest their bodies as ingredients for his famous brand of ""smoked meats.""",Kevin Connor,102 mins   More at IMDb TMDB  Report this page,"Horror, Comedy","Rory Calhoun, Paul Linke, Nancy Parsons",Motel Hell,1980,https://letterboxd.com/film/motel-hell/
Stage Fright,1987,"While a group of young actors rehearse a new musical about a mass murderer, a notorious psychopath escapes from a nearby insane asylum.",Michele Soavi,90 mins   More at IMDb TMDB  Report this page,Horror,"Barbara Cupisti, David Brandon, Robert Gligorov",Stage Fright,1987,https://letterboxd.com/film/stage-fright-1987/
Happy Death Day,2017,"Caught in a bizarre and terrifying time warp, college student Tree finds herself repeatedly reliving the day of her murder, ultimately realizing that she must identify the killer and the reason for her death before her chances of survival run out.",Christopher Landon,97 mins   More at IMDb TMDB  Report this page,"Horror, Mystery, Comedy","Jessica Rothe, Israel Broussard, Ruby Modine",Happy Death Day,2017,https://letterboxd.com/film/happy-death-day/
The Slumber Party Massacre,1982,Trish invites her high school basketball teammates over for a night they'll never forget when an unexpected guest crashes the party: an escaped psychopath with a portable power drill.,Amy Holden Jones,77 mins   More at IMDb TMDB  Report this page,"Horror, Comedy","Michelle Michaels, Robin Stille, Michael Villella",The Slumber Party Massacre,1982,https://letterboxd.com/film/the-slumber-party-massacre/
Halloween,2018,"Laurie Strode comes to her final confrontation with Michael Myers, the masked figure who has haunted her since she narrowly escaped his killing spree on Halloween night four decades ago.",David Gordon Green,106 mins   More at IMDb TMDB  Report this page,"Thriller, Horror","Jamie Lee Curtis, Judy Greer, Andi Matichak",Halloween,2018,https://letterboxd.com/film/halloween-2018/
Psycho II,1983,"Norman Bates is declared sane and released from the facility in which he was being held, despite the complaints of Lila Loomis, sister of his most famous victim. Is he really cured, or will he kill again?",Richard Franklin,113 mins   More at IMDb TMDB  Report this page,"Thriller, Mystery, Horror","Anthony Perkins, Vera Miles, Meg Tilly",Psycho II,1983,https://letterboxd.com/film/psycho-ii/
"Silent Night, Deadly Night",1984,"Billy Chapman, who was traumatized by his parents' Christmas Eve murder, then brutalized by sadistic orphanage nuns, grows up to dress as jolly St. Nick for a yuletide rampage to punish the naughty.",Charles E. Sellier Jr.,79 mins   More at IMDb TMDB  Report this page,"Horror, Thriller","Robert Brian Wilson, Lilyan Chauvin, Gilmer McCormick","Silent Night, Deadly Night",1984,https://letterboxd.com/film/silent-night-deadly-night/
Tourist Trap,1979,"After their car breaks down, a group of young travelers find themselves stranded at a roadside museum run by the enigmatic Mr. Slausen and populated by his collection of life-like wax mannequins.",David Schmoeller,90 mins   More at IMDb TMDB  Report this page,"Fantasy, Horror","Chuck Connors, Jocelyn Jones, Jon Van Ness",Tourist Trap,1979,https://letterboxd.com/film/tourist-trap/
Happy Birthday to Me,1981,"Virginia is proud that she belongs to a clique. The best students at a private school. But before her 18th birthday, a gruesome set of murders take place and her friends are the ones who are falling prey. Could it be her? She suffers from blackouts due to a freak accident one year earlier. We soon learn the truth behind her accident and what is going on.",J. Lee Thompson,110 mins   More at IMDb TMDB  Report this page,"Horror, Mystery","Melissa Sue Anderson, Glenn Ford, Lawrence Dane",Happy Birthday to Me,1981,https://letterboxd.com/film/happy-birthday-to-me/
Maniac Cop,1988,"Innocent people are brutally killed on the streets of New York by a uniformed police officer. A young cop, Jack Forrest, finds himself marked as the chief suspect after his wife is murdered.",William Lustig,85 mins   More at IMDb TMDB  Report this page,"Horror, Crime, Mystery, Action","Tom Atkins, Bruce Campbell, Laurene Landon",Maniac Cop,1988,https://letterboxd.com/film/maniac-cop/
Friday the 13th Part III,1982,"An idyllic summer turns into a nightmare of unspeakable terror for yet another group of naïve friends. Ignoring Camp Crystal Lake's bloody legacy, one by one they fall victim to the maniacal Jason, who stalks them at every turn...",Steve Miner,95 mins   More at IMDb TMDB  Report this page,"Thriller, Horror","Richard Brooker, Dana Kimmell, Catherine Parks",Friday the 13th Part III,1982,https://letterboxd.com/film/friday-the-13th-part-iii/
The Prowler,1981,"Thirty years after a murder on the night of Avalon Bay's graduation dance, the sleepy town's teens meet grisly ends at the hands of a prowler once thought to be a jilted soldier home from war.",Joseph Zito,89 mins   More at IMDb TMDB  Report this page,"Thriller, Mystery, Horror","Vicky Dawson, Christopher Goutman, Lawrence Tierney",The Prowler,1981,https://letterboxd.com/film/the-prowler-1981/
A Nightmare on Elm Street 4: The Dream Master,1988,"Freddy Krueger is resurrected from his apparent demise, and rapidly tracks down and kills the remainder of the Elm Street kids. However, Kristen, who can draw others into her dreams, wills her special ability to her new friend, Alice.",Renny Harlin,93 mins   More at IMDb TMDB  Report this page,"Thriller, Horror","Robert Englund, Rodney Eastman, Danny Hassel",A Nightmare on Elm Street 4: The Dream Master,1988,https://letterboxd.com/film/a-nightmare-on-elm-street-4-the-dream-master/
When a Stranger Calls,1979,A student babysitter has her evening disturbed when the phone rings. So begins a series of increasingly terrifying and threatening calls that lead to a shocking revelation.,Fred Walton,97 mins   More at IMDb TMDB  Report this page,"Thriller, Horror","Carol Kane, Charles Durning, Colleen Dewhurst",When a Stranger Calls,1979,https://letterboxd.com/film/when-a-stranger-calls/
Halloween 4: The Return of Michael Myers,1988,Michael returns to Haddonfield for Jamie Lloyd – the orphaned daughter of Laurie Strode – and her babysitter Rachel. Can Dr. Loomis stop him before the unholy slaughter reaches his innocent young niece?,Dwight H. Little,88 mins   More at IMDb TMDB  Report this page,"Horror, Thriller","Donald Pleasence, Ellie Cornell, Danielle Harris",Halloween 4: The Return of Michael Myers,1988,https://letterboxd.com/film/halloween-4-the-return-of-michael-myers/
The Final Girls,2015,"A young woman grieving the loss of her mother, a famous scream queen from the 1980s, finds herself pulled into the world of her mom's most famous movie. Reunited, the women must fight off the film's maniacal killer.",Todd Strauss-Schulson,91 mins   More at IMDb TMDB  Report this page,"Comedy, Horror","Taissa Farmiga, Malin Åkerman, Nina Dobrev",The Final Girls,2015,https://letterboxd.com/film/the-final-girls/
Terror Train,1980,A masked killer targets six college kids responsible for a prank gone wrong three years earlier and who are currently throwing a large New Year's Eve costume party aboard a moving train.,Roger Spottiswoode,97 mins   More at IMDb TMDB  Report this page,"Thriller, Horror","Jamie Lee Curtis, Ben Johnson, Hart Bochner",Terror Train,1980,https://letterboxd.com/film/terror-train/
"Alice, Sweet Alice",1976,"Alice is a withdrawn 12-year-old who lives with her mother and her younger sister, Karen, who gets most of the attention from her mother, leaving Alice out of the spotlight. When Karen is found brutally murdered in a church, suspicions start to turn toward Alice. But could a 12-year-old girl really be capable of such savagery?",Alfred Sole,108 mins   More at IMDb TMDB  Report this page,"Horror, Thriller, Mystery, Drama, Crime","Linda Miller, Mildred Clinton, Paula E. Sheppard","Alice, Sweet Alice",1976,https://letterboxd.com/film/alice-sweet-alice/
Final Destination,2000,"After a teenager has a terrifying vision of him and his friends dying in a plane crash, he prevents the accident only to have Death hunt them down, one by one.",James Wong,98 mins   More at IMDb TMDB  Report this page,Horror,"Devon Sawa, Ali Larter, Kerr Smith",Final Destination,2000,https://letterboxd.com/film/final-destination/
The House on Sorority Row,1982,"When the senior sorority sisters of Theta Pi decide to do in their demented house mother, someone seeks revenge, and begins a night of terror and madness.",Mark Rosman,91 mins   More at IMDb TMDB  Report this page,"Horror, Thriller, Mystery","Kate McNeil, Eileen Davidson, Janis Ward",The House on Sorority Row,1982,https://letterboxd.com/film/the-house-on-sorority-row/
X,2022,"In 1979, a group of young filmmakers set out to make an adult film in rural Texas, but when their reclusive, elderly hosts catch them in the act, the cast find themselves fighting for their lives.",Ti West,106 mins   More at IMDb TMDB  Report this page,"Horror, Thriller","Mia Goth, Jenna Ortega, Brittany Snow",X,2022,https://letterboxd.com/film/x-2022/
The Strangers,2008,"After a 4 a.m. knock at the door and haunting voices, Kristen McKay and James Hoyt’s remote getaway becomes a psychological night of terror as three masked strangers invade. Now they must go far beyond what they thought themselves capable of if they hope to survive.",Bryan Bertino,86 mins   More at IMDb TMDB  Report this page,"Thriller, Horror","Liv Tyler, Scott Speedman, Gemma Ward",The Strangers,2008,https://letterboxd.com/film/the-strangers/
Scream 2,1997,"Two years after the first series of murders, as Sidney Prescott acclimates to college life, someone donning the Ghostface costume begins a new string of killings.",Wes Craven,120 mins   More at IMDb TMDB  Report this page,"Horror, Mystery","Neve Campbell, Courteney Cox, David Arquette",Scream 2,1997,https://letterboxd.com/film/scream-2/
Psycho,1998,"A young female embezzler arrives at the Bates Motel, which has terrible secrets of its own.",Gus Van Sant,104 mins   More at IMDb TMDB  Report this page,"Thriller, Horror, Mystery","Vince Vaughn, Anne Heche, Julianne Moore",Psycho,1998,https://letterboxd.com/film/psycho-1998/
Friday the 13th Part VII: The New Blood,1988,"Tina Shepard, a telekinetic teenage girl, accidentally unchains Jason from his watery grave, allowing him to go on another killing spree in the area.",John Carl Buechler,88 mins   More at IMDb TMDB  Report this page,"Horror, Thriller","Lar Park Lincoln, Kane Hodder, Terry Kiser",Friday the 13th Part VII: The New Blood,1988,https://letterboxd.com/film/friday-the-13th-part-vii-the-new-blood/
Chopping Mall,1986,"High-tech robots equipped with state-of-the-art security devices have been recruited as the new mechanical ""night watchmen"" for the Park Plaza Mall. When a jolting bolt of lightning short-circuits the main computer control, the robots turn into ""killbots"" on the loose after unsuspecting shoppers!",Jim Wynorski,76 mins   More at IMDb TMDB  Report this page,"Science Fiction, Horror","Kelli Maroney, Tony O'Dell, Russell Todd",Chopping Mall,1986,https://letterboxd.com/film/chopping-mall/
Hatchet,2006,"When a group of tourists on a New Orleans haunted swamp tour find themselves stranded in the wilderness, their evening of fun and spooks turns into a horrific nightmare.",Adam Green,84 mins   More at IMDb TMDB  Report this page,"Comedy, Horror","Joel David Moore, Amara Zaragoza, Deon Richmond",Hatchet,2006,https://letterboxd.com/film/hatchet/
A Nightmare on Elm Street Part 2: Freddy's Revenge,1985,"Jesse Walsh moves with his family into the home of the lone survivor from a series of attacks by dream-stalking monster, Freddy Krueger. There, he is bedeviled by nightmares and inexplicably violent impulses.",Jack Sholder,87 mins   More at IMDb TMDB  Report this page,Horror,"Robert Englund, Mark Patton, Kim Myers",A Nightmare on Elm Street Part 2: Freddy's Revenge,1985,https://letterboxd.com/film/a-nightmare-on-elm-street-part-2-freddys-revenge/
Alone in the Dark,1982,A quartet of murderous psychopaths break out of a mental hospital during a power blackout and lay siege to their doctor's house.,Jack Sholder,93 mins   More at IMDb TMDB  Report this page,"Thriller, Horror","Jack Palance, Donald Pleasence, Martin Landau",Alone in the Dark,1982,https://letterboxd.com/film/alone-in-the-dark/
Scream 4,2011,"Ten years have passed, and Sidney Prescott has put herself back together thanks to her writing. However, her return to Woodsboro sparks the return of the Ghostface Killer.",Wes Craven,111 mins   More at IMDb TMDB  Report this page,"Mystery, Horror","David Arquette, Neve Campbell, Courteney Cox",Scream 4,2011,https://letterboxd.com/film/scream-4/
The Town That Dreaded Sundown,1976,"When two young lovers are savagely beaten and tortured on a back country road in Texarkana, local police are baffled and must find ""the Phantom Killer"" before he can kill again.",Charles B. Pierce,86 mins   More at IMDb TMDB  Report this page,"Mystery, Horror, Thriller, Crime","Ben Johnson, Andrew Prine, Dawn Wells",The Town That Dreaded Sundown,1976,https://letterboxd.com/film/the-town-that-dreaded-sundown/
Scary Movie,2000,"A familiar-looking group of teenagers find themselves being stalked by a more-than-vaguely recognizable masked killer! As the victims begin to pile up and the laughs pile on, none of your favorite scary movies escape the razor-sharp satire of this outrageously funny parody!",Keenen Ivory Wayans,88 mins   More at IMDb TMDB  Report this page,Comedy,"Anna Faris, Jon Abrahams, Marlon Wayans",Scary Movie,2000,https://letterboxd.com/film/scary-movie-2000/
Child's Play 2,1990,"Chucky is reconstructed by a toy factory to dispel the negative publicity surrounding the doll, and tracks young Andy Barclay to a foster home where the chase begins again.",John Lafia,84 mins   More at IMDb TMDB  Report this page,"Horror, Thriller","Alex Vincent, Brad Dourif, Christine Elise",Child's Play 2,1990,https://letterboxd.com/film/childs-play-2/
Student Bodies,1981,"This zany send-up of teen slasher flicks features a maniacal psycho known as the Breather, who stalks –and murders– promiscuous students at a suburban high school. The fanatical killer's unusual weapons include paper clips, blackboard erasers and eggplants.",Mickey Rose,86 mins   More at IMDb TMDB  Report this page,"Comedy, Horror","Kristen Riter, Matthew Goldsby, Joe Flood",Student Bodies,1981,https://letterboxd.com/film/student-bodies/
Hello Mary Lou: Prom Night II,1987,"When Hamilton High’s Prom Queen of 1957, Mary Lou Maloney is killed by her jilted boyfriend, she comes back for revenge thirty years later.",Bruce Pittman,97 mins   More at IMDb TMDB  Report this page,"Thriller, Horror, Fantasy","Lisa Schrage, Michael Ironside, Wendy Lyon",Hello Mary Lou: Prom Night II,1987,https://letterboxd.com/film/hello-mary-lou-prom-night-ii/
The Midnight Meat Train,2008,"A photographer's obsessive pursuit of dark subject matter leads him into the path of a serial killer who stalks late night commuters, ultimately butchering them in the most gruesome ways.",Ryûhei Kitamura,98 mins   More at IMDb TMDB  Report this page,"Horror, Mystery, Fantasy","Bradley Cooper, Vinnie Jones, Brooke Shields",The Midnight Meat Train,2008,https://letterboxd.com/film/the-midnight-meat-train/
Hell Night,1981,"As an initiation rite into Alpha Sigma Rho fraternity, four pledges must spend a night in Garth Manor, twelve years to the day after the previous resident murdered his entire family.",Tom DeSimone,101 mins   More at IMDb TMDB  Report this page,"Horror, Thriller","Linda Blair, Vincent Van Patten, Peter Barton",Hell Night,1981,https://letterboxd.com/film/hell-night/
Scream,2022,"Twenty-five years after a streak of brutal murders shocked the quiet town of Woodsboro, a new killer has donned the Ghostface mask and begins targeting a group of teenagers to resurrect secrets from the town’s deadly past.",Tyler Gillett,114 mins   More at IMDb TMDB  Report this page,"Mystery, Horror","Melissa Barrera, Jenna Ortega, Mason Gooding",Scream,2022,https://letterboxd.com/film/scream-2022/
Friday the 13th: A New Beginning,1985,"Homicidal maniac Jason returns from the grave to cause more bloody mayhem. Young Tommy may have escaped from Crystal Lake, but he’s still haunted by the gruesome events that happened there. When gory murders start happening at the secluded halfway house for troubled teens where he now lives, it seems like his nightmarish nemesis, Jason, is back for more sadistic slaughters.",Danny Steinmann,92 mins   More at IMDb TMDB  Report this page,"Thriller, Horror","Tiffany Helm, John Shepherd, Juliette Cummins",Friday the 13th: A New Beginning,1985,https://letterboxd.com/film/friday-the-13th-a-new-beginning/
Freaky,2020,"A mystical, ancient dagger causes a notorious serial killer to magically switch bodies with a 17-year-old girl.",Christopher Landon,102 mins   More at IMDb TMDB  Report this page,"Horror, Thriller, Fantasy, Comedy","Vince Vaughn, Kathryn Newton, Celeste O'Connor",Freaky,2020,https://letterboxd.com/film/freaky/
Hatchet for the Honeymoon,1970,A madman haunted by the ghost of his ex-wife carves a corpse-laden trail.,Mario Bava,83 mins   More at IMDb TMDB  Report this page,"Thriller, Horror","Stephen Forsyth, Dagmar Lassander, Laura Betti",Hatchet for the Honeymoon,1970,https://letterboxd.com/film/hatchet-for-the-honeymoon/
Wrong Turn,2003,"Chris crashes into a carload of other young people, and the group of stranded motorists is soon lost in the woods of West Virginia, where they're hunted by three cannibalistic mountain men who are grossly disfigured by generations of inbreeding.",Rob Schmidt,84 mins   More at IMDb TMDB  Report this page,"Horror, Thriller","Eliza Dushku, Desmond Harrington, Emmanuelle Chriqui",Wrong Turn,2003,https://letterboxd.com/film/wrong-turn/
Halloween H20: 20 Years Later,1998,"Two decades after surviving a massacre on October 31, 1978, former baby sitter Laurie Strode finds herself hunted by persistent knife-wielder Michael Myers. Laurie now lives in Northern California under an assumed name, where she works as the headmistress of a private school. But it's not far enough to escape Myers, who soon discovers her whereabouts. As Halloween descends upon Laurie's peaceful community, a feeling of dread weighs upon her -- with good reason.",Steve Miner,86 mins   More at IMDb TMDB  Report this page,"Horror, Thriller","Jamie Lee Curtis, Josh Hartnett, Adam Arkin",Halloween H20: 20 Years Later,1998,https://letterboxd.com/film/halloween-h20-20-years-later/
Intruder,1989,The overnight stock crew of a local supermarket find themselves being stalked and slashed by a mysterious maniac.,Scott Spiegel,88 mins   More at IMDb TMDB  Report this page,"Mystery, Horror","Elizabeth Cox, Renée Estevez, Dan Hicks",Intruder,1989,https://letterboxd.com/film/intruder/
Sleepaway Camp II: Unhappy Campers,1988,"Angela Baker escapes from a mental hospital and surfaces at a summer camp as a counselor who lectures her teenage charges on proper moral behavior. Those teens who break her strict rules -- from the camp chatterbox or a sex-obsessed girl to the boys who are peeping Toms -- are murdered by the impostor in various gruesome ways. As more campers go missing, intrepid counselor Molly begins to piece together the truth.",Michael A. Simpson,80 mins   More at IMDb TMDB  Report this page,"Horror, Comedy","Pamela Springsteen, Renée Estevez, Tony Higgins",Sleepaway Camp II: Unhappy Campers,1988,https://letterboxd.com/film/sleepaway-camp-ii-unhappy-campers/
Halloween,2007,"The early years of young Michael Myers and the events leading up to his fateful Halloween night murder rampage in the quiet town of Haddonfield, Illinois.",Rob Zombie,110 mins   More at IMDb TMDB  Report this page,Horror,"Tyler Mane, Malcolm McDowell, Sheri Moon Zombie",Halloween,2007,https://letterboxd.com/film/halloween/
Hellraiser III: Hell on Earth,1992,Pinhead is set loose on the sinful streets of New York City to create chaos with a fresh cadre of Cenobitic kin.,Anthony Hickox,93 mins   More at IMDb TMDB  Report this page,"Thriller, Horror","Terry Farrell, Doug Bradley, Kevin Bernhardt",Hellraiser III: Hell on Earth,1992,https://letterboxd.com/film/hellraiser-iii-hell-on-earth/
Maniac,2012,"As he helps a young artist with her upcoming exhibition, the owner of a mannequin shop's deadly, suppressed desires come to the surface.",Franck Khalfoun,89 mins   More at IMDb TMDB  Report this page,"Horror, Thriller","Elijah Wood, Nora Arnezeder, America Olivo",Maniac,2012,https://letterboxd.com/film/maniac-2012/
Freddy vs. Jason,2003,"Freddy enlists Jason to kill on his behalf on Elm Street, after realizing that he can't haunt dreams because people no longer fear him.",Ronny Yu,97 mins   More at IMDb TMDB  Report this page,Horror,"Robert Englund, Ken Kirzinger, Monica Keena",Freddy vs. Jason,2003,https://letterboxd.com/film/freddy-vs-jason/
Scream VI,2023,"Following the latest Ghostface killings, the four survivors leave Woodsboro behind and start a fresh chapter.",Matt Bettinelli-Olpin,123 mins   More at IMDb TMDB  Report this page,"Crime, Thriller, Horror","Melissa Barrera, Jenna Ortega, Jasmin Savoy Brown",Scream VI,2023,https://letterboxd.com/film/scream-vi/
Prom Night,1980,"At a high school senior prom, a masked killer stalks four teenagers who were responsible for the accidental death of a classmate six years prior.",Paul Lynch,93 mins   More at IMDb TMDB  Report this page,"Thriller, Mystery, Horror","Leslie Nielsen, Jamie Lee Curtis, Casey Stevens",Prom Night,1980,https://letterboxd.com/film/prom-night/
Body Bags,1993,A horror anthology containing three stories: a female college student working a graveyard shift is terrorized by a serial killer; a hair transplant goes horribly wrong; and a baseball player loses an eye and gets a new one from a recently executed murderer.,John Carpenter,95 mins   More at IMDb TMDB  Report this page,"TV Movie, Comedy, Horror, Science Fiction","John Carpenter, Tom Arnold, Tobe Hooper",Body Bags,1993,https://letterboxd.com/film/body-bags/
Two Thousand Maniacs!,1964,Six people are lured into a small Deep South town for a Centennial celebration where the residents kill them one by one as revenge for the town's destruction during the Civil War.,Herschell Gordon Lewis,87 mins   More at IMDb TMDB  Report this page,Horror,"Connie Mason, William Kerwin, Jeffrey Allen",Two Thousand Maniacs!,1964,https://letterboxd.com/film/two-thousand-maniacs/
Halloween 5: The Revenge of Michael Myers,1989,"One year later, Michael Myers' traumatized young niece is horrified to discover she has a telepathic bond with her evil uncle... and that he is on the way back to Haddonfield to begin the carnage again.",Dominique Othenin-Girard,98 mins   More at IMDb TMDB  Report this page,"Horror, Thriller","Donald Pleasence, Danielle Harris, Ellie Cornell",Halloween 5: The Revenge of Michael Myers,1989,https://letterboxd.com/film/halloween-5-the-revenge-of-michael-myers/
A Nightmare on Elm Street: The Dream Child,1989,"Alice finds the deadly dreams of Freddy Krueger starting once again. This time, the taunting murderer is striking through the sleeping mind of her unborn child.",Stephen Hopkins,89 mins   More at IMDb TMDB  Report this page,"Thriller, Horror","Robert Englund, Lisa Wilcox, Erika Anderson",A Nightmare on Elm Street: The Dream Child,1989,https://letterboxd.com/film/a-nightmare-on-elm-street-the-dream-child/
The Texas Chainsaw Massacre,2003,"After picking up a traumatized young hitchhiker, five friends find themselves stalked and hunted by a chainsaw-wielding killer and his family of equally psychopathic killers.",Marcus Nispel,98 mins   More at IMDb TMDB  Report this page,Horror,"Jessica Biel, Jonathan Tucker, Andrew Bryniarski",The Texas Chainsaw Massacre,2003,https://letterboxd.com/film/the-texas-chainsaw-massacre/
Final Destination 2,2003,"When Kimberly has a violent premonition of a highway pileup she blocks the freeway, keeping a few others meant to die, safe...Or are they? The survivors mysteriously start dying and it's up to Kimberly to stop it before she's next.",David R. Ellis,90 mins   More at IMDb TMDB  Report this page,"Mystery, Horror","Ali Larter, A. J. Cook, Michael Landes",Final Destination 2,2003,https://letterboxd.com/film/final-destination-2/
Christmas Evil,1980,"Garbed in his red suit, Harry, a toy factory worker, decides that the only thing he can do to save the spirit of Christmas is to become Santa Claus himself and make all of the naughty townspeople pay... in blood!",Lewis Jackson,94 mins   More at IMDb TMDB  Report this page,"Horror, Thriller","Brandon Maggart, Jeffrey DeMunn, Dianne Hull",Christmas Evil,1980,https://letterboxd.com/film/christmas-evil/
Detention,2011,"As a killer named Cinderhella stalks the student body at the high school in Grizzly Lake, a group of co-eds band together to survive while they're all serving detention.",Joseph Kahn,93 mins   More at IMDb TMDB  Report this page,"Horror, Science Fiction, Comedy","Shanley Caswell, Josh Hutcherson, Spencer Locke",Detention,2011,https://letterboxd.com/film/detention-2011/
Urban Legend,1998,A college campus is plagued by a vicious serial killer murdering students in ways that correspond to various urban legends.,Jamie Blanks,100 mins   More at IMDb TMDB  Report this page,"Horror, Mystery","Alicia Witt, Jared Leto, Rebecca Gayheart",Urban Legend,1998,https://letterboxd.com/film/urban-legend/
Bride of Chucky,1998,"Chucky is reborn when his old flame, Tiffany, rescues his battered doll parts from a police impound.",Ronny Yu,89 mins   More at IMDb TMDB  Report this page,"Comedy, Horror","Brad Dourif, Jennifer Tilly, Katherine Heigl",Bride of Chucky,1998,https://letterboxd.com/film/bride-of-chucky/
Leatherface: The Texas Chainsaw Massacre III,1990,A California couple on a road trip become stranded in Texas and are pursued by the cannibalistic Sawyer family.,Jeff Burr,81 mins   More at IMDb TMDB  Report this page,Horror,"Kate Hodge, Ken Foree, R.A. Mihailoff",Leatherface: The Texas Chainsaw Massacre III,1990,https://letterboxd.com/film/leatherface-the-texas-chainsaw-massacre-iii/
V/H/S,2012,"When a group of misfits is hired by an unknown third party to burglarize a desolate house and acquire one rare VHS tape, they discover more found footage than they had bargained for.",David Bruckner,116 mins   More at IMDb TMDB  Report this page,"Thriller, Horror","Calvin Lee Reeder, Lane Hughes, Kentucker Audley",V/H/S,2012,https://letterboxd.com/film/v-h-s/
Just Before Dawn,1981,"In the Oregon mountains, a pair of hunters encounter a machete-wielding killer in an abandoned church. Meanwhile, five campers arrive to examine some property one of them has inherited but are warned by the forest ranger not to venture forth. Soon after they set up camp, they begin hearing strange noises, encounter a mysterious singing girl and start disappearing one by one.",Jeff Lieberman,90 mins   More at IMDb TMDB  Report this page,"Horror, Thriller","George Kennedy, Mike Kellin, Chris Lemmon",Just Before Dawn,1981,https://letterboxd.com/film/just-before-dawn-1981/
Freddy's Dead: The Final Nightmare,1991,"Just when you thought it was safe to sleep, Freddy Krueger returns in this sixth installment of the Nightmare on Elm Street films, as psychologist Maggie Burroughs, tormented by recurring nightmares, meets a patient with the same horrific dreams. Their quest for answers leads to a certain house on Elm Street -- where the nightmares become reality.",Rachel Talalay,89 mins   More at IMDb TMDB  Report this page,"Thriller, Horror","Robert Englund, Lisa Zane, Shon Greenblatt",Freddy's Dead: The Final Nightmare,1991,https://letterboxd.com/film/freddys-dead-the-final-nightmare/
Final Destination 5,2011,"Death is just as omnipresent as ever, and is unleashed after one man’s premonition saves a group of coworkers from a terrifying suspension bridge collapse. But this group of unsuspecting souls was never supposed to survive, and, in a terrifying race against time, the ill-fated group frantically tries to discover a way to escape Death’s sinister agenda.",Steven Quale,91 mins   More at IMDb TMDB  Report this page,"Mystery, Horror","Nicholas D'Agosto, Emma Bell, Miles Fisher",Final Destination 5,2011,https://letterboxd.com/film/final-destination-5/
Nightmares,1983,"A collection of short stories. In one a woman who leaves her house late at night to drive to the store while a killer is loose encounters some problems. In the second an arcade whiz kid's obsession with a game leads to deadly consequences. In the third a small town priest loses his faith and decides to leave town, but in the desert is stalked by a mysterious black pick-up truck. In the final story, a family's problem with a rat is larger than they think.",Joseph Sargent,99 mins   More at IMDb TMDB  Report this page,"Horror, Science Fiction","Cristina Raines, Emilio Estevez, Lance Henriksen",Nightmares,1983,https://letterboxd.com/film/nightmares/
All the Boys Love Mandy Lane,2006,"Beautiful Mandy Lane isn't a party girl but, when classmate Chloe invites the Texas high school student to a bash in the countryside, she reluctantly accepts. After hitching a ride with a vaguely scary older man, the teens arrive at their destination. Partying ensues, and Mandy's close pal, Emmet, keeps a watchful eye on the young males making a play for Mandy. Then two of the students are murdered.",Jonathan Levine,90 mins   More at IMDb TMDB  Report this page,"Mystery, Thriller, Horror","Amber Heard, Michael Welch, Whitney Able",All the Boys Love Mandy Lane,2006,https://letterboxd.com/film/all-the-boys-love-mandy-lane/
Eaten Alive,1976,"A psychotic redneck owns a dilapidated hotel in rural East Texas, where he murders those who upset him or his business, and then feeds their remains to his pet crocodile in the swamp beside his hotel.",Tobe Hooper,91 mins   More at IMDb TMDB  Report this page,"Thriller, Horror","Neville Brand, Mel Ferrer, Carolyn Jones",Eaten Alive,1976,https://letterboxd.com/film/eaten-alive/
The Collector,2009,"Desperate to repay his debt to his ex-wife, an ex-con plots a heist at his new employer's country home, unaware that a second criminal has also targeted the property, and rigged it with a series of deadly traps.",Marcus Dunstan,90 mins   More at IMDb TMDB  Report this page,"Horror, Thriller","Josh Stewart, Juan Fernández, Michael Reilly Burke",The Collector,2009,https://letterboxd.com/film/the-collector-2009/
I Know What You Did Last Summer,1997,"After an accident on a winding road, four teens make the fatal mistake of dumping their victim's body into the sea. Exactly one year later, the deadly secret resurfaces as they're stalked by a hook-handed figure.",Jim Gillespie,102 mins   More at IMDb TMDB  Report this page,"Mystery, Horror, Thriller","Jennifer Love Hewitt, Freddie Prinze Jr., Sarah Michelle Gellar",I Know What You Did Last Summer,1997,https://letterboxd.com/film/i-know-what-you-did-last-summer/
Bloody Birthday,1981,"In 1970, three children are born at the height of a total eclipse. Due to the sun and moon blocking Saturn, which controls emotions, they have become heartless killers ten years later, and are able to escape detection because of their youthful and innocent facades. A boy and his teenage sister become endangered when they stumble onto the bloody truth.",Ed Hunt,85 mins   More at IMDb TMDB  Report this page,"Thriller, Horror","Lori Lethin, Melinda Cordell, Julie Brown",Bloody Birthday,1981,https://letterboxd.com/film/bloody-birthday/
Halloween: The Curse of Michael Myers,1995,"Six years after being kidnapped by a cult, Jamie tries to escape the clutches of her serial killer uncle, Michael Myers.",Joe Chappelle,88 mins   More at IMDb TMDB  Report this page,"Thriller, Horror","Donald Pleasence, Paul Rudd, Marianne Hagan",Halloween: The Curse of Michael Myers,1995,https://letterboxd.com/film/halloween-the-curse-of-michael-myers/
Scream 3,2000,"While Sidney Prescott and her friends visit the Hollywood set of Stab 3, the third film based on the Woodsboro murders, another Ghostface killer rises to terrorize them.",Wes Craven,116 mins   More at IMDb TMDB  Report this page,"Horror, Mystery","David Arquette, Neve Campbell, Courteney Cox",Scream 3,2000,https://letterboxd.com/film/scream-3/
Don't Go in the House,1979,"As a child, Donald was tormented by his mother who used fire as a punishment. Now a deranged adult, Donald stalks women at clubs, then takes them home where he kills them with a flamethrower.",Joseph Ellison,82 mins   More at IMDb TMDB  Report this page,Horror,"Dan Grimaldi, Robert Carnegie, Ruth Dardick",Don't Go in the House,1979,https://letterboxd.com/film/dont-go-in-the-house/
Friday the 13th Part VIII: Jason Takes Manhattan,1989,"Jason ships out aboard a teen-filled ""love boat"" bound for New York, which he soon transforms into the ultimate voyage of the damned.",Rob Hedden,100 mins   More at IMDb TMDB  Report this page,"Horror, Thriller","Jensen Daggett, Sharlene Martin, Scott Reeves",Friday the 13th Part VIII: Jason Takes Manhattan,1989,https://letterboxd.com/film/friday-the-13th-part-viii-jason-takes-manhattan/
Hands of the Ripper,1971,"A series of murders occur that mirror those committed by the Whitechapel Ripper. Through his experiments with psychoanalysis Dr Pritchard discovers a deadly violence in one of his young female patients. As he delves into the recesses of her mind he uncovers that Anna is possessed by her dead father's spirit, willing her to commit acts of gruesome savagery over which she has no control. But the most chilling revelation of all is the identity of her father: Jack the Ripper himself.",Peter Sasdy,85 mins   More at IMDb TMDB  Report this page,"Horror, Thriller","Eric Porter, Angharad Rees, Jane Merrow",Hands of the Ripper,1971,https://letterboxd.com/film/hands-of-the-ripper/
Homicidal,1961,"A woman named Emily checks into a hotel and offers the bellboy $2000 to temporarily marry her. We soon find out Emily is the caretaker of a wheelchair-bound mute named Helga, who was the childhood guardian of a pair of siblings: Miriam Webster and her half-brother, Warren, who is about to inherit the estate of their late father. Who is the mysterious Emily and what are her intentions?",William Castle,87 mins   More at IMDb TMDB  Report this page,"Horror, Thriller","Glenn Corbett, Patricia Breslin, Eugenie Leontovich",Homicidal,1961,https://letterboxd.com/film/homicidal/
Fade to Black,1980,"A shy, lonely film buff embarks on a killing spree against those who browbeat and betray him, all the while stalking his idol, a Marilyn Monroe lookalike.",Vernon Zimmerman,102 mins   More at IMDb TMDB  Report this page,"Drama, Thriller, Horror, Comedy","Dennis Christopher, Tim Thomerson, Gwynne Gilford",Fade to Black,1980,https://letterboxd.com/film/fade-to-black/
Happy Death Day 2U,2019,"Collegian Tree Gelbman wakes up in horror to learn that she's stuck in a parallel universe. Her boyfriend Carter is now with someone else, and her friends and fellow students seem to be completely different versions of themselves. When Tree discovers that Carter's roommate has been altering time, she finds herself once again the target of a masked killer. When the psychopath starts to go after her inner circle, Tree soon realizes that she must die over and over again to save everyone.",Christopher Landon,100 mins   More at IMDb TMDB  Report this page,"Comedy, Horror, Science Fiction","Jessica Rothe, Israel Broussard, Ruby Modine",Happy Death Day 2U,2019,https://letterboxd.com/film/happy-death-day-2u/
Mindhunters,2004,Trainees in the FBI's psychological profiling program must put their training into practice when they discover a killer in their midst. Based very loosely on Agatha Christie's And Then There Were None.,Renny Harlin,106 mins   More at IMDb TMDB  Report this page,"Mystery, Crime, Thriller","Kathryn Morris, Jonny Lee Miller, LL Cool J",Mindhunters,2004,https://letterboxd.com/film/mindhunters/
Anguish,1987,"An ophthalmologist's assistant with an unhealthy interest in human eyeballs goes on a killing spree to collect eyeballs for his overbearing mother's collection. Reality soon takes a bizarre turn, both for the characters and the audience.",Bigas Luna,84 mins   More at IMDb TMDB  Report this page,"Horror, Thriller","Zelda Rubinstein, Michael Lerner, Talia Paul",Anguish,1987,https://letterboxd.com/film/anguish/
Popcorn,1991,"While holding a horror film festival, a group of film students find themselves stalked by a madman who may have a sinister connection to a cult leader.",Mark Herrier,91 mins   More at IMDb TMDB  Report this page,"Comedy, Horror","Jill Schoelen, Tom Villard, Dee Wallace",Popcorn,1991,https://letterboxd.com/film/popcorn/
Wrong Turn 2: Dead End,2007,Retired military commander Colonel Dale Murphy hosts the simulated post-apocalyptic reality show where participants are challenged to survive a remote West Virginia wasteland. But the show turns into a nightmarish showdown when each realizes they are being hunted by an inbred family of cannibals determined to make them all dinner!,Joe Lynch,96 mins   More at IMDb TMDB  Report this page,"Horror, Thriller","Erica Leerhsen, Henry Rollins, Texas Battle",Wrong Turn 2: Dead End,2007,https://letterboxd.com/film/wrong-turn-2-dead-end/
The Texas Chainsaw Massacre: The Beginning,2006,"Chrissie and her friends set out on a road trip for a final fling before one is shipped off to Vietnam. Along the way, bikers harass the foursome and cause an accident that throws Chrissie from the vehicle. The lawman who arrives on the scene kills one of the bikers and brings Chrissie's friends to the Hewitt homestead, where young Leatherface is learning the tools of terror.",Jonathan Liebesman,91 mins   More at IMDb TMDB  Report this page,Horror,"Jordana Brewster, Taylor Handley, Diora Baird",The Texas Chainsaw Massacre: The Beginning,2006,https://letterboxd.com/film/the-texas-chainsaw-massacre-the-beginning/
The House That Screamed,1969,"Southern France, 19th century. Teresa, a young girl, arrives at an isolated female boarding school that is tyrannically mastered by Mrs. Fourneau, the strict headmistress, whose protective shadow haunts Luis, her weak son.",Chicho Ibáñez Serrador,100 mins   More at IMDb TMDB  Report this page,"Mystery, Thriller, Horror","Lilli Palmer, Cristina Galbó, John Moulder-Brown",The House That Screamed,1969,https://letterboxd.com/film/the-house-that-screamed/
The Initiation,1984,An amnesiac sorority member who has been plagued by a recurring nightmare is stalked alongside other coeds by a killer in a deserted department store where they are completing a hazing ritual.,Larry Stewart,97 mins   More at IMDb TMDB  Report this page,"Horror, Thriller, Mystery","Vera Miles, Clu Gulager, Daphne Zuniga",The Initiation,1984,https://letterboxd.com/film/the-initiation/
The Hitcher,2007,"While driving through the New Mexico Desert during a rainy night, college students Jim Halsey and his girlfriend Grace Andrews give a ride to a hitchhiker. While in their car, the stranger proves to be a psychopath threatening the young couple with a knife, but Jim successfully throws him out of the car. This sets off a chain of events that will change all of their lives forever.",Dave Meyers,84 mins   More at IMDb TMDB  Report this page,"Crime, Thriller, Horror","Sean Bean, Sophia Bush, Zachary Knighton",The Hitcher,2007,https://letterboxd.com/film/the-hitcher-2007/
The Children,2008,A relaxing Christmas vacation turns into a terrifying fight for survival as the children begin to turn on their parents,Tom Shankland,84 mins   More at IMDb TMDB  Report this page,"Mystery, Thriller, Horror","Eva Birthistle, Hannah Tointon, Stephen Campbell Moore",The Children,2008,https://letterboxd.com/film/the-children-2008/
Friday the 13th,2009,A group of young adults visit a boarded up campsite named Crystal Lake where they soon encounter the mysterious Jason Voorhees and his deadly intentions.,Marcus Nispel,97 mins   More at IMDb TMDB  Report this page,"Thriller, Horror","Derek Mears, Nana Visitor, Jared Padalecki",Friday the 13th,2009,https://letterboxd.com/film/friday-the-13th-2009/
Madman,1981,"Madman Marz, an old folklore legend who murdered his family before escaping into the woods, is inadvertently summoned to a campsite to finish the spree he started decades ago.",Joe Giannone,89 mins   More at IMDb TMDB  Report this page,"Thriller, Horror","Gaylen Ross, Tony Fish, Harriet Bass",Madman,1981,https://letterboxd.com/film/madman/
Scream,1981,"A group of people on a rafting excursion happen upon a deserted town and decide to set up camp. Out of the blue, a murder occurs.",Byron Quisenberry,82 mins   More at IMDb TMDB  Report this page,"Mystery, Thriller, Horror","Pepper Martin, Hank Worden, Ethan Wayne",Scream,1981,https://letterboxd.com/film/scream-1981/
Child's Play 3,1991,"Eight years after seemingly destroying the killer doll, teen Andy Barclay is placed in a military school, and the spirit of Chucky returns to renew his quest and seek vengeance after being recreated from a mass of melted plastic.",Jack Bender,90 mins   More at IMDb TMDB  Report this page,"Horror, Thriller","Justin Whalin, Brad Dourif, Perrey Reeves",Child's Play 3,1991,https://letterboxd.com/film/childs-play-3/
Psycho III,1986,"When Maureen Coyle, a suicidal nun who resembles Norman's former victim, Marion Crane, arrives at the motel, all bets are off and ""Mother"" is less than happy.",Anthony Perkins,93 mins   More at IMDb TMDB  Report this page,"Thriller, Mystery, Horror","Anthony Perkins, Diana Scarwid, Jeff Fahey",Psycho III,1986,https://letterboxd.com/film/psycho-iii/
Jason X,2001,"In the year 2455, Old Earth is now a contaminated planet abandoned for centuries -- a brown world of violent storms, toxic landmasses and poisonous seas. Yet humans have returned to the deadly place that they once fled, not to live, but to research the ancient, rusting artifacts of the long-gone civilizations. But it's not the harmful environment that could prove fatal to the intrepid, young explorers who have just landed on Old Earth. For them, it's Friday the 13th, and Jason lives!",James Isaac,91 mins   More at IMDb TMDB  Report this page,"Horror, Science Fiction","Kane Hodder, Jeff Geddis, Lexa Doig",Jason X,2001,https://letterboxd.com/film/jason-x/
Bodies Bodies Bodies,2022,"In an isolated family mansion, a group of rich 20-somethings decides to play Bodies Bodies Bodies, a game where one of them is secretly a ""killer"" while the rest tries to ""escape"". Things take a turn for the worse when real bodies start turning up, setting off a paranoid and dangerous chain of events.",Halina Reijn,94 mins   More at IMDb TMDB  Report this page,"Comedy, Mystery, Horror","Amandla Stenberg, Maria Bakalova, Myha'la",Bodies Bodies Bodies,2022,https://letterboxd.com/film/bodies-bodies-bodies/
A Blade in the Dark,1983,"Bruno, an up and coming film composer, has been hired to write the score to a new horror movie. After moving into a secluded villa, life begins to imitate art as a vicious killer starts bumping off anyone and everyone who happens to pay him a visit.",Lamberto Bava,109 mins   More at IMDb TMDB  Report this page,"Thriller, Mystery, Horror","Andrea Occhipinti, Anny Papa, Fabiola Toledo",A Blade in the Dark,1983,https://letterboxd.com/film/a-blade-in-the-dark/
Dementia 13,1963,"A widow deceives her late husband's mother and brothers into thinking he's still alive when she attends the yearly memorial to his drowned sister, hoping to secure his inheritance, but her cunning is no match for the demented, axe-wielding thing roaming the grounds of the family's Irish estate.",Francis Ford Coppola,75 mins   More at IMDb TMDB  Report this page,"Thriller, Mystery, Horror","William Campbell, Luana Anders, Bart Patton",Dementia 13,1963,https://letterboxd.com/film/dementia-13/
Jason Goes to Hell: The Final Friday,1993,"Jason Voorhees is tracked down and blown to bits by a special FBI task force, reborn with the bone-chilling ability to assume the identity of anyone he touches.",Adam Marcus,88 mins   More at IMDb TMDB  Report this page,"Horror, Thriller","Kane Hodder, John D. LeMay, Kari Keegan",Jason Goes to Hell: The Final Friday,1993,https://letterboxd.com/film/jason-goes-to-hell-the-final-friday/
Bedevilled,2010,"A disillusioned Seoul woman visits a remote island to reconnect with a childhood friend, only to find her trapped in an oppressive cycle of physical, mental, and sexual abuse. As tensions escalate, the situation spirals into a harrowing tale of survival and retribution.",Jang Cheol-soo,115 mins   More at IMDb TMDB  Report this page,"Horror, Crime, Drama, Thriller","Seo Young-hee, Ji Sung-won, Baek Su-ryeon",Bedevilled,2010,https://letterboxd.com/film/bedevilled/
Curse of Chucky,2013,"After her mother's mysterious death, Nica begins to suspect that the talking, red-haired doll her visiting niece has been playing with may be the key to the mounting bloodshed and chaos.",Don Mancini,97 mins   More at IMDb TMDB  Report this page,"Thriller, Horror","Fiona Dourif, Brad Dourif, Danielle Bisutti",Curse of Chucky,2013,https://letterboxd.com/film/curse-of-chucky/
Final Destination 3,2006,"High school senior Wendy's premonition of a deadly rollercoaster ride saves her life and a lucky few, but not from death itself — which seeks out those who escaped their fate.",James Wong,92 mins   More at IMDb TMDB  Report this page,"Mystery, Horror","Mary Elizabeth Winstead, Ryan Merriman, Kris Lemche",Final Destination 3,2006,https://letterboxd.com/film/final-destination-3/
The Silent Scream,1980,"A man is released from prison and finds a bizarre ally in pet shop owner Martin Blueck (Peter Cushing), who gives him money to start over and a job helping tending to his animals. But Martin isn't all he seems... Released on TV in the UK as part of the Hammer House of Horror series, this was a VHS feature release in the U.S. with added Elvira commentary on the ThrillerVideo label.",Alan Gibson,60 mins   More at IMDb TMDB  Report this page,"TV Movie, Horror","Peter Cushing, Brian Cox, Elaine Donnelly",The Silent Scream,1980,https://letterboxd.com/film/the-silent-scream-1980/
Fear Street: 1994,2021,"After a series of brutal slayings, a teen and her friends take on an evil force that's plagued their notorious town for centuries.",Leigh Janiak,108 mins   More at IMDb TMDB  Report this page,"Horror, Mystery","Kiana Madeira, Olivia Scott Welch, Benjamin Flores Jr.",Fear Street: 1994,2021,https://letterboxd.com/film/fear-street-1994/
Creep,2004,"Trapped in a London subway station, a woman who's being pursued by a potential attacker heads into the unknown labyrinth of tunnels beneath the city's streets",Christopher Smith,85 mins   More at IMDb TMDB  Report this page,"Horror, Thriller, Mystery","Franka Potente, Sean Harris, Vas Blackwood",Creep,2004,https://letterboxd.com/film/creep/
The Fun House,1973,"After being released from prison, a young gangster with a chip on his shoulder decides to punish society by making snuff films.",Roger Watkins,78 mins   More at IMDb TMDB  Report this page,Horror,"Roger Watkins, Ken Fisher, Bill Schlageter",The Fun House,1973,https://letterboxd.com/film/the-fun-house-1973/
Body Parts,1991,"A criminal psychologist loses his arm in a car crash, and becomes one of three patients to have their missing limbs replaced by those belonging to an executed serial killer. One of them dies violently, and disturbing occurrences start happening to the surviving two.",Eric Red,88 mins   More at IMDb TMDB  Report this page,"Thriller, Horror","Jeff Fahey, Lindsay Duncan, Kim Delaney",Body Parts,1991,https://letterboxd.com/film/body-parts/
The Mutilator,1984,"As a child, Ed was cleaning his father’s hunting rifles - a surprise birthday treat for the old man - when one of them went off, hitting and killing his mother. On seeing the bloodshed, his father flew into a murderous rage - Ed just barely escaped with his life. Now in his teens, he returns home; he doesn’t expect to find his father, still there, waiting for a chance to settle the score . . .",Buddy Cooper,86 mins   More at IMDb TMDB  Report this page,"Thriller, Mystery, Horror","Matt Mitler, Ruth Martinez, Bill Hitchcock",The Mutilator,1984,https://letterboxd.com/film/the-mutilator/
He Knows You're Alone,1980,"A reluctant bride-to-be is stalked by a serial killer who only kills brides and the people around them. While her friends get whacked one by one, a hard-boiled renegade cop whose bride had been killed years before tries to hunt the killer down before it is too late.",Armand Mastroianni,94 mins   More at IMDb TMDB  Report this page,Horror,"Caitlin O'Heaney, Elizabeth Kemp, Dana Barron",He Knows You're Alone,1980,https://letterboxd.com/film/he-knows-youre-alone/
Fear Street: 1978,2021,"In 1978, two rival groups at Camp Nightwing must band together to solve a terrifying mystery when horrors from their towns' history come alive.",Leigh Janiak,111 mins   More at IMDb TMDB  Report this page,"Horror, Mystery","Sadie Sink, Emily Rudd, Ryan Simpkins",Fear Street: 1978,2021,https://letterboxd.com/film/fear-street-1978/
Dr. Giggles,1992,"In 1957, Evan Rendell flees after his father is lynched for killing multiple patients in his effort to find a replacement heart for his ailing wife. After 35 years, Evan escapes from a mental institution and returns to town for revenge, killing off residents one by one. When Jennifer and her friends break into the Rendell house out of morbid curiosity, Evan notices Jennifer has a heart condition similar to his mother and decides to make her his final victim.",Manny Coto,95 mins   More at IMDb TMDB  Report this page,"Horror, Comedy","Larry Drake, Holly Marie Combs, Cliff DeYoung",Dr. Giggles,1992,https://letterboxd.com/film/dr-giggles/
My Bloody Valentine,2009,"Ten years after a Valentine's Day tragedy claimed the lives of five miners, Harry Warden returns for a vengeful massacre among teen sweethearts gearing up for another party.",Patrick Lussier,101 mins   More at IMDb TMDB  Report this page,"Horror, Thriller","Jensen Ackles, Jaime King, Kerr Smith",My Bloody Valentine,2009,https://letterboxd.com/film/my-bloody-valentine-2009/
The Collection,2012,"Arkin escapes with his life from the vicious grips of ""The Collector"" during an entrapment party where he adds beautiful Elena to his ""Collection."" Instead of recovering from the trauma, Arkin is suddenly abducted from the hospital by mercenaries hired by Elena's wealthy father. Arkin is blackmailed to team up with the mercenaries and track down The Collector's booby trapped warehouse and save Elena.",Marcus Dunstan,82 mins   More at IMDb TMDB  Report this page,"Thriller, Horror","Josh Stewart, Emma Fitzpatrick, Christopher McDonald",The Collection,2012,https://letterboxd.com/film/the-collection/
The Toolbox Murders,1978,"A serial killer, plagued by the memory of a fatal car accident, uses various tools to murder female tenants of a Los Angeles apartment complex, then abducts a teenaged girl who lives there with her family. When the police express doubt that the murders are connected to the girl's disappearance, her brother sets out to search for her on his own.",Dennis Donnelly,93 mins   More at IMDb TMDB  Report this page,Horror,"Cameron Mitchell, Pamelyn Ferdin, Wesley Eure",The Toolbox Murders,1978,https://letterboxd.com/film/the-toolbox-murders/
Dead of Winter,1987,"A fledgling actress is lured to a remote mansion for a screen-test, soon discovering she is actually a prisoner in the middle of a blackmail plot.",Arthur Penn,100 mins   More at IMDb TMDB  Report this page,"Thriller, Horror","Mary Steenburgen, Roddy McDowall, Jan Rubeš",Dead of Winter,1987,https://letterboxd.com/film/dead-of-winter/
The Final Terror,1983,"A group of friends head out for what is expected to be a vacation of hiking, camping and a good time, but when a backwoods mama finds them on her turf, it becomes anything but a vacation.",Andrew Davis,82 mins   More at IMDb TMDB  Report this page,"Thriller, Horror","John Friedrich, Adrian Zmed, Daryl Hannah",The Final Terror,1983,https://letterboxd.com/film/the-final-terror/
Nightmare at Shadow Woods,1987,"Twins Todd and Terry seem like sweet boys -- that is, until one of them takes an axe to the face of a fellow patron at the local drive-in.",John Grissmer,82 mins   More at IMDb TMDB  Report this page,"Thriller, Horror","Louise Lasser, Mark Soper, Marianne Kanter",Nightmare at Shadow Woods,1987,https://letterboxd.com/film/nightmare-at-shadow-woods/
Candyman,2021,"A Chicago artist's sanity starts to unravel, unleashing a terrifying wave of violence when he begins to explore the macabre history of the Candyman.",Nia DaCosta,91 mins   More at IMDb TMDB  Report this page,"Horror, Thriller","Yahya Abdul-Mateen II, Teyonah Parris, Colman Domingo",Candyman,2021,https://letterboxd.com/film/candyman-2021/
Deadly Blessing,1981,"When a former member of a religious cult dies in a mysterious accident, Martha, who now lives alone and close to the cult's church, begins to fear for her life and the lives of her visiting friends.",Wes Craven,104 mins   More at IMDb TMDB  Report this page,"Horror, Thriller","Maren Jensen, Sharon Stone, Susan Buckner",Deadly Blessing,1981,https://letterboxd.com/film/deadly-blessing/
Nightmare,1981,A drug-treated schizophrenic plagued by horrible nightmares is released from the hospital and goes on a killing spree.,Romano Scavolini,99 mins   More at IMDb TMDB  Report this page,Horror,"Baird Stafford, Sharon Smith, C.J. Cooke",Nightmare,1981,https://letterboxd.com/film/nightmare-1981/
Hatchet II,2010,"Picking up right where the original ended, Marybeth escapes the clutches of the swamp-dwelling killer Victor Crowley. After learning the truth about her family’s connection to the hatchet-wielding madman, Marybeth returns to the Louisiana swamps along with an army of hunters to recover the bodies of her family and exact the bloodiest revenge against the bayou butcher.",Adam Green,85 mins   More at IMDb TMDB  Report this page,"Comedy, Horror, Thriller","Danielle Harris, Kane Hodder, Tony Todd",Hatchet II,2010,https://letterboxd.com/film/hatchet-ii/
Graduation Day,1981,"After the death of a high school track star during a race, a mysterious killer in a fencing mask begins murdering her friends and teachers.",Herb Freed,96 mins   More at IMDb TMDB  Report this page,Horror,"Christopher George, Patch Mackenzie, E. Danny Murphy",Graduation Day,1981,https://letterboxd.com/film/graduation-day/
Candyman: Farewell to the Flesh,1995,"Annie, a young schoolteacher struggling to solve the brutal murder of her father, unwittingly summons the ""Candyman"" to New Orleans, where she learns the secret of his power, and discovers the link that connects them.",Bill Condon,95 mins   More at IMDb TMDB  Report this page,"Thriller, Horror","Tony Todd, Kelly Rowan, William O'Leary",Candyman: Farewell to the Flesh,1995,https://letterboxd.com/film/candyman-farewell-to-the-flesh/
Leprechaun,1993,A demonic leprechaun terrorizes a group of young people whom he believes stole his gold.,Mark Jones,91 mins   More at IMDb TMDB  Report this page,"Comedy, Horror","Warwick Davis, Jennifer Aniston, Ken Olandt",Leprechaun,1993,https://letterboxd.com/film/leprechaun/
Night School,1981,"A Boston police detective investigates a series of gruesome decapitations of various college coeds, committed by a helmeted, black-leather clad serial killer.",Ken Hughes,88 mins   More at IMDb TMDB  Report this page,"Thriller, Horror, Mystery","Leonard Mann, Rachel Ward, Drew Snyder",Night School,1981,https://letterboxd.com/film/night-school/
Cry_Wolf,2005,"After a local woman is murdered, a group of teenage liars create a warning e-mail of a serial killer named “The Wolf”, coming on the next full moon. The teens describe each death method The Wolf uses, but when the described victims actually do start turning up dead, suddenly no one knows where the lies end and the truth begins.",Jeff Wadlow,90 mins   More at IMDb TMDB  Report this page,"Thriller, Horror","Julian Morris, Sandra McCoy, Lindy Booth",Cry_Wolf,2005,https://letterboxd.com/film/cry_wolf/
Seed of Chucky,2004,"This time around, Chucky and his homicidal honey, Tiffany, are brought back to life by their orphan offspring, Glen. Then the horror goes Hollywood as Chucky unleashes his own brand of murderous mayhem!",Don Mancini,88 mins   More at IMDb TMDB  Report this page,"Horror, Comedy","Brad Dourif, Jennifer Tilly, Billy Boyd",Seed of Chucky,2004,https://letterboxd.com/film/seed-of-chucky/
The Horror Show,1989,"Vowing revenge on the detective who apprehended him, serial killer ""Meat Cleaver"" Max Jenke returns from beyond the grave to launch a whole new reign of terror.",James Isaac,95 mins   More at IMDb TMDB  Report this page,"Horror, Thriller, Fantasy","Lance Henriksen, Brion James, Rita Taggart",The Horror Show,1989,https://letterboxd.com/film/the-horror-show-1989/
I Still Know What You Did Last Summer,1998,"Ever since killing the Fisherman one year ago, Julie James is still haunted by images of him after her. When her best friend Karla wins free tickets to the Bahamas, Julie finds this a perfect opportunity to finally relax. But someone is waiting for her. Someone who she thought was dead. Someone who is out again for revenge.",Danny Cannon,100 mins   More at IMDb TMDB  Report this page,"Horror, Mystery, Thriller","Jennifer Love Hewitt, Freddie Prinze Jr., Brandy Norwood",I Still Know What You Did Last Summer,1998,https://letterboxd.com/film/i-still-know-what-you-did-last-summer/
Halloween II,2009,"Laurie Strode struggles to come to terms with her brother Michael's deadly return to Haddonfield, Illinois. Meanwhile, Michael prepares for another reunion with his sister.",Rob Zombie,105 mins   More at IMDb TMDB  Report this page,Horror,"Malcolm McDowell, Scout Taylor-Compton, Tyler Mane",Halloween II,2009,https://letterboxd.com/film/halloween-ii/
Slumber Party Massacre II,1987,Courtney is tormented by dreams of the infamous Driller Killer returning to wreak havoc... only to find that the murderous monster is reincarnated as an evil rocker.,Deborah Brock,85 mins   More at IMDb TMDB  Report this page,"Comedy, Horror","Crystal Bernard, Jennifer Rhodes, Kimberly McArthur",Slumber Party Massacre II,1987,https://letterboxd.com/film/slumber-party-massacre-ii/
Strange Behavior,1981,"When the teenagers in a small Illinois town start getting murdered, the police chief makes a connection to the mysterious scientific experiments being done at the local university and must stop them before his own son is dragged into the deadly scheme.",Michael Laughlin,99 mins   More at IMDb TMDB  Report this page,"Horror, Science Fiction, Mystery","Michael Murphy, Louise Fletcher, Dan Shor",Strange Behavior,1981,https://letterboxd.com/film/strange-behavior/
Eyes of a Stranger,1981,"A TV newswoman catches a pervert watching her sister who cannot see, hear or speak.",Ken Wiederhorn,84 mins   More at IMDb TMDB  Report this page,"Thriller, Horror","Lauren Tewes, Jennifer Jason Leigh, John DiSanti",Eyes of a Stranger,1981,https://letterboxd.com/film/eyes-of-a-stranger/
Visiting Hours,1982,"A deranged, misogynistic killer assaults a journalist. When he discovers that she survived the attack, he follows her to the hospital to finish her off.",Jean-Claude Lord,105 mins   More at IMDb TMDB  Report this page,"Thriller, Horror","Michael Ironside, Lee Grant, Linda Purl",Visiting Hours,1982,https://letterboxd.com/film/visiting-hours/
The Last Horror Film,1982,"A New York taxi driver stalks a beautiful actress attending the Cannes Film Festival, which coincides with a series of violent killings of the lady's friends.",David Winters,87 mins   More at IMDb TMDB  Report this page,"Comedy, Horror","Caroline Munro, Joe Spinell, Judd Hamilton",The Last Horror Film,1982,https://letterboxd.com/film/the-last-horror-film/
Humongous,1982,"The monstrous offspring of a violent crime grows up in seclusion on a remote island, where a boatful of hapless teens have shipwrecked, unaware of what's lurking in the woods.",Paul Lynch,94 mins   More at IMDb TMDB  Report this page,Horror,"Janet Julian, David Wallace, John Wildman",Humongous,1982,https://letterboxd.com/film/humongous/
Amsterdamned,1988,"A mysterious diver hiding in Amsterdam's canal system embarks on a rampage of gruesome murders, terrifying city officials and leaving few clues for the city's best detective, who doesn't suspect that both his new girlfriend and twelve-year-old daughter may be closer than he is to finding the killer.",Dick Maas,114 mins   More at IMDb TMDB  Report this page,"Horror, Action, Thriller","Huub Stapel, Monique van de Ven, Serge-Henri Valcke",Amsterdamned,1988,https://letterboxd.com/film/amsterdamned/
Slaughter High,1986,"Eight different people are invited to their 10-year high school reunion at their now-closed down high school where a former student, disfigured from a prank gone wrong, is there to seek revenge.",George Dugdale,91 mins   More at IMDb TMDB  Report this page,Horror,"Caroline Munro, Simon Scuddamore, Carmine Iannaccone",Slaughter High,1986,https://letterboxd.com/film/slaughter-high/
Fear Street: 1666,2021,"In 1666, a colonial town is gripped by a hysterical witch-hunt that has deadly consequences for centuries to come, and it's up to teenagers in 1994 to finally put an end to their town's curse, before it's too late.",Leigh Janiak,115 mins   More at IMDb TMDB  Report this page,"Mystery, Horror","Kiana Madeira, Benjamin Flores Jr., Olivia Scott Welch",Fear Street: 1666,2021,https://letterboxd.com/film/fear-street-1666/
Sleepaway Camp III: Teenage Wasteland,1989,"Psychotic Angela is itching to do what she does best: slaughter dozens of teenage campers. As luck would have it, the previous site of her murders has been renamed and converted into an experimental summer camp meant to bring together privileged and lower-class teens. On the day the youths are boarding the buses to camp, Angela runs over a potential camper with a garbage truck and assumes her identity. Once she has infiltrated the camp, the real terror begins.",Michael A. Simpson,79 mins   More at IMDb TMDB  Report this page,"Horror, Comedy","Pamela Springsteen, Tracy Griffith, Michael J. Pollard",Sleepaway Camp III: Teenage Wasteland,1989,https://letterboxd.com/film/sleepaway-camp-iii-teenage-wasteland/
Cold Prey,2006,"When one of them breaks a leg, five friends snowboarding in the Norwegian mountains take shelter in an abandoned ski lodge and soon realize they’re not alone.",Roar Uthaug,97 mins   More at IMDb TMDB  Report this page,"Thriller, Horror, Mystery","Ingrid Bolsø Berdal, Rolf Kristian Larsen, Tomas Alf Larsen",Cold Prey,2006,https://letterboxd.com/film/cold-prey/
A Nightmare on Elm Street,2010,"Teenagers Nancy, Quentin, Kris, Jesse and Dean are all neighborhood friends who begin having the same dream of a horribly disfigured man who wears a tattered sweater and a glove made of knives. The man terrorizes them in their dreams, and the only escape is to wake up. But when, one by one, they start dying violently, the friends realize that what happens in the dream world is real, and the only way to stay alive is to stay awake.",Samuel Bayer,95 mins   More at IMDb TMDB  Report this page,"Thriller, Horror, Mystery","Rooney Mara, Kyle Gallner, Jackie Earle Haley",A Nightmare on Elm Street,2010,https://letterboxd.com/film/a-nightmare-on-elm-street-2010/
Cult of Chucky,2017,"Confined to an asylum for the criminally insane for the past four years, Nica is wrongly convinced that she, not Chucky, murdered her entire family... until a string of grisly deaths occur after her psychiatrist introduces a new group therapy tool -- a ""Good Guy"" doll.",Don Mancini,91 mins   More at IMDb TMDB  Report this page,"Thriller, Horror","Fiona Dourif, Brad Dourif, Alex Vincent",Cult of Chucky,2017,https://letterboxd.com/film/cult-of-chucky/
Amer,2009,"Ana is confronted with body and desire at three key moments of her life. As a young girl, she brings her dead grandpa back to life. In her puberty, she discovers the power of decay and sexuality. Finally, she wrestles with loss and loneliness when she returns to her parental home, now derelict.",Hélène Cattet,90 mins   More at IMDb TMDB  Report this page,"Thriller, Horror","Cassandra Forêt, Charlotte Eugène Guibeaud, Marie Bos",Amer,2009,https://letterboxd.com/film/amer/
House of Wax,2005,A group of unwitting teens are stranded near a strange wax museum and soon must fight to survive and keep from becoming the next exhibit.,Jaume Collet-Serra,113 mins   More at IMDb TMDB  Report this page,"Thriller, Mystery, Horror","Elisha Cuthbert, Chad Michael Murray, Brian Van Holt",House of Wax,2005,https://letterboxd.com/film/house-of-wax-2005/
The Hills Have Eyes 2,2007,A group of National Guard trainees on a routine mission find themselves up against cannibalistic mutants in the New Mexico desert.,Martin Weisz,90 mins   More at IMDb TMDB  Report this page,"Thriller, Horror","Michael McMillian, Jessica Stroup, Jacob Vargas",The Hills Have Eyes 2,2007,https://letterboxd.com/film/the-hills-have-eyes-2/
"I, Madman",1989,A bookshop clerk starts seeing the disfigured killer from her favorite 1950s pulp novels come to life and start killing people around her.,Tibor Takács,89 mins   More at IMDb TMDB  Report this page,"Horror, Thriller","Jenny Wright, Clayton Rohner, Randall William Cook","I, Madman",1989,https://letterboxd.com/film/i-madman/
Don't Answer the Phone!,1980,"A Vietnam veteran that spends his days photographing pretty girls, and his nights strangling them, sets sights on the patients of a radio psychiatrist.",Robert Hammer,95 mins   More at IMDb TMDB  Report this page,"Horror, Thriller","James Westmoreland, Ben Frank, Flo Lawrence",Don't Answer the Phone!,1980,https://letterboxd.com/film/dont-answer-the-phone/
Child's Play,2019,"Karen, a single mother, gifts her son Andy a Buddi doll for his birthday, unaware of its more sinister nature. A contemporary re-imagining of the 1988 horror classic.",Lars Klevberg,90 mins   More at IMDb TMDB  Report this page,"Thriller, Horror","Mark Hamill, Aubrey Plaza, Gabriel Bateman",Child's Play,2019,https://letterboxd.com/film/childs-play-2019/
The Return of the Texas Chainsaw Massacre,1995,"A group of teenagers get into a car crash in the Texas woods on prom night, and then wander into an old farmhouse that is home to Leatherface and his insane family of cannibalistic psychopaths.",Kim Henkel,87 mins   More at IMDb TMDB  Report this page,"Comedy, Horror","Renée Zellweger, Matthew McConaughey, Robert Jacks",The Return of the Texas Chainsaw Massacre,1995,https://letterboxd.com/film/the-return-of-the-texas-chainsaw-massacre/
Sorority House Massacre,1986,"Upon joining a sorority, Beth is plagued by nightmares of a knife-wielding killer, when her past comes back to haunt her.",Carol Frank,74 mins   More at IMDb TMDB  Report this page,"Comedy, Horror","Angela O'Neill, Wendy Martel, Pamela Ross",Sorority House Massacre,1986,https://letterboxd.com/film/sorority-house-massacre/
Psycho IV: The Beginning,1990,"When he hears talk radio host Fran Ambrose discussing the topic of matricide, Norman calls in under a false name to tell his story.",Mick Garris,96 mins   More at IMDb TMDB  Report this page,"Mystery, Horror, TV Movie, Thriller","Anthony Perkins, Henry Thomas, Olivia Hussey",Psycho IV: The Beginning,1990,https://letterboxd.com/film/psycho-iv-the-beginning/
Black Christmas,2006,"As the residents of sorority house Pi Kappa Sigma prepare for the festive season, a stranger begins a series of obscene phone calls with dubious intentions...",Glen Morgan,92 mins   More at IMDb TMDB  Report this page,"Horror, Mystery","Katie Cassidy, Kristen Cloke, Andrea Martin",Black Christmas,2006,https://letterboxd.com/film/black-christmas-2006/
Color Me Blood Red,1965,A crackpot painter kills people to use their blood as his new crimson red color for his art.,Herschell Gordon Lewis,79 mins   More at IMDb TMDB  Report this page,"Comedy, Horror","Gordon Oas-Heim, Candi Conder, Elyn Warner",Color Me Blood Red,1965,https://letterboxd.com/film/color-me-blood-red/
Bloody Moon,1981,"After being released from a mental asylum, a disfigured man becomes obsessed with a student at his sister’s boarding school while grappling with his dark past.",Jesús Franco,90 mins   More at IMDb TMDB  Report this page,"Thriller, Horror","Olivia Pascal, Christoph Moosbrugger, Nadja Gerganoff",Bloody Moon,1981,https://letterboxd.com/film/bloody-moon/
Stay Alive,2006,"After the brutal death of a friend, a group of friends find themselves in possession of a video-game called ""Stay Alive,"" a blood-curdling true story of a 17th century noblewoman known as the Blood Countess. After playing the game when they know they shouldn't, however, the friends realize that once they die in the game — they die for real!",William Brent Bell,86 mins   More at IMDb TMDB  Report this page,"Fantasy, Horror, Science Fiction, Mystery, Thriller","Jon Foster, Samaire Armstrong, Frankie Muniz",Stay Alive,2006,https://letterboxd.com/film/stay-alive/
Puppet Master II,1990,"A new team of paranormal researchers has come to the hotel to investigate its murder-soaked past; the puppets -- led by a new member, Torch -- shed some light on the matter, as they tunnel, burn, strangle and hook to survive.",David Allen,88 mins   More at IMDb TMDB  Report this page,"Horror, Mystery, Science Fiction","Elizabeth Maclellan, Collin Bernsen, Steve Welles",Puppet Master II,1990,https://letterboxd.com/film/puppet-master-ii/
Cutting Class,1989,"High school student Paula Carson's affections are being sought after by two of her classmates: Dwight, the ""bad boy"", and Brian, a disturbed young man who has just been released from a mental hospital where he was committed following the suspicious death of his father. Soon after being released, more murders start happening. Is Brian back to his old tricks, or is Dwight just trying to eliminate the competition?",Rospo Pallenberg,91 mins   More at IMDb TMDB  Report this page,"Comedy, Horror, Mystery, Crime","Donovan Leitch, Jill Schoelen, Brad Pitt",Cutting Class,1989,https://letterboxd.com/film/cutting-class/
Madhouse,1981,"A woman is pursued by her murderous, psychopathic twin sister in the days leading up to their birthday.",Ovidio G. Assonitis,93 mins   More at IMDb TMDB  Report this page,Horror,"Patricia Mickey, Allison Biggers, Michael MacRae",Madhouse,1981,https://letterboxd.com/film/madhouse-1981/
Hospital Massacre,1981,"When Susan was a little girl, she rejected the Valentine of a lovestruck classmate. Decades later, she’s come to the hospital for a routine medical examination, and finds herself trapped in a bizarre nightmare, made all the worse as her vengeful childhood valentine, disguised among the hospital staff, begins murdering everyone in his path as a means of proving his undying ‘romantic’ obsession…",Boaz Davidson,89 mins   More at IMDb TMDB  Report this page,"Horror, Thriller","Barbi Benton, Charles Lucia, Jon Van Ness",Hospital Massacre,1981,https://letterboxd.com/film/hospital-massacre/
Cheerleader Camp,1988,"A cheerleader named Alison is plagued by nightmares about the upcoming all-state finals and attends a summer training camp with her teammates. When a number of deaths start occurring at the camp, Alison's nightmares turn twisted and brutal, and she begins to believe that she may be responsible for the mayhem.",John Quinn,89 mins   More at IMDb TMDB  Report this page,"Comedy, Horror, Thriller","Betsy Russell, Leif Garrett, Lucinda Dickey",Cheerleader Camp,1988,https://letterboxd.com/film/cheerleader-camp/
Night of the Dark Full Moon,1972,"A man investigates the grisly crimes that occurred in a former insane asylum, unsettling the locals who all seem to have something to hide.",Theodore Gershuny,85 mins   More at IMDb TMDB  Report this page,"Horror, Mystery, Thriller","Patrick O'Neal, James Patterson, Mary Woronov",Night of the Dark Full Moon,1972,https://letterboxd.com/film/night-of-the-dark-full-moon/
Cherry Falls,2000,"When students in the town of Cherry Falls hear that a serial killer is targeting virgins, they realize that the only way to protect themselves is to begin planning a ""Pop Your Cherry"" party.",Geoffrey Wright,92 mins   More at IMDb TMDB  Report this page,"Thriller, Mystery, Horror","Brittany Murphy, Jay Mohr, Michael Biehn",Cherry Falls,2000,https://letterboxd.com/film/cherry-falls/
Totally Killer,2023,"When the infamous ""Sweet Sixteen Killer"" returns 35 years after his first murder spree to claim another victim, 17-year-old Jamie accidentally travels back in time to 1987, determined to stop the killer before he can start.",Nahnatchka Khan,105 mins   More at IMDb TMDB  Report this page,"Comedy, Science Fiction, Horror","Kiernan Shipka, Olivia Holt, Troy Leigh-Anne Johnson",Totally Killer,2023,https://letterboxd.com/film/totally-killer/
Don't Look in the Basement,1973,"A young psychiatric nurse goes to work at a lonesome asylum following a murder. There, she experiences varying degrees of torment from the patients.",S.F. Brownrigg,89 mins   More at IMDb TMDB  Report this page,"Horror, Thriller","Bill McGhee, Jessie Lee Fulton, Robert Dracup",Don't Look in the Basement,1973,https://letterboxd.com/film/dont-look-in-the-basement/
"Silent Night, Deadly Night Part 2",1987,"Ricky is released from a mental hospital, taking with him the memory of his brother Billy's death and embarking on a journey of relentless revenge.",Lee Harry,88 mins   More at IMDb TMDB  Report this page,"Comedy, Horror","Eric Freeman, James Newman, Elizabeth Kaitan","Silent Night, Deadly Night Part 2",1987,https://letterboxd.com/film/silent-night-deadly-night-part-2/
Laid to Rest,2009,A young girl wakes up in a casket with a head injury and no memory of her identity. She quickly realizes she was abducted by a serial killer and she must fight to survive.,Robert Hall,90 mins   More at IMDb TMDB  Report this page,"Horror, Thriller","Bobbi Sue Luther, Kevin Gage, Lena Headey",Laid to Rest,2009,https://letterboxd.com/film/laid-to-rest/
Terrifier,2016,A maniacal clown named Art terrorizes three young women on Halloween night and everyone else who stands in his way.,Damien Leone,84 mins   More at IMDb TMDB  Report this page,"Thriller, Horror","David Howard Thornton, Jenna Kanell, Samantha Scaffidi",Terrifier,2016,https://letterboxd.com/film/terrifier-2016/
Halloween: Resurrection,2002,Reality programmers at DangerTainment select a group of thrill-seeking teenagers to spend one night in the childhood home of serial killer Michael Myers. Their planned live broadcast turns deadly when Michael decides to crash the party.,Rick Rosenthal,94 mins   More at IMDb TMDB  Report this page,"Thriller, Horror","Jamie Lee Curtis, Brad Loree, Busta Rhymes",Halloween: Resurrection,2002,https://letterboxd.com/film/halloween-resurrection/
Terrifier 2,2022,"A year after the Miles County massacre, Art the Clown is resurrected by a sinister entity. Art returns home, where he must hunt down and destroy teenage Sienna and her younger brother Jonathan on Halloween. As the body count rises, the siblings fight to stay alive while uncovering the true nature of Art's evil intent.",Damien Leone,138 mins   More at IMDb TMDB  Report this page,"Thriller, Horror","David Howard Thornton, Lauren LaVera, Elliott Fullam",Terrifier 2,2022,https://letterboxd.com/film/terrifier-2/
Clownhouse,1989,Three teenage brothers are terrorized by a trio of escaped mental patients disguised as clowns.,Victor Salva,81 mins   More at IMDb TMDB  Report this page,Horror,"Nathan Forrest Winters, Brian McHugh, Bobby Salem",Clownhouse,1989,https://letterboxd.com/film/clownhouse/
Return to Horror High,1987,"A few years ago, a mysterious serial-killer caused panic on Crippen High School. The killer was never caught. A movie company, Cosmic Pictures, has decided to make a feature movie about these events - on location, at the now abandoned school. Since members of cast and crew disappear without a trace, it seems as if history is repeating itself...",Bill Froehlich,94 mins   More at IMDb TMDB  Report this page,"Comedy, Horror","Lori Lethin, George Clooney, Brendan Hughes",Return to Horror High,1987,https://letterboxd.com/film/return-to-horror-high/
The Dorm That Dripped Blood,1982,A crazed killer stalks college students who gave up their vacation to clean a deserted dormitory.,Stephen Carpenter,88 mins   More at IMDb TMDB  Report this page,"Thriller, Horror, Mystery","Laurie Lapinski, Stephen Sachs, David Snow",The Dorm That Dripped Blood,1982,https://letterboxd.com/film/the-dorm-that-dripped-blood/
The Boogey Man,1980,"A young girl witnesses the brutal murder of her stepfather at the hands of her brother, by mirror reflection. Years later, when the mirror is accidentally shattered, a dark and vengeful curse is unleashed on the family, and anyone unlucky enough to come into contact with its shards falls victim to heinous murder.",Ulli Lommel,82 mins   More at IMDb TMDB  Report this page,Horror,"Suzanna Love, Ron James, John Carradine",The Boogey Man,1980,https://letterboxd.com/film/the-boogey-man/
Halloween Kills,2021,"Michael manages to free himself from Laurie Strode's trap to resume his ritual bloodbath. As she fights for her life from injuries from their last encounter, she inspires her daughter Karen, her granddaughter Allyson, and all of Haddonfield to rise up against the unstoppable monster.",David Gordon Green,105 mins   More at IMDb TMDB  Report this page,"Horror, Thriller","Jamie Lee Curtis, Judy Greer, Andi Matichak",Halloween Kills,2021,https://letterboxd.com/film/halloween-kills/
The Tripper,2006,A Ronald Reagan-obsessed serial killer targets a bunch of hippies who are heading to a weekend-long concert.,David Arquette,93 mins   More at IMDb TMDB  Report this page,"Horror, Comedy","David Arquette, Courteney Cox, Richmond Arquette",The Tripper,2006,https://letterboxd.com/film/the-tripper/
When a Stranger Calls,2006,"Far away from the site of a gruesome murder, a teenager named Jill Johnson arrives at a luxurious home for a baby-sitting job. With the children fast asleep, she settles in for what she expects to be an ordinary evening. Soon, the ringing of a phone and the frightening words of a sadistic caller turn Jill's routine experience into a night of terror.",Simon West,87 mins   More at IMDb TMDB  Report this page,"Mystery, Horror","Camilla Belle, Katie Cassidy, Tommy Flanagan",When a Stranger Calls,2006,https://letterboxd.com/film/when-a-stranger-calls-2006/
Urban Legends: Final Cut,2000,"The making of a horror movie takes on a terrifying reality for students at the most prestigious film school in the country. At Alpine University, someone is determined to win the best film award at any cost - even if it means eliminating the competition. No one is safe and everyone is a suspect.",John Ottman,98 mins   More at IMDb TMDB  Report this page,"Horror, Mystery","Jennifer Morrison, Matthew Davis, Hart Bochner",Urban Legends: Final Cut,2000,https://letterboxd.com/film/urban-legends-final-cut/
Nightmare Beach,1989,"In Miami, Florida, biker gang leader Edward ""Diablo"" Santer is about to be executed for murder when he proclaims his innocence and vows revenge from the grave. When a mysterious biker comes to town during Spring Break festivities, leaving several teenagers electrocuted to death, some begin to suspect that Santer has made good on his promise.",James Justice,90 mins   More at IMDb TMDB  Report this page,"Horror, Thriller","Nicolas De Toth, Sarah Buxton, Rawley Valverde",Nightmare Beach,1989,https://letterboxd.com/film/nightmare-beach/
Incident On and Off a Mountain Road,2005,"While driving at night on a mountain road, Ellen gets distracted and hits an abandoned car. When she tries to get help, she is attacked by a backwoods killer and must fight to stay alive.",Don Coscarelli,51 mins   More at IMDb TMDB  Report this page,"Horror, TV Movie","Bree Turner, Angus Scrimm, John DeSantis",Incident On and Off a Mountain Road,2005,https://letterboxd.com/film/incident-on-and-off-a-mountain-road/
Slumber Party Massacre III,1990,"After a hard day of volleyball at the beach, a teen whose parents are away decides to have a slumber party with her girlfriends. Their boyfriends predictably show up to scare them, but a stranger from the beach is also seen lurking around the house. Soon the group begins experiencing an attrition problem.",Sally Mattison,87 mins   More at IMDb TMDB  Report this page,"Horror, Comedy","Keely Christian, Brittain Frye, Michael Harris",Slumber Party Massacre III,1990,https://letterboxd.com/film/slumber-party-massacre-iii/
See No Evil,2006,"A group of delinquents are sent to clean the Blackwell Hotel but little do they know reclusive psychopath Jacob Goodnight has holed away in the rotting hotel. When one of the teens is captured, those who remain band together to survive against the brutal killer.",Gregory Dark,84 mins   More at IMDb TMDB  Report this page,"Thriller, Horror","Glenn Jacobs, Christina Vidal, Luke Pegler",See No Evil,2006,https://letterboxd.com/film/see-no-evil-2006/
Superstition,1982,A witch put to death in 1692 swears vengeance on her persecutors and returns to the present day to punish their descendants.,James W. Roberson,85 mins   More at IMDb TMDB  Report this page,Horror,"James Houghton, Albert Salmi, Lynn Carlin",Superstition,1982,https://letterboxd.com/film/superstition/
American Gothic,1987,"When six friends fly off on a weekend getaway and are suddenly plagued by engine trouble, they're forced to land on a remote island. Looking for shelter, they're grateful to encounter Ma and Pa and their children - an eccentric family living in the island's backwoods. But what begins as simple hospitality turns into a terrifying race for survival as the friends start disappearing one by one ... and turning up dead.",John Hough,90 mins   More at IMDb TMDB  Report this page,Horror,"Rod Steiger, Yvonne De Carlo, Michael J. Pollard",American Gothic,1987,https://letterboxd.com/film/american-gothic/
Haunt,2019,"On Halloween, a group of friends encounter an extreme haunted house that promises to feed on their darkest fears. The night turns deadly as they come to the horrifying realisation that some nightmares are real.",Scott Beck,93 mins   More at IMDb TMDB  Report this page,"Horror, Thriller","Katie Stevens, Will Brittain, Lauryn McClain",Haunt,2019,https://letterboxd.com/film/haunt-2019/
Dream Home,2010,A woman will go to whatever lengths necessary to obtain her dream home with a view of the sea. This includes driving down the property value and decreasing the occupancy rate by killing her potential neighbors.,Edmond Pang Ho-Cheung,96 mins   More at IMDb TMDB  Report this page,Horror,"Josie Ho, Eason Chan Yik-Shun, Lawrence Chou Chun-Wai",Dream Home,2010,https://letterboxd.com/film/dream-home/
Wilderness,2006,"Juvenile delinquents are sent to a small British island after a fellow prisoner's death, where they must fight for survival.",MJ Bassett,94 mins   More at IMDb TMDB  Report this page,"Horror, Action","Toby Kebbell, Lenora Crichlow, Sean Pertwee",Wilderness,2006,https://letterboxd.com/film/wilderness-2006/
MaXXXine,2024,"In 1980s Hollywood, adult film star and aspiring actress Maxine Minx finally gets her big break. But as a mysterious killer stalks the starlets of Hollywood, a trail of blood threatens to reveal her sinister past.",Ti West,103 mins   More at IMDb TMDB  Report this page,"Horror, Thriller","Mia Goth, Elizabeth Debicki, Moses Sumney",MaXXXine,2024,https://letterboxd.com/film/maxxxine/
Tragedy Girls,2017,"McKayla and Sadie, two death-obsessed teenage girls, use their online show about real-life tragedies to send their small Midwestern town into a frenzy and cement their legacy as modern horror legends.",Tyler MacIntyre,98 mins   More at IMDb TMDB  Report this page,"Comedy, Horror","Brianna Hildebrand, Alexandra Shipp, Jack Quaid",Tragedy Girls,2017,https://letterboxd.com/film/tragedy-girls/
Stitches,2012,"The clumsy and unfunny clown Richard ""Stitches"" Grindle entertains at the 10th birthday party of little Tom, but the boy and his friends play a prank with Stitches, tying his shoelaces. Stitches slips, falls and dies. Six years later, Tom gives a birthday party for his friends at home, but Stitches revives to haunt the teenagers and revenge his death.",Conor McMahon,86 mins   More at IMDb TMDB  Report this page,Horror,"Ross Noble, Tommy Knight, Gemma-Leah Devereux",Stitches,2012,https://letterboxd.com/film/stitches-2012/
Children of the Corn II: The Final Sacrifice,1992,"When a tabloid reporter and his son travel to a quiet Midwestern town to investigate a gruesome massacre, they fall victim to a possessed orphan named Micah.",David Price,92 mins   More at IMDb TMDB  Report this page,Horror,"Terence Knox, Paul Scherrer, Ryan Bollman",Children of the Corn II: The Final Sacrifice,1992,https://letterboxd.com/film/children-of-the-corn-ii-the-final-sacrifice/
Blood and Lace,1971,"After her prostitute mother and her john are beaten to death while they are asleep in bed, teen-aged Ellie Masters is sent to an isolated orphanage run by a mysterious woman and her handyman, both whom she comes to suspect are hiding dark secrets.",Philip S. Gilbert,87 mins   More at IMDb TMDB  Report this page,"Horror, Drama, Thriller","Gloria Grahame, Melody Patterson, Milton Selzer",Blood and Lace,1971,https://letterboxd.com/film/blood-and-lace/
The Town that Dreaded Sundown,2014,A masked maniac terrorizes the same small community where a murderer known as the Phantom Killer struck decades earlier.,Alfonso Gomez-Rejon,85 mins   More at IMDb TMDB  Report this page,"Thriller, Horror","Addison Timlin, Veronica Cartwright, Travis Tope",The Town that Dreaded Sundown,2014,https://letterboxd.com/film/the-town-that-dreaded-sundown-2014/
Reeker,2005,Strangers trapped at an eerie travel oasis in the desert must unravel the mystery behind their visions of dying people while they are preyed upon by a decaying creature.,Dave Payne,91 mins   More at IMDb TMDB  Report this page,"Mystery, Horror","Devon Gummersall, Derek Richardson, Tina Illman",Reeker,2005,https://letterboxd.com/film/reeker/
Don't Go in the Woods,1981,"Four backpackers decide to take a hike in the mountains of Utah. But within the woods lurks a killer. But who...or what...is it? The lazy local sheriff blames bears. But the escalating body count seems to point to a human killer. Ignoring the warning signs, our campers remain lost in the woods...alone...awaiting their fate.",James Bryan,82 mins   More at IMDb TMDB  Report this page,Horror,"Jack McClelland, Mary Gail Artz, Angie Brown",Don't Go in the Woods,1981,https://letterboxd.com/film/dont-go-in-the-woods/
No One Lives,2012,A gang of ruthless highway killers kidnap a wealthy couple traveling cross country only to shockingly discover that things are not what they seem.,Ryûhei Kitamura,86 mins   More at IMDb TMDB  Report this page,"Thriller, Horror","Luke Evans, Adelaide Clemens, Laura Ramsey",No One Lives,2012,https://letterboxd.com/film/no-one-lives/
Final Exam,1981,"In a small college in North Carolina, only a select few students are left to take mid terms. But, when a killer strikes, it could be everyone's final exam.",Jimmy Huston,90 mins   More at IMDb TMDB  Report this page,Horror,"Cecile Bagdadi, Joel S. Rice, Ralph Brown",Final Exam,1981,https://letterboxd.com/film/final-exam/
"Lisa, Lisa",1974,"A group of three criminals on the run from the law, go about terrorizing the local townsfolk of a small community, before descending on an isolated farm which is home to a young girl named Lisa and her paralyzed grandfather. After being sexually assaulted by two of the gangsters, she retaliates using an axe and a razor blade.",Frederick R. Friedel,68 mins   More at IMDb TMDB  Report this page,"Thriller, Horror","Leslie Lee, Jack Canon, Ray Green","Lisa, Lisa",1974,https://letterboxd.com/film/lisa-lisa/
Home for the Holidays,1972,"An ailing man summons his four daughters home for Christmas and asks them to kill his new wife, who he suspects is poisoning him.",John Llewellyn Moxey,73 mins   More at IMDb TMDB  Report this page,"Thriller, TV Movie, Horror","Jessica Walter, Sally Field, Jill Haworth",Home for the Holidays,1972,https://letterboxd.com/film/home-for-the-holidays/
Children of the Corn III: Urban Harvest,1995,"After a couple adopts a pair of orphaned brothers, it becomes alarmingly clear the boys are much more than they seem.",James D.R. Hickox,90 mins   More at IMDb TMDB  Report this page,"Horror, Thriller","Daniel Cerny, Ron Melendez, Jim Metzler",Children of the Corn III: Urban Harvest,1995,https://letterboxd.com/film/children-of-the-corn-iii-urban-harvest/
Absurd,1981,"A priest-doctor chasing a man with supernatural regenerative abilities, who has recently escaped from a medical lab, reaches a small town where the mutant goes on a killing spree.",Joe D'Amato,94 mins   More at IMDb TMDB  Report this page,Horror,"George Eastman, Annie Belle, Charles Borromel",Absurd,1981,https://letterboxd.com/film/absurd-1981/
Thanksgiving,2023,"After a Black Friday riot ends in tragedy, a mysterious Thanksgiving-inspired killer terrorizes Plymouth, Massachusetts - the birthplace of the holiday. Picking off residents one by one, what begins as random revenge killings are soon revealed to be part of a larger, sinister holiday plan.",Eli Roth,106 mins   More at IMDb TMDB  Report this page,"Mystery, Horror","Patrick Dempsey, Nell Verlaque, Addison Rae",Thanksgiving,2023,https://letterboxd.com/film/thanksgiving-2023/
Dark Ride,2006,"Ten years after he brutally murdered two girls, a killer escapes from a mental institution and returns to his turf, the theme park attraction called Dark Ride. About to crash his path are a group of college kids on a road trip who stumble across the park.",Craig Singer,94 mins   More at IMDb TMDB  Report this page,"Horror, Thriller","Jamie-Lynn Sigler, Patrick Renna, David Clayton Rogers",Dark Ride,2006,https://letterboxd.com/film/dark-ride/
Class Reunion,1982,"Lizzie Borden High's class of '72 are going through the motions at their tenth-year reunion, until deranged alum Walter Baylor, driven insane by a sadistic senior-year prank, escapes from the mental institution and crashes the party. When guests start getting bumped off, the other alumni, including snooty yacht salesman Bob Spinnaker, class tease Bunny Packard, and class zero Gary Nash, spring into action to uncover the culprit.",Michael Miller,84 mins   More at IMDb TMDB  Report this page,"Horror, Comedy","Gerrit Graham, Fred McCarren, Miriam Flynn",Class Reunion,1982,https://letterboxd.com/film/class-reunion-1982/
Girls Nite Out,1982,The students of DeWitt University are preparing themselves for a night of fun and frolics in the form of an all-night scavenger hunt. Little do they know that they are in fact the ones being hunted.,Robert Deubel,96 mins   More at IMDb TMDB  Report this page,Horror,"Julia Montgomery, James Carroll, Suzanne Barnes",Girls Nite Out,1982,https://letterboxd.com/film/girls-nite-out/
The Hills Run Red,2009,"A group of young horror fans go searching for a film that mysteriously vanished years ago but instead find that the demented killer from the movie is real, and he's thrilled to meet fans who will die gruesomely for his art.",Dave Parker,81 mins   More at IMDb TMDB  Report this page,"Thriller, Horror","Sophie Monk, Tad Hilgenbrink, William Sadler",The Hills Run Red,2009,https://letterboxd.com/film/the-hills-run-red/
Satan's Little Helper,2004,A naïve young boy unknowingly becomes the pawn of a serial killer.,Jeff Lieberman,100 mins   More at IMDb TMDB  Report this page,"Horror, Comedy","Alexander Brickel, Katheryn Winnick, Stephen Graham",Satan's Little Helper,2004,https://letterboxd.com/film/satans-little-helper/
Jack's Back,1988,"A young doctor is suspected when a series of Jack the Ripper copycat killings is committed. However, when the doctor himself is murdered, his identical twin brother claims to have seen visions of the true killer.",Rowdy Herrington,97 mins   More at IMDb TMDB  Report this page,"Mystery, Crime, Horror, Thriller","James Spader, Cynthia Gibb, Jim Haynie",Jack's Back,1988,https://letterboxd.com/film/jacks-back/
Terror in the Wax Museum,1973,"Terrifying wax figures of renowned personalities, such as Attila the Hun and Jack the Ripper, surround the sale of a London museum.",Georg Fenady,93 mins   More at IMDb TMDB  Report this page,"Horror, Mystery","Ray Milland, Elsa Lanchester, Maurice Evans",Terror in the Wax Museum,1973,https://letterboxd.com/film/terror-in-the-wax-museum/
Wishmaster 2: Evil Never Dies,1999,"During a failed art heist, the Djinn is once again liberated. This time, to complete the 1001 wishes that he needs before the final 3, he lets himself go to prison, where he starts his evil reign twisting the hopes of the prisoners. Meanwhile, the woman who set him free accidentally, Morgana, tries to find a way to stop him, aided by a young priest.",Jack Sholder,96 mins   More at IMDb TMDB  Report this page,"Horror, Fantasy","Andrew Divoff, Holly Fields, Paul Johansson",Wishmaster 2: Evil Never Dies,1999,https://letterboxd.com/film/wishmaster-2-evil-never-dies/
New Year's Evil,1980,"During a live punk-rock New Year's Eve TV programme, the presenter gets a phone call from a psycho calling himself ""Evil"" saying that when New Year's strikes in each US time zone, he will murder someone.",Emmett Alston,86 mins   More at IMDb TMDB  Report this page,"Thriller, Horror","Roz Kelly, Kip Niven, Chris Wallace",New Year's Evil,1980,https://letterboxd.com/film/new-years-evil/
Prom Night III: The Last Kiss,1990,"Mary Lou, the prom queen burned to death by her boyfriend back in the fifties, has escaped from hell and is once again walking the hallways of Hamilton High School, looking for blood.",Peter R. Simpson,96 mins   More at IMDb TMDB  Report this page,"Thriller, Comedy, Horror","Tim Conlon, Cynthia Preston, David Stratton",Prom Night III: The Last Kiss,1990,https://letterboxd.com/film/prom-night-iii-the-last-kiss/
Tower of Evil,1972,A group of experienced archeologists are searching for an old and mystic Phoenician treasure when they are surprised by a series of mysterious murders...,Jim O'Connolly,89 mins   More at IMDb TMDB  Report this page,Horror,"Bryant Haliday, Jill Haworth, Anna Palk",Tower of Evil,1972,https://letterboxd.com/film/tower-of-evil/
Ghostkeeper,1981,"A group of three friends on a snowmobiling trip find themselves stranded at an abandoned lodge isolated in the mountains. They discover that an old woman resides in the hotel, along with an evil entity that she is keeping in the basement.",Jim Makichuk,87 mins   More at IMDb TMDB  Report this page,"Thriller, Horror","Riva Spier, Murray Ord, Sheri McFadden",Ghostkeeper,1981,https://letterboxd.com/film/ghostkeeper/
Slaughter Hotel,1971,A masked killer stalks an institution for mentally disturbed rich women.,Fernando Di Leo,97 mins   More at IMDb TMDB  Report this page,"Horror, Mystery, Thriller","Klaus Kinski, Margaret Lee, Rosalba Neri",Slaughter Hotel,1971,https://letterboxd.com/film/slaughter-hotel/
Killer Workout,1987,"Two years ago, a young woman named Valerie was burned after entering a tanning salon. Now, Rhonda runs a local gym where all of a sudden, people are being murdered.",David A. Prior,84 mins   More at IMDb TMDB  Report this page,"Horror, Thriller","Marcia Karr, David James Campbell, Fritz Matthews",Killer Workout,1987,https://letterboxd.com/film/killer-workout/
Neon Maniacs,1986,"A group of teenagers in San Francisco discover a nest of homicidal monsters living in a tower of the Golden Gate Bridge, but when they try to tell authorities, no one believes them.",Joseph Mangine,91 mins   More at IMDb TMDB  Report this page,Horror,"Clyde Hayes, Leilani Sarelle, Donna Locke",Neon Maniacs,1986,https://letterboxd.com/film/neon-maniacs/
The Murder Clinic,1966,"Patients and those working in an isolated mental hospitals are murdered, one by one, by a madman lurking in the corridors",Elio Scardamaglia,86 mins   More at IMDb TMDB  Report this page,"Horror, Crime","William Berger, Françoise Prévost, Barbara Wilson",The Murder Clinic,1966,https://letterboxd.com/film/the-murder-clinic/
The Ugly,1997,A female psychologist wants to understand the minds of a confessed serial killer who spent the last five years in a mental hospital because of his state.,Scott Reynolds,93 mins   More at IMDb TMDB  Report this page,"Thriller, Horror","Paolo Rotondo, Rebecca Hobbs, Chris Graham",The Ugly,1997,https://letterboxd.com/film/the-ugly/
Valentine,2001,Four friends start to receive morbid Valentine cards and realise they are being stalked by someone they had spurned 13 years ago. A masked killer is on the loose and Valentine's day is soon approaching.,Jamie Blanks,96 mins   More at IMDb TMDB  Report this page,"Thriller, Horror","Denise Richards, David Boreanaz, Marley Shelton",Valentine,2001,https://letterboxd.com/film/valentine/
Hard to Die,1990,"While doing the inventory for a lingerie outlet in a high rise office building, five attractive women are terrorized by a series of bizarre killings. They suspect that the strange janitor, who witnessed another series of killings years back, is at the bottom of the whole thing. Little do they know the real horror that they face in the end.",Jim Wynorski,84 mins   More at IMDb TMDB  Report this page,"Comedy, Action, Thriller","Gail Harris, Karen Mayo-Chandler, Deborah Dutch",Hard to Die,1990,https://letterboxd.com/film/hard-to-die/
Sorority Row,2009,"When five sorority girls inadvertently cause the murder of one of their sisters in a prank gone wrong, they agree to keep the matter to themselves and never speak of it again, so they can get on with their lives. This proves easier said than done, when after graduation a mysterious killer goes after the five of them and anyone who knows their secret.",Stewart Hendler,101 mins   More at IMDb TMDB  Report this page,"Mystery, Horror","Briana Evigan, Leah Pipes, Rumer Willis",Sorority Row,2009,https://letterboxd.com/film/sorority-row/
The Nail Gun Massacre,1985,"Following the brutal rape of a young woman by a gang of construction workers, a mysterious figure wearing a motorcycle helmet and driving a gold hearse begins hunting the perpetrators down. The masked avenger's weapon of choice, obviously, is a nail gun, with which he (or could it be she?) takes out the rapists one by one. Just who is this murderous vigilante?",Bill Leslie,85 mins   More at IMDb TMDB  Report this page,Horror,"Rocky Patterson, Ron Queen, Beau Leland",The Nail Gun Massacre,1985,https://letterboxd.com/film/the-nail-gun-massacre/
Hatchet III,2013,"A search and recovery team heads into Victor Crowley’s haunted swamp to pick up the pieces, and Marybeth learns the secret to ending the voodoo curse that has left Victor Crowley terrorizing Honey Island Swamp for decades.",BJ McDonnell,81 mins   More at IMDb TMDB  Report this page,"Action, Comedy, Thriller, Horror","Danielle Harris, Kane Hodder, Zach Galligan",Hatchet III,2013,https://letterboxd.com/film/hatchet-iii/
The Babysitter: Killer Queen,2020,"Two years after defeating a satanic cult led by his babysitter Bee, Cole's trying to forget his past and focus on surviving high school. But when old enemies unexpectedly return, Cole will once again have to outsmart the forces of evil.",McG,101 mins   More at IMDb TMDB  Report this page,"Horror, Comedy","Judah Lewis, Jenna Ortega, Emily Alyn Lind",The Babysitter: Killer Queen,2020,https://letterboxd.com/film/the-babysitter-killer-queen/
Three on a Meathook,1972,"Four girls go on a romping weekend at a lake, and have car problems on the way home. A nice local boy takes them back to his farm, where he lives with his father. Something ghastly happens, but the father helps his son as he has in the past. When the boy meets a girl and begins falling in love, the father worries about a repeat performance.",William Girdler,77 mins   More at IMDb TMDB  Report this page,Horror,"Charles Kissinger, James Carroll Pickett, Sherry Steiner",Three on a Meathook,1972,https://letterboxd.com/film/three-on-a-meathook/
Nightmares,1980,"A little girl named Cathy tries to keep her mother from making out with a man while driving one day, and she inadvertently causes her mother's death in the car crash. 16 years later, Cathy has changed her name to Helen and has become a psychotic actress. Things are going fine until horrible things starts to happened with the cast of her new play.",John D. Lamond,83 mins   More at IMDb TMDB  Report this page,"Thriller, Horror","Jenny Neumann, Gary Sweet, Nina Landis",Nightmares,1980,https://letterboxd.com/film/nightmares-1980/
Mardi Gras Massacre,1978,Police try to capture someone who is commiting ritual murders of women during Mardi Gras in New Orleans.,Jack Weis,97 mins   More at IMDb TMDB  Report this page,Horror,"Curt Dawson, Gwen Arment, William Metzo",Mardi Gras Massacre,1978,https://letterboxd.com/film/mardi-gras-massacre/
Psycho Cop Returns,1993,"A group of office workers decide to have a party in the office building. Among other things, they want to have some drugs there. Their conversation on the subject is overheard by Joe Vickers, which is rather unfortunate for them, since Joe Vickers is a policeman. Even more unfortunate is the fact that Vickers is also an undead psychotic satanist, and instead of arresting them, he will make sure that nobody leaves the party alive...",Adam Rifkin,85 mins   More at IMDb TMDB  Report this page,Horror,"Robert R. Shafer, Barbara Niven, Miles Dougal",Psycho Cop Returns,1993,https://letterboxd.com/film/psycho-cop-returns/
"Silent Night, Deadly Night 5: The Toy Maker",1991,A toy maker's creations display some very human -- and deadly -- tendencies.,Martin Kitrosser,86 mins   More at IMDb TMDB  Report this page,"Horror, Science Fiction","Jane Higginson, Tracy Fraim, Brian Bremer","Silent Night, Deadly Night 5: The Toy Maker",1991,https://letterboxd.com/film/silent-night-deadly-night-5-the-toy-maker/
Uncle Sam,1996,"It's Fourth of July Weekend, and the recently discovered corpse of Sgt. Sam Harper rises from the dead to punish the unpatriotic.",William Lustig,90 mins   More at IMDb TMDB  Report this page,"Comedy, Horror","William Smith, David ""Shark"" Fralick, Christopher Ogden",Uncle Sam,1996,https://letterboxd.com/film/uncle-sam/
Pandemonium,1982,A former high school student who always wanted to be a cheerleader decides to reopen the cheerleading program at her former high school after years of closure for being targeted by a serial killer.,Alfred Sole,82 mins   More at IMDb TMDB  Report this page,"Mystery, Comedy, Horror","Carol Kane, Tom Smothers, Candice Azzara",Pandemonium,1982,https://letterboxd.com/film/pandemonium/
Sorority House Massacre II,1990,"Five college women buy the old Hokstedter place for their new sorority house. They got it cheap because of the bloody incidents from five years before. They decide to stay in it for the night so they can meet the movers in the morning, but begin to get the creeps when the weird neighbor Orville Ketchum starts poking around. Shortly after the women take showers and consult a Ouija board they begin experiencing an attrition problem.",Jim Wynorski,80 mins   More at IMDb TMDB  Report this page,"Comedy, Horror, Thriller","Gail Harris, Melissa Moore, Peter Spellos",Sorority House Massacre II,1990,https://letterboxd.com/film/sorority-house-massacre-ii/
The Slayer,1982,"Siblings, Eric & his surreal artist sister Kay, her doctor husband David, her sister-in-law Brooke along with pilot Marsh become stranded on a rugged isle face off against a supernatural beast drawn to Kay who dreams of its killings.",J.S. Cardone,80 mins   More at IMDb TMDB  Report this page,Horror,"Sarah Kendall, Frederick Flynn, Carol Kottenbrook",The Slayer,1982,https://letterboxd.com/film/the-slayer/
Storm Warning,2007,"A couple becomes lost in a massive storm and seek refuge at a nearby farmhouse, only to be captured by deranged killers.",Jamie Blanks,86 mins   More at IMDb TMDB  Report this page,"Horror, Thriller","Nadia Farès, Robert Taylor, John Brumpton",Storm Warning,2007,https://letterboxd.com/film/storm-warning-2007/
The Comeback,1978,"A singer holes up at a sinister estate to write new songs for his act. His ex-wife is brutally murdered, and the killer may be stalking him next.",Pete Walker,100 mins   More at IMDb TMDB  Report this page,"Horror, Mystery","Jack Jones, Pamela Stephenson, David Doyle",The Comeback,1978,https://letterboxd.com/film/the-comeback-1978/
The Masque of the Red Death,1989,"Lovely photographer Rebecca winds up in a Bavarian castle at a ""Masque of the Red Death"" party hosted by the wealthy Ludwig. Mayhem ensues as assorted Poe story devices start doing away with the guests.",Alan Birkinshaw,94 mins   More at IMDb TMDB  Report this page,"Horror, Fantasy, Drama","Frank Stallone Jr., Brenda Vaccaro, Herbert Lom",The Masque of the Red Death,1989,https://letterboxd.com/film/the-masque-of-the-red-death-1989/
Halloween Night,2006,A horribly burned man escapes from a mental institution and terrorizes teenagers at a party.,Mark Atkins,85 mins   More at IMDb TMDB  Report this page,Horror,"Derek Osedach, Rebekah Kochan, Scot Nery",Halloween Night,2006,https://letterboxd.com/film/halloween-night/
Chamber of Horrors,1966,A one-handed madman (he lost the hand while escaping a hanging) uses various detachable devices as murder weapons to gain revenge on those he believes have wronged him.,Hy Averback,99 mins   More at IMDb TMDB  Report this page,"Horror, Crime, Thriller","Patrick O'Neal, Cesare Danova, Wilfrid Hyde-White",Chamber of Horrors,1966,https://letterboxd.com/film/chamber-of-horrors-1966/
Edge of the Axe,1988,"An axe murderer terrorizes a small Northern California mountain community, while two young computer-obsessed adults attempt to solve the killings.",José Ramón Larraz,91 mins   More at IMDb TMDB  Report this page,"Horror, Mystery","Barton Faulks, Christina Marie Lane, Page Moseley",Edge of the Axe,1988,https://letterboxd.com/film/edge-of-the-axe/
Schizo,1976,"A recently-married woman who has been labeled as mentally unstable, begins to suspect that someone close to her is the culprit in a sudden string of murders.",Pete Walker,109 mins   More at IMDb TMDB  Report this page,"Horror, Drama, Thriller, Mystery","Lynne Frederick, John Leyton, Stephanie Beacham",Schizo,1976,https://letterboxd.com/film/schizo/
Wacko,1982,"Thirteen years after the ""Lawnmower Killer"" killed her sister, high school student Mary Graves and obsessed detective Dick Harbinger are on the lookout for the killer to reappear during the annual Halloween Pumpkin Prom.",Greydon Clark,85 mins   More at IMDb TMDB  Report this page,"Horror, Comedy","Joe Don Baker, Stella Stevens, George Kennedy",Wacko,1982,https://letterboxd.com/film/wacko/
Unhinged,1982,"College students Terry, Nancy, and Gloria, on their way to a rock concert, crash their car in a torrential rainstorm, badly injuring one of them. Seeking shelter and aid, they come across a house occupied by a man-hating mother and her daughter...and they soon wish they hadn't.",Don Gronquist,80 mins   More at IMDb TMDB  Report this page,Horror,"Laurel Munson, Janet Penner, Sara Ansley",Unhinged,1982,https://letterboxd.com/film/unhinged/
Murder Obsession,1981,"Michael is a successful actor, but he has a scandal in his past: at a tender age he knifed his father to death. He and his girlfriend Deborah go to his mother's for the weekend, and are joined by the director and others from a recent film project, who are given a rather cool reception by the superstitious housekeeper Oliver. Soon rude things begin happening to some of the guests, and Michael fears a repeat of his nightmare past is in progress.",Riccardo Freda,92 mins   More at IMDb TMDB  Report this page,"Horror, Mystery","Stefano Patrizi, Martine Brochard, Henri Garcin",Murder Obsession,1981,https://letterboxd.com/film/murder-obsession/
Beware: Children at Play,1989,"Parents are in a panic as their children mysteriously disappear. Little do they know that the only thing worse than their children disappearing would be them coming back. After the youngsters of Ellenburg fall under the ruthless control of a cult leader, they turn on their parents with gruesome results.",Mik Cribben,94 mins   More at IMDb TMDB  Report this page,Horror,"Lori Romero, Michael Robertson, Robin Lilly",Beware: Children at Play,1989,https://letterboxd.com/film/beware-children-at-play/
Faceless,1988,"A detective investigating a missing model in Paris uncovers a plastic surgeon’s horrifying secret involving kidnapped women, blood, and organs.",Jesús Franco,98 mins   More at IMDb TMDB  Report this page,Horror,"Helmut Berger, Brigitte Lahaie, Telly Savalas",Faceless,1988,https://letterboxd.com/film/faceless/
The Flesh and Blood Show,1972,Actors rehearsing a show at a mysterious seaside theater are being killed off by an unknown maniac.,Pete Walker,93 mins   More at IMDb TMDB  Report this page,"Thriller, Horror","Jenny Hanley, Ray Brooks, Luan Peters",The Flesh and Blood Show,1972,https://letterboxd.com/film/the-flesh-and-blood-show/
Candyman: Day of the Dead,1999,"As the Day of the Dead celebration approaches the barrio of East Los Angeles, Caroline is challenged to control the horrifying legend of her ancestor, the ""Candyman"".",Turi Meyer,93 mins   More at IMDb TMDB  Report this page,"Horror, Thriller","Tony Todd, Donna D'Errico, Alexia Robinson",Candyman: Day of the Dead,1999,https://letterboxd.com/film/candyman-day-of-the-dead/
Mikey,1992,"Mikey just needs a good stable home. He's bounced from foster home to foster home his whole life. He finally lands himself with a new loving family, but their perfect little child is not what he appears to be. His previous caretakers all died of mysterious ""accidents"" that weren't really accidents at all. Mikey is a cold blooded killer, and it doesn't take long for him to aim his sights on his new adoptive family and anyone else who stands in his way.",Dennis Dimster,90 mins   More at IMDb TMDB  Report this page,Horror,"Brian Bonsall, Josie Bissett, Ashley Laurence",Mikey,1992,https://letterboxd.com/film/mikey/
Killing Spree,1987,"Newly wed Tom Russo suspects his wife is having sexual encounters with their suburban neighbors, and launches a methodical campaign to murder the lovers.",Tim Ritter,88 mins   More at IMDb TMDB  Report this page,Horror,"Asbestos Felt, Courtney Lercara, Raymond Carbone",Killing Spree,1987,https://letterboxd.com/film/killing-spree/
Mortuary,1982,"A young woman investigates the seemingly accidental death of her father, revealing many unsettling secrets and putting her in mortal danger.",Howard Avedis,93 mins   More at IMDb TMDB  Report this page,Horror,"Mary Elizabeth McDonough, David Wallace, Bill Paxton",Mortuary,1982,https://letterboxd.com/film/mortuary-1982/
Toolbox Murders,2004,"A historic Hollywood hotel houses a supernatural evil. It's been subdued for decades, but when renovations start, a series of murders take place.",Tobe Hooper,95 mins   More at IMDb TMDB  Report this page,"Mystery, Horror","Angela Bettis, Brent Roam, Rance Howard",Toolbox Murders,2004,https://letterboxd.com/film/toolbox-murders/
Offspring,2009,"The local sheriff of Dead River, Maine, thought he had killed them off ten years ago -- a primitive, cave-dwelling tribe of cannibalistic savages. But somehow the clan survived. To breed. To hunt. To kill and eat. And now the peaceful residents of this isolated town are fighting for their lives...",Andrew van den Houten,79 mins   More at IMDb TMDB  Report this page,Horror,"Jessica Butler, Leigh Shannan Feldpausch, Holter Graham",Offspring,2009,https://letterboxd.com/film/offspring/
Cold Prey II,2008,"After surviving the events in the Jotunheimen mountains in which four of her friends were murdered, the badly injured Jannicke is brought to the local hospital. But when she wakes up, the building is dark and deserted... and she soon realizes that her nightmare isn’t over yet.",Mats Stenberg,86 mins   More at IMDb TMDB  Report this page,"Mystery, Thriller, Horror","Ingrid Bolsø Berdal, Marthe Snorresdotter Rovik, Kim Arne Hagen",Cold Prey II,2008,https://letterboxd.com/film/cold-prey-ii/
Splatter University,1984,A sociology instructor finds her new teaching duties at a private college interrupted by the presence of a killer.,Richard W. Haines,77 mins   More at IMDb TMDB  Report this page,"Thriller, Mystery, Horror","Forbes Riley, Ric Randig, Dick Biel",Splatter University,1984,https://letterboxd.com/film/splatter-university/
Lila,1968,"A topless dancer attracts, seduces, then murders the men she sleeps with. She does it with a twist, however; she kills them with garden tools.",William Rotsler,87 mins   More at IMDb TMDB  Report this page,"Thriller, Horror","Susan Stewart, Steve Vincent, James Brand",Lila,1968,https://letterboxd.com/film/lila-1968/
Criminally Insane,1975,An obese woman recently released from an insane asylum kills anyone who attempts to get her to stop eating.,Nick Millard,61 mins   More at IMDb TMDB  Report this page,"Comedy, Horror","Priscilla Alden, Michael Flood, Jane Lambert",Criminally Insane,1975,https://letterboxd.com/film/criminally-insane/
The Redeemer: Son of Satan!,1978,"Six people are trapped within the confines of their old high school during their 10th high school reunion with a psychotic, masked preacher who kills them off for their sinful lives they have made for themselves.",Constantine S. Gochis,84 mins   More at IMDb TMDB  Report this page,Horror,"Damien Knight, Jeannetta Arnette, Nick Carter",The Redeemer: Son of Satan!,1978,https://letterboxd.com/film/the-redeemer-son-of-satan/
After Midnight,1989,"A college professor teaching a course called ""The Psychology of Fear"" brings his students (including a psychic) to his home, one dark and stormy night to tell scary stories. The first involves a young couple whose car breaks down by an old, abandoned house. The second has four trendy teenage girls getting lost in a bad part of town and chased by a pack of vicious dogs. Last, a woman on crutches confronting a stalker at the answering service where she works the night shift.",Ken Wheat,90 mins   More at IMDb TMDB  Report this page,"Thriller, Horror","Jillian McWhirter, Pamela Adlon, Ramy Zada",After Midnight,1989,https://letterboxd.com/film/after-midnight/
Long Time Dead,2002,"A group of British students embark on summoning spirits on a Ouija board after a night of clubbing. But someone breaks the link before they have finished and now a demon is trapped in their world and the only way to banish it, is for all the people who summoned it to die.",Marcus Adams,94 mins   More at IMDb TMDB  Report this page,"Thriller, Horror","Joe Absolom, Lara Belmont, Melanie Gutteridge",Long Time Dead,2002,https://letterboxd.com/film/long-time-dead/
Zombie Island Massacre,1984,"Americans on vacation in the Caribbean take a tour of a nearby island at night and watch a local voodoo ritual. Soon after, they find themselves stranded on the island and under attack by unseen foes. One by one they meet violent ends.",John Carter,95 mins   More at IMDb TMDB  Report this page,Horror,"David Broadnax, Rita Jenrette, George Peters",Zombie Island Massacre,1984,https://letterboxd.com/film/zombie-island-massacre/
Phantom of the Mall: Eric's Revenge,1989,"A young man named Eric apparently dies in a suspicious house fire after saving his girlfriend, Melody. One year later, a new mall is constructed atop where Eric's house once stood, where a shadowy, uninvited guest is preying on the mall's crooked developers.",Richard Friedman,91 mins   More at IMDb TMDB  Report this page,Horror,"Derek Rydall, Kari Whitman, Rob Estes",Phantom of the Mall: Eric's Revenge,1989,https://letterboxd.com/film/phantom-of-the-mall-erics-revenge/
Knife+Heart,2018,"In the summer of 1979, gay porn producer Anne sets out to film her most ambitious film yet, but her actors are picked off, one by one, by a mysterious killer.",Yann Gonzalez,102 mins   More at IMDb TMDB  Report this page,"Horror, Mystery, Romance","Vanessa Paradis, Nicolas Maury, Kate Moran",Knife+Heart,2018,https://letterboxd.com/film/knife-heart/
Terrified,1963,A masked lunatic kills off people in a haunted house.,Lew Landers,85 mins   More at IMDb TMDB  Report this page,Horror,"Rod Lauren, Steve Drexel, Tracy Olsen",Terrified,1963,https://letterboxd.com/film/terrified/
Truth or Dare? - A Critical Madness,1986,Mike Strauber catches his wife Sharon in bed with his best friend Jerry. He gets mad and takes off to embark on an adventure of murder and self-mutilation in demented games of truth or dare.,Tim Ritter,88 mins   More at IMDb TMDB  Report this page,Horror,"John Brace, Mary Fanaro, Bruce Gold",Truth or Dare? - A Critical Madness,1986,https://letterboxd.com/film/truth-or-dare-a-critical-madness/
Don't Panic,1988,"On his 17th birthday, a boy named Michael has a surprise party thrown by his friends, where a session with a Ouija board accidentally unleashes a demon named Virgil, who possesses one of them to go on a killing spree. Michael, now plagued by violent nightmares and premonitions, sets out to try and stop the killings.",Rubén Galindo Jr.,90 mins   More at IMDb TMDB  Report this page,Horror,"Jon Michael Bischof, Gabriela Hassel, Helena Rojo",Don't Panic,1988,https://letterboxd.com/film/dont-panic/
Hell Fest,2018,"On Halloween night at a horror theme park, a costumed killer begins slaying innocent patrons who believe that it's all part of the festivities.",Gregory Plotkin,89 mins   More at IMDb TMDB  Report this page,"Horror, Thriller","Amy Forsyth, Reign Edwards, Bex Taylor-Klaus",Hell Fest,2018,https://letterboxd.com/film/hell-fest/
Pervert!,2005,"While visiting his Bible-thumping yet lecherous father in the desert, randy college student James tries everything he can to hook up with the local curvaceous cuties, but his sex quest stalls when a bloodthirsty killer targets every buxom beauty in sight.",Jonathan Yudis,81 mins   More at IMDb TMDB  Report this page,"Horror, Comedy","Mary Carey, Sean Andrews, Darell Sandeen",Pervert!,2005,https://letterboxd.com/film/pervert/
Slaughterhouse,1987,"Faced with the town lawyer, the sheriff, and a rival slaughterhouse owner trying to purchase his land, Lester Bacon decides to take matters into his own hands, ordering his hulking and mentally deranged son to permanently dispose of anyone who conspires against them.",Rick Roessler,85 mins   More at IMDb TMDB  Report this page,Horror,"Joe B. Barton, Don Barrett, Sherry Leigh",Slaughterhouse,1987,https://letterboxd.com/film/slaughterhouse/
Cut,2000,"A group of film students set out to finish filming a movie that was never completed after its director was murdered. After they begin filming, they realize they're in for a bit of trouble, not unlike the late director...",Kimble Rendall,82 mins   More at IMDb TMDB  Report this page,"Horror, Thriller","Molly Ringwald, Frank Roberts, Kylie Minogue",Cut,2000,https://letterboxd.com/film/cut/
Sisters of Death,1976,"During an all-girl secret society initiation, one of the new members is killed playing Russian Roulette. Many years later the survivors are invited for a reunion to a lavish estate, which turns out to be owned by the crazed father of the girl who died.",Joseph Mazzuca,87 mins   More at IMDb TMDB  Report this page,"Thriller, Mystery, Horror","Arthur Franz, Claudia Jennings, Sherry Boucher",Sisters of Death,1976,https://letterboxd.com/film/sisters-of-death/
Hellbent,2004,"A night filled with beautiful people, music and dancing at the West Hollywood Halloween Carnival turns deadly for four gay friends. When two men are found dead, the friends find that they are the killer's next target. No one knows who will survive the night. A wild, relentless ride filled with unexpected surprises and shocking scares.",Paul Etheredge,85 mins   More at IMDb TMDB  Report this page,Horror,"Dylan Fergus, Bryan Kirkwood, Hank Harris",Hellbent,2004,https://letterboxd.com/film/hellbent/
Savage Weekend,1979,Several couples head upstate to the country to watch a boat being built. Unfortunately they are stalked by a murderer behind a ghoulish mask.,David Paulsen,87 mins   More at IMDb TMDB  Report this page,"Thriller, Horror","Christopher Allport, James Doerr, David Gale",Savage Weekend,1979,https://letterboxd.com/film/savage-weekend/
Frankenstein '80,1972,"A mad scientist creates a monster called ""Mosaico,"" who breaks out of the laboratory to hunt down and kill beautiful women.",Mario Mancini,85 mins   More at IMDb TMDB  Report this page,"Science Fiction, Horror","John Richardson, Gordon Mitchell, Renato Romano",Frankenstein '80,1972,https://letterboxd.com/film/frankenstein-80/
A Knife for the Ladies,1974,"A mutilating knife-killer haunts the small Southwest-desert town of Mescal. Though most victims have been prostitutes, the first was none other than Travis Mescal, the only son of the town's first family. When the Sheriff proves unable to solve the case, the town leaders invite Investigator Burns to unravel the mystery.",Larry G. Spangler,86 mins   More at IMDb TMDB  Report this page,"Western, Horror","Jack Elam, Ruth Roman, Jeff Cooper",A Knife for the Ladies,1974,https://letterboxd.com/film/a-knife-for-the-ladies/
Hellgate,1989,"A motorcycle gang kidnaps a young woman, Josie, from a diner and brutally kills her. Many years later, the girl's father finds a magic crystal that can bring the life back to dead objects. He uses it to re-animate his daughter. He lets her seduce any young man that comes to visit the small town and then kills them. Four young students, two boys and two girls spend a vacation near the town, Hellgate. They hear about the story and get involved.",William A. Levey,91 mins   More at IMDb TMDB  Report this page,"Comedy, Horror","Ron Palillo, Abigail Wolcott, Carel Trichardt",Hellgate,1989,https://letterboxd.com/film/hellgate/
Babysitter Wanted,2007,"When she takes a job babysitting a young boy for a night at his family's remote farmhouse, sweet college co-ed Angie Albright becomes the target of a scar-covered creep making mysterious phone calls and prowling outside the windows. Angie gets the drop on the would-be killer, but quickly discovers that her nightmare has just begun.",Michael Manasseri,93 mins   More at IMDb TMDB  Report this page,"Horror, Thriller","Tina Houtz, Sarah Thompson, Kristen Dalton",Babysitter Wanted,2007,https://letterboxd.com/film/babysitter-wanted/
Haunts,1976,A woman is haunted by psychosexual nightmares while a maniac commits a series of brutal scissor murders. The local smalltown sheriff must find the connection before it's too late.,Herb Freed,97 mins   More at IMDb TMDB  Report this page,Horror,"May Britt, Cameron Mitchell, Aldo Ray",Haunts,1976,https://letterboxd.com/film/haunts/
My Little Eye,2002,Five young people apply to live in an isolated house together for six months whilst their every move is filmed by numerous cameras.,Marc Evans,95 mins   More at IMDb TMDB  Report this page,Horror,"Sean Cw Johnson, Kris Lemche, Stephen O'Reilly",My Little Eye,2002,https://letterboxd.com/film/my-little-eye/
American Nightmare,1983,"A man investigates the disappearance of his sister with the help of her roommate. He uncovers a trail of prostitution, incest, blackmail...and murder.",Don McBrearty,88 mins   More at IMDb TMDB  Report this page,"Horror, Thriller, Crime","Lawrence Day, Lora Staley, Neil Dainard",American Nightmare,1983,https://letterboxd.com/film/american-nightmare-1983/
Texas Chainsaw 3D,2013,"A young woman learns that she has inherited a Texas estate from her deceased grandmother. After embarking on a road trip with friends to uncover her roots, she finds she is the sole owner of a lavish, isolated Victorian mansion. But her newfound wealth comes at a price as she stumbles upon a horror that awaits her in the mansion’s dank cellars.",John Luessenhop,92 mins   More at IMDb TMDB  Report this page,"Horror, Thriller","Alexandra Daddario, Dan Yeager, Trey Songz",Texas Chainsaw 3D,2013,https://letterboxd.com/film/texas-chainsaw-3d/
Carnival of Blood,1970,"A psychopathic killer uses the carousel ride at a carnival to pick his victims, whom he then murders and dismembers.",Leonard Kirtman,87 mins   More at IMDb TMDB  Report this page,Horror,"Martin Barolsky, Judith Resnick, Earle Edgerton",Carnival of Blood,1970,https://letterboxd.com/film/carnival-of-blood/
Fatal Games,1984,"The young athletes of Falcon Academy are training hard to earn their place in the nationals. But when these burgeoning sports stars start disappearing one after the other, Dr. Jordine and his team - who’ve started plying their athletes with new and untested performance-enhancing drugs - are baffled.",Michael Elliot,88 mins   More at IMDb TMDB  Report this page,"Horror, Thriller","Sally Kirkland, Lynn Banashek, Sean Masterson",Fatal Games,1984,https://letterboxd.com/film/fatal-games/
Happy Hell Night,1992,"25 years ago at Winfield College, psycho-priest Zachary Malius murdered seven frat boys and was put away in the local asylum. Now, however, the same fraternity stages a prank from which Malius is inadvertently set free and returns to the house to repeat his crime...",Brian Owens,87 mins   More at IMDb TMDB  Report this page,"Horror, Thriller, Mystery","Nick Gregory, Laura Carney, Sam Rockwell",Happy Hell Night,1992,https://letterboxd.com/film/happy-hell-night/
Unmasked Part 25,1989,"Jackson is a lonely serial killer who is really beginning to question the point of all his killing. He is losing focus on why he started to kill in the first place. The future looks bleak until he meets a blind girl, Shelly, who begins to show him that life isn't so bad. It is all up to Jackson to decide if he's going to stop killing and start learning responsibility and think about finding a real job and starting a family.",Anders Palm,88 mins   More at IMDb TMDB  Report this page,"Romance, Horror, Comedy","Gregory Cox, Edward Brayshaw, Fiona Evans",Unmasked Part 25,1989,https://letterboxd.com/film/unmasked-part-25/
The Greasy Strangler,2016,"Ronnie runs a Disco walking tour with his son, Brayden. When a sexy woman takes the tour, it begins a competition between father and son for her love. It also signals the arrival of an oily strangler who stalks the streets at night.",Jim Hosking,93 mins   More at IMDb TMDB  Report this page,"Comedy, Thriller, Horror","Michael St. Michaels, Sky Elobar, Elizabeth De Razzo",The Greasy Strangler,2016,https://letterboxd.com/film/the-greasy-strangler/
Open House,1987,"Someone is killing off nubile real estate agents. A psychologist doing a therapy talk show begins getting calls from the perpetrator, and cooperates with the police to try and stop him. Unfortunately, his lover is a real estate agent, and when it becomes clear that the madman is getting information for his kills from her discarded home listings, they both become endangered.",Jag Mundhra,95 mins   More at IMDb TMDB  Report this page,Horror,"Joseph Bottoms, Adrienne Barbeau, Rudy Ramos",Open House,1987,https://letterboxd.com/film/open-house-1987/
Hitch Hike to Hell,1977,"Howard is mild-mannered and slightly simple-minded, with a habit of picking up teenage hitchhikers while driving his delivery routes. Sometimes the girls admit to being runaways, and if they claim to hate their mothers it drives Howard into a violent frenzy; his sister ran away from home years ago and was never heard from again, causing his desperate, addled mother to tighten her hold on him. Howard never remembers raping his victims or strangling them with wire coat hangers, though his boss does notice missed deliveries and late arrivals.",Irvin Berwick,88 mins   More at IMDb TMDB  Report this page,"Mystery, Crime","Robert Gribbin, Russell Johnson, Dorothy Bennett",Hitch Hike to Hell,1977,https://letterboxd.com/film/hitch-hike-to-hell/
The Fiend,1972,"Led by a sinister minister, a controlling religious sect called the Brethren has taken control of widow Birdy Wemys, sending her unstable son, Kenny, into a spiraling descent into madness and murder. No woman is safe when Kenny's religious mania overpowers him and leads to a rampage of carnage and chaos!",Robert Hartford-Davis,92 mins   More at IMDb TMDB  Report this page,Horror,"Ann Todd, Patrick Magee, Tony Beckley",The Fiend,1972,https://letterboxd.com/film/the-fiend-1972/
The Forest,1982,A cannibal hermit living in the woods preys on campers and hikers for his food supply.,Don Jones,85 mins   More at IMDb TMDB  Report this page,Horror,"Dean Russell, Gary Kent, Tomi Barrett",The Forest,1982,https://letterboxd.com/film/the-forest/
Slashers,2001,"Japan's number one extreme reality show is having it's first all-American special! Six lucky contestants, chosen from thousands of applicants, will have the chance to win millions of dollars, and all they have to do is stay alive!",Maurice Devereaux,99 mins   More at IMDb TMDB  Report this page,"Thriller, Comedy, Horror","Sarah Joslyn Crowder, Tony Curtis Blondell, Kieran Keller",Slashers,2001,https://letterboxd.com/film/slashers/
Schizoid,1980,"When Dr. Pieter Fales' patients start receiving ominous letters and getting murdered by an unknown black-clad assailant, he and his daughter both come under suspicion.",David Paulsen,89 mins   More at IMDb TMDB  Report this page,"Horror, Mystery","Klaus Kinski, Donna Wilkes, Marianna Hill",Schizoid,1980,https://letterboxd.com/film/schizoid/
Jack Frost,1997,"On his way to be executed, the vehicle containing notorious serial killer Jack Frost collides with a hazardous chemical truck, turning him into a snow covered mutant and unleashing him on the unsuspecting town of Snomonton.",Michael Cooney,86 mins   More at IMDb TMDB  Report this page,"Horror, Fantasy, Comedy","Christopher Allport, Shannon Elizabeth, Stephen Mendel",Jack Frost,1997,https://letterboxd.com/film/jack-frost-1997/
Halloween Ends,2022,"Four years after the events of Halloween in 2018, Laurie has decided to liberate herself from fear and rage and embrace life. But when a young man is accused of killing a boy he was babysitting, it ignites a cascade of violence and terror that will force Laurie to finally confront the evil she can’t control, once and for all.",David Gordon Green,111 mins   More at IMDb TMDB  Report this page,"Horror, Thriller","Jamie Lee Curtis, Andi Matichak, James Jude Courtney",Halloween Ends,2022,https://letterboxd.com/film/halloween-ends/
The Dentist 2,1998,"Dr. Feinstone escapes from the mental hospital where he has been held ever since his wife's adultery sent him on a deranged killing spree. Hoping to resume a normal life, he makes his way to a quiet Midwestern town and establishes himself in a new practice under an assumed name. Things are starting to look up for Dr. 'Caine' – that is, until the day he catches his new love in the arms of someone else. As before, the impact of romantic betrayal sends him over the edge into madness and murder, with his unfortunate patients once again bearing the brunt of his hostility.",Brian Yuzna,98 mins   More at IMDb TMDB  Report this page,"Horror, Thriller","Corbin Bernsen, Jillian McWhirter, Jeff Doucette",The Dentist 2,1998,https://letterboxd.com/film/the-dentist-2/
Lesson of the Evil,2012,Seiji Hasumi is a popular English teacher in a private high school. He is also a violent and sociopathic killer who concocts an extreme plan to deal with the rise of bullying and bad behavior among the student body.,Takashi Miike,129 mins   More at IMDb TMDB  Report this page,"Thriller, Horror","Hideaki Ito, Fumi Nikaido, Shota Sometani",Lesson of the Evil,2012,https://letterboxd.com/film/lesson-of-the-evil/
Scum of the Earth,1974,"Newlyweds Helen and Paul are honeymooning in a Texas cabin when Paul is murdered by an unseen assailant. Fleeing into the woods, Helen is taken in by Odie Pickett and his impoverished hillbilly family, becoming trapped in their isolated shack while the killer is still on the loose and wreaking havoc.",S.F. Brownrigg,90 mins   More at IMDb TMDB  Report this page,"Horror, Thriller, Drama","Gene Ross, Ann Stafford, Norma Moore",Scum of the Earth,1974,https://letterboxd.com/film/scum-of-the-earth-1974/
Blood Lake,1987,"Six teenagers decide to party one weekend, but before the partying begins one couple disappears. Only to be fount brutally murdered. A blood thirsty killer is stalking their summer playground. One by one bodies begin to show up, as they become prey to the venomous vengeance-seeking maniac.",Tim Boggs,82 mins   More at IMDb TMDB  Report this page,Horror,"Doug Barry, Angela Darter, Mike Kaufman",Blood Lake,1987,https://letterboxd.com/film/blood-lake/
Doom Asylum,1987,A demented former lawyer uses autopsy equipment to kill off the teenagers who trespass on the long-abandoned asylum he inhabits. Filmed on location in an actual abandoned asylum.,Richard Friedman,79 mins   More at IMDb TMDB  Report this page,"Comedy, Horror","Patty Mullen, Ruth Collins, Kristin Davis",Doom Asylum,1987,https://letterboxd.com/film/doom-asylum/
A Night to Dismember,1983,"A woman from a ""cursed"" family is released from a mental facility, and soon dismembered corpses start turning up.",Doris Wishman,69 mins   More at IMDb TMDB  Report this page,Horror,"Samantha Fox, Diane Cummins, Saul Meth",A Night to Dismember,1983,https://letterboxd.com/film/a-night-to-dismember/
Bloodmoon,1990,"In the small town of Coopers Bay, there are two high schools situated right next to each other. There’s Winchester, an all boys comprehensive and St Elizabeth’s, a girl’s only Catholic faculty. They are separated by woodland where pupils from both can meet and engage the things that attract the attention of maniac killers. It’s not surprising then that an unseen one begins murdering the youngsters as they fornicate, strangling them with a length of barbed wire before removing their eyes and burying them under the soil. Mary, the daughter of a Hollywood movie actress, becomes involved when the killer targets her and Kevin, her boyfriend. But who is this twisted psychopath and why does he want to kill all the kids?",Alec Mills,100 mins   More at IMDb TMDB  Report this page,"Horror, Thriller","Leon Lissek, Christine Amor, Ian Williams",Bloodmoon,1990,https://letterboxd.com/film/bloodmoon-1990/
Terror Tract,2000,A real estate agent terrifies a couple with the grim fates of the previous owners of a house they're looking at.,Lance W. Dreesen,96 mins   More at IMDb TMDB  Report this page,"TV Movie, Comedy, Thriller, Horror","John Ritter, David DeLuise, Allison Smith",Terror Tract,2000,https://letterboxd.com/film/terror-tract/
The Bushwhacker,1968,"A crazy mountain-man shoots down a small passenger plane. He then proceeds to stalk, torture and kill the survivors.",Byron Mabe,86 mins   More at IMDb TMDB  Report this page,Horror,"Merci Montello, Barbara Kline, Harvey Shain",The Bushwhacker,1968,https://letterboxd.com/film/the-bushwhacker/
Ogroff,1983,"Ogroff, an AWOL-solider-turned-hermit, lives in the French backwoods, and, still believing war to be raging, slaughters anyone who enters them. One day, a family's car breaks down in Ogroff's domain and a fight for their lives begins.",Norbert Moutier,90 mins   More at IMDb TMDB  Report this page,Horror,"Norbert Moutier, Robert Alaux, Françoise Deniel",Ogroff,1983,https://letterboxd.com/film/ogroff/
The Killer of Dolls,1975,"A groundskeeper's son, who is mentally unstable due to childhood trauma, goes on a murdering spree where his perception of reality is distorted by imagining people as mannequins and vice versa.",Miguel Madrid,98 mins   More at IMDb TMDB  Report this page,"Horror, Mystery","David Rocha, Inma de Santis, Helga Liné",The Killer of Dolls,1975,https://letterboxd.com/film/the-killer-of-dolls/
Prevenge,2016,"Ruth is a pregnant woman on a killing spree. It's her misanthropic unborn baby dictating Ruth's actions, holding society responsible for the absence of a father.",Alice Lowe,89 mins   More at IMDb TMDB  Report this page,"Horror, Thriller, Comedy, Drama, Fantasy","Alice Lowe, Jo Hartley, Kayvan Novak",Prevenge,2016,https://letterboxd.com/film/prevenge/
The Fat Black Pussycat,1963,"A detective investigates the murders of three young women, searching for the killer with a fetish for high heels.",Harold Lea,94 mins   More at IMDb TMDB  Report this page,"Drama, Horror, Crime","Frank Jamus, Janet Damon, Patricia McNair",The Fat Black Pussycat,1963,https://letterboxd.com/film/the-fat-black-pussycat/
Mountaintop Motel Massacre,1983,"After several years in an insane asylum, Evelyn, the keeper of the Mountaintop Motel, is released and resumes doing business. She kills her young charge out of anger, but convinces the police it was an accident - and pushed into insanity, she then proceeds to target her guests, first by releasing vermin into their rooms, but then by using her trusty sickle.",Jim McCullough Sr.,96 mins   More at IMDb TMDB  Report this page,"Thriller, Horror","Anna Chappell, Bill Thurman, Will Mitchel",Mountaintop Motel Massacre,1983,https://letterboxd.com/film/mountaintop-motel-massacre/
Wrong Turn 3: Left for Dead,2009,"A group of people find themselves trapped in the backwoods of West Virginia, fighting for their lives against a group of vicious and horribly disfigured inbred cannibals.",Declan O'Brien,91 mins   More at IMDb TMDB  Report this page,"Horror, Thriller","Tom Frederic, Janet Montgomery, Louise Cliffe",Wrong Turn 3: Left for Dead,2009,https://letterboxd.com/film/wrong-turn-3-left-for-dead/
Silent Madness,1984,A psychiatrist poses as an ex-sorority sister to stop a slasher freed by a computer error.,Simon Nuchtern,93 mins   More at IMDb TMDB  Report this page,Horror,"Viveca Lindfors, Belinda Montgomery, Solly Marx",Silent Madness,1984,https://letterboxd.com/film/silent-madness/
Ma,2019,"Sue Ann is a loner who keeps to herself in her quiet Ohio town. One day, she is asked by Maggie, a new teenager in town, to buy some booze for her and her friends, and Sue Ann sees the chance to make some unsuspecting, if younger, friends of her own.",Tate Taylor,99 mins   More at IMDb TMDB  Report this page,"Horror, Thriller","Octavia Spencer, Juliette Lewis, Diana Silvers",Ma,2019,https://letterboxd.com/film/ma-2019/
Bloodsucking Pharaohs in Pittsburgh,1991,A police detective teams up with his buddy's daughter to investigate cult-ritual mutilations.,Dean Tschetter,89 mins   More at IMDb TMDB  Report this page,"Horror, Comedy","Jake Dengel, Joe Sharkey, Susann Fletcher",Bloodsucking Pharaohs in Pittsburgh,1991,https://letterboxd.com/film/bloodsucking-pharaohs-in-pittsburgh/
Sweet Kill,1972,"Horror and suspense in the story of a psychotic maniac who literally ""loves"" women to death.",Curtis Hanson,85 mins   More at IMDb TMDB  Report this page,"Horror, Thriller","Tab Hunter, Cherie Latimer, Nadyne Turney",Sweet Kill,1972,https://letterboxd.com/film/sweet-kill/
Disconnected,1984,"Lovely young Alicia starts receiving bizarre and disturbing phone calls after breaking up with her boyfriend Mike who she suspects is cheating on her with her twin sister Barbara Ann. Alicia meets and befriends amiable, but awkward film nerd Franklin, who alas turns out to be a total psycho with a penchant for carving up nubile ladies. But is Franklin the nutter responsible for those distressing phone calls?",Gorman Bechard,82 mins   More at IMDb TMDB  Report this page,Horror,"Frances Sherman, Mark Walker, Carl Koch",Disconnected,1984,https://letterboxd.com/film/disconnected/
"Lady, Stay Dead",1981,"A young woman is looking after her sister's house, unaware that her sister and neighbor have been murdered by their handyman who also happens to be a serial killer.",Terry Bourke,95 mins   More at IMDb TMDB  Report this page,Horror,"Chard Hayward, Louise Howitt, Deborah Coulls","Lady, Stay Dead",1981,https://letterboxd.com/film/lady-stay-dead/
Formula for a Murder,1985,"A fitness instructor marries a traumatized, crippled woman who suffers from PTSD and is tormented by a traumatic event that happened in her past. What is even more unfortunate is that her marriage is part of her maniac husband's evil scheme to kill her for her money. It isn't long before the formula is put into action and the gory body count starts to mount.",Alberto De Martino,96 mins   More at IMDb TMDB  Report this page,"Horror, Thriller","Christina Nagy, David Warbeck, Carroll Blumenberg",Formula for a Murder,1985,https://letterboxd.com/film/formula-for-a-murder/
Poor Albert and Little Annie,1972,Albert tried to kill his rich snobby mother once. Then he was institutionalized. Now he's escaped. Albert is after his mother again. And he will torture and kill anything that lays in the way...,Paul Leder,85 mins   More at IMDb TMDB  Report this page,"Drama, Horror, Thriller","Zooey Hall, Geri Reischl, Joanne Moore Jordan",Poor Albert and Little Annie,1972,https://letterboxd.com/film/poor-albert-and-little-annie/
The Severed Arm,1973,"Trapped in a cave, five men cut the arm off of another companion in order to ward off starvation. After they are saved, their victim seeks revenge on them one by one.",Thomas S. Alderman,91 mins   More at IMDb TMDB  Report this page,Horror,"Deborah Walley, David G. Cannon, Paul Carr",The Severed Arm,1973,https://letterboxd.com/film/the-severed-arm/
Evils of the Night,1985,"Sex-hungry teens are kidnapped by auto mechanics, who take them to a rural hospital run by aliens who need their blood as the key to their own longevity.",Mardi Rustam,84 mins   More at IMDb TMDB  Report this page,"Horror, Thriller, Science Fiction, Mystery","Aldo Ray, Neville Brand, Tina Louise",Evils of the Night,1985,https://letterboxd.com/film/evils-of-the-night/
You'll Die at Midnight,1986,"A cop suspects his wife's infidelity, only to become the prime suspect when she's murdered. A criminal psychologist believes the real killer is a presumed-dead serial killer, as more murders unfold.",Lamberto Bava,88 mins   More at IMDb TMDB  Report this page,"Horror, Mystery, Thriller","Valeria D'Obici, Leonardo Treviglio, Paolo Malco",You'll Die at Midnight,1986,https://letterboxd.com/film/youll-die-at-midnight/
Evil Laugh,1986,A group of medical students take a weekend to fix up an old house where a mass murder occurred 10 years earlier.,Dominick Brascia,87 mins   More at IMDb TMDB  Report this page,Horror,"Ashlyn Gere, Steven Baio, Tony Griffin",Evil Laugh,1986,https://letterboxd.com/film/evil-laugh/
The Paperboy,1994,"A homicidal twelve-year-old paperboy becomes obsessed with a woman and her daughter next-door, and he'll do anything to make his fantasy of the ""perfect family"" come alive.",Douglas Jackson,94 mins   More at IMDb TMDB  Report this page,"Horror, Thriller","Alexandra Paul, Marc Marut, Brigid Tierney",The Paperboy,1994,https://letterboxd.com/film/the-paperboy-1994/
Prom Night IV: Deliver Us from Evil,1992,"Thirty years after slashing a Hamilton High couple on Prom Night 1957, psychotic priest Father Jonas gets loose from the chapel basement where the other church fathers had been secretly keeping him locked up and drugged.",Clay Borris,93 mins   More at IMDb TMDB  Report this page,"Horror, Thriller","Nicole de Boer, J. H. Wyman, Joy Tanner",Prom Night IV: Deliver Us from Evil,1992,https://letterboxd.com/film/prom-night-iv-deliver-us-from-evil/
Splatter Farm,1987,Two young twins are sent to spend time at their aunt's farm. What nobody knows is that the aunt's handyman is a psycho serial killer who dismembers his victims and stores their body parts in the barn.,Mark Polonia,70 mins   More at IMDb TMDB  Report this page,Horror,"Todd Michael Smith, John Polonia, Mark Polonia",Splatter Farm,1987,https://letterboxd.com/film/splatter-farm/
Deadly Lessons,1983,A psycho is stalking the students at an exclusive girls' school.,William Wiard,100 mins   More at IMDb TMDB  Report this page,"TV Movie, Thriller, Horror","Donna Reed, Larry Wilcox, David Ackroyd",Deadly Lessons,1983,https://letterboxd.com/film/deadly-lessons/
Deadly Manor,1990,"A group of teenagers take refuge in an old, deserted mansion. Soon the members of the group start turning up dead, and the teenagers realize that they're not alone in the mansion.",José Ramón Larraz,87 mins   More at IMDb TMDB  Report this page,Horror,"Jennifer Delora, Kathleen Patane, Jerry Kernion",Deadly Manor,1990,https://letterboxd.com/film/deadly-manor/
ChromeSkull: Laid to Rest 2,2011,"After his gruesome encounter with a girl, and being outmatched by his own assistant, ChromeSkull resurges with a horrifying massacre of his own.",Robert Hall,93 mins   More at IMDb TMDB  Report this page,Horror,"Brian Austin Green, Thomas Dekker, Mimi Michaels",ChromeSkull: Laid to Rest 2,2011,https://letterboxd.com/film/chromeskull-laid-to-rest-2/
See No Evil 2,2014,"A group of friends pays a late-night visit to the city morgue to surprise Amy on her birthday. But the surprise is on them when the one-eyed corpse of brutal psychopath Jacob Goodnight unexpectedly rises from a cold sub-basement slab, turning their wild party into a terrifying slay-fest.",Jen Soska,90 mins   More at IMDb TMDB  Report this page,Horror,"Danielle Harris, Glenn Jacobs, Kaj-Erik Eriksen",See No Evil 2,2014,https://letterboxd.com/film/see-no-evil-2/
To All a Goodnight,1980,A group of teenagers at a party find themselves being stalked by a maniacal killer in a Santa Claus costume.,David Hess,87 mins   More at IMDb TMDB  Report this page,"Thriller, Mystery, Horror","Jennifer Runyon, Forrest Swanson, Linda Gentile",To All a Goodnight,1980,https://letterboxd.com/film/to-all-a-goodnight/
Keep My Grave Open,1977,"A crazy woman who lives in an old mansion thinks she's with her brother/lover, who lures victims to her.",S.F. Brownrigg,79 mins   More at IMDb TMDB  Report this page,Horror,"Camilla Carr, Gene Ross, Stephen Tobolowsky",Keep My Grave Open,1977,https://letterboxd.com/film/keep-my-grave-open/
The Last Horror Movie,2003,"A serial killer uses a horror video rental to lure his next victim. What begins as a teen slasher transforms into a disturbing journey through the mind of Max Parry, a mild mannered wedding photographer with a taste for human flesh.",Julian Richards,76 mins   More at IMDb TMDB  Report this page,"Horror, Thriller","Kevin Howarth, Mark Stevenson, Antonia Beamish",The Last Horror Movie,2003,https://letterboxd.com/film/the-last-horror-movie/
HauntedWeen,1991,"One Halloween night, a little girl visiting the Burber family's ""House of Horrors"" attraction is brutally hacked to pieces by their young son, Eddie. Having fled the scene, Eddie is taken away by his mother to live in solitude at a remote cabin. Twenty years later, Tophill State College's Sigma Phi fraternity are desperately trying to raise some cash, so they decide to throw a raucous fundraiser party for their peers. In the midst of the festivities, a mysterious figure arrives at the door, offering them the key to the old abandoned Burber house and suggesting that they turn it into a haunted house. Seizing the opportunity, the youngsters quickly set about transforming the property into an elaborate — and potentially lucrative — Halloween attraction. Little do they realize that Eddie Burber has returned home and intends to have some All Hallow's Eve fun of his own — setting up his own ""Kill Room,"" where the line between fantasy and reality quickly becomes blurred...",Doug Robertson,87 mins   More at IMDb TMDB  Report this page,"Comedy, Horror","Brien Blakely, Blake Pickett, Brad Hanks",HauntedWeen,1991,https://letterboxd.com/film/hauntedween/
Shredder,2001,"At an exclusive, secluded North American ski resort up on Mount Rocky Summit, brutal slashing, severing and beheading on a group of teenagers are taking place and are believed to be the work of a mysterious skier dressed in black.",Greg Huson,86 mins   More at IMDb TMDB  Report this page,"Comedy, Horror","Scott Weinger, Lindsey McKeon, Juleah Weikel",Shredder,2001,https://letterboxd.com/film/shredder/
The Sleeping Car,1990,"Jason moves into an abandoned train car where he resurrects the vicious ghost of his landlady's dead husband... The Mister. After some near-fatal encounters with the violent specter, he consults a local exorcist.",Douglas Curtis,93 mins   More at IMDb TMDB  Report this page,Horror,"David Naughton, Judie Aronson, Kevin McCarthy",The Sleeping Car,1990,https://letterboxd.com/film/the-sleeping-car/
Hide and Go Shriek,1988,"A group of teenagers spend the night in a furniture shop for a graduation party. When one of them talks her boyfriend into a game of hide-and-seek, a psycho killer starts hunting them down one by one.",Skip Schoolnik,90 mins   More at IMDb TMDB  Report this page,"Horror, Thriller","George Thomas, Donna Baltron, Brittain Frye",Hide and Go Shriek,1988,https://letterboxd.com/film/hide-and-go-shriek/
Miss Leslie's Dolls,1973,A young college professor and three of her students seek shelter during a storm in the rural farmhouse of a strange woman who collects lifelike mannequins.,Joseph G. Prieto,85 mins   More at IMDb TMDB  Report this page,"Crime, Drama, Horror","Salvador Ugarte, Terri Juston, Kitty Lewis",Miss Leslie's Dolls,1973,https://letterboxd.com/film/miss-leslies-dolls/
Body Count,1986,"A bodybuilder, a junk-food addict and a wild blonde nymph and their friends are stalked by a terrifying figure. An horrific tale of murder as a fun-loving group of college students explore the Colorado wilderness.",Ruggero Deodato,87 mins   More at IMDb TMDB  Report this page,"Mystery, Horror","Bruce Penhall, Mimsy Farmer, David Hess",Body Count,1986,https://letterboxd.com/film/body-count-1986-1/
The Hazing,2004,"The Evil Dead meets Scream as an evil professor, through an ancient staff and a book of incantation, possesses the bodies of a group of fraterity and sorority pledges during a night of ""hazing"" activities in an abandoned mansion. When the students meet one grisly death after another, the survivors finally realize it's the professor who is possessing their friends and killing them all off. Now none of them trust each other-- is it their friends or puppets of the professor that they're hanging with? Somone better figure it out quick... or none of them will make it through the hellish night of The Hazing!",Rolfe Kanefsky,87 mins   More at IMDb TMDB  Report this page,Horror,"Brad Dourif, Tiffany Shepis, Nectar Rose",The Hazing,2004,https://letterboxd.com/film/the-hazing/
Home Sweet Home,1981,"An escaped mental patient steals a station wagon and makes his way to the Bradleys' Thanksgiving celebration, where he plans to make them a little less thankful...",Nettie Peña,85 mins   More at IMDb TMDB  Report this page,Horror,"Jake Steinfeld, Vinessa Shaw, Peter De Paula",Home Sweet Home,1981,https://letterboxd.com/film/home-sweet-home-1981/
The Ripper,1985,"An old antique ring turns a college professor into a homicidal maniac when he puts it on. The ring originaly belonged to Jack the Ripper, and the Ripper's spirit possesses whoever wears it.",Christopher Lewis,102 mins   More at IMDb TMDB  Report this page,Horror,"Tom Schreier, Mona Van Pernis, Wade Tower",The Ripper,1985,https://letterboxd.com/film/the-ripper/
Psycho Cop,1989,"Officer Joe Vickers would probably make a good policeman if it weren't for his two nasty habits. Firstly, he is a devoted satanist; secondly - he likes to kill people. When he meets a group of teenagers spending their vacation in a wood hut, he decides to investigate.",Wallace Potts,87 mins   More at IMDb TMDB  Report this page,Horror,"Robert R. Shafer, Jeff Qualle, Palmer Lee Todd",Psycho Cop,1989,https://letterboxd.com/film/psycho-cop/
The Zodiac Killer,1971,"The San Francisco area is beset by a series of seemingly random murders without motive or pattern. The police are taunted by phone calls and letters. Could the maniac be the violent truck driver, or the seemingly mild-mannered mailman, or even a cop?",Tom Hanson,87 mins   More at IMDb TMDB  Report this page,"Horror, Thriller, Crime","Hal Reed, Bob Jones, Ray Lynch",The Zodiac Killer,1971,https://letterboxd.com/film/the-zodiac-killer/
Blood Stalkers,1976,"Two couples – Mike (Jerry Albert) and Jeri (Celea Ann Cole), Daniel (Kenny Miller) and Kim (Toni Crabtree) – go out to a hunting lodge that Mike inherited from his father and find the locals a little less than welcoming….",Robert W. Morgan,90 mins   More at IMDb TMDB  Report this page,Horror,"Ken Miller, Toni Crabtree, Jerry Albert",Blood Stalkers,1976,https://letterboxd.com/film/blood-stalkers/
Dear Dead Delilah,1972,"The stern matriarch of a family that lives in a creepy mansion finds that a killer is hiding in the house, searching for a $600,000 fortune rumored to be hidden there and chopping off the heads of anyone who gets in the way.",John Farris,95 mins   More at IMDb TMDB  Report this page,Horror,"Agnes Moorehead, Will Geer, Michael Ansara",Dear Dead Delilah,1972,https://letterboxd.com/film/dear-dead-delilah/
Destroyer,1988,"A prison riot breaks out at the moment of a serial murderer's execution by electrocution, and his fate becomes indeterminate when the prison is shut down. 18 months later, a team of filmmakers converge on the prison to film a women-in-prison exploitation flick, but find that a certain somebody is disrupting their shooting schedule...",Robert Kirk,94 mins   More at IMDb TMDB  Report this page,"Horror, Thriller","Lyle Alzado, Deborah Foreman, Clayton Rohner",Destroyer,1988,https://letterboxd.com/film/destroyer/
My Soul to Take,2010,"On the day the Riverton Ripper vanished without a trace, seven children were born. Today, they're all turning 16... and turning up dead.",Wes Craven,108 mins   More at IMDb TMDB  Report this page,"Mystery, Horror","Max Thieriot, John Magaro, Denzel Whitaker",My Soul to Take,2010,https://letterboxd.com/film/my-soul-to-take/
Trauma,1980,A couple invites some friends to spend a weekend together in an isolated cabin surrounded by woods and fields. But... there's a killer lurking around.... And... someone is monitoring him.,Gianni Martucci,72 mins   More at IMDb TMDB  Report this page,"Thriller, Horror","Gaetano Russo, Domitilla Cavazza, Roberto Posse",Trauma,1980,https://letterboxd.com/film/trauma-1980/
Jack Frost 2: The Revenge of the Mutant Killer Snowman,2000,"The sheriff and his deputies from the first movie decide to take a vacation in the Caribbean. Their holiday will be short-lived, however, as the thawed murderer gets inadvertently re-frozen and brought back to life. As if that weren't bad enough, he now has the ability to remain frozen even in tropical temperatures, and he's headed south to settle some old scores.",Michael Cooney,91 mins   More at IMDb TMDB  Report this page,"Comedy, Horror, Fantasy","Christopher Allport, Scott MacDonald, David Allen Brooks",Jack Frost 2: The Revenge of the Mutant Killer Snowman,2000,https://letterboxd.com/film/jack-frost-2-the-revenge-of-the-mutant-killer-snowman/
Pledge Night,1990,A fraternity pledge returns from the grave to even the score with the members who caused his death 20 years ago.,Paul Ziller,86 mins   More at IMDb TMDB  Report this page,"Horror, Comedy","Todd Eastland, Shannon McMahon Lichte, Dennis Sullivan",Pledge Night,1990,https://letterboxd.com/film/pledge-night/
The Ghost Dance,1982,The spirit of a long-dead warrior possesses the body of an Indian medicine man and turns him into a homicidal maniac.,Peter F. Buffa,96 mins   More at IMDb TMDB  Report this page,"Horror, Thriller","Julie Amato, Victor Mohica, Henry Bal",The Ghost Dance,1982,https://letterboxd.com/film/the-ghost-dance/
Night of the Scarecrow,1995,"A group of drunk teenagers accidently set free the spirit of a warlock, which possesses a scarecrow. The scarecrow goes on a bloody rampage killing the descendents of the men who had killed the warlock a century before. A newcomer and the daughter of the mayor try to stop it before it is too late and the warlock can reincarnate...",Jeff Burr,85 mins   More at IMDb TMDB  Report this page,Horror,"Elizabeth Barondes, John Mese, Stephen Root",Night of the Scarecrow,1995,https://letterboxd.com/film/night-of-the-scarecrow/
CreepTales,1989,"On Halloween night, two shabby, dimwitted hunchbacks dig up the anthology horror video CreepTales that was buried with their Uncle Munger, and show it to their dimwitted monster friends.Filming began in 1986 and was finished in 1989, but the video was never released until 2004.",Tim Boxell,105 mins   More at IMDb TMDB  Report this page,"Horror, Fantasy, Comedy","Jess Sherman, Michael Minton, Alan York",CreepTales,1989,https://letterboxd.com/film/creeptales/
Cradle of Fear,2001,"A gruesome homage to the cult Amicus anthology Asylum, Cradle of Fear unfolds four screamplays all linked by the unspeakable need of an incarcerated child killer to wreak vengeance on those responsible for his imprisonment. Helped by deranged angel Dani Filth, who leaves a trail of charnel house death in his crimson wake, the cannibal convict forces two Goth vamps to endure a one night stand from hell, two tough female robbers to see through each other, an obscenely rich coke-head to chop up more than a few lines and an internet surfer to descend into madness when he uncovers the ultimate web depravity.",Alex Chandon,120 mins   More at IMDb TMDB  Report this page,Horror,"Emily Booth, Dani Filth, David McEwen",Cradle of Fear,2001,https://letterboxd.com/film/cradle-of-fear/
Don't Open Till Christmas,1984,"It's just days before Christmas in London, but not everyone is full of good cheer - as a maniac with a pathological hatred of Santa Claus stalks the streets, butchering any man that’s unlucky enough to be wandering around dressed as Old Saint Nick.",Edmund Purdom,87 mins   More at IMDb TMDB  Report this page,"Horror, Mystery, Thriller","Edmund Purdom, Alan Lake, Belinda Mayne",Don't Open Till Christmas,1984,https://letterboxd.com/film/dont-open-till-christmas/
Dangerous Game,1988,"A game becomes deadly serious! An insane cop hunts down five students in a shopping mall after closing time. His life is ruined as he was dishonorably discharged from the police force because of these people. Armed with a Rambo knife and a crossbow, he initially only wants to scare them off, but when he accidentally injures one of the boys deadly, there is no turning back. The witnesses to the murder must be eliminated! So begins a relentless hunt through the mall at night…",Stephen Hopkins,99 mins   More at IMDb TMDB  Report this page,"Horror, Thriller","Miles Buchanan, Marcus Graham, Steven Grives",Dangerous Game,1988,https://letterboxd.com/film/dangerous-game-1988/
The Surgeon,1995,"Dr. Julian Mater is suspended and gets his license revoked for performing experiments on dying patients in cellular regeneration. A couple of years later, he returns to the hospital that condemned his work to begin practicing his grizzly experiments once more.",Carl Schenkel,99 mins   More at IMDb TMDB  Report this page,"Horror, Science Fiction","Isabel Glasser, James Remar, Sean Haberle",The Surgeon,1995,https://letterboxd.com/film/the-surgeon/
The Undertaker,1988,A deranged undertaker kills various people to keep as his friends in his seedy funeral home.,Franco Steffanino,89 mins   More at IMDb TMDB  Report this page,Horror,"Joe Spinell, Rebecca Yaron, Patrick Askin",The Undertaker,1988,https://letterboxd.com/film/the-undertaker/
In Their Sleep,2010,"Sarah's life is in pieces after the brutal death of her 18 year-old son. One night, her car accidentally hits Arthur, a young man the same age as her boy who is running from a burglar. Sarah sympathizes with him and takes him in, only to be tracked down by the burglar whose murderous rage towards Arthur forces her to take action.",Éric du Potet,79 mins   More at IMDb TMDB  Report this page,"Thriller, Horror","Anne Parillaud, Arthur Dupont, Thierry Frémont",In Their Sleep,2010,https://letterboxd.com/film/in-their-sleep/
They Don't Cut the Grass Anymore,1985,"Two Texas gardeners, who object to Northern attitudes and lifestyles, venture northward to cut lawns, trim hedges, and murder and mutilate Northern Yuppies.",Nathan Schiff,70 mins   More at IMDb TMDB  Report this page,Horror,"John Smihula, Adam Berke, Mary Spadaro",They Don't Cut the Grass Anymore,1985,https://letterboxd.com/film/they-dont-cut-the-grass-anymore/
Memorial Valley Massacre,1988,Campers on a holiday are terrorized by an axe-wielding maniac.,Robert C. Hughes,93 mins   More at IMDb TMDB  Report this page,"Horror, Thriller","John Kerry, Mark Mears, John Caso",Memorial Valley Massacre,1988,https://letterboxd.com/film/memorial-valley-massacre/
The Editor,2014,A one-time (and now one-handed) master film editor toiling in the cinematic sweatshops of 1970s Italy becomes the prime suspect in a series of brutal murders.,Adam Brooks,95 mins   More at IMDb TMDB  Report this page,"Comedy, Horror, Mystery","Paz de la Huerta, Samantha Hill, Laurence R. Harvey",The Editor,2014,https://letterboxd.com/film/the-editor/
Wrestlemaniac,2006,"On their way to Cabo San Lucas, the cast and crew of a low-budget film get lost and come upon ""La Sangre De Dios"", a ghost town with a spine-tingling legend about an insane Mexican wrestler. One by one, the cast and crew are snatched, beaten and dragged to a bloody death. The few left alive must figure out how to beat the wrestler at his own deadly game, or die trying.",Jesse Baget,75 mins   More at IMDb TMDB  Report this page,Horror,"Adam Huss, Catherine Wreford, Miguel Ángel López Díaz",Wrestlemaniac,2006,https://letterboxd.com/film/wrestlemaniac/
Twisted Nightmare,1987,"A group of teenagers win a trip to a summer camp they had attended as children. However, soon after they get there they begin to disappear one by one. The survivors suspect that the disappearances may be connected to the death of a handicapped child at the camp years before.",Paul Hunt,94 mins   More at IMDb TMDB  Report this page,Horror,"Rhonda Gray, Cleve Hall, Robert Padilla",Twisted Nightmare,1987,https://letterboxd.com/film/twisted-nightmare/
The Hollywood Strangler Meets the Skid Row Slasher,1979,"A photographer cruises Hollywood and takes pictures of young models he then strangles. Meanwhile, a woman who works in a porno bookstore in downtown L.A. takes it upon herself to kill off the local derelicts. Soon the two killers meet up with each other.",Ray Dennis Steckler,72 mins   More at IMDb TMDB  Report this page,Horror,"Pierre Agostino, Carolyn Brandt, Chuck Alford",The Hollywood Strangler Meets the Skid Row Slasher,1979,https://letterboxd.com/film/the-hollywood-strangler-meets-the-skid-row-slasher/
Sledgehammer,1983,"A young boy murders his mother and her lover with a hammer. Ten years later, a wave of teenage murders plagues the same area.",David A. Prior,87 mins   More at IMDb TMDB  Report this page,"Horror, Thriller","Linda McGill, Ted Prior, John Eastman",Sledgehammer,1983,https://letterboxd.com/film/sledgehammer/
The House That Vanished,1973,"A young model, Valerie, and her petty thief boyfriend witness a murder in a backwoods manor. Valerie escapes, but soon finds herself being stalked by the killer.",José Ramón Larraz,103 mins   More at IMDb TMDB  Report this page,"Horror, Mystery","Andrea Allan, Karl Lanchbury, Maggie Walker",The House That Vanished,1973,https://letterboxd.com/film/the-house-that-vanished/
Rocktober Blood,1984,A crazed rock singer returns from the dead to murder members of his former band.,Beverly Sebastian,88 mins   More at IMDb TMDB  Report this page,"Music, Horror","Tray Loren, Donna Scoggins, Cana Cockrell",Rocktober Blood,1984,https://letterboxd.com/film/rocktober-blood/
Sleepstalker,1995,"Seventeen years after slaughtering all but one member of a family, a vicious serial killer known only as ""The Sandman"" awaits execution. But first, his jailers allow a minister to visit the killer to give him last rites, unaware that the minister is a voodoo priest and an ally of the condemned prisoner. The priest places a hex on the Sandman so that when he is executed, his soul migrates into a new body made of sand. To sever his ties with his former life and achieve absolute power, the sandman must find and kill a man named Griffin, the sole survivor of the last family murdered by the killer",Turi Meyer,105 mins   More at IMDb TMDB  Report this page,Horror,"Michael Harris, Jay Underwood, Kathryn Morris",Sleepstalker,1995,https://letterboxd.com/film/sleepstalker/
Drive-In Massacre,1976,"Two police detectives try to catch a serial killer who is stalking a rural California drive-in theater, randomly killing people with a sword.",Stu Segall,74 mins   More at IMDb TMDB  Report this page,"Horror, Mystery","John F. Goff, Steve Vincent, Douglas Gudbye",Drive-In Massacre,1976,https://letterboxd.com/film/drive-in-massacre/
Killer's Moon,1978,"Four mental patients - who, due to unauthorized experiments, believe they're living in a dream and have shed all moral imperatives - escape and find their way to the nearest bus-load of stranded schoolgirls.",Alan Birkinshaw,92 mins   More at IMDb TMDB  Report this page,"Horror, Crime","Anthony Forrest, Tom Marshall, Georgina Kean",Killer's Moon,1978,https://letterboxd.com/film/killers-moon/
Children of the Corn V: Fields of Terror,1998,Six college students take a wrong turn and find themselves lost in a strangely deserted rural town... only to discover that this deceptively quiet place hides a murderous cult of children.,Ethan Wiley,83 mins   More at IMDb TMDB  Report this page,"Horror, Thriller","Stacy Galina, Alexis Arquette, Eva Mendes",Children of the Corn V: Fields of Terror,1998,https://letterboxd.com/film/children-of-the-corn-v-fields-of-terror/
Children of the Corn IV: The Gathering,1996,A bright young medical student must solve the frightening mystery that plagues the children of a small Midwestern town.,Greg Spence,85 mins   More at IMDb TMDB  Report this page,Horror,"Naomi Watts, Jamie Renée Smith, Karen Black",Children of the Corn IV: The Gathering,1996,https://letterboxd.com/film/children-of-the-corn-iv-the-gathering/
Ice Cream Man,1995,"Young Gregory Tudor sees his local ice cream man murdered and later grows up to inherit his business, opting to inject gruesome ingredients—including human body parts—into his frozen confections. When one of the neighborhood boys goes missing, the local kids suspect Gregory and band together to get to the bottom of things.",Norman Apstein,84 mins   More at IMDb TMDB  Report this page,"Comedy, Horror","Clint Howard, Justin Isfeld, Anndi McAfee",Ice Cream Man,1995,https://letterboxd.com/film/ice-cream-man/
Blood Tracks,1985,"A film crew producing a rock music video decides to shoot at an abandoned factory above the snow line. When an avalanche strands them, a murderous family living in the factory attacks and kills many of them.",Mats Helge,89 mins   More at IMDb TMDB  Report this page,Horror,"Jeff Harding, Michael Fitzpatrick, Naomi Kaneda",Blood Tracks,1985,https://letterboxd.com/film/blood-tracks/
The Dead Come Home,1989,"A group of friends decide to renovate an old house located in the middle of nowhere, in the hope of turning it into their crash pad, but shortly after arriving, a strange and seemingly senile old woman is found to be lurking around the premises.",James Riffel,94 mins   More at IMDb TMDB  Report this page,Horror,"Mark Zobain, Victor Verhaeghe, Sarah Newhouse",The Dead Come Home,1989,https://letterboxd.com/film/the-dead-come-home/
Blood Harvest,1987,"A college student returns home to find her parents missing, and their home vandalized. Soon, matters take a turn for the worse, when she finds herself stalked, and her friends disappearing one by one.",Bill Rebane,88 mins   More at IMDb TMDB  Report this page,Horror,"Tiny Tim, Itonia Salchek, Dean West",Blood Harvest,1987,https://letterboxd.com/film/blood-harvest/
Satan's Blade,1984,"At a mountain resort, a local resident is possessed by the evil spirit of an ancient mountain man, and terrorizes a ski lodge.",L. Scott Castillo Jr.,82 mins   More at IMDb TMDB  Report this page,Horror,"Tom Bongiorno, Stephanie Leigh Steel, Thomas Cue",Satan's Blade,1984,https://letterboxd.com/film/satans-blade/
Horror House on Highway 5,1985,A van full of college students traveling down a highway is terrorized by a psycho killer in a Richard Nixon mask.,Richard Casey,87 mins   More at IMDb TMDB  Report this page,Horror,"Phil Therrien, Max Manthey, Irene Cagen",Horror House on Highway 5,1985,https://letterboxd.com/film/horror-house-on-highway-5/
Iced,1988,"A group of childhood friends are invited to the opening of a posh ski resort, unaware that an old nemesis has murderous plans in mind for them.",Jeff Kwitny,86 mins   More at IMDb TMDB  Report this page,Horror,"Debra De Liso, Doug Stevenson, Ron Kologie",Iced,1988,https://letterboxd.com/film/iced/
Stage Fright,2014,A high-end musical theater camp is terrorized by a bloodthirsty killer who hates musical theater.,Jerome Sable,89 mins   More at IMDb TMDB  Report this page,Horror,"Allie MacDonald, Meat Loaf, Douglas Smith",Stage Fright,2014,https://letterboxd.com/film/stage-fright-2014/
Dreamaniac,1986,"A heavy-metal musician makes a deal with a satanic succubus to make him successful with women, in return for the succubus being able to feed on the girls.",David DeCoteau,82 mins   More at IMDb TMDB  Report this page,Horror,"Thomas Bern, Ashlyn Gere, Sylvia Summers",Dreamaniac,1986,https://letterboxd.com/film/dreamaniac/
Houseboat Horror,1989,"A rowdy rock group are accompanied by a film crew to desolate Lake Infinity to produce a music video. One night the musicians visit the local pub while the various members of the film crew satisfy their carnal desires with one another aboard the luxurious houseboat they are all staying in. They are so busy they fail to notice that a rampaging lunatic has snuck aboard the boat, and one by one the various characters are brutally slaughtered in a variety of grisly ways.",Kendal Flanagan,85 mins   More at IMDb TMDB  Report this page,Horror,"Alan Dale, Gavin Wood, Christine Jeston",Houseboat Horror,1989,https://letterboxd.com/film/houseboat-horror/
Blood Sisters,1987,"Seven girls must spend the night in an old house, which once was a brothel, as part of an initiation.",Roberta Findlay,86 mins   More at IMDb TMDB  Report this page,"Horror, Thriller","Amy Brentano, Shannon McMahon Lichte, Daniel Erickson",Blood Sisters,1987,https://letterboxd.com/film/blood-sisters-1987/
Too Scared to Scream,1984,A killer is brutally attacking several tenants that live in a high rise apartment building in New York City.,Tony Lo Bianco,100 mins   More at IMDb TMDB  Report this page,"Mystery, Thriller, Crime","Mike Connors, Anne Archer, Leon Isaac Kennedy",Too Scared to Scream,1984,https://letterboxd.com/film/too-scared-to-scream/
Hack!,2007,"Seven college students are picked to travel to a private island owned by the reclusive Vincent King and his film-obsessed wife Mary Shelley to study island wildlife. But is isn't long when a mysterious killer begins killing the students one-by-one, and modeling them after gory murder scenes from numerous horror films.",Matt Flynn,89 mins   More at IMDb TMDB  Report this page,"Comedy, Horror","Danica McKellar, Jay Kenneth Johnson, William Forsythe",Hack!,2007,https://letterboxd.com/film/hack/
Hell High,1987,A teacher still haunted by the death of two teens that she accidentally caused as a young girl goes berserk when four teens start harassing her and then attack her in her home.,Douglas Grossman,84 mins   More at IMDb TMDB  Report this page,Horror,"Maureen Mooney, Christopher Stryker, Christopher Cousins",Hell High,1987,https://letterboxd.com/film/hell-high/
Prom Night,2008,"Donna's senior prom is supposed to be the best night of her life, though a sadistic killer from her past has different plans for her and her friends.",Nelson McCormick,88 mins   More at IMDb TMDB  Report this page,"Horror, Drama, Mystery","Brittany Snow, Scott Porter, Jessica Stroup",Prom Night,2008,https://letterboxd.com/film/prom-night-2008/
The Icebox Murders,1982,"A maniac murders beautiful women, then stores their bodies in a freezer.",Francisco Rodríguez Gordillo,86 mins   More at IMDb TMDB  Report this page,Horror,"Jack Taylor, Mirta Miller, Claudia Gravy",The Icebox Murders,1982,https://letterboxd.com/film/the-icebox-murders/
Blood Trails,2006,"The biker Anne has a violent one night stand with the supposed cop Chris after a minor infraction. Two days later, feeling guilty and traumatized, she decides to go hiking with her boyfriend Michael in the Whistler chain of mountains, a spot where bicycles are prohibited. When she sees Chris riding a bike, she tells Michael about her affair, and Chris unexpectedly kills Michael. Along the rest of the day and night, Anne is chased by Chris in a sick and mortal mouse-and-cat game.",Robert Krause,87 mins   More at IMDb TMDB  Report this page,Horror,"Rebecca Palmer, Ben Price, Tom Frederic",Blood Trails,2006,https://letterboxd.com/film/blood-trails/
Deadly Games,1982,"A masked maniac with a penchant for a monster-themed board game is playing his own twisted game with the women of a small American town. Each time the dice are rolled, another victim meets a grisly end. Returning home to mourn the death of her murdered sister, Keegan befriends local cop Roger and reclusive cinema projectionist Billy — but soon finds herself in the killer's sights.",Scott Mansfield,95 mins   More at IMDb TMDB  Report this page,"Horror, Mystery, Crime","Jo Ann Harris, Sam Groom, Steve Railsback",Deadly Games,1982,https://letterboxd.com/film/deadly-games/
Hansel & Gretel,2013,"In this modern retelling of the classic horror tale, teen siblings are enslaved by a psychotic recluse within her gruesome house of horrors in the woods.",Anthony C. Ferrante,90 mins   More at IMDb TMDB  Report this page,Horror,"Dee Wallace, Stephanie Greco, Brent Lydic",Hansel & Gretel,2013,https://letterboxd.com/film/hansel-gretel-2013/
100 Tears,2007,"After being accused of crimes he did not commit, a lonely circus performer exacts his revenge on those who unjustly condemned him. The act sparks something inside of him which he cannot stop and now, years later, his inner-demons have truly surfaced. Part urban legend, part tabloid sensationalism... he is now an unstoppable murderous juggernaut, fueled only by hate.",Marcus Koch,91 mins   More at IMDb TMDB  Report this page,Horror,"Raine Brown, Joe Davison, Georgia Chris",100 Tears,2007,https://letterboxd.com/film/100-tears/
Hollywood's New Blood,1988,The ghosts of a family accidentally killed on a movie set come back for revenge.,James Shyman,77 mins   More at IMDb TMDB  Report this page,Horror,"Bobby Johnston, Francine Lapensée, Joe Balogh",Hollywood's New Blood,1988,https://letterboxd.com/film/hollywoods-new-blood/
The Demon,1979,Random people are terrorized by a malevolent man who brings their worst fears to life.,Percival Rubens,94 mins   More at IMDb TMDB  Report this page,"Horror, Mystery, Thriller","Jennifer Holmes, Cameron Mitchell, Craig Gardner",The Demon,1979,https://letterboxd.com/film/the-demon/
Schizophreniac: The Whore Mangler,1997,"A murderous drug addict driven insane by the demonic voice of his evil ventriloquist dummy sets out on a gore-soaked killing spree in this independent shocker from director Ron Atkins. Insanity is calling and Harry Russo is more than happy to answer by slicing, dicing, filleting and splaying anyone who gets in the way of his quest to achieve a state of complete mental chaos. Harry is not alone on his journey of destruction though, and as his villainous ventriloquist dummy offering a bit of immoral support, the stage is set for some serious bloodletting!",Ron Atkins,84 mins   More at IMDb TMDB  Report this page,"Drama, Comedy, Horror","John Giancaspro, Jasmine Putnam, J. Breck Brown",Schizophreniac: The Whore Mangler,1997,https://letterboxd.com/film/schizophreniac-the-whore-mangler/
Moonstalker,1989,"During the winter season, a family camping in the woods, and a group of camp counselors training in the same forest both find themselves being killed one by one by an unhinged psycho.",Michael S. O'Rourke,92 mins   More at IMDb TMDB  Report this page,"Horror, Thriller","Blake Gibbons, Ingrid Vold, John Marzilli",Moonstalker,1989,https://letterboxd.com/film/moonstalker/
The Majorettes,1986,"A hooded psycho is murdering high-school girls. A devil-worshiping, drug-dealing biker gang is suspected.",S. William Hinzman,92 mins   More at IMDb TMDB  Report this page,"Horror, Action, Crime, Mystery","Kevin Kindlin, Terrie Godfrey, Mark V. Jevicky",The Majorettes,1986,https://letterboxd.com/film/the-majorettes/
Living Hell,2000,"Family is the source of all evil, in this aspiring horror film which traces its descent from The Texas Chainsaw Massacre gore and the atmospheric Hammer films. Chiyo, an old woman and her granddaughter, Yuki, are the sole survivors of a horrendous crime which wipes out an entire family. They find solace under the roof of far-removed relatives. The family's son, confined to a wheelchair, has a terrible premonition when the two women arrive, which will be verified in the most horrifying way. Because, when the house is empty, the boy is made to suffer sadistic games at the women mercy, which become more and more violent making his life a living hell... Written by Leo Urbina",Shugo Fujii,104 mins   More at IMDb TMDB  Report this page,Horror,"Hirohito Honda, Yoshiko Shiraishi, Rumi",Living Hell,2000,https://letterboxd.com/film/living-hell-2000/
Blood Voyage,1976,"What is meant to be a pleasure cruise becomes a nightmare as murder follows murder on a small ship. With tension mounting, passengers and the crew turn on each other in a desperate attempt to identify the killer.",Frank Mitchell,80 mins   More at IMDb TMDB  Report this page,"Horror, Crime","Laurie Rose, Midori, Mara Modair",Blood Voyage,1976,https://letterboxd.com/film/blood-voyage/
Final Girl,2015,"Veronica, the new girl in town, is lured into the woods by a group of senior boys looking to make her a victim. But the boys don't know that Veronica's been trained to handle herself in surprisingly lethal ways.",Tyler Shields,90 mins   More at IMDb TMDB  Report this page,"Drama, Action, Thriller","Abigail Breslin, Alexander Ludwig, Logan Huffman",Final Girl,2015,https://letterboxd.com/film/final-girl/
Sombre,1998,A serial killer stalks a woman he befriended after her car broke down.,Philippe Grandrieux,112 mins   More at IMDb TMDB  Report this page,"Drama, Horror","Marc Barbé, Elina Löwensohn, Coralie Trinh Thi",Sombre,1998,https://letterboxd.com/film/sombre/
Malevolence,2004,"It's ten years after the kidnapping of Martin Bristol. Taken from a backyard swing at his home at the age of six, he is forced to witness unspeakable crimes of a deranged madman. For years, Martin's whereabouts have remained a mystery...until now.",Stevan Mena,90 mins   More at IMDb TMDB  Report this page,"Thriller, Horror, Crime","Jay Cohen, R. Brandon Johnson, Samantha Dark",Malevolence,2004,https://letterboxd.com/film/malevolence/
The Intruder,1975,"The lust for gold and the reading of a will brings eleven visitors to a remote island retreat, but an unseen, seemingly unstoppable evil follows to stalk them one by one. The bodies don't stop dropping until the final shattering conclusion. Who - or what - is the intruder? One thing is for certain: it will not stop until it kills them all.",Chris Robinson,87 mins   More at IMDb TMDB  Report this page,Horror,"Chris Robinson, Mickey Rooney, Yvonne De Carlo",The Intruder,1975,https://letterboxd.com/film/the-intruder-1975/
Shadows Run Black,1984,"A detective investigates a series of killings committed by a serial killer known as ""The Black Angel."" He begins to suspect that it might not be just a random group of murders.",Howard Heard,88 mins   More at IMDb TMDB  Report this page,Horror,"William J. Kulzer, Elizabeth Trosper, Shea Porter",Shadows Run Black,1984,https://letterboxd.com/film/shadows-run-black/
Rush Week,1989,"An ambitious young journalist working for her college newspaper becomes intrigued by the recent string of disappearances of several female students, which she believes to be connected to an on-campus murder that happened the previous year during the college's raucous Rush Week.",Bob Bralver,96 mins   More at IMDb TMDB  Report this page,"Mystery, Thriller, Horror","Pamela Ludwig, Dean Hamilton, Roy Thinnes",Rush Week,1989,https://letterboxd.com/film/rush-week/
Midnight Movie,2008,"At a seedy theater in a sleepy suburban town, a group of friends get together for a midnight screening of an early 1970s horror film, unaware that the director has something more in store for them.",Jack Messitt,82 mins   More at IMDb TMDB  Report this page,"Fantasy, Horror, Thriller","Rebekah Brandes, Daniel Bonjour, Greg Cirulnick",Midnight Movie,2008,https://letterboxd.com/film/midnight-movie/
Pinocchio's Revenge,1996,"Defense attorney Jennifer Garrick acquires a Pinocchio puppet from a condemned serial killer. Her pre-teen daughter, Zoe, mistakes the puppet as a birthday present and grows attached to her new friend. Suddenly, accidents begin to happen to those who cross Zoe. Zoe claims it's her Pinocchio doll but her therapist thinks otherwise. Pinocchio promises he'll behave if Zoe will cut his strings...",Kevin Tenney,96 mins   More at IMDb TMDB  Report this page,"Mystery, Horror","Rosalind Allen, Todd Allen, Candace McKenzie",Pinocchio's Revenge,1996,https://letterboxd.com/film/pinocchios-revenge/
Innocent Prey,1984,"A woman living in Dallas discovers that her husband, from New Zealand, is actually a crazed serial killer who murders prostitutes.",Colin Eggleston,86 mins   More at IMDb TMDB  Report this page,Horror,"P. J. Soles, Kit Taylor, Grigor Taylor",Innocent Prey,1984,https://letterboxd.com/film/innocent-prey/
Do You Wanna Know a Secret?,2001,"As a night out on the town turns into a nightmare, six young college students must fight for their lives as a killer hunts them down.",Thomas Bradford,90 mins   More at IMDb TMDB  Report this page,Horror,"Joey Lawrence, Chad Allen, Dorie Barton",Do You Wanna Know a Secret?,2001,https://letterboxd.com/film/do-you-wanna-know-a-secret/
Terror Night,1989,"Lance Hayward, a silent movie star, appears as various characters, killing quite a handful of unfortunates, using various weapons.",Nick Marino,84 mins   More at IMDb TMDB  Report this page,Horror,"John Ireland, Cameron Mitchell, Michelle Bauer",Terror Night,1989,https://letterboxd.com/film/terror-night/
The Death of the Jackal,1984,"A psycho-killer is on the loose targeting only young women. Grisly deaths pile up, one after another. The real problem is not finding out who he is, but instead, how to stop him.",Pedro Galindo III,90 mins   More at IMDb TMDB  Report this page,"Thriller, Horror","Mario Almada, Fernando Almada, Cristina Molina",The Death of the Jackal,1984,https://letterboxd.com/film/the-death-of-the-jackal/
Death Screams,1982,"Late one night, a young couple are brutally murdered at a make-out spot by an unseen assailant, their bodies tossed into the nearby river. As the lifeless lovers drift slowly downstream, the residents of the town excitedly prepare themselves for their annual carnival, unaware that a machete-wielding maniac with a twisted grudge is lurking in their midst. When a group of teen revellers plan a late-night after party down in the local cemetery, they unwittingly set the stage for a bloodbath.",David Nelson,88 mins   More at IMDb TMDB  Report this page,Horror,"Susan Kiger, Martin Tucker, William T. Hicks",Death Screams,1982,https://letterboxd.com/film/death-screams/
American Psycho II: All American Girl,2002,"Rachel is a criminology student hoping to land a position as a teacher's assistant for professor Robert Starkman. She's sure this position will pave the way to an FBI career, and she's willing to do anything to obtain it -- including killing her classmates. The school psychiatrist, Dr. Daniels, becomes aware that Rachel is insane, but Rachel is skilled at her dangerous game of death and identity theft.",Morgan J. Freeman,88 mins   More at IMDb TMDB  Report this page,"Horror, Thriller","Mila Kunis, Geraint Wyn Davies, William Shatner",American Psycho II: All American Girl,2002,https://letterboxd.com/film/american-psycho-ii-all-american-girl/
Entrance,2012,"ENTRANCE is about the limits of our perception, how the things lurking on the periphery of our lives can lead to horrific conclusions; about how she fell out of love with the city, but it wouldn't let her go.",Dallas Richard Hallam,83 mins   More at IMDb TMDB  Report this page,"Drama, Horror, Thriller","Suziey Block, Karen Gorham, Karen Baird",Entrance,2012,https://letterboxd.com/film/entrance/
Massacre,1989,"A prostitute is brutally killed by the road side by a maniancal killer. Nearby a horror film is being produced but the director is worried that the script is too passé for a modern audience and so he plans to include a séance scene - he hires a real medium to carry out a ceremony with the cast and crew to help inspire the script but she is attacked by an evil spirit. Meanwhile members of the cast are being picked off one by one and police detective Walter is desperate to stop his girlfriend, the lead actress Jennifer, becoming the next victim...",Andrea Bianchi,89 mins   More at IMDb TMDB  Report this page,Horror,"Gino Concari, Patrizia Falcone, Silvia Conti",Massacre,1989,https://letterboxd.com/film/massacre-1989/
Backwoods,1988,"Karen and Jamie bike out to a remote wooded area for camping. Jamie saves a young girl’s life with an emergency tracheotomy and her grateful father, Eben, invites the campers to his place for some dinner...where they also meet William, Eben’s beastly geek son.",Dean Crow,85 mins   More at IMDb TMDB  Report this page,"Thriller, Horror","Christine Noonan, Jack O'Hara, Brad Armacost",Backwoods,1988,https://letterboxd.com/film/backwoods-1988/
Night Ripper,1986,"Models all over town are ending up on the wrong side of a razor-sharp blade, and police are baffled by the surgical precision of the corpse mutilation. David, a local photographer who knew a couple of the murdered women, finds his world turn upside down as the streets run red with blood.",Jeff Hathcock,86 mins   More at IMDb TMDB  Report this page,Horror,"James Hansen, April Audia, Larry Thomas",Night Ripper,1986,https://letterboxd.com/film/night-ripper/
Husk,2011,"A group of friends stranded near a desolate cornfield find shelter in an old farmhouse, though they soon discover the dwelling is the center of a supernatural ritual.",Brett Simmons,83 mins   More at IMDb TMDB  Report this page,"Horror, Thriller","Devon Graye, Wes Chatham, C.J. Thomason",Husk,2011,https://letterboxd.com/film/husk/
Bloody Murder 2: Closing Camp,2003,"Coming to Placid Pines is difficult for Tracy, who's brother, Jason, was one of Trevor's victims near the end of the original. When Tracy's nightmares begin to come true as one by one the counselors are murdered. Someone is hunting them through the pitch-black Forest and is determined to kill them all. Could Trevor Moorhouse be back?!",Rob Spera,92 mins   More at IMDb TMDB  Report this page,Horror,"Katy Woodruff, Tyler Sedustine, Kelly Gunning",Bloody Murder 2: Closing Camp,2003,https://letterboxd.com/film/bloody-murder-2-closing-camp/
Lucifer,1987,"A psychotic killer is embarked on a murder spree, and the authorities begin to suspect that he may have been sent from Hell.",John Eyres,100 mins   More at IMDb TMDB  Report this page,Horror,"Emma Sutton, Frank Rozelaar-Green, Jared Morgan",Lucifer,1987,https://letterboxd.com/film/lucifer/
The Prey,1983,"Three couples go on a camping trip in the woods of southern California during the summer, where a deformed man is stalking their camp.",Edwin Brown,80 mins   More at IMDb TMDB  Report this page,Horror,"Debbie Thureson, Steve Bond, Lori Lethin",The Prey,1983,https://letterboxd.com/film/the-prey/
Jack-O,1995,"A long long time ago a wizard was put to death, but he swore vengeance on the townsfolk that did him in, particularly Arthur Kelly's family. Arthur had done the final graces on him when he came back to life as Mr. Jack the Pumpkin Man. The Kellys proliferated through the years, and when some devil-may-care teens accidentally unleash Jack-O, young Sean Kelly must stop him somehow as his suburban world is accosted and the attrition rate climbs",Steve Latshaw,88 mins   More at IMDb TMDB  Report this page,Horror,"Linnea Quigley, Maddisen K. Krown, Gary Doles",Jack-O,1995,https://letterboxd.com/film/jack-o/
Click: The Calendar Girl Killer,1990,The world of high fashion takes a deadly turn when a vicious killer stalks beautiful models.,Ross Hagen,86 mins   More at IMDb TMDB  Report this page,"Thriller, Horror","Troy Donahue, Ross Hagen, Hoke Howell",Click: The Calendar Girl Killer,1990,https://letterboxd.com/film/click-the-calendar-girl-killer/
Night of the Dribbler,1990,"The Watergate Plumbers, a poorly-performing college basketball team, lose their best players one by one to death and dismemberment at the hands of a mysterious masked stalker.",Jack Bravman,87 mins   More at IMDb TMDB  Report this page,"Comedy, Horror","Fred Travalena, Gregory Calpakis, Flavia Carrozzi",Night of the Dribbler,1990,https://letterboxd.com/film/night-of-the-dribbler/
Nightmare on the 13th Floor,1990,"In this made-for-cable television horror thriller, a travel writer visits a historic hotel to write a story about it and inadvertently finds herself on the 13th floor where she witnesses a Satanic rite and tangles with an axe-wielding killer. She escapes, but no one believes her story because the hotel has no 13th floor.",Walter Grauman,90 mins   More at IMDb TMDB  Report this page,"Thriller, Mystery, Horror, TV Movie","Michele Greene, John Karlen, Louise Fletcher",Nightmare on the 13th Floor,1990,https://letterboxd.com/film/nightmare-on-the-13th-floor/
The Invisible Maniac,1990,An invisible scientist escapes from an asylum and teaches high-school physics to nubile teens.,Adam Rifkin,86 mins   More at IMDb TMDB  Report this page,"Science Fiction, Comedy, Horror","Peter Noel Duhamel, Melissa Moore, Savannah",The Invisible Maniac,1990,https://letterboxd.com/film/the-invisible-maniac/
Bits and Pieces,1985,"A psychopath with a mother fixation terrorizes a city, picking out young beautiful women as his victims.",Leland Thomas,85 mins   More at IMDb TMDB  Report this page,Horror,"S.E. Zygmont, Suzanna Smith, Brian Burt",Bits and Pieces,1985,https://letterboxd.com/film/bits-and-pieces/
Wrong Turn,2021,"Jen and a group of friends set out to hike the Appalachian Trail. Despite warnings to stick to the trail, the hikers stray off course—and cross into land inhabited by The Foundation, a hidden community of mountain dwellers who use deadly means to protect their way of life.",Mike P. Nelson,110 mins   More at IMDb TMDB  Report this page,"Thriller, Horror","Charlotte Vega, Adain Bradley, Bill Sage",Wrong Turn,2021,https://letterboxd.com/film/wrong-turn-2021/
Midnight Matinee,1988,"Even though a devastating murder took place during a small town's horror film festival two years earlier, townspeople want another festival.",Richard Martin,91 mins   More at IMDb TMDB  Report this page,"TV Movie, Mystery, Thriller, Horror","Ron White, Gillian Barber, Jeff Schultz",Midnight Matinee,1988,https://letterboxd.com/film/midnight-matinee/
Berserker,1987,"Six young adults in the woods run afoul of a berserker, a viking warrior who dons the fur and snout of a bear, and are slain in turn by him.",Jefferson Richard,85 mins   More at IMDb TMDB  Report this page,Horror,"Joseph Alan Johnson, Greg Dawson, Valerie Sheldon",Berserker,1987,https://letterboxd.com/film/berserker/
Death Nurse 2,1988,"That crazy killer nurse is at it again! Edith Mortley continues to slay more and more dumbfounded patients, turning them into rat food.",Nick Millard,62 mins   More at IMDb TMDB  Report this page,"Crime, Comedy, Horror","Priscilla Alden, Albert Eskinazi, Frances Millard",Death Nurse 2,1988,https://letterboxd.com/film/death-nurse-2/
Slashdance,1989,Detective Tori Raines must go undercover when beautiful dancers start being brutally murdered at the Van Slake theatre.,James Shyman,84 mins   More at IMDb TMDB  Report this page,Horror,"Cindy Maranne, James Carroll Jordan, J. Buzz Von Ornsteiner",Slashdance,1989,https://letterboxd.com/film/slashdance/
Effects,1979,"Some crew members of a company shooting a horror film begin to suspect that the ""killings"" in the movie are real, and that they are actually making a ""snuff"" film.",Dusty Nelson,84 mins   More at IMDb TMDB  Report this page,"Thriller, Horror","Joseph Pilato, Susan Chapek, John Harrison",Effects,1979,https://letterboxd.com/film/effects/
April Fool's Day,2008,"When an April Fool's Day prank turns deadly, Desiree Cartier, her brother Blaine, and five of their friends all become the targets of a twisted kill who begins hunting them down one by one.",Phil Flores,92 mins   More at IMDb TMDB  Report this page,Horror,"Taylor Cole, Josh Henderson, Scout Taylor-Compton",April Fool's Day,2008,https://letterboxd.com/film/april-fools-day-2008/
Bloody Murder,2000,"Julie McConnell is one of a dozen camp counselors working to re-open a summer camp when a series of murders and disappearances begin commited by a hockey masked killer who may be the urban legend killer Trevor Moorehouse. When Julie looks into the murders by herself, she finds that she may be the killer's next target when she gets too close to some dark secrets of the camp which may lead to the killer's identity.",Ralph E. Portillo,88 mins   More at IMDb TMDB  Report this page,"Horror, Thriller","Jessica Morris, Peter Guillemette, Patrick Cavanaugh",Bloody Murder,2000,https://letterboxd.com/film/bloody-murder/
School's Out,1999,A group of seniors decide to have a party in their school on graduation night. Unfortunately an uninvited guest with a pair of scissors crashes the party and it isn’t long before the bodies begin to pile up.,Robert Sigl,93 mins   More at IMDb TMDB  Report this page,"Mystery, TV Movie, Horror, Thriller","Niels-Bruno Schmidt, Michael Habeck, Raphaël Vogt",School's Out,1999,https://letterboxd.com/film/schools-out-1999/
Red Riding Hood,2003,"A retelling of the classic tale, with Red as a psychotic vigilante.",Giacomo Cimini,92 mins   More at IMDb TMDB  Report this page,"Horror, Drama, Thriller","Kathleen Archebald, Susanna Satta, Rob David",Red Riding Hood,2003,https://letterboxd.com/film/red-riding-hood-2003/
Blood Theatre,1984,"Three young movie theater employees are given the task of re-opening a long-closed, old-time theater at which, many years before, a shocking series of grisly murders took place. It seems many more murders have occurred since then but all of this remains unknown to these three young upstart employees hoping to finally make it big on their own. As they approach the grand re-opening night, things keep getting stranger and more unsettling with items suddenly starting to move around by themselves without any seen aid and a terrifying old man seemingly haunting the premises.",Rick Sloane,75 mins   More at IMDb TMDB  Report this page,"Comedy, Horror","Mary Woronov, Jenny Cunningham, Jonathan Blakely",Blood Theatre,1984,https://letterboxd.com/film/blood-theatre/
"Silent Night, Deadly Night 3: Better Watch Out!",1989,"Ricky Caldwell, the notorious 'Killer Santa Claus', awakens from a six-year coma after being kept alive on life-support by a slightly crazed doctor experimenting with ESP and other special abilities. Ricky targets a young, clairvoyant blind woman, named Laura, whom is traveling with her brother Chris, and his girlfriend Jerri to their grandmother's house for Christmas Eve, and Ricky decides to go after her, leaving a trail of dead bodies in his wake.",Monte Hellman,90 mins   More at IMDb TMDB  Report this page,Horror,"Richard Beymer, Bill Moseley, Samantha Scully","Silent Night, Deadly Night 3: Better Watch Out!",1989,https://letterboxd.com/film/silent-night-deadly-night-3-better-watch-out/
Fever Lake,1997,"A group of teenagers drives to ""Fever Lake"" to spend the weekend in a cursed house near the lake despite warnings from the locals.",Ralph E. Portillo,90 mins   More at IMDb TMDB  Report this page,Horror,"Corey Haim, Bo Hopkins, Mario López",Fever Lake,1997,https://letterboxd.com/film/fever-lake/
Scarecrow,2002,"A high school outcast who lives in a trailer with his mother finally meets a friend. He wants to ask her if they can go the next step, but then sees her kissing another boy at a party. He runs home only to find his mother having sex with a drunk. He starts yelling, but is countered by the drunk when he suffocates him and makes him look like he hung himself. The scarecrow comes in when the boy's soul is pushed into it. He goes out for revenge.",Emmanuel Itier,86 mins   More at IMDb TMDB  Report this page,"Comedy, Horror","Todd Rex, Tim Young, Tiffany Shepis",Scarecrow,2002,https://letterboxd.com/film/film:17207/
F,2010,A group of teachers must defend themselves from a gang of murderous kids when their school comes under siege after hours.,Johannes Roberts,79 mins   More at IMDb TMDB  Report this page,"Horror, Thriller","David Schofield, Eliza Bennett, Ruth Gemmell",F,2010,https://letterboxd.com/film/f/
Lake Dead,2007,"Three sisters and a group of their friends take a trip to the home of the recently deceased grandfather -- who died a particularly grisly death -- to learn more about the promise of an inheritance, only to encounter a family of psychos who have taken up residence in the old man's cabin.",George Bessudo,90 mins   More at IMDb TMDB  Report this page,"Horror, Thriller","Kelsey Crane, Kelsey Wedeen, Vanessa Viola",Lake Dead,2007,https://letterboxd.com/film/lake-dead/
Terror on Tour,1980,"A rock band called ""The Clowns"" comes under suspicion of murder when several prostitutes are killed by individuals made up like members of the band.",Don Edmonds,90 mins   More at IMDb TMDB  Report this page,"Horror, Music, Crime, Comedy","Rick Styles, Chip Greenman, Rich Pemberton",Terror on Tour,1980,https://letterboxd.com/film/terror-on-tour/
Doctor Bloodbath,1987,An abortionist uses post-procedure house calls as opportunities to murder his patients.,Nick Millard,60 mins   More at IMDb TMDB  Report this page,Horror,"Albert Eskinazi, Irmgard Millard, Frances Millard",Doctor Bloodbath,1987,https://letterboxd.com/film/doctor-bloodbath/
Return to Sleepaway Camp,2008,"It's summer camp as usual at Camp Manabe where the kids torment each other for fun while the underpaid camp staff provides as little supervision as possible. Greedy camp owner Frank and junior partner Ronnie do their best to keep everyone in line, but something sinister is about to put a slash in the roster. When campers and staff mysteriously begin disappearing and turning into gruesome corpses, paranoid Ronnie can't shake the memory of a series of grisly murders that took place at Camp Arawak. As the paranoia worsens, Ronnie's list of possible killers starts growing just like the body count. Only one thing is for certain, something is carving a bloody new trail at Sleepaway Camp where kids can be so mean and surviving this summer is gonna be a real killer!",Robert Hiltzik,86 mins   More at IMDb TMDB  Report this page,"Mystery, Comedy, Horror","Vincent Pastore, Jackie Tohn, Jonathan Tiersten",Return to Sleepaway Camp,2008,https://letterboxd.com/film/return-to-sleepaway-camp/
Buried Alive,2007,A college prank at an abandoned house accidentally awakens a frightening spirit.,Robert Kurtzman,94 mins   More at IMDb TMDB  Report this page,Horror,"Leah Rachel, Erin Reese, Ivan Padilla",Buried Alive,2007,https://letterboxd.com/film/buried-alive-2007/
Bloody Reunion,2006,"Mi-ja, who has been taking care of a retired teacher, Ms. Park, invites several of her former students to her house 16 years after their graduation. Since the end of her teaching career, Park has been residing in the countryside, suffering from an illness while an ex-student, the kind and pretty Mi-ja cares for her.",Lim Dae-wung,93 mins   More at IMDb TMDB  Report this page,"Horror, Mystery, Thriller","Oh Mi-hee, Seo Young-hee, Jang Seong-won",Bloody Reunion,2006,https://letterboxd.com/film/bloody-reunion/
Wolf,1981,People on an island are brutally murdered one by one by a mysterious stranger in this Indonesian Friday the 13th rip-off.,Sisworo Gautama Putra,80 mins   More at IMDb TMDB  Report this page,"Horror, Thriller","Lydia Kandou, Barry Prima, Rudy Salam",Wolf,1981,https://letterboxd.com/film/wolf-1981/
Madness,1994,"Giovanna Dei, a young cartoonist, works on the violent comic strip ""Doctor Dark"". Unfortunately, young women are being killed in the style of the comic strip character and she becomes the main suspect.",Bruno Mattei,83 mins   More at IMDb TMDB  Report this page,"Horror, Thriller","Monica Carpanese, Gabriele Gori, Emy Valentino",Madness,1994,https://letterboxd.com/film/madness-1994/
Final Hour,1995,"Some students gets locked up in their school and is stalked by a killer. But as time goes by, it turns out that there is more to this than it seems.",Martin Schmidt,83 mins   More at IMDb TMDB  Report this page,"Thriller, Horror","Peter Jorde, Lene Laub Oksen, Rikke Louise Andersson",Final Hour,1995,https://letterboxd.com/film/final-hour/
Heavy Metal Massacre,1989,A killer goes on a killing spree at a heavy metal club.,Steven DeFalco,83 mins   More at IMDb TMDB  Report this page,Horror,"David DeFalco, Michele de Santis, Nick Hasomeris",Heavy Metal Massacre,1989,https://letterboxd.com/film/heavy-metal-massacre/
555,1988,"A spate of killings of teenagers by a maniac dressed like a hippie causes a detective to check the records for similar killings. He discovers that every five years, in the fifth month of the year, for five consecutive days, the same type of killings have occurred, and the few descriptions of the suspect always match: he's dressed like a hippie. As the detective searches for the killer, he begins to have suspicions about his superior, an older man who is haunted by memories of his military service in Vietnam.",Wally Koz,90 mins   More at IMDb TMDB  Report this page,Horror,"Greg Kerouac, B.K. Smith, Mara Lynn Bastian",555,1988,https://letterboxd.com/film/555-1988/
Dark Harvest,1992,"A broken down van strands a group of college students in the middle of the desert. Forced to hike their way out, they unwittingly enter a sacred Indian burial ground...A place they should have left alone.",James I. Nicholson,89 mins   More at IMDb TMDB  Report this page,Horror,"David Zyler, Jamee Natella, Debbie O'Der",Dark Harvest,1992,https://letterboxd.com/film/dark-harvest-1992/
Silent Night,2012,"As their small Midwestern town prepares for its annual Christmas Eve parade, a sheriff and his deputy discover that a maniac in a Santa suit is murdering those he judges as naughty.",Steven C. Miller,94 mins   More at IMDb TMDB  Report this page,"Comedy, Thriller, Horror, Mystery","Malcolm McDowell, Jaime King, Donal Logue",Silent Night,2012,https://letterboxd.com/film/silent-night-2012/
Curfew,1989,"Two brothers whose grisly killing spree has landed them on death row plot a daring escape, breaking free from prison with vengeance in mind, and setting targets in the form of the key witnesses against them.",Gary Winick,86 mins   More at IMDb TMDB  Report this page,"Horror, Thriller","Kyle Richards, Wendell Wellman, John Putch",Curfew,1989,https://letterboxd.com/film/curfew/
Blood Night: The Legend of Mary Hatchet,2009,"Local teens have long commemorated the death of 'Mary Hatchet' - a girl who took an ax and killed her family in the 1970s - with the aptly named Blood Night. But things never got truly bloody until Mary's ghost decided to make an appearance. Dead bodies are piling up, and Mary seems to be calling the shots. But there are secrets about her past that have yet to be uncovered.",Frank Sabatella,83 mins   More at IMDb TMDB  Report this page,"Horror, Thriller","Nate Dushku, Bill Moseley, Danielle Harris",Blood Night: The Legend of Mary Hatchet,2009,https://letterboxd.com/film/blood-night-the-legend-of-mary-hatchet/
Victor Crowley,2017,"Ten years ago, over forty people were brutally torn to pieces in Louisiana’s Honey Island Swamp. Over the past decade, lone survivor Andrew’s claims that local legend Victor Crowley was responsible for the horrific massacre have been met with great controversy. But when a twist of fate puts him back at the scene of the tragedy, Crowley is mistakenly resurrected and Andrew must face the bloodthirsty ghost from his past.",Adam Green,83 mins   More at IMDb TMDB  Report this page,"Horror, Comedy","Kane Hodder, Parry Shen, Laura Ortiz",Victor Crowley,2017,https://letterboxd.com/film/victor-crowley/
Delusion,1981,"Meredith Stone, a home care nurse, has been assigned the duty of looking after a wealthy invalid named Ivar Langrock. Cooped up in Langrock's stately country mansion, Meredith quickly suspects that someone sinister is lurking in the manor's dark halls only to discover that Ivar's demented and violent son has been locked away in a hidden room. Shortly thereafter, Ivar's grandson Gabriel also moves into the house and with his arrival a mysterious killer soon begins murdering members of the Langrock family along with their live-in staff.",Alan Beattie,91 mins   More at IMDb TMDB  Report this page,Horror,"Patricia Pearcy, Joseph Cotten, David Hayward",Delusion,1981,https://letterboxd.com/film/delusion-1981/
Killing for Love,1995,"A group of movie people, director, screenwriter, producer, actors and actresses meet for a weekend at a remote house. Proceedings soon begin to resemble a typical slasher film: couples pair off, have sex, and get either murdered or abducted",Mike Kesey,90 mins   More at IMDb TMDB  Report this page,"Horror, Mystery, Thriller","John Henry Richardson, Alex Demir, Lisa Hasslehurst",Killing for Love,1995,https://letterboxd.com/film/killing-for-love/
Funny Man,1994,"When Max Taylor wins the ancestral home of Callum Chance in a game of Poker, little does he realize that the game is far from over. One by one, Max's family are murdered by the Funny Man, a demonic jester with a varied and imaginative repertoire of homicidal techniques and an irreverent sense of humor. Meanwhile, Max's brother is on his way to the mansion with a bunch of hitchhikers who will be lucky to survive the night.",Simon Sprackling,90 mins   More at IMDb TMDB  Report this page,"Horror, Comedy","Christopher Lee, Ingrid Lacey, Tim James",Funny Man,1994,https://letterboxd.com/film/funny-man/
Dead in 3 days,2006,"When Nina and her high school friends receive eerie text messages declaring that they will all die within three days, they dismiss it as a hokey prank - until one by one, the pals start turning up dead in the alpine countryside. With the cops stymied, Nina and her remaining friends must scour their past for clues to identify the madman before he kills them all.",Andreas Prochaska,97 mins   More at IMDb TMDB  Report this page,"Horror, Thriller","Sabrina Reiter, Michael Steinocher, Laurence Rupp",Dead in 3 days,2006,https://letterboxd.com/film/dead-in-3-days/
Dead Girls,1990,"A female band, who are exponents of ""death rock"", retreat to a cabin for the weekend. They soon find themselves being knocked off by a masked killer who uses weapons they have mentioned in their songs.",Dennis Devine,105 mins   More at IMDb TMDB  Report this page,Horror,"Diana Karanikas, Angela Eads, Kay Schaber",Dead Girls,1990,https://letterboxd.com/film/dead-girls/
Prowl,2010,"Amber dreams of escaping her small town existence and persuades her friends to accompany her to find an apartment in the big city. When their transportation breaks down, she and her friends gratefully accept a ride in the back of a semi. But when the driver refuses to stop and they discover the cargo is hundreds of cartons of blood, they panic. Their panic turns to terror when the truck disgorges them into a dark, abandoned warehouse where blood-thirsty creatures learn to hunt human prey, which, the friends realize, is what they now are... Written by Svetlio Svilenov",Patrik Syversen,81 mins   More at IMDb TMDB  Report this page,"Horror, Thriller","Ruta Gedmintas, Joshua Bowman, Perdita Weeks",Prowl,2010,https://letterboxd.com/film/prowl/
The Stay Awake,1987,"The ghost of a serial killer, executed for murdering students at a Catholic girls' school, returns to the school to take revenge on the current student body.",John Bernard,91 mins   More at IMDb TMDB  Report this page,Horror,"Shirley Jane Harris, Tanya Gordon, Jayne Hutton",The Stay Awake,1987,https://letterboxd.com/film/the-stay-awake/
The Greenskeeper,2002,An assistant greenskeeper invites friends for a country club birthday party. A killer dressed as a greenskeeper crashes the party and kills people with golf tools.,Kevin Greene,82 mins   More at IMDb TMDB  Report this page,"Comedy, Horror","Allelon Ruggiero, Bruce Taylor, Ron Lester",The Greenskeeper,2002,https://letterboxd.com/film/the-greenskeeper/
Killjoy,2000,"Deep in an inner city hell, a ghastly figure is killing off the bad guys. A vigilante, or a demon? For the beautiful high school student, Jada, that's the question that will bring her face to face with the killer clown Killjoy.",Craig Ross Jr.,89 mins   More at IMDb TMDB  Report this page,Horror,"Ángel Vargas, Vera Yell, Lee Marks",Killjoy,2000,https://letterboxd.com/film/killjoy/
Death Nurse,1987,"Shady Palms Clinic, a place where nurse Edith Mortley and her brother Dr. Gordon Mortley take great care of their patients. They tuck you in, offer free burial service, and serve freshly made sandwiches.",Nick Millard,60 mins   More at IMDb TMDB  Report this page,"Thriller, Horror","Priscilla Alden, Albert Eskinazi, Frances Millard",Death Nurse,1987,https://letterboxd.com/film/death-nurse/
Nightmare,2000,"Hye-jin's homecoming should have been a joyous occasion. She was especially happy to see her childhood friend again, the shy Eun-ju. However, when a secret is revealed, harsh words are exchanged. These words deeply affect Eun-ju and,in the next scene, we see her plummeting from a 30-story building. In a flashback provided by Seon-ae, we learn that the ghost of Eun-ju is hunting down all of Hye-jin's friends and killing them. Is this possible or is a more worldly force at work? What is this mysterious tape that everyone is asking about?",Ahn Byeong-ki,97 mins   More at IMDb TMDB  Report this page,"Thriller, Horror","Choi Jung-yoon, Ha Ji-won, Yoo Ji-tae",Nightmare,2000,https://letterboxd.com/film/nightmare-2000/
Ax 'Em,1992,"A weekend retreat at a remote cabin in the woods for a group of childhood pals turns into a terrifying fight for survival, as a former friend whose family was killed years earlier comes along looking for revenge.",Michael Mfume,71 mins   More at IMDb TMDB  Report this page,Horror,"Michael Mfume, Sandra Pulley, Joe Clair",Ax 'Em,1992,https://letterboxd.com/film/ax-em/
The Landlady,1998,Melanie decides that one of her tenants would be perfect as her husband and decides to eliminate everyone who might interfere in her plans.,Robert Malenfant,95 mins   More at IMDb TMDB  Report this page,"Thriller, Horror","Talia Shire, Jack Coleman, Bruce Weitz",The Landlady,1998,https://letterboxd.com/film/the-landlady/
Necromaniac: Schizophreniac 2,1999,"Deranged and drug-addled misogynistic lunatic Harry Russo suffers from painful flashbacks concerning the abuse he suffered from his parents as a kid. Accompanied by his ventriloquist dummy pal Rubberneck, Russo embarks on a brutal psychotic spree in Las Vegas in which he rapes and murders old ladies, lesbian hitchhikers, and sleazy two-bit whores. Meanwhile, two scummy cops try to nab Russo.",Ron Atkins,93 mins   More at IMDb TMDB  Report this page,Horror,"John Giancaspro, Angela Summers, Ron Atkins",Necromaniac: Schizophreniac 2,1999,https://letterboxd.com/film/necromaniac-schizophreniac-2/
The Chill Factor,1993,"A group of snowmobilers become trapped on a lake, and hole up in an abandoned camp once used by a satanic cult for its rituals.",Christopher Webster,90 mins   More at IMDb TMDB  Report this page,Horror,"Dawn Laurrie, Aaron Kjenaas, Connie Snyder",The Chill Factor,1993,https://letterboxd.com/film/the-chill-factor/
The Disturbance,1990,"A psycho is on the prowl, and his victims are all beautiful women. The police must catch him before he kills again.",Cliff Guest,92 mins   More at IMDb TMDB  Report this page,"Drama, Crime, Thriller, Horror","Timothy Greeson, Lisa Geoffrion, Ken Ceresne",The Disturbance,1990,https://letterboxd.com/film/the-disturbance/
Night Killer,1990,"Melanie Beck is the only surviving victim of a killer-rapist who wears a Freddy Krueger-esque mask and claw. Despite having seen the killer's face, Beck has blocked it from her memory. Becoming suicidal, she tries to kill herself on the beach but is saved by Axel, another rapist sleazeball who keeps her locked in his hotel room. All this builds to a mind blowing conclusion.",Bruno Mattei,93 mins   More at IMDb TMDB  Report this page,"Thriller, Horror","Tara Buckman, Peter Hooten, Richard Foster",Night Killer,1990,https://letterboxd.com/film/night-killer/
Killer!,1989,A man is made insane by medical experiments and begins a murder and cannibalism spree.,Tony Elwood,78 mins   More at IMDb TMDB  Report this page,Horror,"Duke Ernsberger, Andy Boswell, Keith Liles",Killer!,1989,https://letterboxd.com/film/killer-1989/
Timber Falls,2007,"A weekend of camping in the mountains becomes an excursion into hell for a young couple, who become pawns in a grotesque plot hatched by deranged locals.",Tony Giglio,97 mins   More at IMDb TMDB  Report this page,"Horror, Thriller","Josh Randall, Brianna Brown, Nick Searcy",Timber Falls,2007,https://letterboxd.com/film/timber-falls/
Blood Cult,1985,Female students on a college campus are being killed and their body parts used for blood sacrifices.,Christopher Lewis,89 mins   More at IMDb TMDB  Report this page,"Horror, Mystery","Juli Andelman, Charles Ellis, James Vance",Blood Cult,1985,https://letterboxd.com/film/blood-cult/
Somebody Help Me,2007,Brendan Young and Darryl Jennings take a trip to Lake Arrowhead with a group of college friends to celebrate Young's girlfriend's birthday. One-by-one the co-eds begin disappearing until a mysterious young visitor arrives and helps them begin to unravel their tangled web of terror.,Chris Stokes,100 mins   More at IMDb TMDB  Report this page,Horror,"Marques Houston, Omarion, Braxton Davis",Somebody Help Me,2007,https://letterboxd.com/film/somebody-help-me/
Las Vegas Serial Killer,1986,"August 31, 1986: Dangerously unhinged serial killer Johnathan Glick gets released from the Nevada State Penitentiary on a technicality. Three days after his release Johnathan arrives in Las Vegas, Nevada. Naturally, Johnathan decides to embark on another murderous rampage that came to be known as ""The Glitter Gulch Holocaust"".",Ray Dennis Steckler,87 mins   More at IMDb TMDB  Report this page,"Thriller, Horror","Ron Jason, Pierre Agostino, Kathryn Downey",Las Vegas Serial Killer,1986,https://letterboxd.com/film/las-vegas-serial-killer/
Beg!,1994,A power struggle occurs at a hospital where a murder has been committed.,Robert Golden,108 mins   More at IMDb TMDB  Report this page,"Crime, Horror, Mystery, Comedy","Peta Lily, Philip Pellew, Julian Bleach",Beg!,1994,https://letterboxd.com/film/beg-1994/
Terror at Tenkiller,1986,"Leslie and Janna are a couple of attractive young ladies who decide to go on vacation at a remote cabin in the woods. However, things go nightmarishly awry after a dangerous maniac shows up in the area and starts bumping folks off. Will anyone survive the terror at Tenkiller?",Ken Meyer,87 mins   More at IMDb TMDB  Report this page,Horror,"Michael Shamus Wiles, Stacey Logan, Michele Merchant",Terror at Tenkiller,1986,https://letterboxd.com/film/terror-at-tenkiller/
Hack-O-Lantern,1988,"When Tommy was a boy, he saw his grandpa, the leader of a vicious satanic cult, murder his father in a brutal ritual on Halloween night. Now he is 18, and grandpa is ready to indoctrinate him into the ways of the black arts.",Jag Mundhra,96 mins   More at IMDb TMDB  Report this page,"Horror, Thriller","Hy Pyke, Gregory Scott Cummins, Katina Garner",Hack-O-Lantern,1988,https://letterboxd.com/film/hack-o-lantern/
The Asylum,2000,"Plagued by endless visions and nightmares, Jenny Adams suspects that, as a child, she was responsible for the brutal murder of her own mother.",John Stewart,99 mins   More at IMDb TMDB  Report this page,Horror,"Steffanie Pitt, Nick Waring, Ingrid Pitt",The Asylum,2000,https://letterboxd.com/film/the-asylum-2000/
Hollow Gate,1988,"At a Halloween party, a young boy is almost killed by his drunken, alcoholic father. Ten years afterward, the boy goes on a murder spree.",Ray Di Zazzo,85 mins   More at IMDb TMDB  Report this page,Horror,"Addison Randall, Katrina Alexy, Richard Dry",Hollow Gate,1988,https://letterboxd.com/film/hollow-gate/
I Was a Teenage Serial Killer,1993,"Mary was a good girl until she decides to kill all the ""sexist pigs"". She of course encounters many of which, and enjoys killing them.",Sarah Jacobson,27 mins   More at IMDb TMDB  Report this page,"Comedy, Horror","Kristin Bree Calabrese, Phil Calabrese, Scott Garver",I Was a Teenage Serial Killer,1993,https://letterboxd.com/film/i-was-a-teenage-serial-killer/
Spine,1986,"A madman stalks nurses, brutally stabbing them to death. In his fevered mind, he believes his victims to be a woman from his past named Linda. Police struggle to apprehend him before he can murder and mutilate again.",John Howard,72 mins   More at IMDb TMDB  Report this page,Horror,"R. Eric Huxley, Janus Blythe, Lise Romanoff",Spine,1986,https://letterboxd.com/film/spine/
Train,2008,"After a night of wild partying and missing their train, the group of students is invited to board another which happens to be heading their way. Once on board, members of the team begin to go missing, and their would-be saviors claim to have no idea what could have happened to them... When they discover the truth, it is too late to escape and they must fight for their lives against their captors to put an end to their ride to hell.",Gideon Raff,94 mins   More at IMDb TMDB  Report this page,"Thriller, Horror","Thora Birch, Gideon Emery, Gloria Votsis",Train,2008,https://letterboxd.com/film/train/
Hell's Trap,1989,"Seven young people go to a desolated forest looking for a bear, what they don't know is that a crazy Vietnam vet lives there and he is waiting for fresh blood.",Pedro Galindo III,76 mins   More at IMDb TMDB  Report this page,"Drama, Horror, Action, Thriller","Pedro Fernández, Edith González, Toño Mauri",Hell's Trap,1989,https://letterboxd.com/film/hells-trap/
Trespassers,2006,"Tyler is a surfer who constantly searches for good surfing spots. When he's traveling through Mexico, he finds one of the best places he has ever seen. He invites his brother Colin to join him and his friends in surfing the wild Mexican waves. Colin gathers 4 friends and leaves for Mexico but is surprised that nor his brother nor his brother's friends are there. They start realizing that there's something wrong with the beach, a curse that says that no one will leave the beach alive...",Ian McCrudden,83 mins   More at IMDb TMDB  Report this page,Horror,"Alex Feldman, Michelle Borth, Joleigh Fioravanti",Trespassers,2006,https://letterboxd.com/film/trespassers/
Backstabbed,1996,"Four high school friends meet up in an abandoned house to play 'Backstabbed', a game of murder with headphones and plastic weapons. Meanwhile, a serial killer is leaving a trail of blood on his way to the house, and soon the game of murder becomes much more than make-believe.",Martin Schmidt,90 mins   More at IMDb TMDB  Report this page,Horror,"Line Kruse, Christian Grønvall, Mari-Anne Jespersen",Backstabbed,1996,https://letterboxd.com/film/backstabbed/
Savage Vows,1995,"A group of friends come together to support a man who has just lost his wife. After the funeral, the group decide to stay at the widower’s house for a long weekend. However, a black gloved killer is stalking the property and knocking off the friends one by one.",Bob Dennis,71 mins   More at IMDb TMDB  Report this page,Horror,"Armond Sposto, Mark Polonia, Kelly Ashton",Savage Vows,1995,https://letterboxd.com/film/savage-vows/
Wishmaster 4: The Prophecy Fulfilled,2002,"The unspeakable evil of the soul-devouring djinn rises again in this fourth electrifying installment of the unstoppable Wishmaster horror legacy! But now, as a host of new victims see their most nightmarish wishes come true, the world faces the ultimate demonic terror: an onslaught of multiple djinns hell-bent on destroying everything in their path!",Chris Angel,92 mins   More at IMDb TMDB  Report this page,"Horror, Fantasy","Tara Spencer-Nairn, Michael Trucco, Jason Thompson",Wishmaster 4: The Prophecy Fulfilled,2002,https://letterboxd.com/film/wishmaster-4-the-prophecy-fulfilled/
Fatal Exam,1990,"A group of parapsychology students, as part of their final project, head to a secluded house where a man murdered his entire family. Soon, they discover the dark and terrible secrets that lie within.",Jack Snyder,112 mins   More at IMDb TMDB  Report this page,Horror,"Mike Coleman, Terry Comer, Carol Fitzgerald Carlberg",Fatal Exam,1990,https://letterboxd.com/film/fatal-exam/
The Backlot Murders,2002,"A rock band, on the brink of success, arrives at a movie studio to produce their first music video. Somebody doesn't have much respect for their talent, and starts bumping off members of the band, their groupie girlfriends, and the crew.",David DeFalco,90 mins   More at IMDb TMDB  Report this page,"Comedy, Horror","Priscilla Barnes, Charles Fleischer, Corey Haim",The Backlot Murders,2002,https://letterboxd.com/film/the-backlot-murders/
The Tooth Fairy,2006,A woman and her daughter (Nicole Muñoz) encounter a deadly legend at a bed-and-breakfast.,Chuck Bowman,89 mins   More at IMDb TMDB  Report this page,Horror,"Lochlyn Munro, Chandra West, Steve Bacic",The Tooth Fairy,2006,https://letterboxd.com/film/the-tooth-fairy/
Criminally Insane 2,1987,"A mental hospital, faced with a severe decrease in funding, is forced to release mass-murderer Ethel Janowski into a halfway house. Ethel is psychotic, delusional and has a hefty appetite. In fact, her killing spree began 13 years before with the murder of her grandmother, who had forced her to go on a diet. Now that she's tasted the home-cooked fare at the halfway house, she'll do absolutely anything to get more.",Nick Millard,70 mins   More at IMDb TMDB  Report this page,Horror,"Priscilla Alden, Albert Eskinazi, Frances Millard",Criminally Insane 2,1987,https://letterboxd.com/film/criminally-insane-2/
Camp Utopia,2002,"A Manson-like cult leader disappears after freaking out and hacking up a bunch of his followers with a machete. Thirty something years later some kids come and camp out on the site of the killings. Of course, bad stuff happens.",Robert Madero,80 mins   More at IMDb TMDB  Report this page,Horror,"Jessica Jordan, Collin Stark, Alexandra Westmore",Camp Utopia,2002,https://letterboxd.com/film/camp-utopia/
Saint,2010,A horror film that depicts St. Nicholas as a murderous bishop who kidnaps and murders children when there is a full moon on December 5.,Dick Maas,85 mins   More at IMDb TMDB  Report this page,"Comedy, Horror","Huub Stapel, Egbert Jan Weeber, Caro Lenssen",Saint,2010,https://letterboxd.com/film/saint/
Terrifier,2011,"After witnessing a brutal murder on Halloween night, a young woman becomes the next target of a maniacal entity.",Damien Leone,19 mins   More at IMDb TMDB  Report this page,Horror,"Marie Maser, Mike Giannelli, Michael Chmiel",Terrifier,2011,https://letterboxd.com/film/terrifier/
